{
  "name": "cycle_chords_n5_m8_seed6",
  "family": "cycle_chords",
  "seed": 6,
  "n_nodes": 5,
  "edges": [
    [
      0,
      1
    ],
    [
      1,
      2
    ],
    [
      2,
      3
    ],
    [
      3,
      4
    ],
    [
      4,
      0
    ],
    [
      2,
      0
    ],
    [
      2,
      4
    ],
    [
      4,
      3
    ]
  ],
  "metrics": {
    "n_nodes": 5,
    "n_edges": 8,
    "p": 8,
    "strongly_connected": true,
    "edges": [
      [
        0,
        1
      ],
      [
        1,
        2
      ],
      [
        2,
        3
      ],
      [
        3,
        4
      ],
      [
        4,
        0
      ],
      [
        2,
        0
      ],
      [
        2,
        4
      ],
      [
        4,
        3
      ]
    ],
    "tree_counts_enum": [
      3,
      3,
      1,
      3,
      2
    ],
    "tree_counts_det": [
      3,
      3,
      1,
      3,
      2
    ],
    "tree_counts_match_det": true,
    "tree_enumeration_truncated": false,
    "max_trees_per_root": null,
    "n_trees_total_enum": 12,
    "rank_M": 8,
    "rank_D": 7,
    "rank_D_anchor": 7,
    "d_rel": 56,
    "effective_rank_D": 5.256126307072064,
    "condition_number_D": 4.393524613005092,
    "effective_rank_D_masked": 42.049010456576525,
    "condition_number_D_masked": 4.393524613005092,
    "singular_values_D_masked": [
      2.493528913312036,
      2.1309088420953506,
      1.7320508075688767,
      1.4142135623730947,
      1.1983037161602228,
      0.9037885419569117,
      0.5675463626472111,
      1.3884550906014725e-16,
      2.493528913312036,
      2.1309088420953506,
      1.7320508075688767,
      1.4142135623730947,
      1.1983037161602228,
      0.9037885419569117,
      0.5675463626472111,
      1.3884550906014725e-16,
      2.493528913312036,
      2.1309088420953506,
      1.7320508075688767,
      1.4142135623730947,
      1.1983037161602228,
      0.9037885419569117,
      0.5675463626472111,
      1.3884550906014725e-16,
      2.493528913312036,
      2.1309088420953506,
      1.7320508075688767,
      1.4142135623730947,
      1.1983037161602228,
      0.9037885419569117,
      0.5675463626472111,
      1.3884550906014725e-16,
      2.493528913312036,
      2.1309088420953506,
      1.7320508075688767,
      1.4142135623730947,
      1.1983037161602228,
      0.9037885419569117,
      0.5675463626472111,
      1.3884550906014725e-16,
      2.493528913312036,
      2.1309088420953506,
      1.7320508075688767,
      1.4142135623730947,
      1.1983037161602228,
      0.9037885419569117,
      0.5675463626472111,
      1.3884550906014725e-16,
      2.493528913312036,
      2.1309088420953506,
      1.7320508075688767,
      1.4142135623730947,
      1.1983037161602228,
      0.9037885419569117,
      0.5675463626472111,
      1.3884550906014725e-16,
      2.493528913312036,
      2.1309088420953506,
      1.7320508075688767,
      1.4142135623730947,
      1.1983037161602228,
      0.9037885419569117,
      0.5675463626472111,
      1.3884550906014725e-16
    ],
    "singular_values_D": [
      2.493528913312036,
      2.1309088420953506,
      1.7320508075688767,
      1.4142135623730947,
      1.1983037161602228,
      0.9037885419569117,
      0.5675463626472111,
      1.3884550906014725e-16
    ],
    "singular_values_D_anchor": [
      4.4044526579545895,
      2.446544900014138,
      1.9394920650837328,
      1.4663452175867642,
      1.208176775573636,
      0.9541537519505274,
      0.577335747197794,
      1.9129678421310778e-16
    ],
    "root_tree_count_cv": 0.33333333333333337,
    "root_tree_count_gini": 0.16666666666666674,
    "edge_participation": [
      0.75,
      0.75,
      0.4166666666666667,
      0.75,
      0.6666666666666666,
      0.16666666666666666,
      0.3333333333333333,
      0.16666666666666666
    ],
    "edge_participation_mean": 0.5,
    "edge_participation_var": 0.059027777777777776,
    "edge_participation_gini": 0.265625,
    "bottleneck_edge_fraction_095": 0.0,
    "mean_shortest_path": 1.9,
    "comparison_branch_d_rel_values": [
      14,
      14,
      14
    ],
    "comparison_branch_d_rel_min": 14,
    "comparison_branch_d_rel_mean": 14.0,
    "comparison_branch_d_rel_max": 14,
    "comparison_branch_d_rel_gini": 0.0,
    "comparison_branch_common_d_rel_values": [
      14,
      14,
      14
    ],
    "comparison_branch_common_d_rel_min": 14,
    "comparison_branch_common_d_rel_mean": 14.0,
    "comparison_branch_common_d_rel_max": 14,
    "comparison_branch_common_d_rel_gini": 0.0,
    "comparison_branch_input_count_values": [
      16,
      16,
      16
    ],
    "comparison_branch_input_count_min": 16,
    "comparison_branch_input_count_mean": 16.0,
    "comparison_branch_input_count_max": 16,
    "comparison_branch_input_count_gini": 0.0,
    "comparison_branch_input_overlap_values": [
      16,
      16,
      16
    ],
    "comparison_branch_input_overlap_min": 16,
    "comparison_branch_input_overlap_mean": 16.0,
    "comparison_branch_input_overlap_max": 16,
    "comparison_branch_input_overlap_gini": 0.0,
    "in_degree": [
      2,
      1,
      1,
      2,
      2
    ],
    "out_degree": [
      1,
      1,
      3,
      1,
      2
    ],
    "in_degree_cv": 0.30618621784789724,
    "out_degree_cv": 0.5
  }
}