{
  "name": "cycle_chords_n5_m8_seed9",
  "family": "cycle_chords",
  "seed": 9,
  "n_nodes": 5,
  "edges": [
    [
      0,
      1
    ],
    [
      1,
      2
    ],
    [
      2,
      3
    ],
    [
      3,
      4
    ],
    [
      4,
      0
    ],
    [
      4,
      2
    ],
    [
      4,
      3
    ],
    [
      0,
      3
    ]
  ],
  "metrics": {
    "n_nodes": 5,
    "n_edges": 8,
    "p": 8,
    "strongly_connected": true,
    "edges": [
      [
        0,
        1
      ],
      [
        1,
        2
      ],
      [
        2,
        3
      ],
      [
        3,
        4
      ],
      [
        4,
        0
      ],
      [
        4,
        2
      ],
      [
        4,
        3
      ],
      [
        0,
        3
      ]
    ],
    "tree_counts_enum": [
      1,
      1,
      3,
      6,
      2
    ],
    "tree_counts_det": [
      1,
      1,
      3,
      6,
      2
    ],
    "tree_counts_match_det": true,
    "tree_enumeration_truncated": false,
    "max_trees_per_root": null,
    "n_trees_total_enum": 13,
    "rank_M": 8,
    "rank_D": 7,
    "rank_D_anchor": 7,
    "d_rel": 56,
    "effective_rank_D": 5.2011523194431275,
    "condition_number_D": 3.8555568696632108,
    "effective_rank_D_masked": 41.60921855554504,
    "condition_number_D_masked": 3.8555568696632108,
    "singular_values_D_masked": [
      2.6018563202991025,
      2.2259118279353687,
      2.0000000000000004,
      1.414213562373095,
      1.1639510815309904,
      0.8793014690519226,
      0.6748328213678713,
      1.522405635273988e-16,
      2.6018563202991025,
      2.2259118279353687,
      2.0000000000000004,
      1.414213562373095,
      1.1639510815309904,
      0.8793014690519226,
      0.6748328213678713,
      1.522405635273988e-16,
      2.6018563202991025,
      2.2259118279353687,
      2.0000000000000004,
      1.414213562373095,
      1.1639510815309904,
      0.8793014690519226,
      0.6748328213678713,
      1.522405635273988e-16,
      2.6018563202991025,
      2.2259118279353687,
      2.0000000000000004,
      1.414213562373095,
      1.1639510815309904,
      0.8793014690519226,
      0.6748328213678713,
      1.522405635273988e-16,
      2.6018563202991025,
      2.2259118279353687,
      2.0000000000000004,
      1.414213562373095,
      1.1639510815309904,
      0.8793014690519226,
      0.6748328213678713,
      1.522405635273988e-16,
      2.6018563202991025,
      2.2259118279353687,
      2.0000000000000004,
      1.414213562373095,
      1.1639510815309904,
      0.8793014690519226,
      0.6748328213678713,
      1.522405635273988e-16,
      2.6018563202991025,
      2.2259118279353687,
      2.0000000000000004,
      1.414213562373095,
      1.1639510815309904,
      0.8793014690519226,
      0.6748328213678713,
      1.522405635273988e-16,
      2.6018563202991025,
      2.2259118279353687,
      2.0000000000000004,
      1.414213562373095,
      1.1639510815309904,
      0.8793014690519226,
      0.6748328213678713,
      1.522405635273988e-16
    ],
    "singular_values_D": [
      2.6018563202991025,
      2.2259118279353687,
      2.0000000000000004,
      1.414213562373095,
      1.1639510815309904,
      0.8793014690519226,
      0.6748328213678713,
      1.522405635273988e-16
    ],
    "singular_values_D_anchor": [
      4.37650853621116,
      2.526996254964235,
      2.200236209123261,
      1.4142135623730951,
      1.3015580455751818,
      1.1289936710702058,
      0.8066867599089647,
      2.456249207126952e-16
    ],
    "root_tree_count_cv": 0.7133552688842849,
    "root_tree_count_gini": 0.36923076923076925,
    "edge_participation": [
      0.5384615384615384,
      0.9230769230769231,
      0.7692307692307693,
      0.5384615384615384,
      0.38461538461538464,
      0.3076923076923077,
      0.15384615384615385,
      0.38461538461538464
    ],
    "edge_participation_mean": 0.5,
    "edge_participation_var": 0.054733727810650896,
    "edge_participation_gini": 0.2596153846153846,
    "bottleneck_edge_fraction_095": 0.0,
    "mean_shortest_path": 1.95,
    "comparison_branch_d_rel_values": [
      14,
      14,
      14
    ],
    "comparison_branch_d_rel_min": 14,
    "comparison_branch_d_rel_mean": 14.0,
    "comparison_branch_d_rel_max": 14,
    "comparison_branch_d_rel_gini": 0.0,
    "comparison_branch_common_d_rel_values": [
      14,
      14,
      14
    ],
    "comparison_branch_common_d_rel_min": 14,
    "comparison_branch_common_d_rel_mean": 14.0,
    "comparison_branch_common_d_rel_max": 14,
    "comparison_branch_common_d_rel_gini": 0.0,
    "comparison_branch_input_count_values": [
      16,
      16,
      16
    ],
    "comparison_branch_input_count_min": 16,
    "comparison_branch_input_count_mean": 16.0,
    "comparison_branch_input_count_max": 16,
    "comparison_branch_input_count_gini": 0.0,
    "comparison_branch_input_overlap_values": [
      16,
      16,
      16
    ],
    "comparison_branch_input_overlap_min": 16,
    "comparison_branch_input_overlap_mean": 16.0,
    "comparison_branch_input_overlap_max": 16,
    "comparison_branch_input_overlap_gini": 0.0,
    "in_degree": [
      1,
      1,
      2,
      3,
      1
    ],
    "out_degree": [
      2,
      1,
      1,
      1,
      3
    ],
    "in_degree_cv": 0.5,
    "out_degree_cv": 0.5
  }
}