{
  "name": "cycle_chords_n5_m8_seed11",
  "family": "cycle_chords",
  "seed": 11,
  "n_nodes": 5,
  "edges": [
    [
      0,
      1
    ],
    [
      1,
      2
    ],
    [
      2,
      3
    ],
    [
      3,
      4
    ],
    [
      4,
      0
    ],
    [
      3,
      1
    ],
    [
      1,
      4
    ],
    [
      0,
      2
    ]
  ],
  "metrics": {
    "n_nodes": 5,
    "n_edges": 8,
    "p": 8,
    "strongly_connected": true,
    "edges": [
      [
        0,
        1
      ],
      [
        1,
        2
      ],
      [
        2,
        3
      ],
      [
        3,
        4
      ],
      [
        4,
        0
      ],
      [
        3,
        1
      ],
      [
        1,
        4
      ],
      [
        0,
        2
      ]
    ],
    "tree_counts_enum": [
      3,
      3,
      6,
      3,
      6
    ],
    "tree_counts_det": [
      3,
      3,
      6,
      3,
      6
    ],
    "tree_counts_match_det": true,
    "tree_enumeration_truncated": false,
    "max_trees_per_root": null,
    "n_trees_total_enum": 21,
    "rank_M": 8,
    "rank_D": 7,
    "rank_D_anchor": 7,
    "d_rel": 56,
    "effective_rank_D": 5.530467308668131,
    "condition_number_D": 2.9238410869130464,
    "effective_rank_D_masked": 44.24373846934503,
    "condition_number_D_masked": 2.9238410869130464,
    "singular_values_D_masked": [
      3.3772919390320273,
      3.0167519272397656,
      2.9176715355610336,
      2.039333252281947,
      1.8268918310669118,
      1.1780298324970977,
      1.155087379457318,
      3.543204322195599e-16,
      3.3772919390320273,
      3.0167519272397656,
      2.9176715355610336,
      2.039333252281947,
      1.8268918310669118,
      1.1780298324970977,
      1.155087379457318,
      3.543204322195599e-16,
      3.3772919390320273,
      3.0167519272397656,
      2.9176715355610336,
      2.039333252281947,
      1.8268918310669118,
      1.1780298324970977,
      1.155087379457318,
      3.543204322195599e-16,
      3.3772919390320273,
      3.0167519272397656,
      2.9176715355610336,
      2.039333252281947,
      1.8268918310669118,
      1.1780298324970977,
      1.155087379457318,
      3.543204322195599e-16,
      3.3772919390320273,
      3.0167519272397656,
      2.9176715355610336,
      2.039333252281947,
      1.8268918310669118,
      1.1780298324970977,
      1.155087379457318,
      3.543204322195599e-16,
      3.3772919390320273,
      3.0167519272397656,
      2.9176715355610336,
      2.039333252281947,
      1.8268918310669118,
      1.1780298324970977,
      1.155087379457318,
      3.543204322195599e-16,
      3.3772919390320273,
      3.0167519272397656,
      2.9176715355610336,
      2.039333252281947,
      1.8268918310669118,
      1.1780298324970977,
      1.155087379457318,
      3.543204322195599e-16,
      3.3772919390320273,
      3.0167519272397656,
      2.9176715355610336,
      2.039333252281947,
      1.8268918310669118,
      1.1780298324970977,
      1.155087379457318,
      3.543204322195599e-16
    ],
    "singular_values_D": [
      3.3772919390320273,
      3.0167519272397656,
      2.9176715355610336,
      2.039333252281947,
      1.8268918310669118,
      1.1780298324970977,
      1.155087379457318,
      3.543204322195599e-16
    ],
    "singular_values_D_anchor": [
      6.216270817697937,
      3.0234733869910686,
      3.002022075891407,
      2.341833724127456,
      2.0377907991769697,
      1.4790392854347707,
      1.1747831776647315,
      7.366119284415338e-16
    ],
    "root_tree_count_cv": 0.3499271061118826,
    "root_tree_count_gini": 0.17142857142857149,
    "edge_participation": [
      0.38095238095238093,
      0.42857142857142855,
      0.7142857142857143,
      0.47619047619047616,
      0.7142857142857143,
      0.38095238095238093,
      0.42857142857142855,
      0.47619047619047616
    ],
    "edge_participation_mean": 0.5,
    "edge_participation_var": 0.01643990929705216,
    "edge_participation_gini": 0.13095238095238093,
    "bottleneck_edge_fraction_095": 0.0,
    "mean_shortest_path": 1.7,
    "comparison_branch_d_rel_values": [
      14,
      14,
      14
    ],
    "comparison_branch_d_rel_min": 14,
    "comparison_branch_d_rel_mean": 14.0,
    "comparison_branch_d_rel_max": 14,
    "comparison_branch_d_rel_gini": 0.0,
    "comparison_branch_common_d_rel_values": [
      14,
      14,
      14
    ],
    "comparison_branch_common_d_rel_min": 14,
    "comparison_branch_common_d_rel_mean": 14.0,
    "comparison_branch_common_d_rel_max": 14,
    "comparison_branch_common_d_rel_gini": 0.0,
    "comparison_branch_input_count_values": [
      16,
      16,
      16
    ],
    "comparison_branch_input_count_min": 16,
    "comparison_branch_input_count_mean": 16.0,
    "comparison_branch_input_count_max": 16,
    "comparison_branch_input_count_gini": 0.0,
    "comparison_branch_input_overlap_values": [
      16,
      16,
      16
    ],
    "comparison_branch_input_overlap_min": 16,
    "comparison_branch_input_overlap_mean": 16.0,
    "comparison_branch_input_overlap_max": 16,
    "comparison_branch_input_overlap_gini": 0.0,
    "in_degree": [
      1,
      2,
      2,
      1,
      2
    ],
    "out_degree": [
      2,
      2,
      1,
      2,
      1
    ],
    "in_degree_cv": 0.30618621784789724,
    "out_degree_cv": 0.30618621784789724
  }
}