{
  "name": "cycle_chords_n5_m8_seed14",
  "family": "cycle_chords",
  "seed": 14,
  "n_nodes": 5,
  "edges": [
    [
      0,
      1
    ],
    [
      1,
      2
    ],
    [
      2,
      3
    ],
    [
      3,
      4
    ],
    [
      4,
      0
    ],
    [
      2,
      1
    ],
    [
      2,
      0
    ],
    [
      4,
      3
    ]
  ],
  "metrics": {
    "n_nodes": 5,
    "n_edges": 8,
    "p": 8,
    "strongly_connected": true,
    "edges": [
      [
        0,
        1
      ],
      [
        1,
        2
      ],
      [
        2,
        3
      ],
      [
        3,
        4
      ],
      [
        4,
        0
      ],
      [
        2,
        1
      ],
      [
        2,
        0
      ],
      [
        4,
        3
      ]
    ],
    "tree_counts_enum": [
      2,
      3,
      1,
      2,
      1
    ],
    "tree_counts_det": [
      2,
      3,
      1,
      2,
      1
    ],
    "tree_counts_match_det": true,
    "tree_enumeration_truncated": false,
    "max_trees_per_root": null,
    "n_trees_total_enum": 9,
    "rank_M": 8,
    "rank_D": 7,
    "rank_D_anchor": 7,
    "d_rel": 56,
    "effective_rank_D": 5.009459870737079,
    "condition_number_D": 4.567955685721914,
    "effective_rank_D_masked": 40.07567896589662,
    "condition_number_D_masked": 4.567955685721914,
    "singular_values_D_masked": [
      2.2469513763470474,
      1.6327239561871063,
      1.2531808294047122,
      0.9999999999999999,
      0.9999999999999998,
      0.8337997489366573,
      0.4918943026024435,
      3.282072177863805e-16,
      2.2469513763470474,
      1.6327239561871063,
      1.2531808294047122,
      0.9999999999999999,
      0.9999999999999998,
      0.8337997489366573,
      0.4918943026024435,
      3.282072177863805e-16,
      2.2469513763470474,
      1.6327239561871063,
      1.2531808294047122,
      0.9999999999999999,
      0.9999999999999998,
      0.8337997489366573,
      0.4918943026024435,
      3.282072177863805e-16,
      2.2469513763470474,
      1.6327239561871063,
      1.2531808294047122,
      0.9999999999999999,
      0.9999999999999998,
      0.8337997489366573,
      0.4918943026024435,
      3.282072177863805e-16,
      2.2469513763470474,
      1.6327239561871063,
      1.2531808294047122,
      0.9999999999999999,
      0.9999999999999998,
      0.8337997489366573,
      0.4918943026024435,
      3.282072177863805e-16,
      2.2469513763470474,
      1.6327239561871063,
      1.2531808294047122,
      0.9999999999999999,
      0.9999999999999998,
      0.8337997489366573,
      0.4918943026024435,
      3.282072177863805e-16,
      2.2469513763470474,
      1.6327239561871063,
      1.2531808294047122,
      0.9999999999999999,
      0.9999999999999998,
      0.8337997489366573,
      0.4918943026024435,
      3.282072177863805e-16,
      2.2469513763470474,
      1.6327239561871063,
      1.2531808294047122,
      0.9999999999999999,
      0.9999999999999998,
      0.8337997489366573,
      0.4918943026024435,
      3.282072177863805e-16
    ],
    "singular_values_D": [
      2.2469513763470474,
      1.6327239561871063,
      1.2531808294047122,
      0.9999999999999999,
      0.9999999999999998,
      0.8337997489366573,
      0.4918943026024435,
      3.282072177863805e-16
    ],
    "singular_values_D_anchor": [
      3.455262848170029,
      2.222759995554626,
      1.4476617715253177,
      1.0000000000000002,
      0.9999999999999998,
      0.8797194660003719,
      0.5008649604655296,
      1.599516732545705e-16
    ],
    "root_tree_count_cv": 0.41573970964154905,
    "root_tree_count_gini": 0.22222222222222232,
    "edge_participation": [
      0.7777777777777778,
      0.6666666666666666,
      0.5555555555555556,
      0.7777777777777778,
      0.7777777777777778,
      0.1111111111111111,
      0.2222222222222222,
      0.1111111111111111
    ],
    "edge_participation_mean": 0.5,
    "edge_participation_var": 0.08024691358024691,
    "edge_participation_gini": 0.3055555555555556,
    "bottleneck_edge_fraction_095": 0.0,
    "mean_shortest_path": 2.0,
    "comparison_branch_d_rel_values": [
      14,
      14,
      14
    ],
    "comparison_branch_d_rel_min": 14,
    "comparison_branch_d_rel_mean": 14.0,
    "comparison_branch_d_rel_max": 14,
    "comparison_branch_d_rel_gini": 0.0,
    "comparison_branch_common_d_rel_values": [
      14,
      14,
      14
    ],
    "comparison_branch_common_d_rel_min": 14,
    "comparison_branch_common_d_rel_mean": 14.0,
    "comparison_branch_common_d_rel_max": 14,
    "comparison_branch_common_d_rel_gini": 0.0,
    "comparison_branch_input_count_values": [
      16,
      16,
      16
    ],
    "comparison_branch_input_count_min": 16,
    "comparison_branch_input_count_mean": 16.0,
    "comparison_branch_input_count_max": 16,
    "comparison_branch_input_count_gini": 0.0,
    "comparison_branch_input_overlap_values": [
      16,
      16,
      16
    ],
    "comparison_branch_input_overlap_min": 16,
    "comparison_branch_input_overlap_mean": 16.0,
    "comparison_branch_input_overlap_max": 16,
    "comparison_branch_input_overlap_gini": 0.0,
    "in_degree": [
      2,
      2,
      1,
      2,
      1
    ],
    "out_degree": [
      1,
      1,
      3,
      1,
      2
    ],
    "in_degree_cv": 0.30618621784789724,
    "out_degree_cv": 0.5
  }
}