{
  "name": "cycle_chords_n5_m8_seed13",
  "family": "cycle_chords",
  "seed": 13,
  "n_nodes": 5,
  "edges": [
    [
      0,
      1
    ],
    [
      1,
      2
    ],
    [
      2,
      3
    ],
    [
      3,
      4
    ],
    [
      4,
      0
    ],
    [
      2,
      1
    ],
    [
      2,
      4
    ],
    [
      0,
      2
    ]
  ],
  "metrics": {
    "n_nodes": 5,
    "n_edges": 8,
    "p": 8,
    "strongly_connected": true,
    "edges": [
      [
        0,
        1
      ],
      [
        1,
        2
      ],
      [
        2,
        3
      ],
      [
        3,
        4
      ],
      [
        4,
        0
      ],
      [
        2,
        1
      ],
      [
        2,
        4
      ],
      [
        0,
        2
      ]
    ],
    "tree_counts_enum": [
      2,
      4,
      2,
      2,
      4
    ],
    "tree_counts_det": [
      2,
      4,
      2,
      2,
      4
    ],
    "tree_counts_match_det": true,
    "tree_enumeration_truncated": false,
    "max_trees_per_root": null,
    "n_trees_total_enum": 14,
    "rank_M": 8,
    "rank_D": 7,
    "rank_D_anchor": 7,
    "d_rel": 56,
    "effective_rank_D": 5.437534383010123,
    "condition_number_D": 3.2698824194161014,
    "effective_rank_D_masked": 43.50027506408095,
    "condition_number_D_masked": 3.2698824194161014,
    "singular_values_D_masked": [
      2.5508618700885575,
      2.334025103045249,
      2.187167769004947,
      1.5250089217316414,
      1.1305094292316937,
      1.091930561296503,
      0.7801081332288583,
      2.1503312009632997e-16,
      2.5508618700885575,
      2.334025103045249,
      2.187167769004947,
      1.5250089217316414,
      1.1305094292316937,
      1.091930561296503,
      0.7801081332288583,
      2.1503312009632997e-16,
      2.5508618700885575,
      2.334025103045249,
      2.187167769004947,
      1.5250089217316414,
      1.1305094292316937,
      1.091930561296503,
      0.7801081332288583,
      2.1503312009632997e-16,
      2.5508618700885575,
      2.334025103045249,
      2.187167769004947,
      1.5250089217316414,
      1.1305094292316937,
      1.091930561296503,
      0.7801081332288583,
      2.1503312009632997e-16,
      2.5508618700885575,
      2.334025103045249,
      2.187167769004947,
      1.5250089217316414,
      1.1305094292316937,
      1.091930561296503,
      0.7801081332288583,
      2.1503312009632997e-16,
      2.5508618700885575,
      2.334025103045249,
      2.187167769004947,
      1.5250089217316414,
      1.1305094292316937,
      1.091930561296503,
      0.7801081332288583,
      2.1503312009632997e-16,
      2.5508618700885575,
      2.334025103045249,
      2.187167769004947,
      1.5250089217316414,
      1.1305094292316937,
      1.091930561296503,
      0.7801081332288583,
      2.1503312009632997e-16,
      2.5508618700885575,
      2.334025103045249,
      2.187167769004947,
      1.5250089217316414,
      1.1305094292316937,
      1.091930561296503,
      0.7801081332288583,
      2.1503312009632997e-16
    ],
    "singular_values_D": [
      2.5508618700885575,
      2.334025103045249,
      2.187167769004947,
      1.5250089217316414,
      1.1305094292316937,
      1.091930561296503,
      0.7801081332288583,
      2.1503312009632997e-16
    ],
    "singular_values_D_anchor": [
      4.163721494742226,
      2.4946692726703072,
      2.189145636040283,
      1.9100921198365928,
      1.458539533301394,
      1.1028801246263107,
      0.8096640492582712,
      2.916951226525766e-16
    ],
    "root_tree_count_cv": 0.3499271061118826,
    "root_tree_count_gini": 0.17142857142857149,
    "edge_participation": [
      0.5,
      0.7142857142857143,
      0.42857142857142855,
      0.8571428571428571,
      0.7142857142857143,
      0.14285714285714285,
      0.2857142857142857,
      0.35714285714285715
    ],
    "edge_participation_mean": 0.5,
    "edge_participation_var": 0.05229591836734694,
    "edge_participation_gini": 0.2589285714285714,
    "bottleneck_edge_fraction_095": 0.0,
    "mean_shortest_path": 1.8,
    "comparison_branch_d_rel_values": [
      14,
      14,
      14
    ],
    "comparison_branch_d_rel_min": 14,
    "comparison_branch_d_rel_mean": 14.0,
    "comparison_branch_d_rel_max": 14,
    "comparison_branch_d_rel_gini": 0.0,
    "comparison_branch_common_d_rel_values": [
      14,
      14,
      14
    ],
    "comparison_branch_common_d_rel_min": 14,
    "comparison_branch_common_d_rel_mean": 14.0,
    "comparison_branch_common_d_rel_max": 14,
    "comparison_branch_common_d_rel_gini": 0.0,
    "comparison_branch_input_count_values": [
      16,
      16,
      16
    ],
    "comparison_branch_input_count_min": 16,
    "comparison_branch_input_count_mean": 16.0,
    "comparison_branch_input_count_max": 16,
    "comparison_branch_input_count_gini": 0.0,
    "comparison_branch_input_overlap_values": [
      16,
      16,
      16
    ],
    "comparison_branch_input_overlap_min": 16,
    "comparison_branch_input_overlap_mean": 16.0,
    "comparison_branch_input_overlap_max": 16,
    "comparison_branch_input_overlap_gini": 0.0,
    "in_degree": [
      1,
      2,
      2,
      1,
      2
    ],
    "out_degree": [
      2,
      1,
      3,
      1,
      1
    ],
    "in_degree_cv": 0.30618621784789724,
    "out_degree_cv": 0.5
  }
}