{
  "name": "cycle_chords_n5_m8_seed36",
  "family": "cycle_chords",
  "seed": 36,
  "n_nodes": 5,
  "edges": [
    [
      0,
      1
    ],
    [
      1,
      2
    ],
    [
      2,
      3
    ],
    [
      3,
      4
    ],
    [
      4,
      0
    ],
    [
      3,
      0
    ],
    [
      2,
      0
    ],
    [
      3,
      2
    ]
  ],
  "metrics": {
    "n_nodes": 5,
    "n_edges": 8,
    "p": 8,
    "strongly_connected": true,
    "edges": [
      [
        0,
        1
      ],
      [
        1,
        2
      ],
      [
        2,
        3
      ],
      [
        3,
        4
      ],
      [
        4,
        0
      ],
      [
        3,
        0
      ],
      [
        2,
        0
      ],
      [
        3,
        2
      ]
    ],
    "tree_counts_enum": [
      5,
      5,
      3,
      1,
      1
    ],
    "tree_counts_det": [
      5,
      5,
      3,
      1,
      1
    ],
    "tree_counts_match_det": true,
    "tree_enumeration_truncated": false,
    "max_trees_per_root": null,
    "n_trees_total_enum": 15,
    "rank_M": 8,
    "rank_D": 7,
    "rank_D_anchor": 7,
    "d_rel": 56,
    "effective_rank_D": 5.429455722416184,
    "condition_number_D": 4.110597414871644,
    "effective_rank_D_masked": 43.435645779329505,
    "condition_number_D_masked": 4.110597414871644,
    "singular_values_D_masked": [
      2.6842531867433475,
      2.300891533971142,
      2.2360679774997894,
      1.825090640037078,
      1.408269749192332,
      0.9452075287484754,
      0.6530080462348475,
      2.037380458669058e-16,
      2.6842531867433475,
      2.300891533971142,
      2.2360679774997894,
      1.825090640037078,
      1.408269749192332,
      0.9452075287484754,
      0.6530080462348475,
      2.037380458669058e-16,
      2.6842531867433475,
      2.300891533971142,
      2.2360679774997894,
      1.825090640037078,
      1.408269749192332,
      0.9452075287484754,
      0.6530080462348475,
      2.037380458669058e-16,
      2.6842531867433475,
      2.300891533971142,
      2.2360679774997894,
      1.825090640037078,
      1.408269749192332,
      0.9452075287484754,
      0.6530080462348475,
      2.037380458669058e-16,
      2.6842531867433475,
      2.300891533971142,
      2.2360679774997894,
      1.825090640037078,
      1.408269749192332,
      0.9452075287484754,
      0.6530080462348475,
      2.037380458669058e-16,
      2.6842531867433475,
      2.300891533971142,
      2.2360679774997894,
      1.825090640037078,
      1.408269749192332,
      0.9452075287484754,
      0.6530080462348475,
      2.037380458669058e-16,
      2.6842531867433475,
      2.300891533971142,
      2.2360679774997894,
      1.825090640037078,
      1.408269749192332,
      0.9452075287484754,
      0.6530080462348475,
      2.037380458669058e-16,
      2.6842531867433475,
      2.300891533971142,
      2.2360679774997894,
      1.825090640037078,
      1.408269749192332,
      0.9452075287484754,
      0.6530080462348475,
      2.037380458669058e-16
    ],
    "singular_values_D": [
      2.6842531867433475,
      2.300891533971142,
      2.2360679774997894,
      1.825090640037078,
      1.408269749192332,
      0.9452075287484754,
      0.6530080462348475,
      2.037380458669058e-16
    ],
    "singular_values_D_anchor": [
      5.44095272989361,
      2.450258522950441,
      2.2888383579658726,
      1.8520000240431997,
      1.5031637002606497,
      1.0133107972679787,
      0.6612726836781598,
      2.0705567138992625e-16
    ],
    "root_tree_count_cv": 0.5962847939999439,
    "root_tree_count_gini": 0.32000000000000006,
    "edge_participation": [
      0.6666666666666666,
      0.6666666666666666,
      0.4,
      0.4,
      0.9333333333333333,
      0.3333333333333333,
      0.4,
      0.2
    ],
    "edge_participation_mean": 0.5,
    "edge_participation_var": 0.048888888888888885,
    "edge_participation_gini": 0.23750000000000004,
    "bottleneck_edge_fraction_095": 0.0,
    "mean_shortest_path": 1.95,
    "comparison_branch_d_rel_values": [
      14,
      14,
      14
    ],
    "comparison_branch_d_rel_min": 14,
    "comparison_branch_d_rel_mean": 14.0,
    "comparison_branch_d_rel_max": 14,
    "comparison_branch_d_rel_gini": 0.0,
    "comparison_branch_common_d_rel_values": [
      14,
      14,
      14
    ],
    "comparison_branch_common_d_rel_min": 14,
    "comparison_branch_common_d_rel_mean": 14.0,
    "comparison_branch_common_d_rel_max": 14,
    "comparison_branch_common_d_rel_gini": 0.0,
    "comparison_branch_input_count_values": [
      16,
      16,
      16
    ],
    "comparison_branch_input_count_min": 16,
    "comparison_branch_input_count_mean": 16.0,
    "comparison_branch_input_count_max": 16,
    "comparison_branch_input_count_gini": 0.0,
    "comparison_branch_input_overlap_values": [
      16,
      16,
      16
    ],
    "comparison_branch_input_overlap_min": 16,
    "comparison_branch_input_overlap_mean": 16.0,
    "comparison_branch_input_overlap_max": 16,
    "comparison_branch_input_overlap_gini": 0.0,
    "in_degree": [
      3,
      1,
      2,
      1,
      1
    ],
    "out_degree": [
      1,
      1,
      2,
      3,
      1
    ],
    "in_degree_cv": 0.5,
    "out_degree_cv": 0.5
  }
}