{
  "name": "cycle_chords_n5_m8_seed33",
  "family": "cycle_chords",
  "seed": 33,
  "n_nodes": 5,
  "edges": [
    [
      0,
      1
    ],
    [
      1,
      2
    ],
    [
      2,
      3
    ],
    [
      3,
      4
    ],
    [
      4,
      0
    ],
    [
      0,
      2
    ],
    [
      0,
      3
    ],
    [
      3,
      2
    ]
  ],
  "metrics": {
    "n_nodes": 5,
    "n_edges": 8,
    "p": 8,
    "strongly_connected": true,
    "edges": [
      [
        0,
        1
      ],
      [
        1,
        2
      ],
      [
        2,
        3
      ],
      [
        3,
        4
      ],
      [
        4,
        0
      ],
      [
        0,
        2
      ],
      [
        0,
        3
      ],
      [
        3,
        2
      ]
    ],
    "tree_counts_enum": [
      1,
      1,
      5,
      3,
      3
    ],
    "tree_counts_det": [
      1,
      1,
      5,
      3,
      3
    ],
    "tree_counts_match_det": true,
    "tree_enumeration_truncated": false,
    "max_trees_per_root": null,
    "n_trees_total_enum": 13,
    "rank_M": 8,
    "rank_D": 7,
    "rank_D_anchor": 7,
    "d_rel": 56,
    "effective_rank_D": 5.322207328466156,
    "condition_number_D": 3.9841957424214147,
    "effective_rank_D_masked": 42.57765862772926,
    "condition_number_D_masked": 3.9841957424214147,
    "singular_values_D_masked": [
      2.573620473282538,
      2.1504599396500375,
      1.9177787821749532,
      1.5298079747756472,
      1.2342603760913777,
      0.8905909570276864,
      0.6459573373567252,
      2.374700296522578e-16,
      2.573620473282538,
      2.1504599396500375,
      1.9177787821749532,
      1.5298079747756472,
      1.2342603760913777,
      0.8905909570276864,
      0.6459573373567252,
      2.374700296522578e-16,
      2.573620473282538,
      2.1504599396500375,
      1.9177787821749532,
      1.5298079747756472,
      1.2342603760913777,
      0.8905909570276864,
      0.6459573373567252,
      2.374700296522578e-16,
      2.573620473282538,
      2.1504599396500375,
      1.9177787821749532,
      1.5298079747756472,
      1.2342603760913777,
      0.8905909570276864,
      0.6459573373567252,
      2.374700296522578e-16,
      2.573620473282538,
      2.1504599396500375,
      1.9177787821749532,
      1.5298079747756472,
      1.2342603760913777,
      0.8905909570276864,
      0.6459573373567252,
      2.374700296522578e-16,
      2.573620473282538,
      2.1504599396500375,
      1.9177787821749532,
      1.5298079747756472,
      1.2342603760913777,
      0.8905909570276864,
      0.6459573373567252,
      2.374700296522578e-16,
      2.573620473282538,
      2.1504599396500375,
      1.9177787821749532,
      1.5298079747756472,
      1.2342603760913777,
      0.8905909570276864,
      0.6459573373567252,
      2.374700296522578e-16,
      2.573620473282538,
      2.1504599396500375,
      1.9177787821749532,
      1.5298079747756472,
      1.2342603760913777,
      0.8905909570276864,
      0.6459573373567252,
      2.374700296522578e-16
    ],
    "singular_values_D": [
      2.573620473282538,
      2.1504599396500375,
      1.9177787821749532,
      1.5298079747756472,
      1.2342603760913777,
      0.8905909570276864,
      0.6459573373567252,
      2.374700296522578e-16
    ],
    "singular_values_D_anchor": [
      3.66540860589934,
      2.208462957687897,
      1.977722776400524,
      1.9140740178052449,
      1.5186525926850227,
      1.0176797323172204,
      0.8777395146344816,
      1.0566106609384563e-16
    ],
    "root_tree_count_cv": 0.5756395979652218,
    "root_tree_count_gini": 0.3076923076923077,
    "edge_participation": [
      0.38461538461538464,
      0.9230769230769231,
      0.6153846153846154,
      0.5384615384615384,
      0.7692307692307693,
      0.3076923076923077,
      0.23076923076923078,
      0.23076923076923078
    ],
    "edge_participation_mean": 0.5,
    "edge_participation_var": 0.0576923076923077,
    "edge_participation_gini": 0.26923076923076916,
    "bottleneck_edge_fraction_095": 0.0,
    "mean_shortest_path": 1.95,
    "comparison_branch_d_rel_values": [
      14,
      14,
      14
    ],
    "comparison_branch_d_rel_min": 14,
    "comparison_branch_d_rel_mean": 14.0,
    "comparison_branch_d_rel_max": 14,
    "comparison_branch_d_rel_gini": 0.0,
    "comparison_branch_common_d_rel_values": [
      14,
      14,
      14
    ],
    "comparison_branch_common_d_rel_min": 14,
    "comparison_branch_common_d_rel_mean": 14.0,
    "comparison_branch_common_d_rel_max": 14,
    "comparison_branch_common_d_rel_gini": 0.0,
    "comparison_branch_input_count_values": [
      16,
      16,
      16
    ],
    "comparison_branch_input_count_min": 16,
    "comparison_branch_input_count_mean": 16.0,
    "comparison_branch_input_count_max": 16,
    "comparison_branch_input_count_gini": 0.0,
    "comparison_branch_input_overlap_values": [
      16,
      16,
      16
    ],
    "comparison_branch_input_overlap_min": 16,
    "comparison_branch_input_overlap_mean": 16.0,
    "comparison_branch_input_overlap_max": 16,
    "comparison_branch_input_overlap_gini": 0.0,
    "in_degree": [
      1,
      1,
      3,
      2,
      1
    ],
    "out_degree": [
      3,
      1,
      1,
      2,
      1
    ],
    "in_degree_cv": 0.5,
    "out_degree_cv": 0.5
  }
}