{
  "name": "cycle_chords_n5_m8_seed50",
  "family": "cycle_chords",
  "seed": 50,
  "n_nodes": 5,
  "edges": [
    [
      0,
      1
    ],
    [
      1,
      2
    ],
    [
      2,
      3
    ],
    [
      3,
      4
    ],
    [
      4,
      0
    ],
    [
      3,
      0
    ],
    [
      2,
      0
    ],
    [
      2,
      4
    ]
  ],
  "metrics": {
    "n_nodes": 5,
    "n_edges": 8,
    "p": 8,
    "strongly_connected": true,
    "edges": [
      [
        0,
        1
      ],
      [
        1,
        2
      ],
      [
        2,
        3
      ],
      [
        3,
        4
      ],
      [
        4,
        0
      ],
      [
        3,
        0
      ],
      [
        2,
        0
      ],
      [
        2,
        4
      ]
    ],
    "tree_counts_enum": [
      6,
      6,
      2,
      1,
      3
    ],
    "tree_counts_det": [
      6,
      6,
      2,
      1,
      3
    ],
    "tree_counts_match_det": true,
    "tree_enumeration_truncated": false,
    "max_trees_per_root": null,
    "n_trees_total_enum": 18,
    "rank_M": 8,
    "rank_D": 7,
    "rank_D_anchor": 7,
    "d_rel": 56,
    "effective_rank_D": 5.55804268275753,
    "condition_number_D": 4.1937745520404235,
    "effective_rank_D_masked": 44.46434146206024,
    "condition_number_D_masked": 4.1937745520404235,
    "singular_values_D_masked": [
      2.9440854503235174,
      2.495781131661863,
      2.4494897427831783,
      2.276234541006898,
      1.6566397403382316,
      1.1137645137847303,
      0.7020132851183222,
      3.918909715156478e-16,
      2.9440854503235174,
      2.495781131661863,
      2.4494897427831783,
      2.276234541006898,
      1.6566397403382316,
      1.1137645137847303,
      0.7020132851183222,
      3.918909715156478e-16,
      2.9440854503235174,
      2.495781131661863,
      2.4494897427831783,
      2.276234541006898,
      1.6566397403382316,
      1.1137645137847303,
      0.7020132851183222,
      3.918909715156478e-16,
      2.9440854503235174,
      2.495781131661863,
      2.4494897427831783,
      2.276234541006898,
      1.6566397403382316,
      1.1137645137847303,
      0.7020132851183222,
      3.918909715156478e-16,
      2.9440854503235174,
      2.495781131661863,
      2.4494897427831783,
      2.276234541006898,
      1.6566397403382316,
      1.1137645137847303,
      0.7020132851183222,
      3.918909715156478e-16,
      2.9440854503235174,
      2.495781131661863,
      2.4494897427831783,
      2.276234541006898,
      1.6566397403382316,
      1.1137645137847303,
      0.7020132851183222,
      3.918909715156478e-16,
      2.9440854503235174,
      2.495781131661863,
      2.4494897427831783,
      2.276234541006898,
      1.6566397403382316,
      1.1137645137847303,
      0.7020132851183222,
      3.918909715156478e-16,
      2.9440854503235174,
      2.495781131661863,
      2.4494897427831783,
      2.276234541006898,
      1.6566397403382316,
      1.1137645137847303,
      0.7020132851183222,
      3.918909715156478e-16
    ],
    "singular_values_D": [
      2.9440854503235174,
      2.495781131661863,
      2.4494897427831783,
      2.276234541006898,
      1.6566397403382316,
      1.1137645137847303,
      0.7020132851183222,
      3.918909715156478e-16
    ],
    "singular_values_D_anchor": [
      6.013201884439469,
      2.764863358112401,
      2.476082313300699,
      2.2861048150159893,
      1.7481067143388351,
      1.1268758501668399,
      0.7169020812185227,
      6.065125547894465e-16
    ],
    "root_tree_count_cv": 0.5719794522770555,
    "root_tree_count_gini": 0.3111111111111111,
    "edge_participation": [
      0.6666666666666666,
      0.6666666666666666,
      0.3333333333333333,
      0.5,
      0.8333333333333334,
      0.4444444444444444,
      0.2222222222222222,
      0.3333333333333333
    ],
    "edge_participation_mean": 0.5,
    "edge_participation_var": 0.03780864197530864,
    "edge_participation_gini": 0.21875,
    "bottleneck_edge_fraction_095": 0.0,
    "mean_shortest_path": 1.9,
    "comparison_branch_d_rel_values": [
      14,
      14,
      14
    ],
    "comparison_branch_d_rel_min": 14,
    "comparison_branch_d_rel_mean": 14.0,
    "comparison_branch_d_rel_max": 14,
    "comparison_branch_d_rel_gini": 0.0,
    "comparison_branch_common_d_rel_values": [
      14,
      14,
      14
    ],
    "comparison_branch_common_d_rel_min": 14,
    "comparison_branch_common_d_rel_mean": 14.0,
    "comparison_branch_common_d_rel_max": 14,
    "comparison_branch_common_d_rel_gini": 0.0,
    "comparison_branch_input_count_values": [
      16,
      16,
      16
    ],
    "comparison_branch_input_count_min": 16,
    "comparison_branch_input_count_mean": 16.0,
    "comparison_branch_input_count_max": 16,
    "comparison_branch_input_count_gini": 0.0,
    "comparison_branch_input_overlap_values": [
      16,
      16,
      16
    ],
    "comparison_branch_input_overlap_min": 16,
    "comparison_branch_input_overlap_mean": 16.0,
    "comparison_branch_input_overlap_max": 16,
    "comparison_branch_input_overlap_gini": 0.0,
    "in_degree": [
      3,
      1,
      1,
      1,
      2
    ],
    "out_degree": [
      1,
      1,
      3,
      2,
      1
    ],
    "in_degree_cv": 0.5,
    "out_degree_cv": 0.5
  }
}