{
  "name": "cycle_chords_n5_m8_seed48",
  "family": "cycle_chords",
  "seed": 48,
  "n_nodes": 5,
  "edges": [
    [
      0,
      1
    ],
    [
      1,
      2
    ],
    [
      2,
      3
    ],
    [
      3,
      4
    ],
    [
      4,
      0
    ],
    [
      2,
      0
    ],
    [
      0,
      2
    ],
    [
      4,
      1
    ]
  ],
  "metrics": {
    "n_nodes": 5,
    "n_edges": 8,
    "p": 8,
    "strongly_connected": true,
    "edges": [
      [
        0,
        1
      ],
      [
        1,
        2
      ],
      [
        2,
        3
      ],
      [
        3,
        4
      ],
      [
        4,
        0
      ],
      [
        2,
        0
      ],
      [
        0,
        2
      ],
      [
        4,
        1
      ]
    ],
    "tree_counts_enum": [
      3,
      5,
      4,
      4,
      2
    ],
    "tree_counts_det": [
      3,
      5,
      4,
      4,
      2
    ],
    "tree_counts_match_det": true,
    "tree_enumeration_truncated": false,
    "max_trees_per_root": null,
    "n_trees_total_enum": 18,
    "rank_M": 8,
    "rank_D": 7,
    "rank_D_anchor": 7,
    "d_rel": 56,
    "effective_rank_D": 5.517961859123252,
    "condition_number_D": 3.3253366158150124,
    "effective_rank_D_masked": 44.143694872986025,
    "condition_number_D_masked": 3.3253366158150124,
    "singular_values_D_masked": [
      2.981833076112469,
      2.8568754619125305,
      2.533746335218121,
      1.8612238650118589,
      1.511789322259587,
      1.2806233416064878,
      0.8967011225062539,
      4.832163090295685e-16,
      2.981833076112469,
      2.8568754619125305,
      2.533746335218121,
      1.8612238650118589,
      1.511789322259587,
      1.2806233416064878,
      0.8967011225062539,
      4.832163090295685e-16,
      2.981833076112469,
      2.8568754619125305,
      2.533746335218121,
      1.8612238650118589,
      1.511789322259587,
      1.2806233416064878,
      0.8967011225062539,
      4.832163090295685e-16,
      2.981833076112469,
      2.8568754619125305,
      2.533746335218121,
      1.8612238650118589,
      1.511789322259587,
      1.2806233416064878,
      0.8967011225062539,
      4.832163090295685e-16,
      2.981833076112469,
      2.8568754619125305,
      2.533746335218121,
      1.8612238650118589,
      1.511789322259587,
      1.2806233416064878,
      0.8967011225062539,
      4.832163090295685e-16,
      2.981833076112469,
      2.8568754619125305,
      2.533746335218121,
      1.8612238650118589,
      1.511789322259587,
      1.2806233416064878,
      0.8967011225062539,
      4.832163090295685e-16,
      2.981833076112469,
      2.8568754619125305,
      2.533746335218121,
      1.8612238650118589,
      1.511789322259587,
      1.2806233416064878,
      0.8967011225062539,
      4.832163090295685e-16,
      2.981833076112469,
      2.8568754619125305,
      2.533746335218121,
      1.8612238650118589,
      1.511789322259587,
      1.2806233416064878,
      0.8967011225062539,
      4.832163090295685e-16
    ],
    "singular_values_D": [
      2.981833076112469,
      2.8568754619125305,
      2.533746335218121,
      1.8612238650118589,
      1.511789322259587,
      1.2806233416064878,
      0.8967011225062539,
      4.832163090295685e-16
    ],
    "singular_values_D_anchor": [
      5.2963528965028015,
      2.9774167550048194,
      2.533902386509992,
      2.0000000000000004,
      1.828822775075979,
      1.4880243169357252,
      1.0507925808328034,
      3.0524034302645524e-16
    ],
    "root_tree_count_cv": 0.28327886186626583,
    "root_tree_count_gini": 0.15555555555555567,
    "edge_participation": [
      0.5,
      0.7222222222222222,
      0.5555555555555556,
      0.7777777777777778,
      0.4444444444444444,
      0.2222222222222222,
      0.3333333333333333,
      0.4444444444444444
    ],
    "edge_participation_mean": 0.5,
    "edge_participation_var": 0.030092592592592598,
    "edge_participation_gini": 0.19444444444444464,
    "bottleneck_edge_fraction_095": 0.0,
    "mean_shortest_path": 1.8,
    "comparison_branch_d_rel_values": [
      14,
      14,
      14
    ],
    "comparison_branch_d_rel_min": 14,
    "comparison_branch_d_rel_mean": 14.0,
    "comparison_branch_d_rel_max": 14,
    "comparison_branch_d_rel_gini": 0.0,
    "comparison_branch_common_d_rel_values": [
      14,
      14,
      14
    ],
    "comparison_branch_common_d_rel_min": 14,
    "comparison_branch_common_d_rel_mean": 14.0,
    "comparison_branch_common_d_rel_max": 14,
    "comparison_branch_common_d_rel_gini": 0.0,
    "comparison_branch_input_count_values": [
      16,
      16,
      16
    ],
    "comparison_branch_input_count_min": 16,
    "comparison_branch_input_count_mean": 16.0,
    "comparison_branch_input_count_max": 16,
    "comparison_branch_input_count_gini": 0.0,
    "comparison_branch_input_overlap_values": [
      16,
      16,
      16
    ],
    "comparison_branch_input_overlap_min": 16,
    "comparison_branch_input_overlap_mean": 16.0,
    "comparison_branch_input_overlap_max": 16,
    "comparison_branch_input_overlap_gini": 0.0,
    "in_degree": [
      2,
      2,
      2,
      1,
      1
    ],
    "out_degree": [
      2,
      1,
      2,
      1,
      2
    ],
    "in_degree_cv": 0.30618621784789724,
    "out_degree_cv": 0.30618621784789724
  }
}