{
  "name": "cycle_chords_n5_m8_seed60",
  "family": "cycle_chords",
  "seed": 60,
  "n_nodes": 5,
  "edges": [
    [
      0,
      1
    ],
    [
      1,
      2
    ],
    [
      2,
      3
    ],
    [
      3,
      4
    ],
    [
      4,
      0
    ],
    [
      2,
      0
    ],
    [
      4,
      1
    ],
    [
      3,
      1
    ]
  ],
  "metrics": {
    "n_nodes": 5,
    "n_edges": 8,
    "p": 8,
    "strongly_connected": true,
    "edges": [
      [
        0,
        1
      ],
      [
        1,
        2
      ],
      [
        2,
        3
      ],
      [
        3,
        4
      ],
      [
        4,
        0
      ],
      [
        2,
        0
      ],
      [
        4,
        1
      ],
      [
        3,
        1
      ]
    ],
    "tree_counts_enum": [
      5,
      8,
      4,
      2,
      1
    ],
    "tree_counts_det": [
      5,
      8,
      4,
      2,
      1
    ],
    "tree_counts_match_det": true,
    "tree_enumeration_truncated": false,
    "max_trees_per_root": null,
    "n_trees_total_enum": 20,
    "rank_M": 8,
    "rank_D": 7,
    "rank_D_anchor": 7,
    "d_rel": 56,
    "effective_rank_D": 5.278329419383665,
    "condition_number_D": 4.3033495499720695,
    "effective_rank_D_masked": 42.22663535506932,
    "condition_number_D_masked": 4.3033495499720695,
    "singular_values_D_masked": [
      3.204679331405494,
      3.0378036025708006,
      2.9073658264765694,
      2.384074777358007,
      1.6434431969318817,
      1.0048463117379096,
      0.7446941723398448,
      2.488612999593969e-16,
      3.204679331405494,
      3.0378036025708006,
      2.9073658264765694,
      2.384074777358007,
      1.6434431969318817,
      1.0048463117379096,
      0.7446941723398448,
      2.488612999593969e-16,
      3.204679331405494,
      3.0378036025708006,
      2.9073658264765694,
      2.384074777358007,
      1.6434431969318817,
      1.0048463117379096,
      0.7446941723398448,
      2.488612999593969e-16,
      3.204679331405494,
      3.0378036025708006,
      2.9073658264765694,
      2.384074777358007,
      1.6434431969318817,
      1.0048463117379096,
      0.7446941723398448,
      2.488612999593969e-16,
      3.204679331405494,
      3.0378036025708006,
      2.9073658264765694,
      2.384074777358007,
      1.6434431969318817,
      1.0048463117379096,
      0.7446941723398448,
      2.488612999593969e-16,
      3.204679331405494,
      3.0378036025708006,
      2.9073658264765694,
      2.384074777358007,
      1.6434431969318817,
      1.0048463117379096,
      0.7446941723398448,
      2.488612999593969e-16,
      3.204679331405494,
      3.0378036025708006,
      2.9073658264765694,
      2.384074777358007,
      1.6434431969318817,
      1.0048463117379096,
      0.7446941723398448,
      2.488612999593969e-16,
      3.204679331405494,
      3.0378036025708006,
      2.9073658264765694,
      2.384074777358007,
      1.6434431969318817,
      1.0048463117379096,
      0.7446941723398448,
      2.488612999593969e-16
    ],
    "singular_values_D": [
      3.204679331405494,
      3.0378036025708006,
      2.9073658264765694,
      2.384074777358007,
      1.6434431969318817,
      1.0048463117379096,
      0.7446941723398448,
      2.488612999593969e-16
    ],
    "singular_values_D_anchor": [
      7.092136136873047,
      3.044979609050075,
      2.9244793320921922,
      2.5450690425558817,
      1.9088325603333438,
      1.086230016750332,
      0.7590856398587907,
      3.4611894520498115e-16
    ],
    "root_tree_count_cv": 0.6123724356957945,
    "root_tree_count_gini": 0.3400000000000001,
    "edge_participation": [
      0.75,
      0.6,
      0.4,
      0.5,
      0.5,
      0.4,
      0.45,
      0.4
    ],
    "edge_participation_mean": 0.5,
    "edge_participation_var": 0.013124999999999998,
    "edge_participation_gini": 0.11874999999999991,
    "bottleneck_edge_fraction_095": 0.0,
    "mean_shortest_path": 1.85,
    "comparison_branch_d_rel_values": [
      14,
      14,
      14
    ],
    "comparison_branch_d_rel_min": 14,
    "comparison_branch_d_rel_mean": 14.0,
    "comparison_branch_d_rel_max": 14,
    "comparison_branch_d_rel_gini": 0.0,
    "comparison_branch_common_d_rel_values": [
      14,
      14,
      14
    ],
    "comparison_branch_common_d_rel_min": 14,
    "comparison_branch_common_d_rel_mean": 14.0,
    "comparison_branch_common_d_rel_max": 14,
    "comparison_branch_common_d_rel_gini": 0.0,
    "comparison_branch_input_count_values": [
      16,
      16,
      16
    ],
    "comparison_branch_input_count_min": 16,
    "comparison_branch_input_count_mean": 16.0,
    "comparison_branch_input_count_max": 16,
    "comparison_branch_input_count_gini": 0.0,
    "comparison_branch_input_overlap_values": [
      16,
      16,
      16
    ],
    "comparison_branch_input_overlap_min": 16,
    "comparison_branch_input_overlap_mean": 16.0,
    "comparison_branch_input_overlap_max": 16,
    "comparison_branch_input_overlap_gini": 0.0,
    "in_degree": [
      2,
      3,
      1,
      1,
      1
    ],
    "out_degree": [
      1,
      1,
      2,
      2,
      2
    ],
    "in_degree_cv": 0.5,
    "out_degree_cv": 0.30618621784789724
  }
}