{
  "name": "cycle_chords_n5_m8_seed68",
  "family": "cycle_chords",
  "seed": 68,
  "n_nodes": 5,
  "edges": [
    [
      0,
      1
    ],
    [
      1,
      2
    ],
    [
      2,
      3
    ],
    [
      3,
      4
    ],
    [
      4,
      0
    ],
    [
      0,
      2
    ],
    [
      3,
      0
    ],
    [
      1,
      3
    ]
  ],
  "metrics": {
    "n_nodes": 5,
    "n_edges": 8,
    "p": 8,
    "strongly_connected": true,
    "edges": [
      [
        0,
        1
      ],
      [
        1,
        2
      ],
      [
        2,
        3
      ],
      [
        3,
        4
      ],
      [
        4,
        0
      ],
      [
        0,
        2
      ],
      [
        3,
        0
      ],
      [
        1,
        3
      ]
    ],
    "tree_counts_enum": [
      4,
      2,
      6,
      4,
      4
    ],
    "tree_counts_det": [
      4,
      2,
      6,
      4,
      4
    ],
    "tree_counts_match_det": true,
    "tree_enumeration_truncated": false,
    "max_trees_per_root": null,
    "n_trees_total_enum": 20,
    "rank_M": 8,
    "rank_D": 7,
    "rank_D_anchor": 7,
    "d_rel": 56,
    "effective_rank_D": 5.5523908647696265,
    "condition_number_D": 3.131807296259166,
    "effective_rank_D_masked": 44.41912691815699,
    "condition_number_D_masked": 3.131807296259166,
    "singular_values_D_masked": [
      3.111980332664319,
      3.016980870603491,
      2.820914947070375,
      1.9615393742630913,
      1.555901210218914,
      1.4142135623730951,
      0.9936691623336693,
      3.3274406240697113e-16,
      3.111980332664319,
      3.016980870603491,
      2.820914947070375,
      1.9615393742630913,
      1.555901210218914,
      1.4142135623730951,
      0.9936691623336693,
      3.3274406240697113e-16,
      3.111980332664319,
      3.016980870603491,
      2.820914947070375,
      1.9615393742630913,
      1.555901210218914,
      1.4142135623730951,
      0.9936691623336693,
      3.3274406240697113e-16,
      3.111980332664319,
      3.016980870603491,
      2.820914947070375,
      1.9615393742630913,
      1.555901210218914,
      1.4142135623730951,
      0.9936691623336693,
      3.3274406240697113e-16,
      3.111980332664319,
      3.016980870603491,
      2.820914947070375,
      1.9615393742630913,
      1.555901210218914,
      1.4142135623730951,
      0.9936691623336693,
      3.3274406240697113e-16,
      3.111980332664319,
      3.016980870603491,
      2.820914947070375,
      1.9615393742630913,
      1.555901210218914,
      1.4142135623730951,
      0.9936691623336693,
      3.3274406240697113e-16,
      3.111980332664319,
      3.016980870603491,
      2.820914947070375,
      1.9615393742630913,
      1.555901210218914,
      1.4142135623730951,
      0.9936691623336693,
      3.3274406240697113e-16,
      3.111980332664319,
      3.016980870603491,
      2.820914947070375,
      1.9615393742630913,
      1.555901210218914,
      1.4142135623730951,
      0.9936691623336693,
      3.3274406240697113e-16
    ],
    "singular_values_D": [
      3.111980332664319,
      3.016980870603491,
      2.820914947070375,
      1.9615393742630913,
      1.555901210218914,
      1.4142135623730951,
      0.9936691623336693,
      3.3274406240697113e-16
    ],
    "singular_values_D_anchor": [
      5.452474657334961,
      3.085899943845294,
      2.9175717592440917,
      2.3627564372651757,
      1.866064444125335,
      1.475273019566445,
      0.997131738352282,
      3.1370276561161347e-16
    ],
    "root_tree_count_cv": 0.31622776601683794,
    "root_tree_count_gini": 0.16000000000000014,
    "edge_participation": [
      0.4,
      0.5,
      0.7,
      0.5,
      0.8,
      0.4,
      0.3,
      0.4
    ],
    "edge_participation_mean": 0.5,
    "edge_participation_var": 0.025,
    "edge_participation_gini": 0.16875000000000018,
    "bottleneck_edge_fraction_095": 0.0,
    "mean_shortest_path": 1.75,
    "comparison_branch_d_rel_values": [
      14,
      14,
      14
    ],
    "comparison_branch_d_rel_min": 14,
    "comparison_branch_d_rel_mean": 14.0,
    "comparison_branch_d_rel_max": 14,
    "comparison_branch_d_rel_gini": 0.0,
    "comparison_branch_common_d_rel_values": [
      14,
      14,
      14
    ],
    "comparison_branch_common_d_rel_min": 14,
    "comparison_branch_common_d_rel_mean": 14.0,
    "comparison_branch_common_d_rel_max": 14,
    "comparison_branch_common_d_rel_gini": 0.0,
    "comparison_branch_input_count_values": [
      16,
      16,
      16
    ],
    "comparison_branch_input_count_min": 16,
    "comparison_branch_input_count_mean": 16.0,
    "comparison_branch_input_count_max": 16,
    "comparison_branch_input_count_gini": 0.0,
    "comparison_branch_input_overlap_values": [
      16,
      16,
      16
    ],
    "comparison_branch_input_overlap_min": 16,
    "comparison_branch_input_overlap_mean": 16.0,
    "comparison_branch_input_overlap_max": 16,
    "comparison_branch_input_overlap_gini": 0.0,
    "in_degree": [
      2,
      1,
      2,
      2,
      1
    ],
    "out_degree": [
      2,
      2,
      1,
      2,
      1
    ],
    "in_degree_cv": 0.30618621784789724,
    "out_degree_cv": 0.30618621784789724
  }
}