{
  "name": "cycle_chords_n5_m8_seed70",
  "family": "cycle_chords",
  "seed": 70,
  "n_nodes": 5,
  "edges": [
    [
      0,
      1
    ],
    [
      1,
      2
    ],
    [
      2,
      3
    ],
    [
      3,
      4
    ],
    [
      4,
      0
    ],
    [
      2,
      0
    ],
    [
      1,
      0
    ],
    [
      2,
      4
    ]
  ],
  "metrics": {
    "n_nodes": 5,
    "n_edges": 8,
    "p": 8,
    "strongly_connected": true,
    "edges": [
      [
        0,
        1
      ],
      [
        1,
        2
      ],
      [
        2,
        3
      ],
      [
        3,
        4
      ],
      [
        4,
        0
      ],
      [
        2,
        0
      ],
      [
        1,
        0
      ],
      [
        2,
        4
      ]
    ],
    "tree_counts_enum": [
      6,
      3,
      1,
      1,
      2
    ],
    "tree_counts_det": [
      6,
      3,
      1,
      1,
      2
    ],
    "tree_counts_match_det": true,
    "tree_enumeration_truncated": false,
    "max_trees_per_root": null,
    "n_trees_total_enum": 13,
    "rank_M": 8,
    "rank_D": 7,
    "rank_D_anchor": 7,
    "d_rel": 56,
    "effective_rank_D": 5.425357202940593,
    "condition_number_D": 3.7883668652678337,
    "effective_rank_D_masked": 43.402857623524724,
    "condition_number_D_masked": 3.7883668652678337,
    "singular_values_D_masked": [
      2.5092218405679723,
      2.1046049754850187,
      1.7702120073565277,
      1.732050807568877,
      1.1981056514751531,
      0.8972686316386703,
      0.6623492206028924,
      2.5955199387402317e-16,
      2.5092218405679723,
      2.1046049754850187,
      1.7702120073565277,
      1.732050807568877,
      1.1981056514751531,
      0.8972686316386703,
      0.6623492206028924,
      2.5955199387402317e-16,
      2.5092218405679723,
      2.1046049754850187,
      1.7702120073565277,
      1.732050807568877,
      1.1981056514751531,
      0.8972686316386703,
      0.6623492206028924,
      2.5955199387402317e-16,
      2.5092218405679723,
      2.1046049754850187,
      1.7702120073565277,
      1.732050807568877,
      1.1981056514751531,
      0.8972686316386703,
      0.6623492206028924,
      2.5955199387402317e-16,
      2.5092218405679723,
      2.1046049754850187,
      1.7702120073565277,
      1.732050807568877,
      1.1981056514751531,
      0.8972686316386703,
      0.6623492206028924,
      2.5955199387402317e-16,
      2.5092218405679723,
      2.1046049754850187,
      1.7702120073565277,
      1.732050807568877,
      1.1981056514751531,
      0.8972686316386703,
      0.6623492206028924,
      2.5955199387402317e-16,
      2.5092218405679723,
      2.1046049754850187,
      1.7702120073565277,
      1.732050807568877,
      1.1981056514751531,
      0.8972686316386703,
      0.6623492206028924,
      2.5955199387402317e-16,
      2.5092218405679723,
      2.1046049754850187,
      1.7702120073565277,
      1.732050807568877,
      1.1981056514751531,
      0.8972686316386703,
      0.6623492206028924,
      2.5955199387402317e-16
    ],
    "singular_values_D": [
      2.5092218405679723,
      2.1046049754850187,
      1.7702120073565277,
      1.732050807568877,
      1.1981056514751531,
      0.8972686316386703,
      0.6623492206028924,
      2.5955199387402317e-16
    ],
    "singular_values_D_anchor": [
      4.248527102214801,
      2.4519947016864303,
      1.9615216222697658,
      1.767348396366864,
      1.2230594685746745,
      1.0139097716898196,
      0.6654055358030638,
      9.013281621226467e-17
    ],
    "root_tree_count_cv": 0.7133552688842849,
    "root_tree_count_gini": 0.36923076923076925,
    "edge_participation": [
      0.5384615384615384,
      0.5384615384615384,
      0.38461538461538464,
      0.9230769230769231,
      0.8461538461538461,
      0.23076923076923078,
      0.23076923076923078,
      0.3076923076923077
    ],
    "edge_participation_mean": 0.5,
    "edge_participation_var": 0.0621301775147929,
    "edge_participation_gini": 0.2740384615384619,
    "bottleneck_edge_fraction_095": 0.0,
    "mean_shortest_path": 2.0,
    "comparison_branch_d_rel_values": [
      14,
      14,
      14
    ],
    "comparison_branch_d_rel_min": 14,
    "comparison_branch_d_rel_mean": 14.0,
    "comparison_branch_d_rel_max": 14,
    "comparison_branch_d_rel_gini": 0.0,
    "comparison_branch_common_d_rel_values": [
      14,
      14,
      14
    ],
    "comparison_branch_common_d_rel_min": 14,
    "comparison_branch_common_d_rel_mean": 14.0,
    "comparison_branch_common_d_rel_max": 14,
    "comparison_branch_common_d_rel_gini": 0.0,
    "comparison_branch_input_count_values": [
      16,
      16,
      16
    ],
    "comparison_branch_input_count_min": 16,
    "comparison_branch_input_count_mean": 16.0,
    "comparison_branch_input_count_max": 16,
    "comparison_branch_input_count_gini": 0.0,
    "comparison_branch_input_overlap_values": [
      16,
      16,
      16
    ],
    "comparison_branch_input_overlap_min": 16,
    "comparison_branch_input_overlap_mean": 16.0,
    "comparison_branch_input_overlap_max": 16,
    "comparison_branch_input_overlap_gini": 0.0,
    "in_degree": [
      3,
      1,
      1,
      1,
      2
    ],
    "out_degree": [
      1,
      2,
      3,
      1,
      1
    ],
    "in_degree_cv": 0.5,
    "out_degree_cv": 0.5
  }
}