{
  "name": "cycle_chords_n5_m8_seed64",
  "family": "cycle_chords",
  "seed": 64,
  "n_nodes": 5,
  "edges": [
    [
      0,
      1
    ],
    [
      1,
      2
    ],
    [
      2,
      3
    ],
    [
      3,
      4
    ],
    [
      4,
      0
    ],
    [
      4,
      1
    ],
    [
      4,
      3
    ],
    [
      3,
      2
    ]
  ],
  "metrics": {
    "n_nodes": 5,
    "n_edges": 8,
    "p": 8,
    "strongly_connected": true,
    "edges": [
      [
        0,
        1
      ],
      [
        1,
        2
      ],
      [
        2,
        3
      ],
      [
        3,
        4
      ],
      [
        4,
        0
      ],
      [
        4,
        1
      ],
      [
        4,
        3
      ],
      [
        3,
        2
      ]
    ],
    "tree_counts_enum": [
      1,
      2,
      5,
      3,
      1
    ],
    "tree_counts_det": [
      1,
      2,
      5,
      3,
      1
    ],
    "tree_counts_match_det": true,
    "tree_enumeration_truncated": false,
    "max_trees_per_root": null,
    "n_trees_total_enum": 12,
    "rank_M": 8,
    "rank_D": 7,
    "rank_D_anchor": 7,
    "d_rel": 56,
    "effective_rank_D": 5.243735530034429,
    "condition_number_D": 3.9255150115810604,
    "effective_rank_D_masked": 41.94988424027543,
    "condition_number_D_masked": 3.9255150115810604,
    "singular_values_D_masked": [
      2.495496953755126,
      2.1046048088873435,
      1.7475919896299998,
      1.289304421004837,
      1.1975042958513042,
      0.8880335743130299,
      0.6357119884634009,
      2.558571054033713e-16,
      2.495496953755126,
      2.1046048088873435,
      1.7475919896299998,
      1.289304421004837,
      1.1975042958513042,
      0.8880335743130299,
      0.6357119884634009,
      2.558571054033713e-16,
      2.495496953755126,
      2.1046048088873435,
      1.7475919896299998,
      1.289304421004837,
      1.1975042958513042,
      0.8880335743130299,
      0.6357119884634009,
      2.558571054033713e-16,
      2.495496953755126,
      2.1046048088873435,
      1.7475919896299998,
      1.289304421004837,
      1.1975042958513042,
      0.8880335743130299,
      0.6357119884634009,
      2.558571054033713e-16,
      2.495496953755126,
      2.1046048088873435,
      1.7475919896299998,
      1.289304421004837,
      1.1975042958513042,
      0.8880335743130299,
      0.6357119884634009,
      2.558571054033713e-16,
      2.495496953755126,
      2.1046048088873435,
      1.7475919896299998,
      1.289304421004837,
      1.1975042958513042,
      0.8880335743130299,
      0.6357119884634009,
      2.558571054033713e-16,
      2.495496953755126,
      2.1046048088873435,
      1.7475919896299998,
      1.289304421004837,
      1.1975042958513042,
      0.8880335743130299,
      0.6357119884634009,
      2.558571054033713e-16,
      2.495496953755126,
      2.1046048088873435,
      1.7475919896299998,
      1.289304421004837,
      1.1975042958513042,
      0.8880335743130299,
      0.6357119884634009,
      2.558571054033713e-16
    ],
    "singular_values_D": [
      2.495496953755126,
      2.1046048088873435,
      1.7475919896299998,
      1.289304421004837,
      1.1975042958513042,
      0.8880335743130299,
      0.6357119884634009,
      2.558571054033713e-16
    ],
    "singular_values_D_anchor": [
      5.128372643816069,
      2.228751797540794,
      1.748244393072157,
      1.5677205189169838,
      1.2892723295239084,
      1.0700033320175517,
      0.6412667912588474,
      3.597936912943554e-16
    ],
    "root_tree_count_cv": 0.6236095644623235,
    "root_tree_count_gini": 0.3333333333333335,
    "edge_participation": [
      0.9166666666666666,
      0.8333333333333334,
      0.5833333333333334,
      0.5,
      0.4166666666666667,
      0.3333333333333333,
      0.16666666666666666,
      0.25
    ],
    "edge_participation_mean": 0.5,
    "edge_participation_var": 0.0625,
    "edge_participation_gini": 0.28125,
    "bottleneck_edge_fraction_095": 0.0,
    "mean_shortest_path": 2.0,
    "comparison_branch_d_rel_values": [
      14,
      14,
      14
    ],
    "comparison_branch_d_rel_min": 14,
    "comparison_branch_d_rel_mean": 14.0,
    "comparison_branch_d_rel_max": 14,
    "comparison_branch_d_rel_gini": 0.0,
    "comparison_branch_common_d_rel_values": [
      14,
      14,
      14
    ],
    "comparison_branch_common_d_rel_min": 14,
    "comparison_branch_common_d_rel_mean": 14.0,
    "comparison_branch_common_d_rel_max": 14,
    "comparison_branch_common_d_rel_gini": 0.0,
    "comparison_branch_input_count_values": [
      16,
      16,
      16
    ],
    "comparison_branch_input_count_min": 16,
    "comparison_branch_input_count_mean": 16.0,
    "comparison_branch_input_count_max": 16,
    "comparison_branch_input_count_gini": 0.0,
    "comparison_branch_input_overlap_values": [
      16,
      16,
      16
    ],
    "comparison_branch_input_overlap_min": 16,
    "comparison_branch_input_overlap_mean": 16.0,
    "comparison_branch_input_overlap_max": 16,
    "comparison_branch_input_overlap_gini": 0.0,
    "in_degree": [
      1,
      2,
      2,
      2,
      1
    ],
    "out_degree": [
      1,
      1,
      1,
      2,
      3
    ],
    "in_degree_cv": 0.30618621784789724,
    "out_degree_cv": 0.5
  }
}