{
  "name": "cycle_chords_n5_m8_seed80",
  "family": "cycle_chords",
  "seed": 80,
  "n_nodes": 5,
  "edges": [
    [
      0,
      1
    ],
    [
      1,
      2
    ],
    [
      2,
      3
    ],
    [
      3,
      4
    ],
    [
      4,
      0
    ],
    [
      0,
      3
    ],
    [
      2,
      1
    ],
    [
      4,
      1
    ]
  ],
  "metrics": {
    "n_nodes": 5,
    "n_edges": 8,
    "p": 8,
    "strongly_connected": true,
    "edges": [
      [
        0,
        1
      ],
      [
        1,
        2
      ],
      [
        2,
        3
      ],
      [
        3,
        4
      ],
      [
        4,
        0
      ],
      [
        0,
        3
      ],
      [
        2,
        1
      ],
      [
        4,
        1
      ]
    ],
    "tree_counts_enum": [
      1,
      6,
      3,
      4,
      2
    ],
    "tree_counts_det": [
      1,
      6,
      3,
      4,
      2
    ],
    "tree_counts_match_det": true,
    "tree_enumeration_truncated": false,
    "max_trees_per_root": null,
    "n_trees_total_enum": 16,
    "rank_M": 8,
    "rank_D": 7,
    "rank_D_anchor": 7,
    "d_rel": 56,
    "effective_rank_D": 5.1410355645929835,
    "condition_number_D": 4.1980672557951015,
    "effective_rank_D_masked": 41.12828451674388,
    "condition_number_D_masked": 4.1980672557951015,
    "singular_values_D_masked": [
      2.9656690024479975,
      2.8962886348975436,
      2.1115619089927478,
      1.7320508075688765,
      1.5314393513145361,
      0.9424788817592412,
      0.706436753330744,
      2.537407667987487e-16,
      2.9656690024479975,
      2.8962886348975436,
      2.1115619089927478,
      1.7320508075688765,
      1.5314393513145361,
      0.9424788817592412,
      0.706436753330744,
      2.537407667987487e-16,
      2.9656690024479975,
      2.8962886348975436,
      2.1115619089927478,
      1.7320508075688765,
      1.5314393513145361,
      0.9424788817592412,
      0.706436753330744,
      2.537407667987487e-16,
      2.9656690024479975,
      2.8962886348975436,
      2.1115619089927478,
      1.7320508075688765,
      1.5314393513145361,
      0.9424788817592412,
      0.706436753330744,
      2.537407667987487e-16,
      2.9656690024479975,
      2.8962886348975436,
      2.1115619089927478,
      1.7320508075688765,
      1.5314393513145361,
      0.9424788817592412,
      0.706436753330744,
      2.537407667987487e-16,
      2.9656690024479975,
      2.8962886348975436,
      2.1115619089927478,
      1.7320508075688765,
      1.5314393513145361,
      0.9424788817592412,
      0.706436753330744,
      2.537407667987487e-16,
      2.9656690024479975,
      2.8962886348975436,
      2.1115619089927478,
      1.7320508075688765,
      1.5314393513145361,
      0.9424788817592412,
      0.706436753330744,
      2.537407667987487e-16,
      2.9656690024479975,
      2.8962886348975436,
      2.1115619089927478,
      1.7320508075688765,
      1.5314393513145361,
      0.9424788817592412,
      0.706436753330744,
      2.537407667987487e-16
    ],
    "singular_values_D": [
      2.9656690024479975,
      2.8962886348975436,
      2.1115619089927478,
      1.7320508075688765,
      1.5314393513145361,
      0.9424788817592412,
      0.706436753330744,
      2.537407667987487e-16
    ],
    "singular_values_D_anchor": [
      5.42058480126888,
      2.9257025126525464,
      2.3803291195215746,
      1.7483212677832909,
      1.732050807568877,
      1.2223547255993048,
      0.9169406588709527,
      1.848293641236717e-16
    ],
    "root_tree_count_cv": 0.5376453291901642,
    "root_tree_count_gini": 0.30000000000000004,
    "edge_participation": [
      0.5625,
      0.625,
      0.625,
      0.75,
      0.375,
      0.375,
      0.1875,
      0.5
    ],
    "edge_participation_mean": 0.5,
    "edge_participation_var": 0.0283203125,
    "edge_participation_gini": 0.1875,
    "bottleneck_edge_fraction_095": 0.0,
    "mean_shortest_path": 1.85,
    "comparison_branch_d_rel_values": [
      14,
      14,
      14
    ],
    "comparison_branch_d_rel_min": 14,
    "comparison_branch_d_rel_mean": 14.0,
    "comparison_branch_d_rel_max": 14,
    "comparison_branch_d_rel_gini": 0.0,
    "comparison_branch_common_d_rel_values": [
      14,
      14,
      14
    ],
    "comparison_branch_common_d_rel_min": 14,
    "comparison_branch_common_d_rel_mean": 14.0,
    "comparison_branch_common_d_rel_max": 14,
    "comparison_branch_common_d_rel_gini": 0.0,
    "comparison_branch_input_count_values": [
      16,
      16,
      16
    ],
    "comparison_branch_input_count_min": 16,
    "comparison_branch_input_count_mean": 16.0,
    "comparison_branch_input_count_max": 16,
    "comparison_branch_input_count_gini": 0.0,
    "comparison_branch_input_overlap_values": [
      16,
      16,
      16
    ],
    "comparison_branch_input_overlap_min": 16,
    "comparison_branch_input_overlap_mean": 16.0,
    "comparison_branch_input_overlap_max": 16,
    "comparison_branch_input_overlap_gini": 0.0,
    "in_degree": [
      1,
      3,
      1,
      2,
      1
    ],
    "out_degree": [
      2,
      1,
      2,
      1,
      2
    ],
    "in_degree_cv": 0.5,
    "out_degree_cv": 0.30618621784789724
  }
}