{
  "name": "cycle_chords_n5_m8_seed75",
  "family": "cycle_chords",
  "seed": 75,
  "n_nodes": 5,
  "edges": [
    [
      0,
      1
    ],
    [
      1,
      2
    ],
    [
      2,
      3
    ],
    [
      3,
      4
    ],
    [
      4,
      0
    ],
    [
      1,
      0
    ],
    [
      1,
      3
    ],
    [
      0,
      3
    ]
  ],
  "metrics": {
    "n_nodes": 5,
    "n_edges": 8,
    "p": 8,
    "strongly_connected": true,
    "edges": [
      [
        0,
        1
      ],
      [
        1,
        2
      ],
      [
        2,
        3
      ],
      [
        3,
        4
      ],
      [
        4,
        0
      ],
      [
        1,
        0
      ],
      [
        1,
        3
      ],
      [
        0,
        3
      ]
    ],
    "tree_counts_enum": [
      3,
      1,
      1,
      5,
      5
    ],
    "tree_counts_det": [
      3,
      1,
      1,
      5,
      5
    ],
    "tree_counts_match_det": true,
    "tree_enumeration_truncated": false,
    "max_trees_per_root": null,
    "n_trees_total_enum": 15,
    "rank_M": 8,
    "rank_D": 7,
    "rank_D_anchor": 7,
    "d_rel": 56,
    "effective_rank_D": 5.429455722416184,
    "condition_number_D": 4.110597414871643,
    "effective_rank_D_masked": 43.43564577932946,
    "condition_number_D_masked": 4.110597414871643,
    "singular_values_D_masked": [
      2.6842531867433475,
      2.3008915339711424,
      2.2360679774997902,
      1.8250906400370783,
      1.4082697491923333,
      0.9452075287484747,
      0.6530080462348478,
      1.4959064070767564e-16,
      2.6842531867433475,
      2.3008915339711424,
      2.2360679774997902,
      1.8250906400370783,
      1.4082697491923333,
      0.9452075287484747,
      0.6530080462348478,
      1.4959064070767564e-16,
      2.6842531867433475,
      2.3008915339711424,
      2.2360679774997902,
      1.8250906400370783,
      1.4082697491923333,
      0.9452075287484747,
      0.6530080462348478,
      1.4959064070767564e-16,
      2.6842531867433475,
      2.3008915339711424,
      2.2360679774997902,
      1.8250906400370783,
      1.4082697491923333,
      0.9452075287484747,
      0.6530080462348478,
      1.4959064070767564e-16,
      2.6842531867433475,
      2.3008915339711424,
      2.2360679774997902,
      1.8250906400370783,
      1.4082697491923333,
      0.9452075287484747,
      0.6530080462348478,
      1.4959064070767564e-16,
      2.6842531867433475,
      2.3008915339711424,
      2.2360679774997902,
      1.8250906400370783,
      1.4082697491923333,
      0.9452075287484747,
      0.6530080462348478,
      1.4959064070767564e-16,
      2.6842531867433475,
      2.3008915339711424,
      2.2360679774997902,
      1.8250906400370783,
      1.4082697491923333,
      0.9452075287484747,
      0.6530080462348478,
      1.4959064070767564e-16,
      2.6842531867433475,
      2.3008915339711424,
      2.2360679774997902,
      1.8250906400370783,
      1.4082697491923333,
      0.9452075287484747,
      0.6530080462348478,
      1.4959064070767564e-16
    ],
    "singular_values_D": [
      2.6842531867433475,
      2.3008915339711424,
      2.2360679774997902,
      1.8250906400370783,
      1.4082697491923333,
      0.9452075287484747,
      0.6530080462348478,
      1.4959064070767564e-16
    ],
    "singular_values_D_anchor": [
      4.457428035428315,
      2.5723411751793273,
      2.2360679774997894,
      1.9614331564450782,
      1.7982752991002746,
      1.0025910951378016,
      0.654364733805861,
      1.8661375387059438e-16
    ],
    "root_tree_count_cv": 0.5962847939999439,
    "root_tree_count_gini": 0.32000000000000006,
    "edge_participation": [
      0.4,
      0.4,
      0.9333333333333333,
      0.6666666666666666,
      0.6666666666666666,
      0.2,
      0.3333333333333333,
      0.4
    ],
    "edge_participation_mean": 0.5,
    "edge_participation_var": 0.048888888888888885,
    "edge_participation_gini": 0.23750000000000004,
    "bottleneck_edge_fraction_095": 0.0,
    "mean_shortest_path": 1.95,
    "comparison_branch_d_rel_values": [
      14,
      14,
      14
    ],
    "comparison_branch_d_rel_min": 14,
    "comparison_branch_d_rel_mean": 14.0,
    "comparison_branch_d_rel_max": 14,
    "comparison_branch_d_rel_gini": 0.0,
    "comparison_branch_common_d_rel_values": [
      14,
      14,
      14
    ],
    "comparison_branch_common_d_rel_min": 14,
    "comparison_branch_common_d_rel_mean": 14.0,
    "comparison_branch_common_d_rel_max": 14,
    "comparison_branch_common_d_rel_gini": 0.0,
    "comparison_branch_input_count_values": [
      16,
      16,
      16
    ],
    "comparison_branch_input_count_min": 16,
    "comparison_branch_input_count_mean": 16.0,
    "comparison_branch_input_count_max": 16,
    "comparison_branch_input_count_gini": 0.0,
    "comparison_branch_input_overlap_values": [
      16,
      16,
      16
    ],
    "comparison_branch_input_overlap_min": 16,
    "comparison_branch_input_overlap_mean": 16.0,
    "comparison_branch_input_overlap_max": 16,
    "comparison_branch_input_overlap_gini": 0.0,
    "in_degree": [
      2,
      1,
      1,
      3,
      1
    ],
    "out_degree": [
      2,
      3,
      1,
      1,
      1
    ],
    "in_degree_cv": 0.5,
    "out_degree_cv": 0.5
  }
}