{
  "name": "cycle_chords_n5_m8_seed86",
  "family": "cycle_chords",
  "seed": 86,
  "n_nodes": 5,
  "edges": [
    [
      0,
      1
    ],
    [
      1,
      2
    ],
    [
      2,
      3
    ],
    [
      3,
      4
    ],
    [
      4,
      0
    ],
    [
      3,
      2
    ],
    [
      2,
      1
    ],
    [
      0,
      4
    ]
  ],
  "metrics": {
    "n_nodes": 5,
    "n_edges": 8,
    "p": 8,
    "strongly_connected": true,
    "edges": [
      [
        0,
        1
      ],
      [
        1,
        2
      ],
      [
        2,
        3
      ],
      [
        3,
        4
      ],
      [
        4,
        0
      ],
      [
        3,
        2
      ],
      [
        2,
        1
      ],
      [
        0,
        4
      ]
    ],
    "tree_counts_enum": [
      1,
      3,
      2,
      1,
      2
    ],
    "tree_counts_det": [
      1,
      3,
      2,
      1,
      2
    ],
    "tree_counts_match_det": true,
    "tree_enumeration_truncated": false,
    "max_trees_per_root": null,
    "n_trees_total_enum": 9,
    "rank_M": 8,
    "rank_D": 7,
    "rank_D_anchor": 7,
    "d_rel": 56,
    "effective_rank_D": 4.616812320607335,
    "condition_number_D": 4.605811955365403,
    "effective_rank_D_masked": 36.934498564858686,
    "condition_number_D_masked": 4.605811955365403,
    "singular_values_D_masked": [
      2.489822369714995,
      1.618033988749894,
      1.2878139679893563,
      1.0878526571877025,
      1.0000000000000004,
      0.6180339887498949,
      0.5405827232730487,
      1.0989150839450619e-16,
      2.489822369714995,
      1.618033988749894,
      1.2878139679893563,
      1.0878526571877025,
      1.0000000000000004,
      0.6180339887498949,
      0.5405827232730487,
      1.0989150839450619e-16,
      2.489822369714995,
      1.618033988749894,
      1.2878139679893563,
      1.0878526571877025,
      1.0000000000000004,
      0.6180339887498949,
      0.5405827232730487,
      1.0989150839450619e-16,
      2.489822369714995,
      1.618033988749894,
      1.2878139679893563,
      1.0878526571877025,
      1.0000000000000004,
      0.6180339887498949,
      0.5405827232730487,
      1.0989150839450619e-16,
      2.489822369714995,
      1.618033988749894,
      1.2878139679893563,
      1.0878526571877025,
      1.0000000000000004,
      0.6180339887498949,
      0.5405827232730487,
      1.0989150839450619e-16,
      2.489822369714995,
      1.618033988749894,
      1.2878139679893563,
      1.0878526571877025,
      1.0000000000000004,
      0.6180339887498949,
      0.5405827232730487,
      1.0989150839450619e-16,
      2.489822369714995,
      1.618033988749894,
      1.2878139679893563,
      1.0878526571877025,
      1.0000000000000004,
      0.6180339887498949,
      0.5405827232730487,
      1.0989150839450619e-16,
      2.489822369714995,
      1.618033988749894,
      1.2878139679893563,
      1.0878526571877025,
      1.0000000000000004,
      0.6180339887498949,
      0.5405827232730487,
      1.0989150839450619e-16
    ],
    "singular_values_D": [
      2.489822369714995,
      1.618033988749894,
      1.2878139679893563,
      1.0878526571877025,
      1.0000000000000004,
      0.6180339887498949,
      0.5405827232730487,
      1.0989150839450619e-16
    ],
    "singular_values_D_anchor": [
      3.8509825437135103,
      1.724520538515892,
      1.618033988749895,
      1.2799743019925793,
      1.0878421193071335,
      0.6180339887498947,
      0.6117415058263185,
      4.561635583988865e-17
    ],
    "root_tree_count_cv": 0.41573970964154905,
    "root_tree_count_gini": 0.22222222222222232,
    "edge_participation": [
      0.7777777777777778,
      0.6666666666666666,
      0.5555555555555556,
      0.6666666666666666,
      0.7777777777777778,
      0.2222222222222222,
      0.2222222222222222,
      0.1111111111111111
    ],
    "edge_participation_mean": 0.5,
    "edge_participation_var": 0.06481481481481483,
    "edge_participation_gini": 0.2777777777777777,
    "bottleneck_edge_fraction_095": 0.0,
    "mean_shortest_path": 2.0,
    "comparison_branch_d_rel_values": [
      14,
      14,
      14
    ],
    "comparison_branch_d_rel_min": 14,
    "comparison_branch_d_rel_mean": 14.0,
    "comparison_branch_d_rel_max": 14,
    "comparison_branch_d_rel_gini": 0.0,
    "comparison_branch_common_d_rel_values": [
      14,
      14,
      14
    ],
    "comparison_branch_common_d_rel_min": 14,
    "comparison_branch_common_d_rel_mean": 14.0,
    "comparison_branch_common_d_rel_max": 14,
    "comparison_branch_common_d_rel_gini": 0.0,
    "comparison_branch_input_count_values": [
      16,
      16,
      16
    ],
    "comparison_branch_input_count_min": 16,
    "comparison_branch_input_count_mean": 16.0,
    "comparison_branch_input_count_max": 16,
    "comparison_branch_input_count_gini": 0.0,
    "comparison_branch_input_overlap_values": [
      16,
      16,
      16
    ],
    "comparison_branch_input_overlap_min": 16,
    "comparison_branch_input_overlap_mean": 16.0,
    "comparison_branch_input_overlap_max": 16,
    "comparison_branch_input_overlap_gini": 0.0,
    "in_degree": [
      1,
      2,
      2,
      1,
      2
    ],
    "out_degree": [
      2,
      1,
      2,
      2,
      1
    ],
    "in_degree_cv": 0.30618621784789724,
    "out_degree_cv": 0.30618621784789724
  }
}