{
  "name": "cycle_chords_n5_m8_seed96",
  "family": "cycle_chords",
  "seed": 96,
  "n_nodes": 5,
  "edges": [
    [
      0,
      1
    ],
    [
      1,
      2
    ],
    [
      2,
      3
    ],
    [
      3,
      4
    ],
    [
      4,
      0
    ],
    [
      3,
      2
    ],
    [
      1,
      3
    ],
    [
      0,
      4
    ]
  ],
  "metrics": {
    "n_nodes": 5,
    "n_edges": 8,
    "p": 8,
    "strongly_connected": true,
    "edges": [
      [
        0,
        1
      ],
      [
        1,
        2
      ],
      [
        2,
        3
      ],
      [
        3,
        4
      ],
      [
        4,
        0
      ],
      [
        3,
        2
      ],
      [
        1,
        3
      ],
      [
        0,
        4
      ]
    ],
    "tree_counts_enum": [
      2,
      1,
      3,
      2,
      4
    ],
    "tree_counts_det": [
      2,
      1,
      3,
      2,
      4
    ],
    "tree_counts_match_det": true,
    "tree_enumeration_truncated": false,
    "max_trees_per_root": null,
    "n_trees_total_enum": 12,
    "rank_M": 8,
    "rank_D": 7,
    "rank_D_anchor": 7,
    "d_rel": 56,
    "effective_rank_D": 4.842347370620148,
    "condition_number_D": 4.346173774629911,
    "effective_rank_D_masked": 38.73877896496119,
    "condition_number_D_masked": 4.346173774629911,
    "singular_values_D_masked": [
      2.7064176488275535,
      2.3447041076764616,
      1.5456535206541129,
      1.414213562373094,
      1.1766752377067147,
      0.7185301786048351,
      0.6227127098842276,
      2.0182646113230253e-16,
      2.7064176488275535,
      2.3447041076764616,
      1.5456535206541129,
      1.414213562373094,
      1.1766752377067147,
      0.7185301786048351,
      0.6227127098842276,
      2.0182646113230253e-16,
      2.7064176488275535,
      2.3447041076764616,
      1.5456535206541129,
      1.414213562373094,
      1.1766752377067147,
      0.7185301786048351,
      0.6227127098842276,
      2.0182646113230253e-16,
      2.7064176488275535,
      2.3447041076764616,
      1.5456535206541129,
      1.414213562373094,
      1.1766752377067147,
      0.7185301786048351,
      0.6227127098842276,
      2.0182646113230253e-16,
      2.7064176488275535,
      2.3447041076764616,
      1.5456535206541129,
      1.414213562373094,
      1.1766752377067147,
      0.7185301786048351,
      0.6227127098842276,
      2.0182646113230253e-16,
      2.7064176488275535,
      2.3447041076764616,
      1.5456535206541129,
      1.414213562373094,
      1.1766752377067147,
      0.7185301786048351,
      0.6227127098842276,
      2.0182646113230253e-16,
      2.7064176488275535,
      2.3447041076764616,
      1.5456535206541129,
      1.414213562373094,
      1.1766752377067147,
      0.7185301786048351,
      0.6227127098842276,
      2.0182646113230253e-16,
      2.7064176488275535,
      2.3447041076764616,
      1.5456535206541129,
      1.414213562373094,
      1.1766752377067147,
      0.7185301786048351,
      0.6227127098842276,
      2.0182646113230253e-16
    ],
    "singular_values_D": [
      2.7064176488275535,
      2.3447041076764616,
      1.5456535206541129,
      1.414213562373094,
      1.1766752377067147,
      0.7185301786048351,
      0.6227127098842276,
      2.0182646113230253e-16
    ],
    "singular_values_D_anchor": [
      4.309942797017959,
      2.6598759219319517,
      1.8951074753600792,
      1.5336632468447549,
      1.1769408313305039,
      0.7836217881055716,
      0.6376872597323099,
      1.4100204392630674e-16
    ],
    "root_tree_count_cv": 0.4249182927993988,
    "root_tree_count_gini": 0.2333333333333334,
    "edge_participation": [
      0.6666666666666666,
      0.5,
      0.75,
      0.6666666666666666,
      0.6666666666666666,
      0.16666666666666666,
      0.4166666666666667,
      0.16666666666666666
    ],
    "edge_participation_mean": 0.49999999999999994,
    "edge_participation_var": 0.046874999999999986,
    "edge_participation_gini": 0.234375,
    "bottleneck_edge_fraction_095": 0.0,
    "mean_shortest_path": 1.95,
    "comparison_branch_d_rel_values": [
      14,
      14,
      14
    ],
    "comparison_branch_d_rel_min": 14,
    "comparison_branch_d_rel_mean": 14.0,
    "comparison_branch_d_rel_max": 14,
    "comparison_branch_d_rel_gini": 0.0,
    "comparison_branch_common_d_rel_values": [
      14,
      14,
      14
    ],
    "comparison_branch_common_d_rel_min": 14,
    "comparison_branch_common_d_rel_mean": 14.0,
    "comparison_branch_common_d_rel_max": 14,
    "comparison_branch_common_d_rel_gini": 0.0,
    "comparison_branch_input_count_values": [
      16,
      16,
      16
    ],
    "comparison_branch_input_count_min": 16,
    "comparison_branch_input_count_mean": 16.0,
    "comparison_branch_input_count_max": 16,
    "comparison_branch_input_count_gini": 0.0,
    "comparison_branch_input_overlap_values": [
      16,
      16,
      16
    ],
    "comparison_branch_input_overlap_min": 16,
    "comparison_branch_input_overlap_mean": 16.0,
    "comparison_branch_input_overlap_max": 16,
    "comparison_branch_input_overlap_gini": 0.0,
    "in_degree": [
      1,
      1,
      2,
      2,
      2
    ],
    "out_degree": [
      2,
      2,
      1,
      2,
      1
    ],
    "in_degree_cv": 0.30618621784789724,
    "out_degree_cv": 0.30618621784789724
  }
}