{
  "name": "random_sc_n5_m8_seed7",
  "family": "random_sc",
  "seed": 7,
  "n_nodes": 5,
  "edges": [
    [
      0,
      1
    ],
    [
      1,
      2
    ],
    [
      2,
      3
    ],
    [
      3,
      4
    ],
    [
      4,
      0
    ],
    [
      1,
      4
    ],
    [
      0,
      4
    ],
    [
      2,
      0
    ]
  ],
  "metrics": {
    "n_nodes": 5,
    "n_edges": 8,
    "p": 8,
    "strongly_connected": true,
    "edges": [
      [
        0,
        1
      ],
      [
        1,
        2
      ],
      [
        2,
        3
      ],
      [
        3,
        4
      ],
      [
        4,
        0
      ],
      [
        1,
        4
      ],
      [
        0,
        4
      ],
      [
        2,
        0
      ]
    ],
    "tree_counts_enum": [
      4,
      2,
      1,
      1,
      7
    ],
    "tree_counts_det": [
      4,
      2,
      1,
      1,
      7
    ],
    "tree_counts_match_det": true,
    "tree_enumeration_truncated": false,
    "max_trees_per_root": null,
    "n_trees_total_enum": 15,
    "rank_M": 8,
    "rank_D": 7,
    "rank_D_anchor": 7,
    "d_rel": 56,
    "effective_rank_D": 5.027751511027152,
    "condition_number_D": 4.034540793390809,
    "effective_rank_D_masked": 40.22201208821723,
    "condition_number_D_masked": 4.034540793390809,
    "singular_values_D_masked": [
      2.9077793104644036,
      2.5017601475563493,
      2.3771654943103293,
      1.8122732569501228,
      0.9806490401268059,
      0.9325523207326848,
      0.7207212566118524,
      1.639350117543573e-16,
      2.9077793104644036,
      2.5017601475563493,
      2.3771654943103293,
      1.8122732569501228,
      0.9806490401268059,
      0.9325523207326848,
      0.7207212566118524,
      1.639350117543573e-16,
      2.9077793104644036,
      2.5017601475563493,
      2.3771654943103293,
      1.8122732569501228,
      0.9806490401268059,
      0.9325523207326848,
      0.7207212566118524,
      1.639350117543573e-16,
      2.9077793104644036,
      2.5017601475563493,
      2.3771654943103293,
      1.8122732569501228,
      0.9806490401268059,
      0.9325523207326848,
      0.7207212566118524,
      1.639350117543573e-16,
      2.9077793104644036,
      2.5017601475563493,
      2.3771654943103293,
      1.8122732569501228,
      0.9806490401268059,
      0.9325523207326848,
      0.7207212566118524,
      1.639350117543573e-16,
      2.9077793104644036,
      2.5017601475563493,
      2.3771654943103293,
      1.8122732569501228,
      0.9806490401268059,
      0.9325523207326848,
      0.7207212566118524,
      1.639350117543573e-16,
      2.9077793104644036,
      2.5017601475563493,
      2.3771654943103293,
      1.8122732569501228,
      0.9806490401268059,
      0.9325523207326848,
      0.7207212566118524,
      1.639350117543573e-16,
      2.9077793104644036,
      2.5017601475563493,
      2.3771654943103293,
      1.8122732569501228,
      0.9806490401268059,
      0.9325523207326848,
      0.7207212566118524,
      1.639350117543573e-16
    ],
    "singular_values_D": [
      2.9077793104644036,
      2.5017601475563493,
      2.3771654943103293,
      1.8122732569501228,
      0.9806490401268059,
      0.9325523207326848,
      0.7207212566118524,
      1.639350117543573e-16
    ],
    "singular_values_D_anchor": [
      5.128149384195539,
      2.531858587638409,
      2.4878966507367517,
      2.132724880903603,
      1.0405760269523534,
      0.9624804473010765,
      0.7378778651642177,
      1.876354248507468e-16
    ],
    "root_tree_count_cv": 0.760116950066092,
    "root_tree_count_gini": 0.40000000000000013,
    "edge_participation": [
      0.4666666666666667,
      0.4666666666666667,
      0.5333333333333333,
      0.9333333333333333,
      0.5333333333333333,
      0.4,
      0.26666666666666666,
      0.4
    ],
    "edge_participation_mean": 0.5,
    "edge_participation_var": 0.03333333333333333,
    "edge_participation_gini": 0.1791666666666667,
    "bottleneck_edge_fraction_095": 0.0,
    "mean_shortest_path": 1.95,
    "comparison_branch_d_rel_values": [
      14,
      14,
      14
    ],
    "comparison_branch_d_rel_min": 14,
    "comparison_branch_d_rel_mean": 14.0,
    "comparison_branch_d_rel_max": 14,
    "comparison_branch_d_rel_gini": 0.0,
    "comparison_branch_common_d_rel_values": [
      14,
      14,
      14
    ],
    "comparison_branch_common_d_rel_min": 14,
    "comparison_branch_common_d_rel_mean": 14.0,
    "comparison_branch_common_d_rel_max": 14,
    "comparison_branch_common_d_rel_gini": 0.0,
    "comparison_branch_input_count_values": [
      16,
      16,
      16
    ],
    "comparison_branch_input_count_min": 16,
    "comparison_branch_input_count_mean": 16.0,
    "comparison_branch_input_count_max": 16,
    "comparison_branch_input_count_gini": 0.0,
    "comparison_branch_input_overlap_values": [
      16,
      16,
      16
    ],
    "comparison_branch_input_overlap_min": 16,
    "comparison_branch_input_overlap_mean": 16.0,
    "comparison_branch_input_overlap_max": 16,
    "comparison_branch_input_overlap_gini": 0.0,
    "in_degree": [
      2,
      1,
      1,
      1,
      3
    ],
    "out_degree": [
      2,
      2,
      2,
      1,
      1
    ],
    "in_degree_cv": 0.5,
    "out_degree_cv": 0.30618621784789724
  }
}