{
  "name": "cycle_chords_n5_m8_seed92",
  "family": "cycle_chords",
  "seed": 92,
  "n_nodes": 5,
  "edges": [
    [
      0,
      1
    ],
    [
      1,
      2
    ],
    [
      2,
      3
    ],
    [
      3,
      4
    ],
    [
      4,
      0
    ],
    [
      0,
      4
    ],
    [
      1,
      4
    ],
    [
      0,
      2
    ]
  ],
  "metrics": {
    "n_nodes": 5,
    "n_edges": 8,
    "p": 8,
    "strongly_connected": true,
    "edges": [
      [
        0,
        1
      ],
      [
        1,
        2
      ],
      [
        2,
        3
      ],
      [
        3,
        4
      ],
      [
        4,
        0
      ],
      [
        0,
        4
      ],
      [
        1,
        4
      ],
      [
        0,
        2
      ]
    ],
    "tree_counts_enum": [
      2,
      1,
      3,
      3,
      6
    ],
    "tree_counts_det": [
      2,
      1,
      3,
      3,
      6
    ],
    "tree_counts_match_det": true,
    "tree_enumeration_truncated": false,
    "max_trees_per_root": null,
    "n_trees_total_enum": 15,
    "rank_M": 8,
    "rank_D": 7,
    "rank_D_anchor": 7,
    "d_rel": 56,
    "effective_rank_D": 5.395118665429964,
    "condition_number_D": 4.011785403174264,
    "effective_rank_D_masked": 43.16094932343967,
    "condition_number_D_masked": 4.011785403174264,
    "singular_values_D_masked": [
      2.7483237464859482,
      2.4725585588380876,
      2.059867303426221,
      1.7320508075688774,
      1.4142135623730954,
      1.0103498493135332,
      0.6850625021745627,
      2.804632581376322e-16,
      2.7483237464859482,
      2.4725585588380876,
      2.059867303426221,
      1.7320508075688774,
      1.4142135623730954,
      1.0103498493135332,
      0.6850625021745627,
      2.804632581376322e-16,
      2.7483237464859482,
      2.4725585588380876,
      2.059867303426221,
      1.7320508075688774,
      1.4142135623730954,
      1.0103498493135332,
      0.6850625021745627,
      2.804632581376322e-16,
      2.7483237464859482,
      2.4725585588380876,
      2.059867303426221,
      1.7320508075688774,
      1.4142135623730954,
      1.0103498493135332,
      0.6850625021745627,
      2.804632581376322e-16,
      2.7483237464859482,
      2.4725585588380876,
      2.059867303426221,
      1.7320508075688774,
      1.4142135623730954,
      1.0103498493135332,
      0.6850625021745627,
      2.804632581376322e-16,
      2.7483237464859482,
      2.4725585588380876,
      2.059867303426221,
      1.7320508075688774,
      1.4142135623730954,
      1.0103498493135332,
      0.6850625021745627,
      2.804632581376322e-16,
      2.7483237464859482,
      2.4725585588380876,
      2.059867303426221,
      1.7320508075688774,
      1.4142135623730954,
      1.0103498493135332,
      0.6850625021745627,
      2.804632581376322e-16,
      2.7483237464859482,
      2.4725585588380876,
      2.059867303426221,
      1.7320508075688774,
      1.4142135623730954,
      1.0103498493135332,
      0.6850625021745627,
      2.804632581376322e-16
    ],
    "singular_values_D": [
      2.7483237464859482,
      2.4725585588380876,
      2.059867303426221,
      1.7320508075688774,
      1.4142135623730954,
      1.0103498493135332,
      0.6850625021745627,
      2.804632581376322e-16
    ],
    "singular_values_D_anchor": [
      4.24802384736207,
      2.477161944310356,
      2.195545068857655,
      2.0000000000000004,
      1.7320508075688779,
      1.217240416423429,
      0.7182407069665798,
      2.1979364836372714e-16
    ],
    "root_tree_count_cv": 0.5577733510227171,
    "root_tree_count_gini": 0.29333333333333345,
    "edge_participation": [
      0.3333333333333333,
      0.5333333333333333,
      0.8,
      0.8,
      0.6,
      0.13333333333333333,
      0.4,
      0.4
    ],
    "edge_participation_mean": 0.5,
    "edge_participation_var": 0.046666666666666676,
    "edge_participation_gini": 0.2416666666666667,
    "bottleneck_edge_fraction_095": 0.0,
    "mean_shortest_path": 1.9,
    "comparison_branch_d_rel_values": [
      14,
      14,
      14
    ],
    "comparison_branch_d_rel_min": 14,
    "comparison_branch_d_rel_mean": 14.0,
    "comparison_branch_d_rel_max": 14,
    "comparison_branch_d_rel_gini": 0.0,
    "comparison_branch_common_d_rel_values": [
      14,
      14,
      14
    ],
    "comparison_branch_common_d_rel_min": 14,
    "comparison_branch_common_d_rel_mean": 14.0,
    "comparison_branch_common_d_rel_max": 14,
    "comparison_branch_common_d_rel_gini": 0.0,
    "comparison_branch_input_count_values": [
      16,
      16,
      16
    ],
    "comparison_branch_input_count_min": 16,
    "comparison_branch_input_count_mean": 16.0,
    "comparison_branch_input_count_max": 16,
    "comparison_branch_input_count_gini": 0.0,
    "comparison_branch_input_overlap_values": [
      16,
      16,
      16
    ],
    "comparison_branch_input_overlap_min": 16,
    "comparison_branch_input_overlap_mean": 16.0,
    "comparison_branch_input_overlap_max": 16,
    "comparison_branch_input_overlap_gini": 0.0,
    "in_degree": [
      1,
      1,
      2,
      1,
      3
    ],
    "out_degree": [
      3,
      2,
      1,
      1,
      1
    ],
    "in_degree_cv": 0.5,
    "out_degree_cv": 0.5
  }
}