{
  "name": "random_sc_n5_m8_seed12",
  "family": "random_sc",
  "seed": 12,
  "n_nodes": 5,
  "edges": [
    [
      0,
      1
    ],
    [
      1,
      2
    ],
    [
      2,
      3
    ],
    [
      3,
      4
    ],
    [
      4,
      0
    ],
    [
      2,
      1
    ],
    [
      1,
      3
    ],
    [
      3,
      1
    ]
  ],
  "metrics": {
    "n_nodes": 5,
    "n_edges": 8,
    "p": 8,
    "strongly_connected": true,
    "edges": [
      [
        0,
        1
      ],
      [
        1,
        2
      ],
      [
        2,
        3
      ],
      [
        3,
        4
      ],
      [
        4,
        0
      ],
      [
        2,
        1
      ],
      [
        1,
        3
      ],
      [
        3,
        1
      ]
    ],
    "tree_counts_enum": [
      3,
      4,
      2,
      3,
      3
    ],
    "tree_counts_det": [
      3,
      4,
      2,
      3,
      3
    ],
    "tree_counts_match_det": true,
    "tree_enumeration_truncated": false,
    "max_trees_per_root": null,
    "n_trees_total_enum": 15,
    "rank_M": 8,
    "rank_D": 7,
    "rank_D_anchor": 7,
    "d_rel": 56,
    "effective_rank_D": 5.454452358135257,
    "condition_number_D": 3.3474467636163143,
    "effective_rank_D_masked": 43.63561886508206,
    "condition_number_D_masked": 3.3474467636163143,
    "singular_values_D_masked": [
      2.754618033392427,
      2.575842595221538,
      1.983733182907432,
      1.7320508075688776,
      1.3067698684049667,
      1.121206119826159,
      0.8229012223084788,
      2.1142459770476579e-16,
      2.754618033392427,
      2.575842595221538,
      1.983733182907432,
      1.7320508075688776,
      1.3067698684049667,
      1.121206119826159,
      0.8229012223084788,
      2.1142459770476579e-16,
      2.754618033392427,
      2.575842595221538,
      1.983733182907432,
      1.7320508075688776,
      1.3067698684049667,
      1.121206119826159,
      0.8229012223084788,
      2.1142459770476579e-16,
      2.754618033392427,
      2.575842595221538,
      1.983733182907432,
      1.7320508075688776,
      1.3067698684049667,
      1.121206119826159,
      0.8229012223084788,
      2.1142459770476579e-16,
      2.754618033392427,
      2.575842595221538,
      1.983733182907432,
      1.7320508075688776,
      1.3067698684049667,
      1.121206119826159,
      0.8229012223084788,
      2.1142459770476579e-16,
      2.754618033392427,
      2.575842595221538,
      1.983733182907432,
      1.7320508075688776,
      1.3067698684049667,
      1.121206119826159,
      0.8229012223084788,
      2.1142459770476579e-16,
      2.754618033392427,
      2.575842595221538,
      1.983733182907432,
      1.7320508075688776,
      1.3067698684049667,
      1.121206119826159,
      0.8229012223084788,
      2.1142459770476579e-16,
      2.754618033392427,
      2.575842595221538,
      1.983733182907432,
      1.7320508075688776,
      1.3067698684049667,
      1.121206119826159,
      0.8229012223084788,
      2.1142459770476579e-16
    ],
    "singular_values_D": [
      2.754618033392427,
      2.575842595221538,
      1.983733182907432,
      1.7320508075688776,
      1.3067698684049667,
      1.121206119826159,
      0.8229012223084788,
      2.1142459770476579e-16
    ],
    "singular_values_D_anchor": [
      5.717289671051534,
      2.658306955806892,
      2.203697839283598,
      1.8891975276956408,
      1.3074156106495085,
      1.142493572576038,
      0.8977885820915877,
      3.5991206167394e-16
    ],
    "root_tree_count_cv": 0.21081851067789195,
    "root_tree_count_gini": 0.10666666666666669,
    "edge_participation": [
      0.8,
      0.3333333333333333,
      0.5333333333333333,
      0.6,
      0.8,
      0.3333333333333333,
      0.4,
      0.2
    ],
    "edge_participation_mean": 0.5,
    "edge_participation_var": 0.043333333333333335,
    "edge_participation_gini": 0.2333333333333334,
    "bottleneck_edge_fraction_095": 0.0,
    "mean_shortest_path": 1.85,
    "comparison_branch_d_rel_values": [
      14,
      14,
      14
    ],
    "comparison_branch_d_rel_min": 14,
    "comparison_branch_d_rel_mean": 14.0,
    "comparison_branch_d_rel_max": 14,
    "comparison_branch_d_rel_gini": 0.0,
    "comparison_branch_common_d_rel_values": [
      14,
      14,
      14
    ],
    "comparison_branch_common_d_rel_min": 14,
    "comparison_branch_common_d_rel_mean": 14.0,
    "comparison_branch_common_d_rel_max": 14,
    "comparison_branch_common_d_rel_gini": 0.0,
    "comparison_branch_input_count_values": [
      16,
      16,
      16
    ],
    "comparison_branch_input_count_min": 16,
    "comparison_branch_input_count_mean": 16.0,
    "comparison_branch_input_count_max": 16,
    "comparison_branch_input_count_gini": 0.0,
    "comparison_branch_input_overlap_values": [
      16,
      16,
      16
    ],
    "comparison_branch_input_overlap_min": 16,
    "comparison_branch_input_overlap_mean": 16.0,
    "comparison_branch_input_overlap_max": 16,
    "comparison_branch_input_overlap_gini": 0.0,
    "in_degree": [
      1,
      3,
      1,
      2,
      1
    ],
    "out_degree": [
      1,
      2,
      2,
      2,
      1
    ],
    "in_degree_cv": 0.5,
    "out_degree_cv": 0.30618621784789724
  }
}