{
  "name": "random_sc_n5_m8_seed18",
  "family": "random_sc",
  "seed": 18,
  "n_nodes": 5,
  "edges": [
    [
      0,
      1
    ],
    [
      1,
      2
    ],
    [
      2,
      3
    ],
    [
      3,
      4
    ],
    [
      4,
      0
    ],
    [
      0,
      4
    ],
    [
      0,
      3
    ],
    [
      3,
      1
    ]
  ],
  "metrics": {
    "n_nodes": 5,
    "n_edges": 8,
    "p": 8,
    "strongly_connected": true,
    "edges": [
      [
        0,
        1
      ],
      [
        1,
        2
      ],
      [
        2,
        3
      ],
      [
        3,
        4
      ],
      [
        4,
        0
      ],
      [
        0,
        4
      ],
      [
        0,
        3
      ],
      [
        3,
        1
      ]
    ],
    "tree_counts_enum": [
      1,
      3,
      3,
      2,
      3
    ],
    "tree_counts_det": [
      1,
      3,
      3,
      2,
      3
    ],
    "tree_counts_match_det": true,
    "tree_enumeration_truncated": false,
    "max_trees_per_root": null,
    "n_trees_total_enum": 12,
    "rank_M": 8,
    "rank_D": 7,
    "rank_D_anchor": 7,
    "d_rel": 56,
    "effective_rank_D": 5.040985620407776,
    "condition_number_D": 4.588639462126313,
    "effective_rank_D_masked": 40.3278849632622,
    "condition_number_D_masked": 4.588639462126313,
    "singular_values_D_masked": [
      2.6118319403275883,
      2.2534740659673473,
      1.7320508075688772,
      1.244741558499502,
      1.107620752371278,
      0.9999999999999996,
      0.5691952836750659,
      2.728556963052811e-16,
      2.6118319403275883,
      2.2534740659673473,
      1.7320508075688772,
      1.244741558499502,
      1.107620752371278,
      0.9999999999999996,
      0.5691952836750659,
      2.728556963052811e-16,
      2.6118319403275883,
      2.2534740659673473,
      1.7320508075688772,
      1.244741558499502,
      1.107620752371278,
      0.9999999999999996,
      0.5691952836750659,
      2.728556963052811e-16,
      2.6118319403275883,
      2.2534740659673473,
      1.7320508075688772,
      1.244741558499502,
      1.107620752371278,
      0.9999999999999996,
      0.5691952836750659,
      2.728556963052811e-16,
      2.6118319403275883,
      2.2534740659673473,
      1.7320508075688772,
      1.244741558499502,
      1.107620752371278,
      0.9999999999999996,
      0.5691952836750659,
      2.728556963052811e-16,
      2.6118319403275883,
      2.2534740659673473,
      1.7320508075688772,
      1.244741558499502,
      1.107620752371278,
      0.9999999999999996,
      0.5691952836750659,
      2.728556963052811e-16,
      2.6118319403275883,
      2.2534740659673473,
      1.7320508075688772,
      1.244741558499502,
      1.107620752371278,
      0.9999999999999996,
      0.5691952836750659,
      2.728556963052811e-16,
      2.6118319403275883,
      2.2534740659673473,
      1.7320508075688772,
      1.244741558499502,
      1.107620752371278,
      0.9999999999999996,
      0.5691952836750659,
      2.728556963052811e-16
    ],
    "singular_values_D": [
      2.6118319403275883,
      2.2534740659673473,
      1.7320508075688772,
      1.244741558499502,
      1.107620752371278,
      0.9999999999999996,
      0.5691952836750659,
      2.728556963052811e-16
    ],
    "singular_values_D_anchor": [
      3.846917316650923,
      2.2893641635080644,
      1.9645811447036112,
      1.7320508075688772,
      1.1832204499000527,
      1.0885683484336661,
      0.717961091771734,
      2.393496682585609e-16
    ],
    "root_tree_count_cv": 0.33333333333333337,
    "root_tree_count_gini": 0.16666666666666674,
    "edge_participation": [
      0.5,
      0.75,
      0.75,
      0.5,
      0.75,
      0.08333333333333333,
      0.3333333333333333,
      0.3333333333333333
    ],
    "edge_participation_mean": 0.5,
    "edge_participation_var": 0.052083333333333336,
    "edge_participation_gini": 0.25,
    "bottleneck_edge_fraction_095": 0.0,
    "mean_shortest_path": 1.85,
    "comparison_branch_d_rel_values": [
      14,
      14,
      14
    ],
    "comparison_branch_d_rel_min": 14,
    "comparison_branch_d_rel_mean": 14.0,
    "comparison_branch_d_rel_max": 14,
    "comparison_branch_d_rel_gini": 0.0,
    "comparison_branch_common_d_rel_values": [
      14,
      14,
      14
    ],
    "comparison_branch_common_d_rel_min": 14,
    "comparison_branch_common_d_rel_mean": 14.0,
    "comparison_branch_common_d_rel_max": 14,
    "comparison_branch_common_d_rel_gini": 0.0,
    "comparison_branch_input_count_values": [
      16,
      16,
      16
    ],
    "comparison_branch_input_count_min": 16,
    "comparison_branch_input_count_mean": 16.0,
    "comparison_branch_input_count_max": 16,
    "comparison_branch_input_count_gini": 0.0,
    "comparison_branch_input_overlap_values": [
      16,
      16,
      16
    ],
    "comparison_branch_input_overlap_min": 16,
    "comparison_branch_input_overlap_mean": 16.0,
    "comparison_branch_input_overlap_max": 16,
    "comparison_branch_input_overlap_gini": 0.0,
    "in_degree": [
      1,
      2,
      1,
      2,
      2
    ],
    "out_degree": [
      3,
      1,
      1,
      2,
      1
    ],
    "in_degree_cv": 0.30618621784789724,
    "out_degree_cv": 0.5
  }
}