{
  "name": "random_sc_n5_m8_seed15",
  "family": "random_sc",
  "seed": 15,
  "n_nodes": 5,
  "edges": [
    [
      0,
      1
    ],
    [
      1,
      2
    ],
    [
      2,
      3
    ],
    [
      3,
      4
    ],
    [
      4,
      0
    ],
    [
      1,
      0
    ],
    [
      0,
      2
    ],
    [
      2,
      4
    ]
  ],
  "metrics": {
    "n_nodes": 5,
    "n_edges": 8,
    "p": 8,
    "strongly_connected": true,
    "edges": [
      [
        0,
        1
      ],
      [
        1,
        2
      ],
      [
        2,
        3
      ],
      [
        3,
        4
      ],
      [
        4,
        0
      ],
      [
        1,
        0
      ],
      [
        0,
        2
      ],
      [
        2,
        4
      ]
    ],
    "tree_counts_enum": [
      4,
      2,
      3,
      3,
      6
    ],
    "tree_counts_det": [
      4,
      2,
      3,
      3,
      6
    ],
    "tree_counts_match_det": true,
    "tree_enumeration_truncated": false,
    "max_trees_per_root": null,
    "n_trees_total_enum": 18,
    "rank_M": 8,
    "rank_D": 7,
    "rank_D_anchor": 7,
    "d_rel": 56,
    "effective_rank_D": 5.452215160620928,
    "condition_number_D": 3.500469801630674,
    "effective_rank_D_masked": 43.61772128496742,
    "condition_number_D_masked": 3.500469801630674,
    "singular_values_D_masked": [
      3.0876295379294154,
      2.849922524629516,
      2.4494897427831788,
      1.937005101860937,
      1.423991389617185,
      1.2944503274764751,
      0.882061469717882,
      4.486279164952577e-16,
      3.0876295379294154,
      2.849922524629516,
      2.4494897427831788,
      1.937005101860937,
      1.423991389617185,
      1.2944503274764751,
      0.882061469717882,
      4.486279164952577e-16,
      3.0876295379294154,
      2.849922524629516,
      2.4494897427831788,
      1.937005101860937,
      1.423991389617185,
      1.2944503274764751,
      0.882061469717882,
      4.486279164952577e-16,
      3.0876295379294154,
      2.849922524629516,
      2.4494897427831788,
      1.937005101860937,
      1.423991389617185,
      1.2944503274764751,
      0.882061469717882,
      4.486279164952577e-16,
      3.0876295379294154,
      2.849922524629516,
      2.4494897427831788,
      1.937005101860937,
      1.423991389617185,
      1.2944503274764751,
      0.882061469717882,
      4.486279164952577e-16,
      3.0876295379294154,
      2.849922524629516,
      2.4494897427831788,
      1.937005101860937,
      1.423991389617185,
      1.2944503274764751,
      0.882061469717882,
      4.486279164952577e-16,
      3.0876295379294154,
      2.849922524629516,
      2.4494897427831788,
      1.937005101860937,
      1.423991389617185,
      1.2944503274764751,
      0.882061469717882,
      4.486279164952577e-16,
      3.0876295379294154,
      2.849922524629516,
      2.4494897427831788,
      1.937005101860937,
      1.423991389617185,
      1.2944503274764751,
      0.882061469717882,
      4.486279164952577e-16
    ],
    "singular_values_D": [
      3.0876295379294154,
      2.849922524629516,
      2.4494897427831788,
      1.937005101860937,
      1.423991389617185,
      1.2944503274764751,
      0.882061469717882,
      4.486279164952577e-16
    ],
    "singular_values_D_anchor": [
      5.079981208556483,
      3.0109336653694103,
      2.4494897427831783,
      2.2605659062599606,
      1.8610299999380482,
      1.3294336374452433,
      0.8871779471295079,
      5.273050267209347e-16
    ],
    "root_tree_count_cv": 0.3767961101736261,
    "root_tree_count_gini": 0.19999999999999996,
    "edge_participation": [
      0.3333333333333333,
      0.5555555555555556,
      0.5,
      0.8333333333333334,
      0.6666666666666666,
      0.3333333333333333,
      0.4444444444444444,
      0.3333333333333333
    ],
    "edge_participation_mean": 0.5,
    "edge_participation_var": 0.028549382716049385,
    "edge_participation_gini": 0.1840277777777779,
    "bottleneck_edge_fraction_095": 0.0,
    "mean_shortest_path": 1.8,
    "comparison_branch_d_rel_values": [
      14,
      14,
      14
    ],
    "comparison_branch_d_rel_min": 14,
    "comparison_branch_d_rel_mean": 14.0,
    "comparison_branch_d_rel_max": 14,
    "comparison_branch_d_rel_gini": 0.0,
    "comparison_branch_common_d_rel_values": [
      14,
      14,
      14
    ],
    "comparison_branch_common_d_rel_min": 14,
    "comparison_branch_common_d_rel_mean": 14.0,
    "comparison_branch_common_d_rel_max": 14,
    "comparison_branch_common_d_rel_gini": 0.0,
    "comparison_branch_input_count_values": [
      16,
      16,
      16
    ],
    "comparison_branch_input_count_min": 16,
    "comparison_branch_input_count_mean": 16.0,
    "comparison_branch_input_count_max": 16,
    "comparison_branch_input_count_gini": 0.0,
    "comparison_branch_input_overlap_values": [
      16,
      16,
      16
    ],
    "comparison_branch_input_overlap_min": 16,
    "comparison_branch_input_overlap_mean": 16.0,
    "comparison_branch_input_overlap_max": 16,
    "comparison_branch_input_overlap_gini": 0.0,
    "in_degree": [
      2,
      1,
      2,
      1,
      2
    ],
    "out_degree": [
      2,
      2,
      2,
      1,
      1
    ],
    "in_degree_cv": 0.30618621784789724,
    "out_degree_cv": 0.30618621784789724
  }
}