{
  "name": "random_sc_n5_m8_seed14",
  "family": "random_sc",
  "seed": 14,
  "n_nodes": 5,
  "edges": [
    [
      0,
      1
    ],
    [
      1,
      2
    ],
    [
      2,
      3
    ],
    [
      3,
      4
    ],
    [
      4,
      0
    ],
    [
      0,
      3
    ],
    [
      3,
      0
    ],
    [
      3,
      2
    ]
  ],
  "metrics": {
    "n_nodes": 5,
    "n_edges": 8,
    "p": 8,
    "strongly_connected": true,
    "edges": [
      [
        0,
        1
      ],
      [
        1,
        2
      ],
      [
        2,
        3
      ],
      [
        3,
        4
      ],
      [
        4,
        0
      ],
      [
        0,
        3
      ],
      [
        3,
        0
      ],
      [
        3,
        2
      ]
    ],
    "tree_counts_enum": [
      2,
      2,
      4,
      2,
      2
    ],
    "tree_counts_det": [
      2,
      2,
      4,
      2,
      2
    ],
    "tree_counts_match_det": true,
    "tree_enumeration_truncated": false,
    "max_trees_per_root": null,
    "n_trees_total_enum": 12,
    "rank_M": 8,
    "rank_D": 7,
    "rank_D_anchor": 7,
    "d_rel": 56,
    "effective_rank_D": 5.428099293051327,
    "condition_number_D": 2.9890261891830434,
    "effective_rank_D_masked": 43.424794344410586,
    "condition_number_D_masked": 2.9890261891830434,
    "singular_values_D_masked": [
      2.3043411974583954,
      2.2240717990236423,
      1.860215730336654,
      1.2321949575411117,
      1.0818828217827103,
      0.9999999999999998,
      0.7709337595627473,
      1.7796505353327056e-16,
      2.3043411974583954,
      2.2240717990236423,
      1.860215730336654,
      1.2321949575411117,
      1.0818828217827103,
      0.9999999999999998,
      0.7709337595627473,
      1.7796505353327056e-16,
      2.3043411974583954,
      2.2240717990236423,
      1.860215730336654,
      1.2321949575411117,
      1.0818828217827103,
      0.9999999999999998,
      0.7709337595627473,
      1.7796505353327056e-16,
      2.3043411974583954,
      2.2240717990236423,
      1.860215730336654,
      1.2321949575411117,
      1.0818828217827103,
      0.9999999999999998,
      0.7709337595627473,
      1.7796505353327056e-16,
      2.3043411974583954,
      2.2240717990236423,
      1.860215730336654,
      1.2321949575411117,
      1.0818828217827103,
      0.9999999999999998,
      0.7709337595627473,
      1.7796505353327056e-16,
      2.3043411974583954,
      2.2240717990236423,
      1.860215730336654,
      1.2321949575411117,
      1.0818828217827103,
      0.9999999999999998,
      0.7709337595627473,
      1.7796505353327056e-16,
      2.3043411974583954,
      2.2240717990236423,
      1.860215730336654,
      1.2321949575411117,
      1.0818828217827103,
      0.9999999999999998,
      0.7709337595627473,
      1.7796505353327056e-16,
      2.3043411974583954,
      2.2240717990236423,
      1.860215730336654,
      1.2321949575411117,
      1.0818828217827103,
      0.9999999999999998,
      0.7709337595627473,
      1.7796505353327056e-16
    ],
    "singular_values_D": [
      2.3043411974583954,
      2.2240717990236423,
      1.860215730336654,
      1.2321949575411117,
      1.0818828217827103,
      0.9999999999999998,
      0.7709337595627473,
      1.7796505353327056e-16
    ],
    "singular_values_D_anchor": [
      3.9200971483061062,
      2.2351279270804594,
      1.8692608240683246,
      1.7320508075688774,
      1.2294457534732566,
      1.0,
      0.7945870677888721,
      1.4572445602916006e-16
    ],
    "root_tree_count_cv": 0.33333333333333337,
    "root_tree_count_gini": 0.1333333333333333,
    "edge_participation": [
      0.5833333333333334,
      0.8333333333333334,
      0.6666666666666666,
      0.4166666666666667,
      0.8333333333333334,
      0.25,
      0.25,
      0.16666666666666666
    ],
    "edge_participation_mean": 0.5,
    "edge_participation_var": 0.0625,
    "edge_participation_gini": 0.28125,
    "bottleneck_edge_fraction_095": 0.0,
    "mean_shortest_path": 1.8,
    "comparison_branch_d_rel_values": [
      14,
      14,
      14
    ],
    "comparison_branch_d_rel_min": 14,
    "comparison_branch_d_rel_mean": 14.0,
    "comparison_branch_d_rel_max": 14,
    "comparison_branch_d_rel_gini": 0.0,
    "comparison_branch_common_d_rel_values": [
      14,
      14,
      14
    ],
    "comparison_branch_common_d_rel_min": 14,
    "comparison_branch_common_d_rel_mean": 14.0,
    "comparison_branch_common_d_rel_max": 14,
    "comparison_branch_common_d_rel_gini": 0.0,
    "comparison_branch_input_count_values": [
      16,
      16,
      16
    ],
    "comparison_branch_input_count_min": 16,
    "comparison_branch_input_count_mean": 16.0,
    "comparison_branch_input_count_max": 16,
    "comparison_branch_input_count_gini": 0.0,
    "comparison_branch_input_overlap_values": [
      16,
      16,
      16
    ],
    "comparison_branch_input_overlap_min": 16,
    "comparison_branch_input_overlap_mean": 16.0,
    "comparison_branch_input_overlap_max": 16,
    "comparison_branch_input_overlap_gini": 0.0,
    "in_degree": [
      2,
      1,
      2,
      2,
      1
    ],
    "out_degree": [
      2,
      1,
      1,
      3,
      1
    ],
    "in_degree_cv": 0.30618621784789724,
    "out_degree_cv": 0.5
  }
}