{
  "name": "random_sc_n5_m8_seed23",
  "family": "random_sc",
  "seed": 23,
  "n_nodes": 5,
  "edges": [
    [
      0,
      1
    ],
    [
      1,
      2
    ],
    [
      2,
      3
    ],
    [
      3,
      4
    ],
    [
      4,
      0
    ],
    [
      4,
      3
    ],
    [
      4,
      1
    ],
    [
      1,
      3
    ]
  ],
  "metrics": {
    "n_nodes": 5,
    "n_edges": 8,
    "p": 8,
    "strongly_connected": true,
    "edges": [
      [
        0,
        1
      ],
      [
        1,
        2
      ],
      [
        2,
        3
      ],
      [
        3,
        4
      ],
      [
        4,
        0
      ],
      [
        4,
        3
      ],
      [
        4,
        1
      ],
      [
        1,
        3
      ]
    ],
    "tree_counts_enum": [
      2,
      2,
      2,
      6,
      2
    ],
    "tree_counts_det": [
      2,
      2,
      2,
      6,
      2
    ],
    "tree_counts_match_det": true,
    "tree_enumeration_truncated": false,
    "max_trees_per_root": null,
    "n_trees_total_enum": 14,
    "rank_M": 8,
    "rank_D": 7,
    "rank_D_anchor": 7,
    "d_rel": 56,
    "effective_rank_D": 5.472055194288676,
    "condition_number_D": 3.0838997917696434,
    "effective_rank_D_masked": 43.77644155430941,
    "condition_number_D_masked": 3.0838997917696434,
    "singular_values_D_masked": [
      2.5623116443597245,
      2.4063165439982646,
      1.9507226449532782,
      1.4142135623730951,
      1.2231987866605587,
      1.10623398878567,
      0.8308673489320435,
      2.321438398273119e-16,
      2.5623116443597245,
      2.4063165439982646,
      1.9507226449532782,
      1.4142135623730951,
      1.2231987866605587,
      1.10623398878567,
      0.8308673489320435,
      2.321438398273119e-16,
      2.5623116443597245,
      2.4063165439982646,
      1.9507226449532782,
      1.4142135623730951,
      1.2231987866605587,
      1.10623398878567,
      0.8308673489320435,
      2.321438398273119e-16,
      2.5623116443597245,
      2.4063165439982646,
      1.9507226449532782,
      1.4142135623730951,
      1.2231987866605587,
      1.10623398878567,
      0.8308673489320435,
      2.321438398273119e-16,
      2.5623116443597245,
      2.4063165439982646,
      1.9507226449532782,
      1.4142135623730951,
      1.2231987866605587,
      1.10623398878567,
      0.8308673489320435,
      2.321438398273119e-16,
      2.5623116443597245,
      2.4063165439982646,
      1.9507226449532782,
      1.4142135623730951,
      1.2231987866605587,
      1.10623398878567,
      0.8308673489320435,
      2.321438398273119e-16,
      2.5623116443597245,
      2.4063165439982646,
      1.9507226449532782,
      1.4142135623730951,
      1.2231987866605587,
      1.10623398878567,
      0.8308673489320435,
      2.321438398273119e-16,
      2.5623116443597245,
      2.4063165439982646,
      1.9507226449532782,
      1.4142135623730951,
      1.2231987866605587,
      1.10623398878567,
      0.8308673489320435,
      2.321438398273119e-16
    ],
    "singular_values_D": [
      2.5623116443597245,
      2.4063165439982646,
      1.9507226449532782,
      1.4142135623730951,
      1.2231987866605587,
      1.10623398878567,
      0.8308673489320435,
      2.321438398273119e-16
    ],
    "singular_values_D_anchor": [
      5.431683025104189,
      2.4889663101769304,
      1.9688632946689444,
      1.569602354294721,
      1.4142135623730954,
      1.1258584432920877,
      0.8332075153075578,
      5.8671939655012835e-16
    ],
    "root_tree_count_cv": 0.5714285714285715,
    "root_tree_count_gini": 0.22857142857142865,
    "edge_participation": [
      0.8571428571428571,
      0.5,
      0.8571428571428571,
      0.5714285714285714,
      0.42857142857142855,
      0.14285714285714285,
      0.2857142857142857,
      0.35714285714285715
    ],
    "edge_participation_mean": 0.5,
    "edge_participation_var": 0.057397959183673464,
    "edge_participation_gini": 0.2678571428571428,
    "bottleneck_edge_fraction_095": 0.0,
    "mean_shortest_path": 1.85,
    "comparison_branch_d_rel_values": [
      14,
      14,
      14
    ],
    "comparison_branch_d_rel_min": 14,
    "comparison_branch_d_rel_mean": 14.0,
    "comparison_branch_d_rel_max": 14,
    "comparison_branch_d_rel_gini": 0.0,
    "comparison_branch_common_d_rel_values": [
      14,
      14,
      14
    ],
    "comparison_branch_common_d_rel_min": 14,
    "comparison_branch_common_d_rel_mean": 14.0,
    "comparison_branch_common_d_rel_max": 14,
    "comparison_branch_common_d_rel_gini": 0.0,
    "comparison_branch_input_count_values": [
      16,
      16,
      16
    ],
    "comparison_branch_input_count_min": 16,
    "comparison_branch_input_count_mean": 16.0,
    "comparison_branch_input_count_max": 16,
    "comparison_branch_input_count_gini": 0.0,
    "comparison_branch_input_overlap_values": [
      16,
      16,
      16
    ],
    "comparison_branch_input_overlap_min": 16,
    "comparison_branch_input_overlap_mean": 16.0,
    "comparison_branch_input_overlap_max": 16,
    "comparison_branch_input_overlap_gini": 0.0,
    "in_degree": [
      1,
      2,
      1,
      3,
      1
    ],
    "out_degree": [
      1,
      2,
      1,
      1,
      3
    ],
    "in_degree_cv": 0.5,
    "out_degree_cv": 0.5
  }
}