{
  "name": "random_sc_n5_m8_seed26",
  "family": "random_sc",
  "seed": 26,
  "n_nodes": 5,
  "edges": [
    [
      0,
      1
    ],
    [
      1,
      2
    ],
    [
      2,
      3
    ],
    [
      3,
      4
    ],
    [
      4,
      0
    ],
    [
      3,
      2
    ],
    [
      1,
      0
    ],
    [
      3,
      1
    ]
  ],
  "metrics": {
    "n_nodes": 5,
    "n_edges": 8,
    "p": 8,
    "strongly_connected": true,
    "edges": [
      [
        0,
        1
      ],
      [
        1,
        2
      ],
      [
        2,
        3
      ],
      [
        3,
        4
      ],
      [
        4,
        0
      ],
      [
        3,
        2
      ],
      [
        1,
        0
      ],
      [
        3,
        1
      ]
    ],
    "tree_counts_enum": [
      3,
      2,
      3,
      1,
      1
    ],
    "tree_counts_det": [
      3,
      2,
      3,
      1,
      1
    ],
    "tree_counts_match_det": true,
    "tree_enumeration_truncated": false,
    "max_trees_per_root": null,
    "n_trees_total_enum": 10,
    "rank_M": 8,
    "rank_D": 7,
    "rank_D_anchor": 7,
    "d_rel": 56,
    "effective_rank_D": 4.910555217309835,
    "condition_number_D": 4.302603456669932,
    "effective_rank_D_masked": 39.2844417384787,
    "condition_number_D_masked": 4.302603456669932,
    "singular_values_D_masked": [
      2.336347624372794,
      2.0463474067022,
      1.3546601612653053,
      1.0712909228039955,
      0.9999999999999998,
      0.8223844033068437,
      0.543007889967403,
      1.4805780607325582e-16,
      2.336347624372794,
      2.0463474067022,
      1.3546601612653053,
      1.0712909228039955,
      0.9999999999999998,
      0.8223844033068437,
      0.543007889967403,
      1.4805780607325582e-16,
      2.336347624372794,
      2.0463474067022,
      1.3546601612653053,
      1.0712909228039955,
      0.9999999999999998,
      0.8223844033068437,
      0.543007889967403,
      1.4805780607325582e-16,
      2.336347624372794,
      2.0463474067022,
      1.3546601612653053,
      1.0712909228039955,
      0.9999999999999998,
      0.8223844033068437,
      0.543007889967403,
      1.4805780607325582e-16,
      2.336347624372794,
      2.0463474067022,
      1.3546601612653053,
      1.0712909228039955,
      0.9999999999999998,
      0.8223844033068437,
      0.543007889967403,
      1.4805780607325582e-16,
      2.336347624372794,
      2.0463474067022,
      1.3546601612653053,
      1.0712909228039955,
      0.9999999999999998,
      0.8223844033068437,
      0.543007889967403,
      1.4805780607325582e-16,
      2.336347624372794,
      2.0463474067022,
      1.3546601612653053,
      1.0712909228039955,
      0.9999999999999998,
      0.8223844033068437,
      0.543007889967403,
      1.4805780607325582e-16,
      2.336347624372794,
      2.0463474067022,
      1.3546601612653053,
      1.0712909228039955,
      0.9999999999999998,
      0.8223844033068437,
      0.543007889967403,
      1.4805780607325582e-16
    ],
    "singular_values_D": [
      2.336347624372794,
      2.0463474067022,
      1.3546601612653053,
      1.0712909228039955,
      0.9999999999999998,
      0.8223844033068437,
      0.543007889967403,
      1.4805780607325582e-16
    ],
    "singular_values_D_anchor": [
      3.7806285553811128,
      2.322017092434482,
      1.5802761869080708,
      1.2574047236233798,
      1.0000000000000002,
      0.9364812795144858,
      0.5997897097307032,
      3.570273828234245e-16
    ],
    "root_tree_count_cv": 0.4472135954999579,
    "root_tree_count_gini": 0.24,
    "edge_participation": [
      0.7,
      0.6,
      0.7,
      0.5,
      0.9,
      0.1,
      0.2,
      0.3
    ],
    "edge_participation_mean": 0.5,
    "edge_participation_var": 0.0675,
    "edge_participation_gini": 0.29374999999999973,
    "bottleneck_edge_fraction_095": 0.0,
    "mean_shortest_path": 2.0,
    "comparison_branch_d_rel_values": [
      14,
      14,
      14
    ],
    "comparison_branch_d_rel_min": 14,
    "comparison_branch_d_rel_mean": 14.0,
    "comparison_branch_d_rel_max": 14,
    "comparison_branch_d_rel_gini": 0.0,
    "comparison_branch_common_d_rel_values": [
      14,
      14,
      14
    ],
    "comparison_branch_common_d_rel_min": 14,
    "comparison_branch_common_d_rel_mean": 14.0,
    "comparison_branch_common_d_rel_max": 14,
    "comparison_branch_common_d_rel_gini": 0.0,
    "comparison_branch_input_count_values": [
      16,
      16,
      16
    ],
    "comparison_branch_input_count_min": 16,
    "comparison_branch_input_count_mean": 16.0,
    "comparison_branch_input_count_max": 16,
    "comparison_branch_input_count_gini": 0.0,
    "comparison_branch_input_overlap_values": [
      16,
      16,
      16
    ],
    "comparison_branch_input_overlap_min": 16,
    "comparison_branch_input_overlap_mean": 16.0,
    "comparison_branch_input_overlap_max": 16,
    "comparison_branch_input_overlap_gini": 0.0,
    "in_degree": [
      2,
      2,
      2,
      1,
      1
    ],
    "out_degree": [
      1,
      2,
      1,
      3,
      1
    ],
    "in_degree_cv": 0.30618621784789724,
    "out_degree_cv": 0.5
  }
}