{
  "name": "random_sc_n5_m8_seed30",
  "family": "random_sc",
  "seed": 30,
  "n_nodes": 5,
  "edges": [
    [
      0,
      1
    ],
    [
      1,
      2
    ],
    [
      2,
      3
    ],
    [
      3,
      4
    ],
    [
      4,
      0
    ],
    [
      2,
      4
    ],
    [
      4,
      1
    ],
    [
      1,
      3
    ]
  ],
  "metrics": {
    "n_nodes": 5,
    "n_edges": 8,
    "p": 8,
    "strongly_connected": true,
    "edges": [
      [
        0,
        1
      ],
      [
        1,
        2
      ],
      [
        2,
        3
      ],
      [
        3,
        4
      ],
      [
        4,
        0
      ],
      [
        2,
        4
      ],
      [
        4,
        1
      ],
      [
        1,
        3
      ]
    ],
    "tree_counts_enum": [
      4,
      4,
      2,
      6,
      4
    ],
    "tree_counts_det": [
      4,
      4,
      2,
      6,
      4
    ],
    "tree_counts_match_det": true,
    "tree_enumeration_truncated": false,
    "max_trees_per_root": null,
    "n_trees_total_enum": 20,
    "rank_M": 8,
    "rank_D": 7,
    "rank_D_anchor": 7,
    "d_rel": 56,
    "effective_rank_D": 5.552390864769629,
    "condition_number_D": 3.131807296259166,
    "effective_rank_D_masked": 44.41912691815703,
    "condition_number_D_masked": 3.131807296259166,
    "singular_values_D_masked": [
      3.1119803326643196,
      3.0169808706034913,
      2.8209149470703747,
      1.9615393742630927,
      1.5559012102189145,
      1.414213562373096,
      0.9936691623336694,
      5.133513524650054e-16,
      3.1119803326643196,
      3.0169808706034913,
      2.8209149470703747,
      1.9615393742630927,
      1.5559012102189145,
      1.414213562373096,
      0.9936691623336694,
      5.133513524650054e-16,
      3.1119803326643196,
      3.0169808706034913,
      2.8209149470703747,
      1.9615393742630927,
      1.5559012102189145,
      1.414213562373096,
      0.9936691623336694,
      5.133513524650054e-16,
      3.1119803326643196,
      3.0169808706034913,
      2.8209149470703747,
      1.9615393742630927,
      1.5559012102189145,
      1.414213562373096,
      0.9936691623336694,
      5.133513524650054e-16,
      3.1119803326643196,
      3.0169808706034913,
      2.8209149470703747,
      1.9615393742630927,
      1.5559012102189145,
      1.414213562373096,
      0.9936691623336694,
      5.133513524650054e-16,
      3.1119803326643196,
      3.0169808706034913,
      2.8209149470703747,
      1.9615393742630927,
      1.5559012102189145,
      1.414213562373096,
      0.9936691623336694,
      5.133513524650054e-16,
      3.1119803326643196,
      3.0169808706034913,
      2.8209149470703747,
      1.9615393742630927,
      1.5559012102189145,
      1.414213562373096,
      0.9936691623336694,
      5.133513524650054e-16,
      3.1119803326643196,
      3.0169808706034913,
      2.8209149470703747,
      1.9615393742630927,
      1.5559012102189145,
      1.414213562373096,
      0.9936691623336694,
      5.133513524650054e-16
    ],
    "singular_values_D": [
      3.1119803326643196,
      3.0169808706034913,
      2.8209149470703747,
      1.9615393742630927,
      1.5559012102189145,
      1.414213562373096,
      0.9936691623336694,
      5.133513524650054e-16
    ],
    "singular_values_D_anchor": [
      6.950106374868832,
      3.1005048438348974,
      2.829682149142392,
      1.9779874435732572,
      1.7710501561602972,
      1.4142135623730945,
      1.0132803381197018,
      3.0294128483399755e-16
    ],
    "root_tree_count_cv": 0.31622776601683794,
    "root_tree_count_gini": 0.16000000000000014,
    "edge_participation": [
      0.8,
      0.4,
      0.5,
      0.7,
      0.5,
      0.4,
      0.3,
      0.4
    ],
    "edge_participation_mean": 0.5,
    "edge_participation_var": 0.025,
    "edge_participation_gini": 0.16875000000000018,
    "bottleneck_edge_fraction_095": 0.0,
    "mean_shortest_path": 1.75,
    "comparison_branch_d_rel_values": [
      14,
      14,
      14
    ],
    "comparison_branch_d_rel_min": 14,
    "comparison_branch_d_rel_mean": 14.0,
    "comparison_branch_d_rel_max": 14,
    "comparison_branch_d_rel_gini": 0.0,
    "comparison_branch_common_d_rel_values": [
      14,
      14,
      14
    ],
    "comparison_branch_common_d_rel_min": 14,
    "comparison_branch_common_d_rel_mean": 14.0,
    "comparison_branch_common_d_rel_max": 14,
    "comparison_branch_common_d_rel_gini": 0.0,
    "comparison_branch_input_count_values": [
      16,
      16,
      16
    ],
    "comparison_branch_input_count_min": 16,
    "comparison_branch_input_count_mean": 16.0,
    "comparison_branch_input_count_max": 16,
    "comparison_branch_input_count_gini": 0.0,
    "comparison_branch_input_overlap_values": [
      16,
      16,
      16
    ],
    "comparison_branch_input_overlap_min": 16,
    "comparison_branch_input_overlap_mean": 16.0,
    "comparison_branch_input_overlap_max": 16,
    "comparison_branch_input_overlap_gini": 0.0,
    "in_degree": [
      1,
      2,
      1,
      2,
      2
    ],
    "out_degree": [
      1,
      2,
      2,
      1,
      2
    ],
    "in_degree_cv": 0.30618621784789724,
    "out_degree_cv": 0.30618621784789724
  }
}