{
  "name": "random_sc_n5_m8_seed35",
  "family": "random_sc",
  "seed": 35,
  "n_nodes": 5,
  "edges": [
    [
      0,
      1
    ],
    [
      1,
      2
    ],
    [
      2,
      3
    ],
    [
      3,
      4
    ],
    [
      4,
      0
    ],
    [
      2,
      4
    ],
    [
      1,
      4
    ],
    [
      4,
      1
    ]
  ],
  "metrics": {
    "n_nodes": 5,
    "n_edges": 8,
    "p": 8,
    "strongly_connected": true,
    "edges": [
      [
        0,
        1
      ],
      [
        1,
        2
      ],
      [
        2,
        3
      ],
      [
        3,
        4
      ],
      [
        4,
        0
      ],
      [
        2,
        4
      ],
      [
        1,
        4
      ],
      [
        4,
        1
      ]
    ],
    "tree_counts_enum": [
      4,
      4,
      2,
      2,
      4
    ],
    "tree_counts_det": [
      4,
      4,
      2,
      2,
      4
    ],
    "tree_counts_match_det": true,
    "tree_enumeration_truncated": false,
    "max_trees_per_root": null,
    "n_trees_total_enum": 16,
    "rank_M": 8,
    "rank_D": 7,
    "rank_D_anchor": 7,
    "d_rel": 56,
    "effective_rank_D": 5.458163443322861,
    "condition_number_D": 2.9873673070829634,
    "effective_rank_D_masked": 43.66530754658289,
    "condition_number_D_masked": 2.9873673070829634,
    "singular_values_D_masked": [
      2.861695503991002,
      2.5805775696167896,
      2.297948636133752,
      1.4142135623730954,
      1.414213562373095,
      1.2054526569814634,
      0.9579322560054812,
      2.0745438754814258e-16,
      2.861695503991002,
      2.5805775696167896,
      2.297948636133752,
      1.4142135623730954,
      1.414213562373095,
      1.2054526569814634,
      0.9579322560054812,
      2.0745438754814258e-16,
      2.861695503991002,
      2.5805775696167896,
      2.297948636133752,
      1.4142135623730954,
      1.414213562373095,
      1.2054526569814634,
      0.9579322560054812,
      2.0745438754814258e-16,
      2.861695503991002,
      2.5805775696167896,
      2.297948636133752,
      1.4142135623730954,
      1.414213562373095,
      1.2054526569814634,
      0.9579322560054812,
      2.0745438754814258e-16,
      2.861695503991002,
      2.5805775696167896,
      2.297948636133752,
      1.4142135623730954,
      1.414213562373095,
      1.2054526569814634,
      0.9579322560054812,
      2.0745438754814258e-16,
      2.861695503991002,
      2.5805775696167896,
      2.297948636133752,
      1.4142135623730954,
      1.414213562373095,
      1.2054526569814634,
      0.9579322560054812,
      2.0745438754814258e-16,
      2.861695503991002,
      2.5805775696167896,
      2.297948636133752,
      1.4142135623730954,
      1.414213562373095,
      1.2054526569814634,
      0.9579322560054812,
      2.0745438754814258e-16,
      2.861695503991002,
      2.5805775696167896,
      2.297948636133752,
      1.4142135623730954,
      1.414213562373095,
      1.2054526569814634,
      0.9579322560054812,
      2.0745438754814258e-16
    ],
    "singular_values_D": [
      2.861695503991002,
      2.5805775696167896,
      2.297948636133752,
      1.4142135623730954,
      1.414213562373095,
      1.2054526569814634,
      0.9579322560054812,
      2.0745438754814258e-16
    ],
    "singular_values_D_anchor": [
      5.592028812265909,
      2.8555264026117824,
      2.3356163668093064,
      1.5858100868491147,
      1.414213562373095,
      1.2638298275359987,
      1.0040017178000125,
      1.8774096662277082e-16
    ],
    "root_tree_count_cv": 0.30618621784789724,
    "root_tree_count_gini": 0.15000000000000013,
    "edge_participation": [
      0.75,
      0.5,
      0.5,
      0.875,
      0.5,
      0.375,
      0.25,
      0.25
    ],
    "edge_participation_mean": 0.5,
    "edge_participation_var": 0.04296875,
    "edge_participation_gini": 0.2265625,
    "bottleneck_edge_fraction_095": 0.0,
    "mean_shortest_path": 1.75,
    "comparison_branch_d_rel_values": [
      14,
      14,
      14
    ],
    "comparison_branch_d_rel_min": 14,
    "comparison_branch_d_rel_mean": 14.0,
    "comparison_branch_d_rel_max": 14,
    "comparison_branch_d_rel_gini": 0.0,
    "comparison_branch_common_d_rel_values": [
      14,
      14,
      14
    ],
    "comparison_branch_common_d_rel_min": 14,
    "comparison_branch_common_d_rel_mean": 14.0,
    "comparison_branch_common_d_rel_max": 14,
    "comparison_branch_common_d_rel_gini": 0.0,
    "comparison_branch_input_count_values": [
      16,
      16,
      16
    ],
    "comparison_branch_input_count_min": 16,
    "comparison_branch_input_count_mean": 16.0,
    "comparison_branch_input_count_max": 16,
    "comparison_branch_input_count_gini": 0.0,
    "comparison_branch_input_overlap_values": [
      16,
      16,
      16
    ],
    "comparison_branch_input_overlap_min": 16,
    "comparison_branch_input_overlap_mean": 16.0,
    "comparison_branch_input_overlap_max": 16,
    "comparison_branch_input_overlap_gini": 0.0,
    "in_degree": [
      1,
      2,
      1,
      1,
      3
    ],
    "out_degree": [
      1,
      2,
      2,
      1,
      2
    ],
    "in_degree_cv": 0.5,
    "out_degree_cv": 0.30618621784789724
  }
}