{
  "name": "random_sc_n5_m8_seed31",
  "family": "random_sc",
  "seed": 31,
  "n_nodes": 5,
  "edges": [
    [
      0,
      1
    ],
    [
      1,
      2
    ],
    [
      2,
      3
    ],
    [
      3,
      4
    ],
    [
      4,
      0
    ],
    [
      0,
      2
    ],
    [
      2,
      1
    ],
    [
      0,
      3
    ]
  ],
  "metrics": {
    "n_nodes": 5,
    "n_edges": 8,
    "p": 8,
    "strongly_connected": true,
    "edges": [
      [
        0,
        1
      ],
      [
        1,
        2
      ],
      [
        2,
        3
      ],
      [
        3,
        4
      ],
      [
        4,
        0
      ],
      [
        0,
        2
      ],
      [
        2,
        1
      ],
      [
        0,
        3
      ]
    ],
    "tree_counts_enum": [
      1,
      3,
      2,
      3,
      3
    ],
    "tree_counts_det": [
      1,
      3,
      2,
      3,
      3
    ],
    "tree_counts_match_det": true,
    "tree_enumeration_truncated": false,
    "max_trees_per_root": null,
    "n_trees_total_enum": 12,
    "rank_M": 8,
    "rank_D": 7,
    "rank_D_anchor": 7,
    "d_rel": 56,
    "effective_rank_D": 5.256126307072066,
    "condition_number_D": 4.39352461300509,
    "effective_rank_D_masked": 42.04901045657649,
    "condition_number_D_masked": 4.39352461300509,
    "singular_values_D_masked": [
      2.493528913312036,
      2.1309088420953515,
      1.7320508075688774,
      1.414213562373095,
      1.1983037161602228,
      0.9037885419569114,
      0.5675463626472115,
      2.321693924318097e-16,
      2.493528913312036,
      2.1309088420953515,
      1.7320508075688774,
      1.414213562373095,
      1.1983037161602228,
      0.9037885419569114,
      0.5675463626472115,
      2.321693924318097e-16,
      2.493528913312036,
      2.1309088420953515,
      1.7320508075688774,
      1.414213562373095,
      1.1983037161602228,
      0.9037885419569114,
      0.5675463626472115,
      2.321693924318097e-16,
      2.493528913312036,
      2.1309088420953515,
      1.7320508075688774,
      1.414213562373095,
      1.1983037161602228,
      0.9037885419569114,
      0.5675463626472115,
      2.321693924318097e-16,
      2.493528913312036,
      2.1309088420953515,
      1.7320508075688774,
      1.414213562373095,
      1.1983037161602228,
      0.9037885419569114,
      0.5675463626472115,
      2.321693924318097e-16,
      2.493528913312036,
      2.1309088420953515,
      1.7320508075688774,
      1.414213562373095,
      1.1983037161602228,
      0.9037885419569114,
      0.5675463626472115,
      2.321693924318097e-16,
      2.493528913312036,
      2.1309088420953515,
      1.7320508075688774,
      1.414213562373095,
      1.1983037161602228,
      0.9037885419569114,
      0.5675463626472115,
      2.321693924318097e-16,
      2.493528913312036,
      2.1309088420953515,
      1.7320508075688774,
      1.414213562373095,
      1.1983037161602228,
      0.9037885419569114,
      0.5675463626472115,
      2.321693924318097e-16
    ],
    "singular_values_D": [
      2.493528913312036,
      2.1309088420953515,
      1.7320508075688774,
      1.414213562373095,
      1.1983037161602228,
      0.9037885419569114,
      0.5675463626472115,
      2.321693924318097e-16
    ],
    "singular_values_D_anchor": [
      3.1756506310639847,
      2.1357792050698574,
      2.123025860548045,
      1.7320508075688772,
      1.414213562373095,
      1.1865935550419715,
      0.6621534468619567,
      8.106297367247463e-17
    ],
    "root_tree_count_cv": 0.33333333333333337,
    "root_tree_count_gini": 0.16666666666666674,
    "edge_participation": [
      0.4166666666666667,
      0.75,
      0.6666666666666666,
      0.75,
      0.75,
      0.3333333333333333,
      0.16666666666666666,
      0.16666666666666666
    ],
    "edge_participation_mean": 0.49999999999999994,
    "edge_participation_var": 0.05902777777777777,
    "edge_participation_gini": 0.265625,
    "bottleneck_edge_fraction_095": 0.0,
    "mean_shortest_path": 1.9,
    "comparison_branch_d_rel_values": [
      14,
      14,
      14
    ],
    "comparison_branch_d_rel_min": 14,
    "comparison_branch_d_rel_mean": 14.0,
    "comparison_branch_d_rel_max": 14,
    "comparison_branch_d_rel_gini": 0.0,
    "comparison_branch_common_d_rel_values": [
      14,
      14,
      14
    ],
    "comparison_branch_common_d_rel_min": 14,
    "comparison_branch_common_d_rel_mean": 14.0,
    "comparison_branch_common_d_rel_max": 14,
    "comparison_branch_common_d_rel_gini": 0.0,
    "comparison_branch_input_count_values": [
      16,
      16,
      16
    ],
    "comparison_branch_input_count_min": 16,
    "comparison_branch_input_count_mean": 16.0,
    "comparison_branch_input_count_max": 16,
    "comparison_branch_input_count_gini": 0.0,
    "comparison_branch_input_overlap_values": [
      16,
      16,
      16
    ],
    "comparison_branch_input_overlap_min": 16,
    "comparison_branch_input_overlap_mean": 16.0,
    "comparison_branch_input_overlap_max": 16,
    "comparison_branch_input_overlap_gini": 0.0,
    "in_degree": [
      1,
      2,
      2,
      2,
      1
    ],
    "out_degree": [
      3,
      1,
      2,
      1,
      1
    ],
    "in_degree_cv": 0.30618621784789724,
    "out_degree_cv": 0.5
  }
}