{
  "name": "random_sc_n5_m8_seed32",
  "family": "random_sc",
  "seed": 32,
  "n_nodes": 5,
  "edges": [
    [
      0,
      1
    ],
    [
      1,
      2
    ],
    [
      2,
      3
    ],
    [
      3,
      4
    ],
    [
      4,
      0
    ],
    [
      0,
      3
    ],
    [
      1,
      0
    ],
    [
      0,
      4
    ]
  ],
  "metrics": {
    "n_nodes": 5,
    "n_edges": 8,
    "p": 8,
    "strongly_connected": true,
    "edges": [
      [
        0,
        1
      ],
      [
        1,
        2
      ],
      [
        2,
        3
      ],
      [
        3,
        4
      ],
      [
        4,
        0
      ],
      [
        0,
        3
      ],
      [
        1,
        0
      ],
      [
        0,
        4
      ]
    ],
    "tree_counts_enum": [
      2,
      1,
      1,
      3,
      5
    ],
    "tree_counts_det": [
      2,
      1,
      1,
      3,
      5
    ],
    "tree_counts_match_det": true,
    "tree_enumeration_truncated": false,
    "max_trees_per_root": null,
    "n_trees_total_enum": 12,
    "rank_M": 8,
    "rank_D": 7,
    "rank_D_anchor": 7,
    "d_rel": 56,
    "effective_rank_D": 5.113124288525341,
    "condition_number_D": 4.092269985243897,
    "effective_rank_D_masked": 40.90499430820273,
    "condition_number_D_masked": 4.092269985243897,
    "singular_values_D_masked": [
      2.5587521398736524,
      2.1444156137425496,
      1.8659198341780137,
      1.2854811715150176,
      1.1060409680886936,
      0.8789394389222398,
      0.6252647428200298,
      1.6909424112049544e-16,
      2.5587521398736524,
      2.1444156137425496,
      1.8659198341780137,
      1.2854811715150176,
      1.1060409680886936,
      0.8789394389222398,
      0.6252647428200298,
      1.6909424112049544e-16,
      2.5587521398736524,
      2.1444156137425496,
      1.8659198341780137,
      1.2854811715150176,
      1.1060409680886936,
      0.8789394389222398,
      0.6252647428200298,
      1.6909424112049544e-16,
      2.5587521398736524,
      2.1444156137425496,
      1.8659198341780137,
      1.2854811715150176,
      1.1060409680886936,
      0.8789394389222398,
      0.6252647428200298,
      1.6909424112049544e-16,
      2.5587521398736524,
      2.1444156137425496,
      1.8659198341780137,
      1.2854811715150176,
      1.1060409680886936,
      0.8789394389222398,
      0.6252647428200298,
      1.6909424112049544e-16,
      2.5587521398736524,
      2.1444156137425496,
      1.8659198341780137,
      1.2854811715150176,
      1.1060409680886936,
      0.8789394389222398,
      0.6252647428200298,
      1.6909424112049544e-16,
      2.5587521398736524,
      2.1444156137425496,
      1.8659198341780137,
      1.2854811715150176,
      1.1060409680886936,
      0.8789394389222398,
      0.6252647428200298,
      1.6909424112049544e-16,
      2.5587521398736524,
      2.1444156137425496,
      1.8659198341780137,
      1.2854811715150176,
      1.1060409680886936,
      0.8789394389222398,
      0.6252647428200298,
      1.6909424112049544e-16
    ],
    "singular_values_D": [
      2.5587521398736524,
      2.1444156137425496,
      1.8659198341780137,
      1.2854811715150176,
      1.1060409680886936,
      0.8789394389222398,
      0.6252647428200298,
      1.6909424112049544e-16
    ],
    "singular_values_D_anchor": [
      3.551141653264238,
      2.1498165813764953,
      2.1276435746795217,
      1.853999957394777,
      1.2502605086023075,
      0.9136139598141303,
      0.6369119209574986,
      3.420273520494162e-16
    ],
    "root_tree_count_cv": 0.6236095644623235,
    "root_tree_count_gini": 0.3333333333333335,
    "edge_participation": [
      0.3333333333333333,
      0.5833333333333334,
      0.9166666666666666,
      0.75,
      0.5833333333333334,
      0.3333333333333333,
      0.3333333333333333,
      0.16666666666666666
    ],
    "edge_participation_mean": 0.5,
    "edge_participation_var": 0.05555555555555556,
    "edge_participation_gini": 0.26041666666666674,
    "bottleneck_edge_fraction_095": 0.0,
    "mean_shortest_path": 1.95,
    "comparison_branch_d_rel_values": [
      14,
      14,
      14
    ],
    "comparison_branch_d_rel_min": 14,
    "comparison_branch_d_rel_mean": 14.0,
    "comparison_branch_d_rel_max": 14,
    "comparison_branch_d_rel_gini": 0.0,
    "comparison_branch_common_d_rel_values": [
      14,
      14,
      14
    ],
    "comparison_branch_common_d_rel_min": 14,
    "comparison_branch_common_d_rel_mean": 14.0,
    "comparison_branch_common_d_rel_max": 14,
    "comparison_branch_common_d_rel_gini": 0.0,
    "comparison_branch_input_count_values": [
      16,
      16,
      16
    ],
    "comparison_branch_input_count_min": 16,
    "comparison_branch_input_count_mean": 16.0,
    "comparison_branch_input_count_max": 16,
    "comparison_branch_input_count_gini": 0.0,
    "comparison_branch_input_overlap_values": [
      16,
      16,
      16
    ],
    "comparison_branch_input_overlap_min": 16,
    "comparison_branch_input_overlap_mean": 16.0,
    "comparison_branch_input_overlap_max": 16,
    "comparison_branch_input_overlap_gini": 0.0,
    "in_degree": [
      2,
      1,
      1,
      2,
      2
    ],
    "out_degree": [
      3,
      2,
      1,
      1,
      1
    ],
    "in_degree_cv": 0.30618621784789724,
    "out_degree_cv": 0.5
  }
}