{
  "name": "random_sc_n5_m8_seed40",
  "family": "random_sc",
  "seed": 40,
  "n_nodes": 5,
  "edges": [
    [
      0,
      1
    ],
    [
      1,
      2
    ],
    [
      2,
      3
    ],
    [
      3,
      4
    ],
    [
      4,
      0
    ],
    [
      2,
      1
    ],
    [
      3,
      0
    ],
    [
      2,
      4
    ]
  ],
  "metrics": {
    "n_nodes": 5,
    "n_edges": 8,
    "p": 8,
    "strongly_connected": true,
    "edges": [
      [
        0,
        1
      ],
      [
        1,
        2
      ],
      [
        2,
        3
      ],
      [
        3,
        4
      ],
      [
        4,
        0
      ],
      [
        2,
        1
      ],
      [
        3,
        0
      ],
      [
        2,
        4
      ]
    ],
    "tree_counts_enum": [
      4,
      6,
      2,
      1,
      3
    ],
    "tree_counts_det": [
      4,
      6,
      2,
      1,
      3
    ],
    "tree_counts_match_det": true,
    "tree_enumeration_truncated": false,
    "max_trees_per_root": null,
    "n_trees_total_enum": 16,
    "rank_M": 8,
    "rank_D": 7,
    "rank_D_anchor": 7,
    "d_rel": 56,
    "effective_rank_D": 5.412996945545781,
    "condition_number_D": 4.010589712411837,
    "effective_rank_D_masked": 43.3039755643662,
    "condition_number_D_masked": 4.010589712411837,
    "singular_values_D_masked": [
      2.7750095124231793,
      2.4883109574761773,
      2.3818402051863026,
      1.7935808381103449,
      1.4142135623730947,
      1.0553585771476692,
      0.6919205681486625,
      3.1273431427878063e-16,
      2.7750095124231793,
      2.4883109574761773,
      2.3818402051863026,
      1.7935808381103449,
      1.4142135623730947,
      1.0553585771476692,
      0.6919205681486625,
      3.1273431427878063e-16,
      2.7750095124231793,
      2.4883109574761773,
      2.3818402051863026,
      1.7935808381103449,
      1.4142135623730947,
      1.0553585771476692,
      0.6919205681486625,
      3.1273431427878063e-16,
      2.7750095124231793,
      2.4883109574761773,
      2.3818402051863026,
      1.7935808381103449,
      1.4142135623730947,
      1.0553585771476692,
      0.6919205681486625,
      3.1273431427878063e-16,
      2.7750095124231793,
      2.4883109574761773,
      2.3818402051863026,
      1.7935808381103449,
      1.4142135623730947,
      1.0553585771476692,
      0.6919205681486625,
      3.1273431427878063e-16,
      2.7750095124231793,
      2.4883109574761773,
      2.3818402051863026,
      1.7935808381103449,
      1.4142135623730947,
      1.0553585771476692,
      0.6919205681486625,
      3.1273431427878063e-16,
      2.7750095124231793,
      2.4883109574761773,
      2.3818402051863026,
      1.7935808381103449,
      1.4142135623730947,
      1.0553585771476692,
      0.6919205681486625,
      3.1273431427878063e-16,
      2.7750095124231793,
      2.4883109574761773,
      2.3818402051863026,
      1.7935808381103449,
      1.4142135623730947,
      1.0553585771476692,
      0.6919205681486625,
      3.1273431427878063e-16
    ],
    "singular_values_D": [
      2.7750095124231793,
      2.4883109574761773,
      2.3818402051863026,
      1.7935808381103449,
      1.4142135623730947,
      1.0553585771476692,
      0.6919205681486625,
      3.1273431427878063e-16
    ],
    "singular_values_D_anchor": [
      5.812985469918266,
      2.6037729965517773,
      2.4688562971089927,
      1.9142975002478415,
      1.4142135623730945,
      1.0880029855167617,
      0.6971580001862275,
      4.702043254536306e-16
    ],
    "root_tree_count_cv": 0.5376453291901642,
    "root_tree_count_gini": 0.30000000000000004,
    "edge_participation": [
      0.75,
      0.625,
      0.375,
      0.5,
      0.8125,
      0.125,
      0.4375,
      0.375
    ],
    "edge_participation_mean": 0.5,
    "edge_participation_var": 0.0439453125,
    "edge_participation_gini": 0.234375,
    "bottleneck_edge_fraction_095": 0.0,
    "mean_shortest_path": 1.95,
    "comparison_branch_d_rel_values": [
      14,
      14,
      14
    ],
    "comparison_branch_d_rel_min": 14,
    "comparison_branch_d_rel_mean": 14.0,
    "comparison_branch_d_rel_max": 14,
    "comparison_branch_d_rel_gini": 0.0,
    "comparison_branch_common_d_rel_values": [
      14,
      14,
      14
    ],
    "comparison_branch_common_d_rel_min": 14,
    "comparison_branch_common_d_rel_mean": 14.0,
    "comparison_branch_common_d_rel_max": 14,
    "comparison_branch_common_d_rel_gini": 0.0,
    "comparison_branch_input_count_values": [
      16,
      16,
      16
    ],
    "comparison_branch_input_count_min": 16,
    "comparison_branch_input_count_mean": 16.0,
    "comparison_branch_input_count_max": 16,
    "comparison_branch_input_count_gini": 0.0,
    "comparison_branch_input_overlap_values": [
      16,
      16,
      16
    ],
    "comparison_branch_input_overlap_min": 16,
    "comparison_branch_input_overlap_mean": 16.0,
    "comparison_branch_input_overlap_max": 16,
    "comparison_branch_input_overlap_gini": 0.0,
    "in_degree": [
      2,
      2,
      1,
      1,
      2
    ],
    "out_degree": [
      1,
      1,
      3,
      2,
      1
    ],
    "in_degree_cv": 0.30618621784789724,
    "out_degree_cv": 0.5
  }
}