{
  "name": "random_sc_n5_m8_seed53",
  "family": "random_sc",
  "seed": 53,
  "n_nodes": 5,
  "edges": [
    [
      0,
      1
    ],
    [
      1,
      2
    ],
    [
      2,
      3
    ],
    [
      3,
      4
    ],
    [
      4,
      0
    ],
    [
      3,
      0
    ],
    [
      4,
      2
    ],
    [
      1,
      0
    ]
  ],
  "metrics": {
    "n_nodes": 5,
    "n_edges": 8,
    "p": 8,
    "strongly_connected": true,
    "edges": [
      [
        0,
        1
      ],
      [
        1,
        2
      ],
      [
        2,
        3
      ],
      [
        3,
        4
      ],
      [
        4,
        0
      ],
      [
        3,
        0
      ],
      [
        4,
        2
      ],
      [
        1,
        0
      ]
    ],
    "tree_counts_enum": [
      6,
      3,
      4,
      2,
      1
    ],
    "tree_counts_det": [
      6,
      3,
      4,
      2,
      1
    ],
    "tree_counts_match_det": true,
    "tree_enumeration_truncated": false,
    "max_trees_per_root": null,
    "n_trees_total_enum": 16,
    "rank_M": 8,
    "rank_D": 7,
    "rank_D_anchor": 7,
    "d_rel": 56,
    "effective_rank_D": 5.1410355645929835,
    "condition_number_D": 4.198067255795099,
    "effective_rank_D_masked": 41.12828451674388,
    "condition_number_D_masked": 4.198067255795099,
    "singular_values_D_masked": [
      2.9656690024479966,
      2.896288634897544,
      2.111561908992749,
      1.7320508075688772,
      1.5314393513145357,
      0.9424788817592415,
      0.7064367533307442,
      4.3234196993624695e-16,
      2.9656690024479966,
      2.896288634897544,
      2.111561908992749,
      1.7320508075688772,
      1.5314393513145357,
      0.9424788817592415,
      0.7064367533307442,
      4.3234196993624695e-16,
      2.9656690024479966,
      2.896288634897544,
      2.111561908992749,
      1.7320508075688772,
      1.5314393513145357,
      0.9424788817592415,
      0.7064367533307442,
      4.3234196993624695e-16,
      2.9656690024479966,
      2.896288634897544,
      2.111561908992749,
      1.7320508075688772,
      1.5314393513145357,
      0.9424788817592415,
      0.7064367533307442,
      4.3234196993624695e-16,
      2.9656690024479966,
      2.896288634897544,
      2.111561908992749,
      1.7320508075688772,
      1.5314393513145357,
      0.9424788817592415,
      0.7064367533307442,
      4.3234196993624695e-16,
      2.9656690024479966,
      2.896288634897544,
      2.111561908992749,
      1.7320508075688772,
      1.5314393513145357,
      0.9424788817592415,
      0.7064367533307442,
      4.3234196993624695e-16,
      2.9656690024479966,
      2.896288634897544,
      2.111561908992749,
      1.7320508075688772,
      1.5314393513145357,
      0.9424788817592415,
      0.7064367533307442,
      4.3234196993624695e-16,
      2.9656690024479966,
      2.896288634897544,
      2.111561908992749,
      1.7320508075688772,
      1.5314393513145357,
      0.9424788817592415,
      0.7064367533307442,
      4.3234196993624695e-16
    ],
    "singular_values_D": [
      2.9656690024479966,
      2.896288634897544,
      2.111561908992749,
      1.7320508075688772,
      1.5314393513145357,
      0.9424788817592415,
      0.7064367533307442,
      4.3234196993624695e-16
    ],
    "singular_values_D_anchor": [
      5.674682843073707,
      2.9040109619697207,
      2.291461138516947,
      2.040959505815395,
      1.5411777498680512,
      1.0093666071880276,
      0.7445369736812033,
      1.9805417631277659e-16
    ],
    "root_tree_count_cv": 0.5376453291901642,
    "root_tree_count_gini": 0.30000000000000004,
    "edge_participation": [
      0.625,
      0.625,
      0.75,
      0.375,
      0.5625,
      0.5,
      0.375,
      0.1875
    ],
    "edge_participation_mean": 0.5,
    "edge_participation_var": 0.0283203125,
    "edge_participation_gini": 0.1875,
    "bottleneck_edge_fraction_095": 0.0,
    "mean_shortest_path": 1.85,
    "comparison_branch_d_rel_values": [
      14,
      14,
      14
    ],
    "comparison_branch_d_rel_min": 14,
    "comparison_branch_d_rel_mean": 14.0,
    "comparison_branch_d_rel_max": 14,
    "comparison_branch_d_rel_gini": 0.0,
    "comparison_branch_common_d_rel_values": [
      14,
      14,
      14
    ],
    "comparison_branch_common_d_rel_min": 14,
    "comparison_branch_common_d_rel_mean": 14.0,
    "comparison_branch_common_d_rel_max": 14,
    "comparison_branch_common_d_rel_gini": 0.0,
    "comparison_branch_input_count_values": [
      16,
      16,
      16
    ],
    "comparison_branch_input_count_min": 16,
    "comparison_branch_input_count_mean": 16.0,
    "comparison_branch_input_count_max": 16,
    "comparison_branch_input_count_gini": 0.0,
    "comparison_branch_input_overlap_values": [
      16,
      16,
      16
    ],
    "comparison_branch_input_overlap_min": 16,
    "comparison_branch_input_overlap_mean": 16.0,
    "comparison_branch_input_overlap_max": 16,
    "comparison_branch_input_overlap_gini": 0.0,
    "in_degree": [
      3,
      1,
      2,
      1,
      1
    ],
    "out_degree": [
      1,
      2,
      1,
      2,
      2
    ],
    "in_degree_cv": 0.5,
    "out_degree_cv": 0.30618621784789724
  }
}