{
  "name": "random_sc_n5_m8_seed50",
  "family": "random_sc",
  "seed": 50,
  "n_nodes": 5,
  "edges": [
    [
      0,
      1
    ],
    [
      1,
      2
    ],
    [
      2,
      3
    ],
    [
      3,
      4
    ],
    [
      4,
      0
    ],
    [
      2,
      1
    ],
    [
      4,
      2
    ],
    [
      1,
      3
    ]
  ],
  "metrics": {
    "n_nodes": 5,
    "n_edges": 8,
    "p": 8,
    "strongly_connected": true,
    "edges": [
      [
        0,
        1
      ],
      [
        1,
        2
      ],
      [
        2,
        3
      ],
      [
        3,
        4
      ],
      [
        4,
        0
      ],
      [
        2,
        1
      ],
      [
        4,
        2
      ],
      [
        1,
        3
      ]
    ],
    "tree_counts_enum": [
      3,
      3,
      3,
      6,
      3
    ],
    "tree_counts_det": [
      3,
      3,
      3,
      6,
      3
    ],
    "tree_counts_match_det": true,
    "tree_enumeration_truncated": false,
    "max_trees_per_root": null,
    "n_trees_total_enum": 18,
    "rank_M": 8,
    "rank_D": 7,
    "rank_D_anchor": 7,
    "d_rel": 56,
    "effective_rank_D": 5.485248191558075,
    "condition_number_D": 2.820933955850533,
    "effective_rank_D_masked": 43.8819855324646,
    "condition_number_D_masked": 2.820933955850533,
    "singular_values_D_masked": [
      3.126020133117951,
      2.8222429964304485,
      2.4494897427831788,
      1.928212883979256,
      1.414213562373099,
      1.1475798635196106,
      1.1081507692282828,
      2.0805324260872094e-16,
      3.126020133117951,
      2.8222429964304485,
      2.4494897427831788,
      1.928212883979256,
      1.414213562373099,
      1.1475798635196106,
      1.1081507692282828,
      2.0805324260872094e-16,
      3.126020133117951,
      2.8222429964304485,
      2.4494897427831788,
      1.928212883979256,
      1.414213562373099,
      1.1475798635196106,
      1.1081507692282828,
      2.0805324260872094e-16,
      3.126020133117951,
      2.8222429964304485,
      2.4494897427831788,
      1.928212883979256,
      1.414213562373099,
      1.1475798635196106,
      1.1081507692282828,
      2.0805324260872094e-16,
      3.126020133117951,
      2.8222429964304485,
      2.4494897427831788,
      1.928212883979256,
      1.414213562373099,
      1.1475798635196106,
      1.1081507692282828,
      2.0805324260872094e-16,
      3.126020133117951,
      2.8222429964304485,
      2.4494897427831788,
      1.928212883979256,
      1.414213562373099,
      1.1475798635196106,
      1.1081507692282828,
      2.0805324260872094e-16,
      3.126020133117951,
      2.8222429964304485,
      2.4494897427831788,
      1.928212883979256,
      1.414213562373099,
      1.1475798635196106,
      1.1081507692282828,
      2.0805324260872094e-16,
      3.126020133117951,
      2.8222429964304485,
      2.4494897427831788,
      1.928212883979256,
      1.414213562373099,
      1.1475798635196106,
      1.1081507692282828,
      2.0805324260872094e-16
    ],
    "singular_values_D": [
      3.126020133117951,
      2.8222429964304485,
      2.4494897427831788,
      1.928212883979256,
      1.414213562373099,
      1.1475798635196106,
      1.1081507692282828,
      2.0805324260872094e-16
    ],
    "singular_values_D_anchor": [
      6.942927572712264,
      2.8650287993285564,
      2.479291797594911,
      1.9784142459213745,
      1.7035200189379176,
      1.1636521798163155,
      1.1270710281478187,
      4.886345338018525e-16
    ],
    "root_tree_count_cv": 0.3333333333333333,
    "root_tree_count_gini": 0.1333333333333333,
    "edge_participation": [
      0.8333333333333334,
      0.3333333333333333,
      0.5,
      0.6666666666666666,
      0.5,
      0.3333333333333333,
      0.3333333333333333,
      0.5
    ],
    "edge_participation_mean": 0.49999999999999994,
    "edge_participation_var": 0.027777777777777783,
    "edge_participation_gini": 0.17708333333333326,
    "bottleneck_edge_fraction_095": 0.0,
    "mean_shortest_path": 1.8,
    "comparison_branch_d_rel_values": [
      14,
      14,
      14
    ],
    "comparison_branch_d_rel_min": 14,
    "comparison_branch_d_rel_mean": 14.0,
    "comparison_branch_d_rel_max": 14,
    "comparison_branch_d_rel_gini": 0.0,
    "comparison_branch_common_d_rel_values": [
      14,
      14,
      14
    ],
    "comparison_branch_common_d_rel_min": 14,
    "comparison_branch_common_d_rel_mean": 14.0,
    "comparison_branch_common_d_rel_max": 14,
    "comparison_branch_common_d_rel_gini": 0.0,
    "comparison_branch_input_count_values": [
      16,
      16,
      16
    ],
    "comparison_branch_input_count_min": 16,
    "comparison_branch_input_count_mean": 16.0,
    "comparison_branch_input_count_max": 16,
    "comparison_branch_input_count_gini": 0.0,
    "comparison_branch_input_overlap_values": [
      16,
      16,
      16
    ],
    "comparison_branch_input_overlap_min": 16,
    "comparison_branch_input_overlap_mean": 16.0,
    "comparison_branch_input_overlap_max": 16,
    "comparison_branch_input_overlap_gini": 0.0,
    "in_degree": [
      1,
      2,
      2,
      2,
      1
    ],
    "out_degree": [
      1,
      2,
      2,
      1,
      2
    ],
    "in_degree_cv": 0.30618621784789724,
    "out_degree_cv": 0.30618621784789724
  }
}