{
  "name": "random_sc_n5_m8_seed52",
  "family": "random_sc",
  "seed": 52,
  "n_nodes": 5,
  "edges": [
    [
      0,
      1
    ],
    [
      1,
      2
    ],
    [
      2,
      3
    ],
    [
      3,
      4
    ],
    [
      4,
      0
    ],
    [
      1,
      3
    ],
    [
      0,
      2
    ],
    [
      3,
      2
    ]
  ],
  "metrics": {
    "n_nodes": 5,
    "n_edges": 8,
    "p": 8,
    "strongly_connected": true,
    "edges": [
      [
        0,
        1
      ],
      [
        1,
        2
      ],
      [
        2,
        3
      ],
      [
        3,
        4
      ],
      [
        4,
        0
      ],
      [
        1,
        3
      ],
      [
        0,
        2
      ],
      [
        3,
        2
      ]
    ],
    "tree_counts_enum": [
      2,
      1,
      7,
      4,
      4
    ],
    "tree_counts_det": [
      2,
      1,
      7,
      4,
      4
    ],
    "tree_counts_match_det": true,
    "tree_enumeration_truncated": false,
    "max_trees_per_root": null,
    "n_trees_total_enum": 18,
    "rank_M": 8,
    "rank_D": 7,
    "rank_D_anchor": 7,
    "d_rel": 56,
    "effective_rank_D": 5.192249043234464,
    "condition_number_D": 4.113705391049739,
    "effective_rank_D_masked": 41.53799234587572,
    "condition_number_D_masked": 4.113705391049739,
    "singular_values_D_masked": [
      3.004096687645685,
      2.9478872652251695,
      2.7775782657609343,
      1.8447226909176524,
      1.5650937281604853,
      0.9810162018830312,
      0.7302653938665007,
      3.13574729065702e-16,
      3.004096687645685,
      2.9478872652251695,
      2.7775782657609343,
      1.8447226909176524,
      1.5650937281604853,
      0.9810162018830312,
      0.7302653938665007,
      3.13574729065702e-16,
      3.004096687645685,
      2.9478872652251695,
      2.7775782657609343,
      1.8447226909176524,
      1.5650937281604853,
      0.9810162018830312,
      0.7302653938665007,
      3.13574729065702e-16,
      3.004096687645685,
      2.9478872652251695,
      2.7775782657609343,
      1.8447226909176524,
      1.5650937281604853,
      0.9810162018830312,
      0.7302653938665007,
      3.13574729065702e-16,
      3.004096687645685,
      2.9478872652251695,
      2.7775782657609343,
      1.8447226909176524,
      1.5650937281604853,
      0.9810162018830312,
      0.7302653938665007,
      3.13574729065702e-16,
      3.004096687645685,
      2.9478872652251695,
      2.7775782657609343,
      1.8447226909176524,
      1.5650937281604853,
      0.9810162018830312,
      0.7302653938665007,
      3.13574729065702e-16,
      3.004096687645685,
      2.9478872652251695,
      2.7775782657609343,
      1.8447226909176524,
      1.5650937281604853,
      0.9810162018830312,
      0.7302653938665007,
      3.13574729065702e-16,
      3.004096687645685,
      2.9478872652251695,
      2.7775782657609343,
      1.8447226909176524,
      1.5650937281604853,
      0.9810162018830312,
      0.7302653938665007,
      3.13574729065702e-16
    ],
    "singular_values_D": [
      3.004096687645685,
      2.9478872652251695,
      2.7775782657609343,
      1.8447226909176524,
      1.5650937281604853,
      0.9810162018830312,
      0.7302653938665007,
      3.13574729065702e-16
    ],
    "singular_values_D_anchor": [
      5.413442687574486,
      2.955581221611585,
      2.846317454039834,
      2.093989863723227,
      1.8313692759180196,
      1.2552171739417093,
      0.7371415967920543,
      3.018714433622957e-16
    ],
    "root_tree_count_cv": 0.5719794522770555,
    "root_tree_count_gini": 0.3111111111111111,
    "edge_participation": [
      0.4444444444444444,
      0.5,
      0.6111111111111112,
      0.5555555555555556,
      0.7777777777777778,
      0.4444444444444444,
      0.4444444444444444,
      0.2222222222222222
    ],
    "edge_participation_mean": 0.5,
    "edge_participation_var": 0.02237654320987655,
    "edge_participation_gini": 0.15972222222222232,
    "bottleneck_edge_fraction_095": 0.0,
    "mean_shortest_path": 1.95,
    "comparison_branch_d_rel_values": [
      14,
      14,
      14
    ],
    "comparison_branch_d_rel_min": 14,
    "comparison_branch_d_rel_mean": 14.0,
    "comparison_branch_d_rel_max": 14,
    "comparison_branch_d_rel_gini": 0.0,
    "comparison_branch_common_d_rel_values": [
      14,
      14,
      14
    ],
    "comparison_branch_common_d_rel_min": 14,
    "comparison_branch_common_d_rel_mean": 14.0,
    "comparison_branch_common_d_rel_max": 14,
    "comparison_branch_common_d_rel_gini": 0.0,
    "comparison_branch_input_count_values": [
      16,
      16,
      16
    ],
    "comparison_branch_input_count_min": 16,
    "comparison_branch_input_count_mean": 16.0,
    "comparison_branch_input_count_max": 16,
    "comparison_branch_input_count_gini": 0.0,
    "comparison_branch_input_overlap_values": [
      16,
      16,
      16
    ],
    "comparison_branch_input_overlap_min": 16,
    "comparison_branch_input_overlap_mean": 16.0,
    "comparison_branch_input_overlap_max": 16,
    "comparison_branch_input_overlap_gini": 0.0,
    "in_degree": [
      1,
      1,
      3,
      2,
      1
    ],
    "out_degree": [
      2,
      2,
      1,
      2,
      1
    ],
    "in_degree_cv": 0.5,
    "out_degree_cv": 0.30618621784789724
  }
}