{
  "name": "random_sc_n5_m8_seed61",
  "family": "random_sc",
  "seed": 61,
  "n_nodes": 5,
  "edges": [
    [
      0,
      1
    ],
    [
      1,
      2
    ],
    [
      2,
      3
    ],
    [
      3,
      4
    ],
    [
      4,
      0
    ],
    [
      2,
      1
    ],
    [
      0,
      4
    ],
    [
      2,
      4
    ]
  ],
  "metrics": {
    "n_nodes": 5,
    "n_edges": 8,
    "p": 8,
    "strongly_connected": true,
    "edges": [
      [
        0,
        1
      ],
      [
        1,
        2
      ],
      [
        2,
        3
      ],
      [
        3,
        4
      ],
      [
        4,
        0
      ],
      [
        2,
        1
      ],
      [
        0,
        4
      ],
      [
        2,
        4
      ]
    ],
    "tree_counts_enum": [
      2,
      3,
      1,
      1,
      4
    ],
    "tree_counts_det": [
      2,
      3,
      1,
      1,
      4
    ],
    "tree_counts_match_det": true,
    "tree_enumeration_truncated": false,
    "max_trees_per_root": null,
    "n_trees_total_enum": 11,
    "rank_M": 8,
    "rank_D": 7,
    "rank_D_anchor": 7,
    "d_rel": 56,
    "effective_rank_D": 5.091004970070769,
    "condition_number_D": 3.9797565648328956,
    "effective_rank_D_masked": 40.72803976056616,
    "condition_number_D_masked": 3.9797565648328956,
    "singular_values_D_masked": [
      2.359015291097993,
      2.139550771179982,
      1.4142135623730951,
      1.3313869381871786,
      1.0,
      0.8564001791920244,
      0.59275366537326,
      1.9494895463490401e-16,
      2.359015291097993,
      2.139550771179982,
      1.4142135623730951,
      1.3313869381871786,
      1.0,
      0.8564001791920244,
      0.59275366537326,
      1.9494895463490401e-16,
      2.359015291097993,
      2.139550771179982,
      1.4142135623730951,
      1.3313869381871786,
      1.0,
      0.8564001791920244,
      0.59275366537326,
      1.9494895463490401e-16,
      2.359015291097993,
      2.139550771179982,
      1.4142135623730951,
      1.3313869381871786,
      1.0,
      0.8564001791920244,
      0.59275366537326,
      1.9494895463490401e-16,
      2.359015291097993,
      2.139550771179982,
      1.4142135623730951,
      1.3313869381871786,
      1.0,
      0.8564001791920244,
      0.59275366537326,
      1.9494895463490401e-16,
      2.359015291097993,
      2.139550771179982,
      1.4142135623730951,
      1.3313869381871786,
      1.0,
      0.8564001791920244,
      0.59275366537326,
      1.9494895463490401e-16,
      2.359015291097993,
      2.139550771179982,
      1.4142135623730951,
      1.3313869381871786,
      1.0,
      0.8564001791920244,
      0.59275366537326,
      1.9494895463490401e-16,
      2.359015291097993,
      2.139550771179982,
      1.4142135623730951,
      1.3313869381871786,
      1.0,
      0.8564001791920244,
      0.59275366537326,
      1.9494895463490401e-16
    ],
    "singular_values_D": [
      2.359015291097993,
      2.139550771179982,
      1.4142135623730951,
      1.3313869381871786,
      1.0,
      0.8564001791920244,
      0.59275366537326,
      1.9494895463490401e-16
    ],
    "singular_values_D_anchor": [
      3.8917610635247497,
      2.3569838989781617,
      1.8070298994687284,
      1.3327443810057529,
      1.0,
      0.9423784082908304,
      0.6076026804592684,
      1.929446150480999e-16
    ],
    "root_tree_count_cv": 0.5300865358950272,
    "root_tree_count_gini": 0.290909090909091,
    "edge_participation": [
      0.6363636363636364,
      0.7272727272727273,
      0.45454545454545453,
      0.9090909090909091,
      0.6363636363636364,
      0.09090909090909091,
      0.18181818181818182,
      0.36363636363636365
    ],
    "edge_participation_mean": 0.5,
    "edge_participation_var": 0.06818181818181818,
    "edge_participation_gini": 0.2954545454545454,
    "bottleneck_edge_fraction_095": 0.0,
    "mean_shortest_path": 2.0,
    "comparison_branch_d_rel_values": [
      14,
      14,
      14
    ],
    "comparison_branch_d_rel_min": 14,
    "comparison_branch_d_rel_mean": 14.0,
    "comparison_branch_d_rel_max": 14,
    "comparison_branch_d_rel_gini": 0.0,
    "comparison_branch_common_d_rel_values": [
      14,
      14,
      14
    ],
    "comparison_branch_common_d_rel_min": 14,
    "comparison_branch_common_d_rel_mean": 14.0,
    "comparison_branch_common_d_rel_max": 14,
    "comparison_branch_common_d_rel_gini": 0.0,
    "comparison_branch_input_count_values": [
      16,
      16,
      16
    ],
    "comparison_branch_input_count_min": 16,
    "comparison_branch_input_count_mean": 16.0,
    "comparison_branch_input_count_max": 16,
    "comparison_branch_input_count_gini": 0.0,
    "comparison_branch_input_overlap_values": [
      16,
      16,
      16
    ],
    "comparison_branch_input_overlap_min": 16,
    "comparison_branch_input_overlap_mean": 16.0,
    "comparison_branch_input_overlap_max": 16,
    "comparison_branch_input_overlap_gini": 0.0,
    "in_degree": [
      1,
      2,
      1,
      1,
      3
    ],
    "out_degree": [
      2,
      1,
      3,
      1,
      1
    ],
    "in_degree_cv": 0.5,
    "out_degree_cv": 0.5
  }
}