{
  "name": "random_sc_n5_m8_seed66",
  "family": "random_sc",
  "seed": 66,
  "n_nodes": 5,
  "edges": [
    [
      0,
      1
    ],
    [
      1,
      2
    ],
    [
      2,
      3
    ],
    [
      3,
      4
    ],
    [
      4,
      0
    ],
    [
      0,
      3
    ],
    [
      1,
      3
    ],
    [
      2,
      0
    ]
  ],
  "metrics": {
    "n_nodes": 5,
    "n_edges": 8,
    "p": 8,
    "strongly_connected": true,
    "edges": [
      [
        0,
        1
      ],
      [
        1,
        2
      ],
      [
        2,
        3
      ],
      [
        3,
        4
      ],
      [
        4,
        0
      ],
      [
        0,
        3
      ],
      [
        1,
        3
      ],
      [
        2,
        0
      ]
    ],
    "tree_counts_enum": [
      4,
      2,
      1,
      7,
      7
    ],
    "tree_counts_det": [
      4,
      2,
      1,
      7,
      7
    ],
    "tree_counts_match_det": true,
    "tree_enumeration_truncated": false,
    "max_trees_per_root": null,
    "n_trees_total_enum": 21,
    "rank_M": 8,
    "rank_D": 7,
    "rank_D_anchor": 7,
    "d_rel": 56,
    "effective_rank_D": 5.3295313817226555,
    "condition_number_D": 4.477207922676722,
    "effective_rank_D_masked": 42.63625105378124,
    "condition_number_D_masked": 4.477207922676722,
    "singular_values_D_masked": [
      3.30066636208097,
      3.08474787791304,
      2.846425409503311,
      2.64575131106459,
      1.7498818249962678,
      1.035711260534406,
      0.7372153402488508,
      5.751614012456361e-16,
      3.30066636208097,
      3.08474787791304,
      2.846425409503311,
      2.64575131106459,
      1.7498818249962678,
      1.035711260534406,
      0.7372153402488508,
      5.751614012456361e-16,
      3.30066636208097,
      3.08474787791304,
      2.846425409503311,
      2.64575131106459,
      1.7498818249962678,
      1.035711260534406,
      0.7372153402488508,
      5.751614012456361e-16,
      3.30066636208097,
      3.08474787791304,
      2.846425409503311,
      2.64575131106459,
      1.7498818249962678,
      1.035711260534406,
      0.7372153402488508,
      5.751614012456361e-16,
      3.30066636208097,
      3.08474787791304,
      2.846425409503311,
      2.64575131106459,
      1.7498818249962678,
      1.035711260534406,
      0.7372153402488508,
      5.751614012456361e-16,
      3.30066636208097,
      3.08474787791304,
      2.846425409503311,
      2.64575131106459,
      1.7498818249962678,
      1.035711260534406,
      0.7372153402488508,
      5.751614012456361e-16,
      3.30066636208097,
      3.08474787791304,
      2.846425409503311,
      2.64575131106459,
      1.7498818249962678,
      1.035711260534406,
      0.7372153402488508,
      5.751614012456361e-16,
      3.30066636208097,
      3.08474787791304,
      2.846425409503311,
      2.64575131106459,
      1.7498818249962678,
      1.035711260534406,
      0.7372153402488508,
      5.751614012456361e-16
    ],
    "singular_values_D": [
      3.30066636208097,
      3.08474787791304,
      2.846425409503311,
      2.64575131106459,
      1.7498818249962678,
      1.035711260534406,
      0.7372153402488508,
      5.751614012456361e-16
    ],
    "singular_values_D_anchor": [
      6.342019023704622,
      3.115709883828007,
      2.854259574556658,
      2.6457513110645907,
      2.27876600144073,
      1.080415945539255,
      0.7511829332054504,
      5.148061710364671e-16
    ],
    "root_tree_count_cv": 0.5909368402852789,
    "root_tree_count_gini": 0.32380952380952377,
    "edge_participation": [
      0.42857142857142855,
      0.42857142857142855,
      0.5238095238095238,
      0.6666666666666666,
      0.6666666666666666,
      0.38095238095238093,
      0.47619047619047616,
      0.42857142857142855
    ],
    "edge_participation_mean": 0.49999999999999994,
    "edge_participation_var": 0.010770975056689341,
    "edge_participation_gini": 0.1101190476190479,
    "bottleneck_edge_fraction_095": 0.0,
    "mean_shortest_path": 1.8,
    "comparison_branch_d_rel_values": [
      14,
      14,
      14
    ],
    "comparison_branch_d_rel_min": 14,
    "comparison_branch_d_rel_mean": 14.0,
    "comparison_branch_d_rel_max": 14,
    "comparison_branch_d_rel_gini": 0.0,
    "comparison_branch_common_d_rel_values": [
      14,
      14,
      14
    ],
    "comparison_branch_common_d_rel_min": 14,
    "comparison_branch_common_d_rel_mean": 14.0,
    "comparison_branch_common_d_rel_max": 14,
    "comparison_branch_common_d_rel_gini": 0.0,
    "comparison_branch_input_count_values": [
      16,
      16,
      16
    ],
    "comparison_branch_input_count_min": 16,
    "comparison_branch_input_count_mean": 16.0,
    "comparison_branch_input_count_max": 16,
    "comparison_branch_input_count_gini": 0.0,
    "comparison_branch_input_overlap_values": [
      16,
      16,
      16
    ],
    "comparison_branch_input_overlap_min": 16,
    "comparison_branch_input_overlap_mean": 16.0,
    "comparison_branch_input_overlap_max": 16,
    "comparison_branch_input_overlap_gini": 0.0,
    "in_degree": [
      2,
      1,
      1,
      3,
      1
    ],
    "out_degree": [
      2,
      2,
      2,
      1,
      1
    ],
    "in_degree_cv": 0.5,
    "out_degree_cv": 0.30618621784789724
  }
}