{
  "name": "random_sc_n5_m8_seed71",
  "family": "random_sc",
  "seed": 71,
  "n_nodes": 5,
  "edges": [
    [
      0,
      1
    ],
    [
      1,
      2
    ],
    [
      2,
      3
    ],
    [
      3,
      4
    ],
    [
      4,
      0
    ],
    [
      1,
      4
    ],
    [
      2,
      4
    ],
    [
      3,
      0
    ]
  ],
  "metrics": {
    "n_nodes": 5,
    "n_edges": 8,
    "p": 8,
    "strongly_connected": true,
    "edges": [
      [
        0,
        1
      ],
      [
        1,
        2
      ],
      [
        2,
        3
      ],
      [
        3,
        4
      ],
      [
        4,
        0
      ],
      [
        1,
        4
      ],
      [
        2,
        4
      ],
      [
        3,
        0
      ]
    ],
    "tree_counts_enum": [
      8,
      4,
      2,
      1,
      7
    ],
    "tree_counts_det": [
      8,
      4,
      2,
      1,
      7
    ],
    "tree_counts_match_det": true,
    "tree_enumeration_truncated": false,
    "max_trees_per_root": null,
    "n_trees_total_enum": 22,
    "rank_M": 8,
    "rank_D": 7,
    "rank_D_anchor": 7,
    "d_rel": 56,
    "effective_rank_D": 5.340758372938895,
    "condition_number_D": 4.4275771363194245,
    "effective_rank_D_masked": 42.72606698351114,
    "condition_number_D_masked": 4.4275771363194245,
    "singular_values_D_masked": [
      3.302054057939787,
      3.152044772967311,
      3.0448194599849674,
      2.6854580125806877,
      1.8125807385810242,
      1.053334834009671,
      0.7457925534155081,
      6.497493553438535e-16,
      3.302054057939787,
      3.152044772967311,
      3.0448194599849674,
      2.6854580125806877,
      1.8125807385810242,
      1.053334834009671,
      0.7457925534155081,
      6.497493553438535e-16,
      3.302054057939787,
      3.152044772967311,
      3.0448194599849674,
      2.6854580125806877,
      1.8125807385810242,
      1.053334834009671,
      0.7457925534155081,
      6.497493553438535e-16,
      3.302054057939787,
      3.152044772967311,
      3.0448194599849674,
      2.6854580125806877,
      1.8125807385810242,
      1.053334834009671,
      0.7457925534155081,
      6.497493553438535e-16,
      3.302054057939787,
      3.152044772967311,
      3.0448194599849674,
      2.6854580125806877,
      1.8125807385810242,
      1.053334834009671,
      0.7457925534155081,
      6.497493553438535e-16,
      3.302054057939787,
      3.152044772967311,
      3.0448194599849674,
      2.6854580125806877,
      1.8125807385810242,
      1.053334834009671,
      0.7457925534155081,
      6.497493553438535e-16,
      3.302054057939787,
      3.152044772967311,
      3.0448194599849674,
      2.6854580125806877,
      1.8125807385810242,
      1.053334834009671,
      0.7457925534155081,
      6.497493553438535e-16,
      3.302054057939787,
      3.152044772967311,
      3.0448194599849674,
      2.6854580125806877,
      1.8125807385810242,
      1.053334834009671,
      0.7457925534155081,
      6.497493553438535e-16
    ],
    "singular_values_D": [
      3.302054057939787,
      3.152044772967311,
      3.0448194599849674,
      2.6854580125806877,
      1.8125807385810242,
      1.053334834009671,
      0.7457925534155081,
      6.497493553438535e-16
    ],
    "singular_values_D_anchor": [
      7.16197743124363,
      3.17998345014597,
      3.079087996590318,
      2.7835331439783366,
      1.9002746912314525,
      1.0848125630975831,
      0.7596595800705797,
      4.1435870255705065e-16
    ],
    "root_tree_count_cv": 0.6199173498629934,
    "root_tree_count_gini": 0.34545454545454546,
    "edge_participation": [
      0.6363636363636364,
      0.45454545454545453,
      0.45454545454545453,
      0.5,
      0.6818181818181818,
      0.36363636363636365,
      0.45454545454545453,
      0.45454545454545453
    ],
    "edge_participation_mean": 0.5,
    "edge_participation_var": 0.009814049586776856,
    "edge_participation_gini": 0.10227272727272729,
    "bottleneck_edge_fraction_095": 0.0,
    "mean_shortest_path": 1.9,
    "comparison_branch_d_rel_values": [
      14,
      14,
      14
    ],
    "comparison_branch_d_rel_min": 14,
    "comparison_branch_d_rel_mean": 14.0,
    "comparison_branch_d_rel_max": 14,
    "comparison_branch_d_rel_gini": 0.0,
    "comparison_branch_common_d_rel_values": [
      14,
      14,
      14
    ],
    "comparison_branch_common_d_rel_min": 14,
    "comparison_branch_common_d_rel_mean": 14.0,
    "comparison_branch_common_d_rel_max": 14,
    "comparison_branch_common_d_rel_gini": 0.0,
    "comparison_branch_input_count_values": [
      16,
      16,
      16
    ],
    "comparison_branch_input_count_min": 16,
    "comparison_branch_input_count_mean": 16.0,
    "comparison_branch_input_count_max": 16,
    "comparison_branch_input_count_gini": 0.0,
    "comparison_branch_input_overlap_values": [
      16,
      16,
      16
    ],
    "comparison_branch_input_overlap_min": 16,
    "comparison_branch_input_overlap_mean": 16.0,
    "comparison_branch_input_overlap_max": 16,
    "comparison_branch_input_overlap_gini": 0.0,
    "in_degree": [
      2,
      1,
      1,
      1,
      3
    ],
    "out_degree": [
      1,
      2,
      2,
      2,
      1
    ],
    "in_degree_cv": 0.5,
    "out_degree_cv": 0.30618621784789724
  }
}