{
  "name": "random_sc_n5_m8_seed74",
  "family": "random_sc",
  "seed": 74,
  "n_nodes": 5,
  "edges": [
    [
      0,
      1
    ],
    [
      1,
      2
    ],
    [
      2,
      3
    ],
    [
      3,
      4
    ],
    [
      4,
      0
    ],
    [
      4,
      2
    ],
    [
      3,
      0
    ],
    [
      2,
      4
    ]
  ],
  "metrics": {
    "n_nodes": 5,
    "n_edges": 8,
    "p": 8,
    "strongly_connected": true,
    "edges": [
      [
        0,
        1
      ],
      [
        1,
        2
      ],
      [
        2,
        3
      ],
      [
        3,
        4
      ],
      [
        4,
        0
      ],
      [
        4,
        2
      ],
      [
        3,
        0
      ],
      [
        2,
        4
      ]
    ],
    "tree_counts_enum": [
      5,
      5,
      4,
      2,
      3
    ],
    "tree_counts_det": [
      5,
      5,
      4,
      2,
      3
    ],
    "tree_counts_match_det": true,
    "tree_enumeration_truncated": false,
    "max_trees_per_root": null,
    "n_trees_total_enum": 19,
    "rank_M": 8,
    "rank_D": 7,
    "rank_D_anchor": 7,
    "d_rel": 56,
    "effective_rank_D": 5.601618019364661,
    "condition_number_D": 3.2537852807362184,
    "effective_rank_D_masked": 44.81294415491727,
    "condition_number_D_masked": 3.2537852807362184,
    "singular_values_D_masked": [
      3.124087633942117,
      2.793879224328433,
      2.5369336572030607,
      2.23606797749979,
      1.5286408397468905,
      1.2784401439930821,
      0.9601394573999807,
      3.813282179879767e-16,
      3.124087633942117,
      2.793879224328433,
      2.5369336572030607,
      2.23606797749979,
      1.5286408397468905,
      1.2784401439930821,
      0.9601394573999807,
      3.813282179879767e-16,
      3.124087633942117,
      2.793879224328433,
      2.5369336572030607,
      2.23606797749979,
      1.5286408397468905,
      1.2784401439930821,
      0.9601394573999807,
      3.813282179879767e-16,
      3.124087633942117,
      2.793879224328433,
      2.5369336572030607,
      2.23606797749979,
      1.5286408397468905,
      1.2784401439930821,
      0.9601394573999807,
      3.813282179879767e-16,
      3.124087633942117,
      2.793879224328433,
      2.5369336572030607,
      2.23606797749979,
      1.5286408397468905,
      1.2784401439930821,
      0.9601394573999807,
      3.813282179879767e-16,
      3.124087633942117,
      2.793879224328433,
      2.5369336572030607,
      2.23606797749979,
      1.5286408397468905,
      1.2784401439930821,
      0.9601394573999807,
      3.813282179879767e-16,
      3.124087633942117,
      2.793879224328433,
      2.5369336572030607,
      2.23606797749979,
      1.5286408397468905,
      1.2784401439930821,
      0.9601394573999807,
      3.813282179879767e-16,
      3.124087633942117,
      2.793879224328433,
      2.5369336572030607,
      2.23606797749979,
      1.5286408397468905,
      1.2784401439930821,
      0.9601394573999807,
      3.813282179879767e-16
    ],
    "singular_values_D": [
      3.124087633942117,
      2.793879224328433,
      2.5369336572030607,
      2.23606797749979,
      1.5286408397468905,
      1.2784401439930821,
      0.9601394573999807,
      3.813282179879767e-16
    ],
    "singular_values_D_anchor": [
      6.385916232522161,
      3.0468743484331937,
      2.7235558168296468,
      2.347549800311658,
      1.550904799497826,
      1.2861269667763775,
      0.973887032445271,
      4.2737244398903495e-16
    ],
    "root_tree_count_cv": 0.3068922049918579,
    "root_tree_count_gini": 0.16842105263157903,
    "edge_participation": [
      0.7368421052631579,
      0.7368421052631579,
      0.47368421052631576,
      0.42105263157894735,
      0.5789473684210527,
      0.2631578947368421,
      0.47368421052631576,
      0.3157894736842105
    ],
    "edge_participation_mean": 0.5,
    "edge_participation_var": 0.027008310249307478,
    "edge_participation_gini": 0.18421052631578938,
    "bottleneck_edge_fraction_095": 0.0,
    "mean_shortest_path": 1.8,
    "comparison_branch_d_rel_values": [
      14,
      14,
      14
    ],
    "comparison_branch_d_rel_min": 14,
    "comparison_branch_d_rel_mean": 14.0,
    "comparison_branch_d_rel_max": 14,
    "comparison_branch_d_rel_gini": 0.0,
    "comparison_branch_common_d_rel_values": [
      14,
      14,
      14
    ],
    "comparison_branch_common_d_rel_min": 14,
    "comparison_branch_common_d_rel_mean": 14.0,
    "comparison_branch_common_d_rel_max": 14,
    "comparison_branch_common_d_rel_gini": 0.0,
    "comparison_branch_input_count_values": [
      16,
      16,
      16
    ],
    "comparison_branch_input_count_min": 16,
    "comparison_branch_input_count_mean": 16.0,
    "comparison_branch_input_count_max": 16,
    "comparison_branch_input_count_gini": 0.0,
    "comparison_branch_input_overlap_values": [
      16,
      16,
      16
    ],
    "comparison_branch_input_overlap_min": 16,
    "comparison_branch_input_overlap_mean": 16.0,
    "comparison_branch_input_overlap_max": 16,
    "comparison_branch_input_overlap_gini": 0.0,
    "in_degree": [
      2,
      1,
      2,
      1,
      2
    ],
    "out_degree": [
      1,
      1,
      2,
      2,
      2
    ],
    "in_degree_cv": 0.30618621784789724,
    "out_degree_cv": 0.30618621784789724
  }
}