{
  "name": "random_sc_n5_m8_seed77",
  "family": "random_sc",
  "seed": 77,
  "n_nodes": 5,
  "edges": [
    [
      0,
      1
    ],
    [
      1,
      2
    ],
    [
      2,
      3
    ],
    [
      3,
      4
    ],
    [
      4,
      0
    ],
    [
      4,
      1
    ],
    [
      1,
      3
    ],
    [
      1,
      4
    ]
  ],
  "metrics": {
    "n_nodes": 5,
    "n_edges": 8,
    "p": 8,
    "strongly_connected": true,
    "edges": [
      [
        0,
        1
      ],
      [
        1,
        2
      ],
      [
        2,
        3
      ],
      [
        3,
        4
      ],
      [
        4,
        0
      ],
      [
        4,
        1
      ],
      [
        1,
        3
      ],
      [
        1,
        4
      ]
    ],
    "tree_counts_enum": [
      3,
      2,
      2,
      4,
      3
    ],
    "tree_counts_det": [
      3,
      2,
      2,
      4,
      3
    ],
    "tree_counts_match_det": true,
    "tree_enumeration_truncated": false,
    "max_trees_per_root": null,
    "n_trees_total_enum": 14,
    "rank_M": 8,
    "rank_D": 7,
    "rank_D_anchor": 7,
    "d_rel": 56,
    "effective_rank_D": 5.6215941581755455,
    "condition_number_D": 2.7981637033356654,
    "effective_rank_D_masked": 44.972753265404386,
    "condition_number_D_masked": 2.7981637033356654,
    "singular_values_D_masked": [
      2.552453664114698,
      2.314153060290277,
      1.9155914200725155,
      1.4142135623730951,
      1.3067209327753966,
      1.098313093941357,
      0.912188826219117,
      2.56832954112907e-16,
      2.552453664114698,
      2.314153060290277,
      1.9155914200725155,
      1.4142135623730951,
      1.3067209327753966,
      1.098313093941357,
      0.912188826219117,
      2.56832954112907e-16,
      2.552453664114698,
      2.314153060290277,
      1.9155914200725155,
      1.4142135623730951,
      1.3067209327753966,
      1.098313093941357,
      0.912188826219117,
      2.56832954112907e-16,
      2.552453664114698,
      2.314153060290277,
      1.9155914200725155,
      1.4142135623730951,
      1.3067209327753966,
      1.098313093941357,
      0.912188826219117,
      2.56832954112907e-16,
      2.552453664114698,
      2.314153060290277,
      1.9155914200725155,
      1.4142135623730951,
      1.3067209327753966,
      1.098313093941357,
      0.912188826219117,
      2.56832954112907e-16,
      2.552453664114698,
      2.314153060290277,
      1.9155914200725155,
      1.4142135623730951,
      1.3067209327753966,
      1.098313093941357,
      0.912188826219117,
      2.56832954112907e-16,
      2.552453664114698,
      2.314153060290277,
      1.9155914200725155,
      1.4142135623730951,
      1.3067209327753966,
      1.098313093941357,
      0.912188826219117,
      2.56832954112907e-16,
      2.552453664114698,
      2.314153060290277,
      1.9155914200725155,
      1.4142135623730951,
      1.3067209327753966,
      1.098313093941357,
      0.912188826219117,
      2.56832954112907e-16
    ],
    "singular_values_D": [
      2.552453664114698,
      2.314153060290277,
      1.9155914200725155,
      1.4142135623730951,
      1.3067209327753966,
      1.098313093941357,
      0.912188826219117,
      2.56832954112907e-16
    ],
    "singular_values_D_anchor": [
      5.045768251069351,
      2.460763315031704,
      1.9447158122997292,
      1.5831534496432305,
      1.4142135623730956,
      1.1654181388536131,
      0.9156269927212953,
      3.2994874013354705e-16
    ],
    "root_tree_count_cv": 0.2672612419124244,
    "root_tree_count_gini": 0.1428571428571428,
    "edge_participation": [
      0.7857142857142857,
      0.42857142857142855,
      0.8571428571428571,
      0.7142857142857143,
      0.5,
      0.2857142857142857,
      0.2857142857142857,
      0.14285714285714285
    ],
    "edge_participation_mean": 0.5,
    "edge_participation_var": 0.05994897959183673,
    "edge_participation_gini": 0.2767857142857142,
    "bottleneck_edge_fraction_095": 0.0,
    "mean_shortest_path": 1.75,
    "comparison_branch_d_rel_values": [
      14,
      14,
      14
    ],
    "comparison_branch_d_rel_min": 14,
    "comparison_branch_d_rel_mean": 14.0,
    "comparison_branch_d_rel_max": 14,
    "comparison_branch_d_rel_gini": 0.0,
    "comparison_branch_common_d_rel_values": [
      14,
      14,
      14
    ],
    "comparison_branch_common_d_rel_min": 14,
    "comparison_branch_common_d_rel_mean": 14.0,
    "comparison_branch_common_d_rel_max": 14,
    "comparison_branch_common_d_rel_gini": 0.0,
    "comparison_branch_input_count_values": [
      16,
      16,
      16
    ],
    "comparison_branch_input_count_min": 16,
    "comparison_branch_input_count_mean": 16.0,
    "comparison_branch_input_count_max": 16,
    "comparison_branch_input_count_gini": 0.0,
    "comparison_branch_input_overlap_values": [
      16,
      16,
      16
    ],
    "comparison_branch_input_overlap_min": 16,
    "comparison_branch_input_overlap_mean": 16.0,
    "comparison_branch_input_overlap_max": 16,
    "comparison_branch_input_overlap_gini": 0.0,
    "in_degree": [
      1,
      2,
      1,
      2,
      2
    ],
    "out_degree": [
      1,
      3,
      1,
      1,
      2
    ],
    "in_degree_cv": 0.30618621784789724,
    "out_degree_cv": 0.5
  }
}