{
  "name": "random_sc_n5_m8_seed83",
  "family": "random_sc",
  "seed": 83,
  "n_nodes": 5,
  "edges": [
    [
      0,
      1
    ],
    [
      1,
      2
    ],
    [
      2,
      3
    ],
    [
      3,
      4
    ],
    [
      4,
      0
    ],
    [
      2,
      1
    ],
    [
      4,
      2
    ],
    [
      4,
      3
    ]
  ],
  "metrics": {
    "n_nodes": 5,
    "n_edges": 8,
    "p": 8,
    "strongly_connected": true,
    "edges": [
      [
        0,
        1
      ],
      [
        1,
        2
      ],
      [
        2,
        3
      ],
      [
        3,
        4
      ],
      [
        4,
        0
      ],
      [
        2,
        1
      ],
      [
        4,
        2
      ],
      [
        4,
        3
      ]
    ],
    "tree_counts_enum": [
      1,
      3,
      2,
      3,
      1
    ],
    "tree_counts_det": [
      1,
      3,
      2,
      3,
      1
    ],
    "tree_counts_match_det": true,
    "tree_enumeration_truncated": false,
    "max_trees_per_root": null,
    "n_trees_total_enum": 10,
    "rank_M": 8,
    "rank_D": 7,
    "rank_D_anchor": 7,
    "d_rel": 56,
    "effective_rank_D": 4.9105552173098355,
    "condition_number_D": 4.302603456669934,
    "effective_rank_D_masked": 39.28444173847867,
    "condition_number_D_masked": 4.302603456669934,
    "singular_values_D_masked": [
      2.336347624372794,
      2.0463474067022,
      1.3546601612653058,
      1.0712909228039957,
      1.0,
      0.8223844033068436,
      0.5430078899674027,
      1.81617102331817e-16,
      2.336347624372794,
      2.0463474067022,
      1.3546601612653058,
      1.0712909228039957,
      1.0,
      0.8223844033068436,
      0.5430078899674027,
      1.81617102331817e-16,
      2.336347624372794,
      2.0463474067022,
      1.3546601612653058,
      1.0712909228039957,
      1.0,
      0.8223844033068436,
      0.5430078899674027,
      1.81617102331817e-16,
      2.336347624372794,
      2.0463474067022,
      1.3546601612653058,
      1.0712909228039957,
      1.0,
      0.8223844033068436,
      0.5430078899674027,
      1.81617102331817e-16,
      2.336347624372794,
      2.0463474067022,
      1.3546601612653058,
      1.0712909228039957,
      1.0,
      0.8223844033068436,
      0.5430078899674027,
      1.81617102331817e-16,
      2.336347624372794,
      2.0463474067022,
      1.3546601612653058,
      1.0712909228039957,
      1.0,
      0.8223844033068436,
      0.5430078899674027,
      1.81617102331817e-16,
      2.336347624372794,
      2.0463474067022,
      1.3546601612653058,
      1.0712909228039957,
      1.0,
      0.8223844033068436,
      0.5430078899674027,
      1.81617102331817e-16,
      2.336347624372794,
      2.0463474067022,
      1.3546601612653058,
      1.0712909228039957,
      1.0,
      0.8223844033068436,
      0.5430078899674027,
      1.81617102331817e-16
    ],
    "singular_values_D": [
      2.336347624372794,
      2.0463474067022,
      1.3546601612653058,
      1.0712909228039957,
      1.0,
      0.8223844033068436,
      0.5430078899674027,
      1.81617102331817e-16
    ],
    "singular_values_D_anchor": [
      4.298035520634705,
      2.2961621186936707,
      1.63157782995462,
      1.186813411793655,
      0.9999999999999998,
      0.9422817735410203,
      0.5441166765301437,
      7.643965036716925e-17
    ],
    "root_tree_count_cv": 0.4472135954999579,
    "root_tree_count_gini": 0.24,
    "edge_participation": [
      0.9,
      0.7,
      0.6,
      0.7,
      0.5,
      0.2,
      0.3,
      0.1
    ],
    "edge_participation_mean": 0.5,
    "edge_participation_var": 0.0675,
    "edge_participation_gini": 0.29374999999999973,
    "bottleneck_edge_fraction_095": 0.0,
    "mean_shortest_path": 2.0,
    "comparison_branch_d_rel_values": [
      14,
      14,
      14
    ],
    "comparison_branch_d_rel_min": 14,
    "comparison_branch_d_rel_mean": 14.0,
    "comparison_branch_d_rel_max": 14,
    "comparison_branch_d_rel_gini": 0.0,
    "comparison_branch_common_d_rel_values": [
      14,
      14,
      14
    ],
    "comparison_branch_common_d_rel_min": 14,
    "comparison_branch_common_d_rel_mean": 14.0,
    "comparison_branch_common_d_rel_max": 14,
    "comparison_branch_common_d_rel_gini": 0.0,
    "comparison_branch_input_count_values": [
      16,
      16,
      16
    ],
    "comparison_branch_input_count_min": 16,
    "comparison_branch_input_count_mean": 16.0,
    "comparison_branch_input_count_max": 16,
    "comparison_branch_input_count_gini": 0.0,
    "comparison_branch_input_overlap_values": [
      16,
      16,
      16
    ],
    "comparison_branch_input_overlap_min": 16,
    "comparison_branch_input_overlap_mean": 16.0,
    "comparison_branch_input_overlap_max": 16,
    "comparison_branch_input_overlap_gini": 0.0,
    "in_degree": [
      1,
      2,
      2,
      2,
      1
    ],
    "out_degree": [
      1,
      1,
      2,
      1,
      3
    ],
    "in_degree_cv": 0.30618621784789724,
    "out_degree_cv": 0.5
  }
}