{
  "name": "random_sc_n5_m8_seed90",
  "family": "random_sc",
  "seed": 90,
  "n_nodes": 5,
  "edges": [
    [
      0,
      1
    ],
    [
      1,
      2
    ],
    [
      2,
      3
    ],
    [
      3,
      4
    ],
    [
      4,
      0
    ],
    [
      1,
      0
    ],
    [
      3,
      2
    ],
    [
      0,
      3
    ]
  ],
  "metrics": {
    "n_nodes": 5,
    "n_edges": 8,
    "p": 8,
    "strongly_connected": true,
    "edges": [
      [
        0,
        1
      ],
      [
        1,
        2
      ],
      [
        2,
        3
      ],
      [
        3,
        4
      ],
      [
        4,
        0
      ],
      [
        1,
        0
      ],
      [
        3,
        2
      ],
      [
        0,
        3
      ]
    ],
    "tree_counts_enum": [
      2,
      1,
      4,
      3,
      3
    ],
    "tree_counts_det": [
      2,
      1,
      4,
      3,
      3
    ],
    "tree_counts_match_det": true,
    "tree_enumeration_truncated": false,
    "max_trees_per_root": null,
    "n_trees_total_enum": 13,
    "rank_M": 8,
    "rank_D": 7,
    "rank_D_anchor": 7,
    "d_rel": 56,
    "effective_rank_D": 4.838868231888073,
    "condition_number_D": 4.294493173627743,
    "effective_rank_D_masked": 38.7109458551046,
    "condition_number_D_masked": 4.294493173627743,
    "singular_values_D_masked": [
      2.791057394472053,
      2.6243404317485663,
      1.8874061248821152,
      1.48576589132382,
      1.159965871229586,
      0.7445492801248222,
      0.6499154339356713,
      2.6411783962572463e-16,
      2.791057394472053,
      2.6243404317485663,
      1.8874061248821152,
      1.48576589132382,
      1.159965871229586,
      0.7445492801248222,
      0.6499154339356713,
      2.6411783962572463e-16,
      2.791057394472053,
      2.6243404317485663,
      1.8874061248821152,
      1.48576589132382,
      1.159965871229586,
      0.7445492801248222,
      0.6499154339356713,
      2.6411783962572463e-16,
      2.791057394472053,
      2.6243404317485663,
      1.8874061248821152,
      1.48576589132382,
      1.159965871229586,
      0.7445492801248222,
      0.6499154339356713,
      2.6411783962572463e-16,
      2.791057394472053,
      2.6243404317485663,
      1.8874061248821152,
      1.48576589132382,
      1.159965871229586,
      0.7445492801248222,
      0.6499154339356713,
      2.6411783962572463e-16,
      2.791057394472053,
      2.6243404317485663,
      1.8874061248821152,
      1.48576589132382,
      1.159965871229586,
      0.7445492801248222,
      0.6499154339356713,
      2.6411783962572463e-16,
      2.791057394472053,
      2.6243404317485663,
      1.8874061248821152,
      1.48576589132382,
      1.159965871229586,
      0.7445492801248222,
      0.6499154339356713,
      2.6411783962572463e-16,
      2.791057394472053,
      2.6243404317485663,
      1.8874061248821152,
      1.48576589132382,
      1.159965871229586,
      0.7445492801248222,
      0.6499154339356713,
      2.6411783962572463e-16
    ],
    "singular_values_D": [
      2.791057394472053,
      2.6243404317485663,
      1.8874061248821152,
      1.48576589132382,
      1.159965871229586,
      0.7445492801248222,
      0.6499154339356713,
      2.6411783962572463e-16
    ],
    "singular_values_D_anchor": [
      4.193588320483853,
      2.6910592451455226,
      2.1676415451650137,
      1.8365864914051309,
      1.4384654320994545,
      0.7749026246165073,
      0.6562320105712842,
      2.5113196057106434e-16
    ],
    "root_tree_count_cv": 0.3922322702763681,
    "root_tree_count_gini": 0.2153846153846155,
    "edge_participation": [
      0.38461538461538464,
      0.6153846153846154,
      0.6923076923076923,
      0.5384615384615384,
      0.7692307692307693,
      0.3076923076923077,
      0.23076923076923078,
      0.46153846153846156
    ],
    "edge_participation_mean": 0.5,
    "edge_participation_var": 0.03106508875739645,
    "edge_participation_gini": 0.2019230769230771,
    "bottleneck_edge_fraction_095": 0.0,
    "mean_shortest_path": 1.9,
    "comparison_branch_d_rel_values": [
      14,
      14,
      14
    ],
    "comparison_branch_d_rel_min": 14,
    "comparison_branch_d_rel_mean": 14.0,
    "comparison_branch_d_rel_max": 14,
    "comparison_branch_d_rel_gini": 0.0,
    "comparison_branch_common_d_rel_values": [
      14,
      14,
      14
    ],
    "comparison_branch_common_d_rel_min": 14,
    "comparison_branch_common_d_rel_mean": 14.0,
    "comparison_branch_common_d_rel_max": 14,
    "comparison_branch_common_d_rel_gini": 0.0,
    "comparison_branch_input_count_values": [
      16,
      16,
      16
    ],
    "comparison_branch_input_count_min": 16,
    "comparison_branch_input_count_mean": 16.0,
    "comparison_branch_input_count_max": 16,
    "comparison_branch_input_count_gini": 0.0,
    "comparison_branch_input_overlap_values": [
      16,
      16,
      16
    ],
    "comparison_branch_input_overlap_min": 16,
    "comparison_branch_input_overlap_mean": 16.0,
    "comparison_branch_input_overlap_max": 16,
    "comparison_branch_input_overlap_gini": 0.0,
    "in_degree": [
      2,
      1,
      2,
      2,
      1
    ],
    "out_degree": [
      2,
      2,
      1,
      2,
      1
    ],
    "in_degree_cv": 0.30618621784789724,
    "out_degree_cv": 0.30618621784789724
  }
}