{
  "name": "random_sc_n5_m8_seed86",
  "family": "random_sc",
  "seed": 86,
  "n_nodes": 5,
  "edges": [
    [
      0,
      1
    ],
    [
      1,
      2
    ],
    [
      2,
      3
    ],
    [
      3,
      4
    ],
    [
      4,
      0
    ],
    [
      4,
      1
    ],
    [
      4,
      3
    ],
    [
      0,
      2
    ]
  ],
  "metrics": {
    "n_nodes": 5,
    "n_edges": 8,
    "p": 8,
    "strongly_connected": true,
    "edges": [
      [
        0,
        1
      ],
      [
        1,
        2
      ],
      [
        2,
        3
      ],
      [
        3,
        4
      ],
      [
        4,
        0
      ],
      [
        4,
        1
      ],
      [
        4,
        3
      ],
      [
        0,
        2
      ]
    ],
    "tree_counts_enum": [
      1,
      3,
      4,
      6,
      2
    ],
    "tree_counts_det": [
      1,
      3,
      4,
      6,
      2
    ],
    "tree_counts_match_det": true,
    "tree_enumeration_truncated": false,
    "max_trees_per_root": null,
    "n_trees_total_enum": 16,
    "rank_M": 8,
    "rank_D": 7,
    "rank_D_anchor": 7,
    "d_rel": 56,
    "effective_rank_D": 5.412996945545781,
    "condition_number_D": 4.010589712411835,
    "effective_rank_D_masked": 43.30397556436624,
    "condition_number_D_masked": 4.010589712411835,
    "singular_values_D_masked": [
      2.775009512423179,
      2.4883109574761777,
      2.381840205186303,
      1.7935808381103457,
      1.4142135623730947,
      1.0553585771476692,
      0.6919205681486628,
      4.553846828039184e-16,
      2.775009512423179,
      2.4883109574761777,
      2.381840205186303,
      1.7935808381103457,
      1.4142135623730947,
      1.0553585771476692,
      0.6919205681486628,
      4.553846828039184e-16,
      2.775009512423179,
      2.4883109574761777,
      2.381840205186303,
      1.7935808381103457,
      1.4142135623730947,
      1.0553585771476692,
      0.6919205681486628,
      4.553846828039184e-16,
      2.775009512423179,
      2.4883109574761777,
      2.381840205186303,
      1.7935808381103457,
      1.4142135623730947,
      1.0553585771476692,
      0.6919205681486628,
      4.553846828039184e-16,
      2.775009512423179,
      2.4883109574761777,
      2.381840205186303,
      1.7935808381103457,
      1.4142135623730947,
      1.0553585771476692,
      0.6919205681486628,
      4.553846828039184e-16,
      2.775009512423179,
      2.4883109574761777,
      2.381840205186303,
      1.7935808381103457,
      1.4142135623730947,
      1.0553585771476692,
      0.6919205681486628,
      4.553846828039184e-16,
      2.775009512423179,
      2.4883109574761777,
      2.381840205186303,
      1.7935808381103457,
      1.4142135623730947,
      1.0553585771476692,
      0.6919205681486628,
      4.553846828039184e-16,
      2.775009512423179,
      2.4883109574761777,
      2.381840205186303,
      1.7935808381103457,
      1.4142135623730947,
      1.0553585771476692,
      0.6919205681486628,
      4.553846828039184e-16
    ],
    "singular_values_D": [
      2.775009512423179,
      2.4883109574761777,
      2.381840205186303,
      1.7935808381103457,
      1.4142135623730947,
      1.0553585771476692,
      0.6919205681486628,
      4.553846828039184e-16
    ],
    "singular_values_D_anchor": [
      4.863090736800647,
      2.7609129266219528,
      2.428505147565848,
      1.934491221916975,
      1.5044708075156985,
      1.4142135623730958,
      0.9079550358696071,
      1.8860804237534433e-16
    ],
    "root_tree_count_cv": 0.5376453291901642,
    "root_tree_count_gini": 0.30000000000000004,
    "edge_participation": [
      0.5,
      0.8125,
      0.75,
      0.625,
      0.375,
      0.375,
      0.125,
      0.4375
    ],
    "edge_participation_mean": 0.5,
    "edge_participation_var": 0.0439453125,
    "edge_participation_gini": 0.234375,
    "bottleneck_edge_fraction_095": 0.0,
    "mean_shortest_path": 1.95,
    "comparison_branch_d_rel_values": [
      14,
      14,
      14
    ],
    "comparison_branch_d_rel_min": 14,
    "comparison_branch_d_rel_mean": 14.0,
    "comparison_branch_d_rel_max": 14,
    "comparison_branch_d_rel_gini": 0.0,
    "comparison_branch_common_d_rel_values": [
      14,
      14,
      14
    ],
    "comparison_branch_common_d_rel_min": 14,
    "comparison_branch_common_d_rel_mean": 14.0,
    "comparison_branch_common_d_rel_max": 14,
    "comparison_branch_common_d_rel_gini": 0.0,
    "comparison_branch_input_count_values": [
      16,
      16,
      16
    ],
    "comparison_branch_input_count_min": 16,
    "comparison_branch_input_count_mean": 16.0,
    "comparison_branch_input_count_max": 16,
    "comparison_branch_input_count_gini": 0.0,
    "comparison_branch_input_overlap_values": [
      16,
      16,
      16
    ],
    "comparison_branch_input_overlap_min": 16,
    "comparison_branch_input_overlap_mean": 16.0,
    "comparison_branch_input_overlap_max": 16,
    "comparison_branch_input_overlap_gini": 0.0,
    "in_degree": [
      1,
      2,
      2,
      2,
      1
    ],
    "out_degree": [
      2,
      1,
      1,
      1,
      3
    ],
    "in_degree_cv": 0.30618621784789724,
    "out_degree_cv": 0.5
  }
}