{
  "name": "random_sc_n5_m8_seed80",
  "family": "random_sc",
  "seed": 80,
  "n_nodes": 5,
  "edges": [
    [
      0,
      1
    ],
    [
      1,
      2
    ],
    [
      2,
      3
    ],
    [
      3,
      4
    ],
    [
      4,
      0
    ],
    [
      1,
      3
    ],
    [
      2,
      0
    ],
    [
      2,
      4
    ]
  ],
  "metrics": {
    "n_nodes": 5,
    "n_edges": 8,
    "p": 8,
    "strongly_connected": true,
    "edges": [
      [
        0,
        1
      ],
      [
        1,
        2
      ],
      [
        2,
        3
      ],
      [
        3,
        4
      ],
      [
        4,
        0
      ],
      [
        1,
        3
      ],
      [
        2,
        0
      ],
      [
        2,
        4
      ]
    ],
    "tree_counts_enum": [
      6,
      3,
      1,
      4,
      5
    ],
    "tree_counts_det": [
      6,
      3,
      1,
      4,
      5
    ],
    "tree_counts_match_det": true,
    "tree_enumeration_truncated": false,
    "max_trees_per_root": null,
    "n_trees_total_enum": 19,
    "rank_M": 8,
    "rank_D": 7,
    "rank_D_anchor": 7,
    "d_rel": 56,
    "effective_rank_D": 5.798155143460315,
    "condition_number_D": 4.390644309205858,
    "effective_rank_D_masked": 46.385241147682535,
    "condition_number_D_masked": 4.390644309205858,
    "singular_values_D_masked": [
      2.9349882893118187,
      2.585601157766326,
      2.4494897427831783,
      2.1384236370231355,
      1.9999999999999996,
      1.413010935976163,
      0.6684641438975215,
      7.45129924013248e-16,
      2.9349882893118187,
      2.585601157766326,
      2.4494897427831783,
      2.1384236370231355,
      1.9999999999999996,
      1.413010935976163,
      0.6684641438975215,
      7.45129924013248e-16,
      2.9349882893118187,
      2.585601157766326,
      2.4494897427831783,
      2.1384236370231355,
      1.9999999999999996,
      1.413010935976163,
      0.6684641438975215,
      7.45129924013248e-16,
      2.9349882893118187,
      2.585601157766326,
      2.4494897427831783,
      2.1384236370231355,
      1.9999999999999996,
      1.413010935976163,
      0.6684641438975215,
      7.45129924013248e-16,
      2.9349882893118187,
      2.585601157766326,
      2.4494897427831783,
      2.1384236370231355,
      1.9999999999999996,
      1.413010935976163,
      0.6684641438975215,
      7.45129924013248e-16,
      2.9349882893118187,
      2.585601157766326,
      2.4494897427831783,
      2.1384236370231355,
      1.9999999999999996,
      1.413010935976163,
      0.6684641438975215,
      7.45129924013248e-16,
      2.9349882893118187,
      2.585601157766326,
      2.4494897427831783,
      2.1384236370231355,
      1.9999999999999996,
      1.413010935976163,
      0.6684641438975215,
      7.45129924013248e-16,
      2.9349882893118187,
      2.585601157766326,
      2.4494897427831783,
      2.1384236370231355,
      1.9999999999999996,
      1.413010935976163,
      0.6684641438975215,
      7.45129924013248e-16
    ],
    "singular_values_D": [
      2.9349882893118187,
      2.585601157766326,
      2.4494897427831783,
      2.1384236370231355,
      1.9999999999999996,
      1.413010935976163,
      0.6684641438975215,
      7.45129924013248e-16
    ],
    "singular_values_D_anchor": [
      6.417466281590276,
      2.622844589613609,
      2.5286393062167076,
      2.2161676393070198,
      2.0386541718094824,
      1.4209717542722806,
      0.675370622884127,
      2.836113406554927e-16
    ],
    "root_tree_count_cv": 0.45275396142329616,
    "root_tree_count_gini": 0.25263157894736854,
    "edge_participation": [
      0.6842105263157895,
      0.3684210526315789,
      0.3684210526315789,
      0.7894736842105263,
      0.7368421052631579,
      0.47368421052631576,
      0.2631578947368421,
      0.3157894736842105
    ],
    "edge_participation_mean": 0.5,
    "edge_participation_var": 0.03739612188365651,
    "edge_participation_gini": 0.21381578947368407,
    "bottleneck_edge_fraction_095": 0.0,
    "mean_shortest_path": 1.9,
    "comparison_branch_d_rel_values": [
      14,
      14,
      14
    ],
    "comparison_branch_d_rel_min": 14,
    "comparison_branch_d_rel_mean": 14.0,
    "comparison_branch_d_rel_max": 14,
    "comparison_branch_d_rel_gini": 0.0,
    "comparison_branch_common_d_rel_values": [
      14,
      14,
      14
    ],
    "comparison_branch_common_d_rel_min": 14,
    "comparison_branch_common_d_rel_mean": 14.0,
    "comparison_branch_common_d_rel_max": 14,
    "comparison_branch_common_d_rel_gini": 0.0,
    "comparison_branch_input_count_values": [
      16,
      16,
      16
    ],
    "comparison_branch_input_count_min": 16,
    "comparison_branch_input_count_mean": 16.0,
    "comparison_branch_input_count_max": 16,
    "comparison_branch_input_count_gini": 0.0,
    "comparison_branch_input_overlap_values": [
      16,
      16,
      16
    ],
    "comparison_branch_input_overlap_min": 16,
    "comparison_branch_input_overlap_mean": 16.0,
    "comparison_branch_input_overlap_max": 16,
    "comparison_branch_input_overlap_gini": 0.0,
    "in_degree": [
      2,
      1,
      1,
      2,
      2
    ],
    "out_degree": [
      1,
      2,
      3,
      1,
      1
    ],
    "in_degree_cv": 0.30618621784789724,
    "out_degree_cv": 0.5
  }
}