{
  "name": "random_sc_n5_m8_seed91",
  "family": "random_sc",
  "seed": 91,
  "n_nodes": 5,
  "edges": [
    [
      0,
      1
    ],
    [
      1,
      2
    ],
    [
      2,
      3
    ],
    [
      3,
      4
    ],
    [
      4,
      0
    ],
    [
      0,
      3
    ],
    [
      3,
      0
    ],
    [
      0,
      4
    ]
  ],
  "metrics": {
    "n_nodes": 5,
    "n_edges": 8,
    "p": 8,
    "strongly_connected": true,
    "edges": [
      [
        0,
        1
      ],
      [
        1,
        2
      ],
      [
        2,
        3
      ],
      [
        3,
        4
      ],
      [
        4,
        0
      ],
      [
        0,
        3
      ],
      [
        3,
        0
      ],
      [
        0,
        4
      ]
    ],
    "tree_counts_enum": [
      2,
      2,
      2,
      2,
      4
    ],
    "tree_counts_det": [
      2,
      2,
      2,
      2,
      4
    ],
    "tree_counts_match_det": true,
    "tree_enumeration_truncated": false,
    "max_trees_per_root": null,
    "n_trees_total_enum": 12,
    "rank_M": 8,
    "rank_D": 7,
    "rank_D_anchor": 7,
    "d_rel": 56,
    "effective_rank_D": 5.342883140205963,
    "condition_number_D": 3.2828372974844164,
    "effective_rank_D_masked": 42.74306512164772,
    "condition_number_D_masked": 3.2828372974844164,
    "singular_values_D_masked": [
      2.4568307083834693,
      2.16017742729381,
      1.6489129533803824,
      1.4142135623730954,
      1.0789362121686499,
      0.9244008369050966,
      0.7483863760979254,
      1.4625669641780816e-16,
      2.4568307083834693,
      2.16017742729381,
      1.6489129533803824,
      1.4142135623730954,
      1.0789362121686499,
      0.9244008369050966,
      0.7483863760979254,
      1.4625669641780816e-16,
      2.4568307083834693,
      2.16017742729381,
      1.6489129533803824,
      1.4142135623730954,
      1.0789362121686499,
      0.9244008369050966,
      0.7483863760979254,
      1.4625669641780816e-16,
      2.4568307083834693,
      2.16017742729381,
      1.6489129533803824,
      1.4142135623730954,
      1.0789362121686499,
      0.9244008369050966,
      0.7483863760979254,
      1.4625669641780816e-16,
      2.4568307083834693,
      2.16017742729381,
      1.6489129533803824,
      1.4142135623730954,
      1.0789362121686499,
      0.9244008369050966,
      0.7483863760979254,
      1.4625669641780816e-16,
      2.4568307083834693,
      2.16017742729381,
      1.6489129533803824,
      1.4142135623730954,
      1.0789362121686499,
      0.9244008369050966,
      0.7483863760979254,
      1.4625669641780816e-16,
      2.4568307083834693,
      2.16017742729381,
      1.6489129533803824,
      1.4142135623730954,
      1.0789362121686499,
      0.9244008369050966,
      0.7483863760979254,
      1.4625669641780816e-16,
      2.4568307083834693,
      2.16017742729381,
      1.6489129533803824,
      1.4142135623730954,
      1.0789362121686499,
      0.9244008369050966,
      0.7483863760979254,
      1.4625669641780816e-16
    ],
    "singular_values_D": [
      2.4568307083834693,
      2.16017742729381,
      1.6489129533803824,
      1.4142135623730954,
      1.0789362121686499,
      0.9244008369050966,
      0.7483863760979254,
      1.4625669641780816e-16
    ],
    "singular_values_D_anchor": [
      3.612196133363891,
      2.311136062371001,
      1.9634738191710057,
      1.5142758171481743,
      1.4142135623730951,
      0.9245710933925907,
      0.7794849579127939,
      9.7855000604345e-17
    ],
    "root_tree_count_cv": 0.33333333333333337,
    "root_tree_count_gini": 0.1333333333333333,
    "edge_participation": [
      0.5,
      0.8333333333333334,
      0.8333333333333334,
      0.5,
      0.6666666666666666,
      0.16666666666666666,
      0.3333333333333333,
      0.16666666666666666
    ],
    "edge_participation_mean": 0.5,
    "edge_participation_var": 0.0625,
    "edge_participation_gini": 0.2812500000000002,
    "bottleneck_edge_fraction_095": 0.0,
    "mean_shortest_path": 1.85,
    "comparison_branch_d_rel_values": [
      14,
      14,
      14
    ],
    "comparison_branch_d_rel_min": 14,
    "comparison_branch_d_rel_mean": 14.0,
    "comparison_branch_d_rel_max": 14,
    "comparison_branch_d_rel_gini": 0.0,
    "comparison_branch_common_d_rel_values": [
      14,
      14,
      14
    ],
    "comparison_branch_common_d_rel_min": 14,
    "comparison_branch_common_d_rel_mean": 14.0,
    "comparison_branch_common_d_rel_max": 14,
    "comparison_branch_common_d_rel_gini": 0.0,
    "comparison_branch_input_count_values": [
      16,
      16,
      16
    ],
    "comparison_branch_input_count_min": 16,
    "comparison_branch_input_count_mean": 16.0,
    "comparison_branch_input_count_max": 16,
    "comparison_branch_input_count_gini": 0.0,
    "comparison_branch_input_overlap_values": [
      16,
      16,
      16
    ],
    "comparison_branch_input_overlap_min": 16,
    "comparison_branch_input_overlap_mean": 16.0,
    "comparison_branch_input_overlap_max": 16,
    "comparison_branch_input_overlap_gini": 0.0,
    "in_degree": [
      2,
      1,
      1,
      2,
      2
    ],
    "out_degree": [
      3,
      1,
      1,
      2,
      1
    ],
    "in_degree_cv": 0.30618621784789724,
    "out_degree_cv": 0.5
  }
}