{
  "name": "random_sc_n5_m8_seed96",
  "family": "random_sc",
  "seed": 96,
  "n_nodes": 5,
  "edges": [
    [
      0,
      1
    ],
    [
      1,
      2
    ],
    [
      2,
      3
    ],
    [
      3,
      4
    ],
    [
      4,
      0
    ],
    [
      1,
      4
    ],
    [
      4,
      3
    ],
    [
      3,
      1
    ]
  ],
  "metrics": {
    "n_nodes": 5,
    "n_edges": 8,
    "p": 8,
    "strongly_connected": true,
    "edges": [
      [
        0,
        1
      ],
      [
        1,
        2
      ],
      [
        2,
        3
      ],
      [
        3,
        4
      ],
      [
        4,
        0
      ],
      [
        1,
        4
      ],
      [
        4,
        3
      ],
      [
        3,
        1
      ]
    ],
    "tree_counts_enum": [
      3,
      3,
      3,
      3,
      3
    ],
    "tree_counts_det": [
      3,
      3,
      3,
      3,
      3
    ],
    "tree_counts_match_det": true,
    "tree_enumeration_truncated": false,
    "max_trees_per_root": null,
    "n_trees_total_enum": 15,
    "rank_M": 8,
    "rank_D": 7,
    "rank_D_anchor": 7,
    "d_rel": 56,
    "effective_rank_D": 5.388337647131756,
    "condition_number_D": 2.741636520471996,
    "effective_rank_D_masked": 43.106701177054035,
    "condition_number_D_masked": 2.741636520471996,
    "singular_values_D_masked": [
      2.8039692287009075,
      2.6534464335897012,
      2.2006007941959873,
      1.394028053764499,
      1.365444953447671,
      1.0648595473187634,
      1.0227355842991837,
      1.420937791418531e-16,
      2.8039692287009075,
      2.6534464335897012,
      2.2006007941959873,
      1.394028053764499,
      1.365444953447671,
      1.0648595473187634,
      1.0227355842991837,
      1.420937791418531e-16,
      2.8039692287009075,
      2.6534464335897012,
      2.2006007941959873,
      1.394028053764499,
      1.365444953447671,
      1.0648595473187634,
      1.0227355842991837,
      1.420937791418531e-16,
      2.8039692287009075,
      2.6534464335897012,
      2.2006007941959873,
      1.394028053764499,
      1.365444953447671,
      1.0648595473187634,
      1.0227355842991837,
      1.420937791418531e-16,
      2.8039692287009075,
      2.6534464335897012,
      2.2006007941959873,
      1.394028053764499,
      1.365444953447671,
      1.0648595473187634,
      1.0227355842991837,
      1.420937791418531e-16,
      2.8039692287009075,
      2.6534464335897012,
      2.2006007941959873,
      1.394028053764499,
      1.365444953447671,
      1.0648595473187634,
      1.0227355842991837,
      1.420937791418531e-16,
      2.8039692287009075,
      2.6534464335897012,
      2.2006007941959873,
      1.394028053764499,
      1.365444953447671,
      1.0648595473187634,
      1.0227355842991837,
      1.420937791418531e-16,
      2.8039692287009075,
      2.6534464335897012,
      2.2006007941959873,
      1.394028053764499,
      1.365444953447671,
      1.0648595473187634,
      1.0227355842991837,
      1.420937791418531e-16
    ],
    "singular_values_D": [
      2.8039692287009075,
      2.6534464335897012,
      2.2006007941959873,
      1.394028053764499,
      1.365444953447671,
      1.0648595473187634,
      1.0227355842991837,
      1.420937791418531e-16
    ],
    "singular_values_D_anchor": [
      5.884855725597804,
      2.6727016662289285,
      2.2006008590761583,
      1.7721090735054272,
      1.3654536326548221,
      1.1282232589962247,
      1.0510817464871895,
      4.0217317715756973e-16
    ],
    "root_tree_count_cv": 0.0,
    "root_tree_count_gini": 0.0,
    "edge_participation": [
      0.8,
      0.4666666666666667,
      0.8,
      0.4,
      0.5333333333333333,
      0.3333333333333333,
      0.26666666666666666,
      0.4
    ],
    "edge_participation_mean": 0.5,
    "edge_participation_var": 0.03555555555555556,
    "edge_participation_gini": 0.2041666666666666,
    "bottleneck_edge_fraction_095": 0.0,
    "mean_shortest_path": 1.75,
    "comparison_branch_d_rel_values": [
      14,
      14,
      14
    ],
    "comparison_branch_d_rel_min": 14,
    "comparison_branch_d_rel_mean": 14.0,
    "comparison_branch_d_rel_max": 14,
    "comparison_branch_d_rel_gini": 0.0,
    "comparison_branch_common_d_rel_values": [
      14,
      14,
      14
    ],
    "comparison_branch_common_d_rel_min": 14,
    "comparison_branch_common_d_rel_mean": 14.0,
    "comparison_branch_common_d_rel_max": 14,
    "comparison_branch_common_d_rel_gini": 0.0,
    "comparison_branch_input_count_values": [
      16,
      16,
      16
    ],
    "comparison_branch_input_count_min": 16,
    "comparison_branch_input_count_mean": 16.0,
    "comparison_branch_input_count_max": 16,
    "comparison_branch_input_count_gini": 0.0,
    "comparison_branch_input_overlap_values": [
      16,
      16,
      16
    ],
    "comparison_branch_input_overlap_min": 16,
    "comparison_branch_input_overlap_mean": 16.0,
    "comparison_branch_input_overlap_max": 16,
    "comparison_branch_input_overlap_gini": 0.0,
    "in_degree": [
      1,
      2,
      1,
      2,
      2
    ],
    "out_degree": [
      1,
      2,
      1,
      2,
      2
    ],
    "in_degree_cv": 0.30618621784789724,
    "out_degree_cv": 0.30618621784789724
  }
}