{
  "name": "random_sc_n5_m8_seed94",
  "family": "random_sc",
  "seed": 94,
  "n_nodes": 5,
  "edges": [
    [
      0,
      1
    ],
    [
      1,
      2
    ],
    [
      2,
      3
    ],
    [
      3,
      4
    ],
    [
      4,
      0
    ],
    [
      2,
      4
    ],
    [
      0,
      4
    ],
    [
      0,
      3
    ]
  ],
  "metrics": {
    "n_nodes": 5,
    "n_edges": 8,
    "p": 8,
    "strongly_connected": true,
    "edges": [
      [
        0,
        1
      ],
      [
        1,
        2
      ],
      [
        2,
        3
      ],
      [
        3,
        4
      ],
      [
        4,
        0
      ],
      [
        2,
        4
      ],
      [
        0,
        4
      ],
      [
        0,
        3
      ]
    ],
    "tree_counts_enum": [
      2,
      2,
      1,
      3,
      6
    ],
    "tree_counts_det": [
      2,
      2,
      1,
      3,
      6
    ],
    "tree_counts_match_det": true,
    "tree_enumeration_truncated": false,
    "max_trees_per_root": null,
    "n_trees_total_enum": 14,
    "rank_M": 8,
    "rank_D": 7,
    "rank_D_anchor": 7,
    "d_rel": 56,
    "effective_rank_D": 5.285432179831319,
    "condition_number_D": 3.8643355716788124,
    "effective_rank_D_masked": 42.28345743865055,
    "condition_number_D_masked": 3.8643355716788124,
    "singular_values_D_masked": [
      2.607828299540548,
      2.3961432580958903,
      2.1962796067393433,
      1.4142135623730954,
      1.233318898329376,
      1.0421923141674387,
      0.6748451968439194,
      3.0231365726050144e-16,
      2.607828299540548,
      2.3961432580958903,
      2.1962796067393433,
      1.4142135623730954,
      1.233318898329376,
      1.0421923141674387,
      0.6748451968439194,
      3.0231365726050144e-16,
      2.607828299540548,
      2.3961432580958903,
      2.1962796067393433,
      1.4142135623730954,
      1.233318898329376,
      1.0421923141674387,
      0.6748451968439194,
      3.0231365726050144e-16,
      2.607828299540548,
      2.3961432580958903,
      2.1962796067393433,
      1.4142135623730954,
      1.233318898329376,
      1.0421923141674387,
      0.6748451968439194,
      3.0231365726050144e-16,
      2.607828299540548,
      2.3961432580958903,
      2.1962796067393433,
      1.4142135623730954,
      1.233318898329376,
      1.0421923141674387,
      0.6748451968439194,
      3.0231365726050144e-16,
      2.607828299540548,
      2.3961432580958903,
      2.1962796067393433,
      1.4142135623730954,
      1.233318898329376,
      1.0421923141674387,
      0.6748451968439194,
      3.0231365726050144e-16,
      2.607828299540548,
      2.3961432580958903,
      2.1962796067393433,
      1.4142135623730954,
      1.233318898329376,
      1.0421923141674387,
      0.6748451968439194,
      3.0231365726050144e-16,
      2.607828299540548,
      2.3961432580958903,
      2.1962796067393433,
      1.4142135623730954,
      1.233318898329376,
      1.0421923141674387,
      0.6748451968439194,
      3.0231365726050144e-16
    ],
    "singular_values_D": [
      2.607828299540548,
      2.3961432580958903,
      2.1962796067393433,
      1.4142135623730954,
      1.233318898329376,
      1.0421923141674387,
      0.6748451968439194,
      3.0231365726050144e-16
    ],
    "singular_values_D_anchor": [
      4.212006174166145,
      2.4350311309545396,
      2.197668393088638,
      1.9999999999999996,
      1.2869549385070835,
      1.1525151698087968,
      0.7178696146937534,
      2.4957314323518006e-16
    ],
    "root_tree_count_cv": 0.614451804788759,
    "root_tree_count_gini": 0.3142857142857143,
    "edge_participation": [
      0.42857142857142855,
      0.8571428571428571,
      0.5,
      0.7857142857142857,
      0.5714285714285714,
      0.42857142857142855,
      0.14285714285714285,
      0.2857142857142857
    ],
    "edge_participation_mean": 0.5,
    "edge_participation_var": 0.04974489795918367,
    "edge_participation_gini": 0.25,
    "bottleneck_edge_fraction_095": 0.0,
    "mean_shortest_path": 1.9,
    "comparison_branch_d_rel_values": [
      14,
      14,
      14
    ],
    "comparison_branch_d_rel_min": 14,
    "comparison_branch_d_rel_mean": 14.0,
    "comparison_branch_d_rel_max": 14,
    "comparison_branch_d_rel_gini": 0.0,
    "comparison_branch_common_d_rel_values": [
      14,
      14,
      14
    ],
    "comparison_branch_common_d_rel_min": 14,
    "comparison_branch_common_d_rel_mean": 14.0,
    "comparison_branch_common_d_rel_max": 14,
    "comparison_branch_common_d_rel_gini": 0.0,
    "comparison_branch_input_count_values": [
      16,
      16,
      16
    ],
    "comparison_branch_input_count_min": 16,
    "comparison_branch_input_count_mean": 16.0,
    "comparison_branch_input_count_max": 16,
    "comparison_branch_input_count_gini": 0.0,
    "comparison_branch_input_overlap_values": [
      16,
      16,
      16
    ],
    "comparison_branch_input_overlap_min": 16,
    "comparison_branch_input_overlap_mean": 16.0,
    "comparison_branch_input_overlap_max": 16,
    "comparison_branch_input_overlap_gini": 0.0,
    "in_degree": [
      1,
      1,
      1,
      2,
      3
    ],
    "out_degree": [
      3,
      1,
      2,
      1,
      1
    ],
    "in_degree_cv": 0.5,
    "out_degree_cv": 0.5
  }
}