{
  "name": "degree_balanced_n5_m8_seed2",
  "family": "degree_balanced",
  "seed": 2,
  "n_nodes": 5,
  "edges": [
    [
      0,
      1
    ],
    [
      1,
      2
    ],
    [
      2,
      3
    ],
    [
      3,
      4
    ],
    [
      4,
      0
    ],
    [
      3,
      2
    ],
    [
      2,
      0
    ],
    [
      0,
      4
    ]
  ],
  "metrics": {
    "n_nodes": 5,
    "n_edges": 8,
    "p": 8,
    "strongly_connected": true,
    "edges": [
      [
        0,
        1
      ],
      [
        1,
        2
      ],
      [
        2,
        3
      ],
      [
        3,
        4
      ],
      [
        4,
        0
      ],
      [
        3,
        2
      ],
      [
        2,
        0
      ],
      [
        0,
        4
      ]
    ],
    "tree_counts_enum": [
      3,
      3,
      2,
      1,
      4
    ],
    "tree_counts_det": [
      3,
      3,
      2,
      1,
      4
    ],
    "tree_counts_match_det": true,
    "tree_enumeration_truncated": false,
    "max_trees_per_root": null,
    "n_trees_total_enum": 13,
    "rank_M": 8,
    "rank_D": 7,
    "rank_D_anchor": 7,
    "d_rel": 56,
    "effective_rank_D": 4.838868231888074,
    "condition_number_D": 4.2944931736277425,
    "effective_rank_D_masked": 38.7109458551046,
    "condition_number_D_masked": 4.2944931736277425,
    "singular_values_D_masked": [
      2.791057394472053,
      2.6243404317485672,
      1.887406124882116,
      1.4857658913238203,
      1.159965871229586,
      0.7445492801248222,
      0.6499154339356714,
      2.8556248020666563e-16,
      2.791057394472053,
      2.6243404317485672,
      1.887406124882116,
      1.4857658913238203,
      1.159965871229586,
      0.7445492801248222,
      0.6499154339356714,
      2.8556248020666563e-16,
      2.791057394472053,
      2.6243404317485672,
      1.887406124882116,
      1.4857658913238203,
      1.159965871229586,
      0.7445492801248222,
      0.6499154339356714,
      2.8556248020666563e-16,
      2.791057394472053,
      2.6243404317485672,
      1.887406124882116,
      1.4857658913238203,
      1.159965871229586,
      0.7445492801248222,
      0.6499154339356714,
      2.8556248020666563e-16,
      2.791057394472053,
      2.6243404317485672,
      1.887406124882116,
      1.4857658913238203,
      1.159965871229586,
      0.7445492801248222,
      0.6499154339356714,
      2.8556248020666563e-16,
      2.791057394472053,
      2.6243404317485672,
      1.887406124882116,
      1.4857658913238203,
      1.159965871229586,
      0.7445492801248222,
      0.6499154339356714,
      2.8556248020666563e-16,
      2.791057394472053,
      2.6243404317485672,
      1.887406124882116,
      1.4857658913238203,
      1.159965871229586,
      0.7445492801248222,
      0.6499154339356714,
      2.8556248020666563e-16,
      2.791057394472053,
      2.6243404317485672,
      1.887406124882116,
      1.4857658913238203,
      1.159965871229586,
      0.7445492801248222,
      0.6499154339356714,
      2.8556248020666563e-16
    ],
    "singular_values_D": [
      2.791057394472053,
      2.6243404317485672,
      1.887406124882116,
      1.4857658913238203,
      1.159965871229586,
      0.7445492801248222,
      0.6499154339356714,
      2.8556248020666563e-16
    ],
    "singular_values_D_anchor": [
      4.749514070484506,
      2.6422633411229506,
      2.0911234451973995,
      1.8738296393088245,
      1.2466206915086606,
      0.7668047364846401,
      0.6591457333763068,
      1.9876111394579717e-16
    ],
    "root_tree_count_cv": 0.3922322702763681,
    "root_tree_count_gini": 0.2153846153846155,
    "edge_participation": [
      0.5384615384615384,
      0.7692307692307693,
      0.38461538461538464,
      0.6153846153846154,
      0.6923076923076923,
      0.3076923076923077,
      0.46153846153846156,
      0.23076923076923078
    ],
    "edge_participation_mean": 0.5,
    "edge_participation_var": 0.03106508875739645,
    "edge_participation_gini": 0.2019230769230771,
    "bottleneck_edge_fraction_095": 0.0,
    "mean_shortest_path": 1.9,
    "comparison_branch_d_rel_values": [
      14,
      14,
      14
    ],
    "comparison_branch_d_rel_min": 14,
    "comparison_branch_d_rel_mean": 14.0,
    "comparison_branch_d_rel_max": 14,
    "comparison_branch_d_rel_gini": 0.0,
    "comparison_branch_common_d_rel_values": [
      14,
      14,
      14
    ],
    "comparison_branch_common_d_rel_min": 14,
    "comparison_branch_common_d_rel_mean": 14.0,
    "comparison_branch_common_d_rel_max": 14,
    "comparison_branch_common_d_rel_gini": 0.0,
    "comparison_branch_input_count_values": [
      16,
      16,
      16
    ],
    "comparison_branch_input_count_min": 16,
    "comparison_branch_input_count_mean": 16.0,
    "comparison_branch_input_count_max": 16,
    "comparison_branch_input_count_gini": 0.0,
    "comparison_branch_input_overlap_values": [
      16,
      16,
      16
    ],
    "comparison_branch_input_overlap_min": 16,
    "comparison_branch_input_overlap_mean": 16.0,
    "comparison_branch_input_overlap_max": 16,
    "comparison_branch_input_overlap_gini": 0.0,
    "in_degree": [
      2,
      1,
      2,
      1,
      2
    ],
    "out_degree": [
      2,
      1,
      2,
      2,
      1
    ],
    "in_degree_cv": 0.30618621784789724,
    "out_degree_cv": 0.30618621784789724
  }
}