{
  "name": "degree_balanced_n5_m8_seed5",
  "family": "degree_balanced",
  "seed": 5,
  "n_nodes": 5,
  "edges": [
    [
      0,
      1
    ],
    [
      1,
      2
    ],
    [
      2,
      3
    ],
    [
      3,
      4
    ],
    [
      4,
      0
    ],
    [
      3,
      2
    ],
    [
      4,
      1
    ],
    [
      1,
      0
    ]
  ],
  "metrics": {
    "n_nodes": 5,
    "n_edges": 8,
    "p": 8,
    "strongly_connected": true,
    "edges": [
      [
        0,
        1
      ],
      [
        1,
        2
      ],
      [
        2,
        3
      ],
      [
        3,
        4
      ],
      [
        4,
        0
      ],
      [
        3,
        2
      ],
      [
        4,
        1
      ],
      [
        1,
        0
      ]
    ],
    "tree_counts_enum": [
      3,
      2,
      4,
      2,
      1
    ],
    "tree_counts_det": [
      3,
      2,
      4,
      2,
      1
    ],
    "tree_counts_match_det": true,
    "tree_enumeration_truncated": false,
    "max_trees_per_root": null,
    "n_trees_total_enum": 12,
    "rank_M": 8,
    "rank_D": 7,
    "rank_D_anchor": 7,
    "d_rel": 56,
    "effective_rank_D": 4.842347370620149,
    "condition_number_D": 4.346173774629912,
    "effective_rank_D_masked": 38.738778964961156,
    "condition_number_D_masked": 4.346173774629912,
    "singular_values_D_masked": [
      2.7064176488275544,
      2.3447041076764608,
      1.545653520654114,
      1.4142135623730951,
      1.1766752377067142,
      0.7185301786048348,
      0.6227127098842276,
      1.6605138443164843e-16,
      2.7064176488275544,
      2.3447041076764608,
      1.545653520654114,
      1.4142135623730951,
      1.1766752377067142,
      0.7185301786048348,
      0.6227127098842276,
      1.6605138443164843e-16,
      2.7064176488275544,
      2.3447041076764608,
      1.545653520654114,
      1.4142135623730951,
      1.1766752377067142,
      0.7185301786048348,
      0.6227127098842276,
      1.6605138443164843e-16,
      2.7064176488275544,
      2.3447041076764608,
      1.545653520654114,
      1.4142135623730951,
      1.1766752377067142,
      0.7185301786048348,
      0.6227127098842276,
      1.6605138443164843e-16,
      2.7064176488275544,
      2.3447041076764608,
      1.545653520654114,
      1.4142135623730951,
      1.1766752377067142,
      0.7185301786048348,
      0.6227127098842276,
      1.6605138443164843e-16,
      2.7064176488275544,
      2.3447041076764608,
      1.545653520654114,
      1.4142135623730951,
      1.1766752377067142,
      0.7185301786048348,
      0.6227127098842276,
      1.6605138443164843e-16,
      2.7064176488275544,
      2.3447041076764608,
      1.545653520654114,
      1.4142135623730951,
      1.1766752377067142,
      0.7185301786048348,
      0.6227127098842276,
      1.6605138443164843e-16,
      2.7064176488275544,
      2.3447041076764608,
      1.545653520654114,
      1.4142135623730951,
      1.1766752377067142,
      0.7185301786048348,
      0.6227127098842276,
      1.6605138443164843e-16
    ],
    "singular_values_D": [
      2.7064176488275544,
      2.3447041076764608,
      1.545653520654114,
      1.4142135623730951,
      1.1766752377067142,
      0.7185301786048348,
      0.6227127098842276,
      1.6605138443164843e-16
    ],
    "singular_values_D_anchor": [
      4.565817566857183,
      2.57862117242089,
      1.7296817341579427,
      1.5372337504186764,
      1.4142135623730947,
      0.7965805654305733,
      0.7173532555118582,
      1.948887147393173e-16
    ],
    "root_tree_count_cv": 0.4249182927993988,
    "root_tree_count_gini": 0.2333333333333334,
    "edge_participation": [
      0.75,
      0.6666666666666666,
      0.6666666666666666,
      0.6666666666666666,
      0.5,
      0.16666666666666666,
      0.4166666666666667,
      0.16666666666666666
    ],
    "edge_participation_mean": 0.5,
    "edge_participation_var": 0.046875,
    "edge_participation_gini": 0.234375,
    "bottleneck_edge_fraction_095": 0.0,
    "mean_shortest_path": 1.95,
    "comparison_branch_d_rel_values": [
      14,
      14,
      14
    ],
    "comparison_branch_d_rel_min": 14,
    "comparison_branch_d_rel_mean": 14.0,
    "comparison_branch_d_rel_max": 14,
    "comparison_branch_d_rel_gini": 0.0,
    "comparison_branch_common_d_rel_values": [
      14,
      14,
      14
    ],
    "comparison_branch_common_d_rel_min": 14,
    "comparison_branch_common_d_rel_mean": 14.0,
    "comparison_branch_common_d_rel_max": 14,
    "comparison_branch_common_d_rel_gini": 0.0,
    "comparison_branch_input_count_values": [
      16,
      16,
      16
    ],
    "comparison_branch_input_count_min": 16,
    "comparison_branch_input_count_mean": 16.0,
    "comparison_branch_input_count_max": 16,
    "comparison_branch_input_count_gini": 0.0,
    "comparison_branch_input_overlap_values": [
      16,
      16,
      16
    ],
    "comparison_branch_input_overlap_min": 16,
    "comparison_branch_input_overlap_mean": 16.0,
    "comparison_branch_input_overlap_max": 16,
    "comparison_branch_input_overlap_gini": 0.0,
    "in_degree": [
      2,
      2,
      2,
      1,
      1
    ],
    "out_degree": [
      1,
      2,
      1,
      2,
      2
    ],
    "in_degree_cv": 0.30618621784789724,
    "out_degree_cv": 0.30618621784789724
  }
}