{
  "name": "random_sc_n5_m8_seed95",
  "family": "random_sc",
  "seed": 95,
  "n_nodes": 5,
  "edges": [
    [
      0,
      1
    ],
    [
      1,
      2
    ],
    [
      2,
      3
    ],
    [
      3,
      4
    ],
    [
      4,
      0
    ],
    [
      4,
      1
    ],
    [
      2,
      4
    ],
    [
      4,
      2
    ]
  ],
  "metrics": {
    "n_nodes": 5,
    "n_edges": 8,
    "p": 8,
    "strongly_connected": true,
    "edges": [
      [
        0,
        1
      ],
      [
        1,
        2
      ],
      [
        2,
        3
      ],
      [
        3,
        4
      ],
      [
        4,
        0
      ],
      [
        4,
        1
      ],
      [
        2,
        4
      ],
      [
        4,
        2
      ]
    ],
    "tree_counts_enum": [
      2,
      4,
      3,
      3,
      2
    ],
    "tree_counts_det": [
      2,
      4,
      3,
      3,
      2
    ],
    "tree_counts_match_det": true,
    "tree_enumeration_truncated": false,
    "max_trees_per_root": null,
    "n_trees_total_enum": 14,
    "rank_M": 8,
    "rank_D": 7,
    "rank_D_anchor": 7,
    "d_rel": 56,
    "effective_rank_D": 5.6215941581755455,
    "condition_number_D": 2.7981637033356668,
    "effective_rank_D_masked": 44.97275326540435,
    "condition_number_D_masked": 2.7981637033356668,
    "singular_values_D_masked": [
      2.552453664114699,
      2.3141530602902782,
      1.915591420072515,
      1.4142135623730951,
      1.306720932775397,
      1.098313093941357,
      0.9121888262191169,
      3.1498803695783027e-16,
      2.552453664114699,
      2.3141530602902782,
      1.915591420072515,
      1.4142135623730951,
      1.306720932775397,
      1.098313093941357,
      0.9121888262191169,
      3.1498803695783027e-16,
      2.552453664114699,
      2.3141530602902782,
      1.915591420072515,
      1.4142135623730951,
      1.306720932775397,
      1.098313093941357,
      0.9121888262191169,
      3.1498803695783027e-16,
      2.552453664114699,
      2.3141530602902782,
      1.915591420072515,
      1.4142135623730951,
      1.306720932775397,
      1.098313093941357,
      0.9121888262191169,
      3.1498803695783027e-16,
      2.552453664114699,
      2.3141530602902782,
      1.915591420072515,
      1.4142135623730951,
      1.306720932775397,
      1.098313093941357,
      0.9121888262191169,
      3.1498803695783027e-16,
      2.552453664114699,
      2.3141530602902782,
      1.915591420072515,
      1.4142135623730951,
      1.306720932775397,
      1.098313093941357,
      0.9121888262191169,
      3.1498803695783027e-16,
      2.552453664114699,
      2.3141530602902782,
      1.915591420072515,
      1.4142135623730951,
      1.306720932775397,
      1.098313093941357,
      0.9121888262191169,
      3.1498803695783027e-16,
      2.552453664114699,
      2.3141530602902782,
      1.915591420072515,
      1.4142135623730951,
      1.306720932775397,
      1.098313093941357,
      0.9121888262191169,
      3.1498803695783027e-16
    ],
    "singular_values_D": [
      2.552453664114699,
      2.3141530602902782,
      1.915591420072515,
      1.4142135623730951,
      1.306720932775397,
      1.098313093941357,
      0.9121888262191169,
      3.1498803695783027e-16
    ],
    "singular_values_D_anchor": [
      5.186487745276499,
      2.5515040847485713,
      1.953105513420472,
      1.6652861479101562,
      1.3392779322525883,
      1.16501371087209,
      0.9227406712042254,
      6.287630171511688e-16
    ],
    "root_tree_count_cv": 0.2672612419124244,
    "root_tree_count_gini": 0.1428571428571428,
    "edge_participation": [
      0.8571428571428571,
      0.7142857142857143,
      0.5,
      0.7857142857142857,
      0.42857142857142855,
      0.2857142857142857,
      0.2857142857142857,
      0.14285714285714285
    ],
    "edge_participation_mean": 0.49999999999999994,
    "edge_participation_var": 0.05994897959183673,
    "edge_participation_gini": 0.2767857142857142,
    "bottleneck_edge_fraction_095": 0.0,
    "mean_shortest_path": 1.75,
    "comparison_branch_d_rel_values": [
      14,
      14,
      14
    ],
    "comparison_branch_d_rel_min": 14,
    "comparison_branch_d_rel_mean": 14.0,
    "comparison_branch_d_rel_max": 14,
    "comparison_branch_d_rel_gini": 0.0,
    "comparison_branch_common_d_rel_values": [
      14,
      14,
      14
    ],
    "comparison_branch_common_d_rel_min": 14,
    "comparison_branch_common_d_rel_mean": 14.0,
    "comparison_branch_common_d_rel_max": 14,
    "comparison_branch_common_d_rel_gini": 0.0,
    "comparison_branch_input_count_values": [
      16,
      16,
      16
    ],
    "comparison_branch_input_count_min": 16,
    "comparison_branch_input_count_mean": 16.0,
    "comparison_branch_input_count_max": 16,
    "comparison_branch_input_count_gini": 0.0,
    "comparison_branch_input_overlap_values": [
      16,
      16,
      16
    ],
    "comparison_branch_input_overlap_min": 16,
    "comparison_branch_input_overlap_mean": 16.0,
    "comparison_branch_input_overlap_max": 16,
    "comparison_branch_input_overlap_gini": 0.0,
    "in_degree": [
      1,
      2,
      2,
      1,
      2
    ],
    "out_degree": [
      1,
      1,
      2,
      1,
      3
    ],
    "in_degree_cv": 0.30618621784789724,
    "out_degree_cv": 0.5
  }
}