{
  "name": "degree_balanced_n5_m8_seed6",
  "family": "degree_balanced",
  "seed": 6,
  "n_nodes": 5,
  "edges": [
    [
      0,
      1
    ],
    [
      1,
      2
    ],
    [
      2,
      3
    ],
    [
      3,
      4
    ],
    [
      4,
      0
    ],
    [
      2,
      4
    ],
    [
      3,
      1
    ],
    [
      0,
      2
    ]
  ],
  "metrics": {
    "n_nodes": 5,
    "n_edges": 8,
    "p": 8,
    "strongly_connected": true,
    "edges": [
      [
        0,
        1
      ],
      [
        1,
        2
      ],
      [
        2,
        3
      ],
      [
        3,
        4
      ],
      [
        4,
        0
      ],
      [
        2,
        4
      ],
      [
        3,
        1
      ],
      [
        0,
        2
      ]
    ],
    "tree_counts_enum": [
      3,
      5,
      4,
      2,
      6
    ],
    "tree_counts_det": [
      3,
      5,
      4,
      2,
      6
    ],
    "tree_counts_match_det": true,
    "tree_enumeration_truncated": false,
    "max_trees_per_root": null,
    "n_trees_total_enum": 20,
    "rank_M": 8,
    "rank_D": 7,
    "rank_D_anchor": 7,
    "d_rel": 56,
    "effective_rank_D": 5.529500241622405,
    "condition_number_D": 3.2786404200895687,
    "effective_rank_D_masked": 44.23600193297927,
    "condition_number_D_masked": 3.2786404200895687,
    "singular_values_D_masked": [
      3.1112403231170336,
      3.0108142729659773,
      2.9412815970432336,
      1.9608022476844391,
      1.7546835550495232,
      1.2961066546157243,
      0.9489422213101485,
      3.3067189550932485e-16,
      3.1112403231170336,
      3.0108142729659773,
      2.9412815970432336,
      1.9608022476844391,
      1.7546835550495232,
      1.2961066546157243,
      0.9489422213101485,
      3.3067189550932485e-16,
      3.1112403231170336,
      3.0108142729659773,
      2.9412815970432336,
      1.9608022476844391,
      1.7546835550495232,
      1.2961066546157243,
      0.9489422213101485,
      3.3067189550932485e-16,
      3.1112403231170336,
      3.0108142729659773,
      2.9412815970432336,
      1.9608022476844391,
      1.7546835550495232,
      1.2961066546157243,
      0.9489422213101485,
      3.3067189550932485e-16,
      3.1112403231170336,
      3.0108142729659773,
      2.9412815970432336,
      1.9608022476844391,
      1.7546835550495232,
      1.2961066546157243,
      0.9489422213101485,
      3.3067189550932485e-16,
      3.1112403231170336,
      3.0108142729659773,
      2.9412815970432336,
      1.9608022476844391,
      1.7546835550495232,
      1.2961066546157243,
      0.9489422213101485,
      3.3067189550932485e-16,
      3.1112403231170336,
      3.0108142729659773,
      2.9412815970432336,
      1.9608022476844391,
      1.7546835550495232,
      1.2961066546157243,
      0.9489422213101485,
      3.3067189550932485e-16,
      3.1112403231170336,
      3.0108142729659773,
      2.9412815970432336,
      1.9608022476844391,
      1.7546835550495232,
      1.2961066546157243,
      0.9489422213101485,
      3.3067189550932485e-16
    ],
    "singular_values_D": [
      3.1112403231170336,
      3.0108142729659773,
      2.9412815970432336,
      1.9608022476844391,
      1.7546835550495232,
      1.2961066546157243,
      0.9489422213101485,
      3.3067189550932485e-16
    ],
    "singular_values_D_anchor": [
      6.031008355445978,
      3.0224084819654364,
      2.9563955171346477,
      2.1515030361305167,
      1.8508382068873075,
      1.61601249190398,
      1.0419438441720357,
      3.864534056293043e-16
    ],
    "root_tree_count_cv": 0.3535533905932738,
    "root_tree_count_gini": 0.19999999999999996,
    "edge_participation": [
      0.5,
      0.75,
      0.4,
      0.5,
      0.7,
      0.4,
      0.4,
      0.35
    ],
    "edge_participation_mean": 0.5,
    "edge_participation_var": 0.019374999999999996,
    "edge_participation_gini": 0.14687499999999987,
    "bottleneck_edge_fraction_095": 0.0,
    "mean_shortest_path": 1.7,
    "comparison_branch_d_rel_values": [
      14,
      14,
      14
    ],
    "comparison_branch_d_rel_min": 14,
    "comparison_branch_d_rel_mean": 14.0,
    "comparison_branch_d_rel_max": 14,
    "comparison_branch_d_rel_gini": 0.0,
    "comparison_branch_common_d_rel_values": [
      14,
      14,
      14
    ],
    "comparison_branch_common_d_rel_min": 14,
    "comparison_branch_common_d_rel_mean": 14.0,
    "comparison_branch_common_d_rel_max": 14,
    "comparison_branch_common_d_rel_gini": 0.0,
    "comparison_branch_input_count_values": [
      16,
      16,
      16
    ],
    "comparison_branch_input_count_min": 16,
    "comparison_branch_input_count_mean": 16.0,
    "comparison_branch_input_count_max": 16,
    "comparison_branch_input_count_gini": 0.0,
    "comparison_branch_input_overlap_values": [
      16,
      16,
      16
    ],
    "comparison_branch_input_overlap_min": 16,
    "comparison_branch_input_overlap_mean": 16.0,
    "comparison_branch_input_overlap_max": 16,
    "comparison_branch_input_overlap_gini": 0.0,
    "in_degree": [
      1,
      2,
      2,
      1,
      2
    ],
    "out_degree": [
      2,
      1,
      2,
      2,
      1
    ],
    "in_degree_cv": 0.30618621784789724,
    "out_degree_cv": 0.30618621784789724
  }
}