{
  "name": "degree_balanced_n5_m8_seed15",
  "family": "degree_balanced",
  "seed": 15,
  "n_nodes": 5,
  "edges": [
    [
      0,
      1
    ],
    [
      1,
      2
    ],
    [
      2,
      3
    ],
    [
      3,
      4
    ],
    [
      4,
      0
    ],
    [
      4,
      3
    ],
    [
      3,
      1
    ],
    [
      2,
      4
    ]
  ],
  "metrics": {
    "n_nodes": 5,
    "n_edges": 8,
    "p": 8,
    "strongly_connected": true,
    "edges": [
      [
        0,
        1
      ],
      [
        1,
        2
      ],
      [
        2,
        3
      ],
      [
        3,
        4
      ],
      [
        4,
        0
      ],
      [
        4,
        3
      ],
      [
        3,
        1
      ],
      [
        2,
        4
      ]
    ],
    "tree_counts_enum": [
      3,
      6,
      3,
      3,
      3
    ],
    "tree_counts_det": [
      3,
      6,
      3,
      3,
      3
    ],
    "tree_counts_match_det": true,
    "tree_enumeration_truncated": false,
    "max_trees_per_root": null,
    "n_trees_total_enum": 18,
    "rank_M": 8,
    "rank_D": 7,
    "rank_D_anchor": 7,
    "d_rel": 56,
    "effective_rank_D": 5.493904159055008,
    "condition_number_D": 2.8651482629420886,
    "effective_rank_D_masked": 43.95123327244,
    "condition_number_D_masked": 2.8651482629420886,
    "singular_values_D_masked": [
      3.1631608271646114,
      2.7736101868327228,
      2.423767471148039,
      1.962856444992833,
      1.4220274243170008,
      1.154573217301799,
      1.1040129643819925,
      3.620244415099225e-16,
      3.1631608271646114,
      2.7736101868327228,
      2.423767471148039,
      1.962856444992833,
      1.4220274243170008,
      1.154573217301799,
      1.1040129643819925,
      3.620244415099225e-16,
      3.1631608271646114,
      2.7736101868327228,
      2.423767471148039,
      1.962856444992833,
      1.4220274243170008,
      1.154573217301799,
      1.1040129643819925,
      3.620244415099225e-16,
      3.1631608271646114,
      2.7736101868327228,
      2.423767471148039,
      1.962856444992833,
      1.4220274243170008,
      1.154573217301799,
      1.1040129643819925,
      3.620244415099225e-16,
      3.1631608271646114,
      2.7736101868327228,
      2.423767471148039,
      1.962856444992833,
      1.4220274243170008,
      1.154573217301799,
      1.1040129643819925,
      3.620244415099225e-16,
      3.1631608271646114,
      2.7736101868327228,
      2.423767471148039,
      1.962856444992833,
      1.4220274243170008,
      1.154573217301799,
      1.1040129643819925,
      3.620244415099225e-16,
      3.1631608271646114,
      2.7736101868327228,
      2.423767471148039,
      1.962856444992833,
      1.4220274243170008,
      1.154573217301799,
      1.1040129643819925,
      3.620244415099225e-16,
      3.1631608271646114,
      2.7736101868327228,
      2.423767471148039,
      1.962856444992833,
      1.4220274243170008,
      1.154573217301799,
      1.1040129643819925,
      3.620244415099225e-16
    ],
    "singular_values_D": [
      3.1631608271646114,
      2.7736101868327228,
      2.423767471148039,
      1.962856444992833,
      1.4220274243170008,
      1.154573217301799,
      1.1040129643819925,
      3.620244415099225e-16
    ],
    "singular_values_D_anchor": [
      6.9456805496509935,
      2.8039502120297266,
      2.424040574115221,
      2.1386823066894354,
      1.678889176929507,
      1.1716041104205774,
      1.119877286487054,
      4.687194865266697e-16
    ],
    "root_tree_count_cv": 0.33333333333333337,
    "root_tree_count_gini": 0.1333333333333333,
    "edge_participation": [
      0.8333333333333334,
      0.6666666666666666,
      0.3888888888888889,
      0.3888888888888889,
      0.5555555555555556,
      0.2777777777777778,
      0.4444444444444444,
      0.4444444444444444
    ],
    "edge_participation_mean": 0.5,
    "edge_participation_var": 0.02777777777777778,
    "edge_participation_gini": 0.18055555555555536,
    "bottleneck_edge_fraction_095": 0.0,
    "mean_shortest_path": 1.8,
    "comparison_branch_d_rel_values": [
      14,
      14,
      14
    ],
    "comparison_branch_d_rel_min": 14,
    "comparison_branch_d_rel_mean": 14.0,
    "comparison_branch_d_rel_max": 14,
    "comparison_branch_d_rel_gini": 0.0,
    "comparison_branch_common_d_rel_values": [
      14,
      14,
      14
    ],
    "comparison_branch_common_d_rel_min": 14,
    "comparison_branch_common_d_rel_mean": 14.0,
    "comparison_branch_common_d_rel_max": 14,
    "comparison_branch_common_d_rel_gini": 0.0,
    "comparison_branch_input_count_values": [
      16,
      16,
      16
    ],
    "comparison_branch_input_count_min": 16,
    "comparison_branch_input_count_mean": 16.0,
    "comparison_branch_input_count_max": 16,
    "comparison_branch_input_count_gini": 0.0,
    "comparison_branch_input_overlap_values": [
      16,
      16,
      16
    ],
    "comparison_branch_input_overlap_min": 16,
    "comparison_branch_input_overlap_mean": 16.0,
    "comparison_branch_input_overlap_max": 16,
    "comparison_branch_input_overlap_gini": 0.0,
    "in_degree": [
      1,
      2,
      1,
      2,
      2
    ],
    "out_degree": [
      1,
      1,
      2,
      2,
      2
    ],
    "in_degree_cv": 0.30618621784789724,
    "out_degree_cv": 0.30618621784789724
  }
}