{
  "name": "degree_balanced_n5_m8_seed8",
  "family": "degree_balanced",
  "seed": 8,
  "n_nodes": 5,
  "edges": [
    [
      0,
      1
    ],
    [
      1,
      2
    ],
    [
      2,
      3
    ],
    [
      3,
      4
    ],
    [
      4,
      0
    ],
    [
      4,
      3
    ],
    [
      3,
      0
    ],
    [
      1,
      4
    ]
  ],
  "metrics": {
    "n_nodes": 5,
    "n_edges": 8,
    "p": 8,
    "strongly_connected": true,
    "edges": [
      [
        0,
        1
      ],
      [
        1,
        2
      ],
      [
        2,
        3
      ],
      [
        3,
        4
      ],
      [
        4,
        0
      ],
      [
        4,
        3
      ],
      [
        3,
        0
      ],
      [
        1,
        4
      ]
    ],
    "tree_counts_enum": [
      6,
      3,
      3,
      3,
      3
    ],
    "tree_counts_det": [
      6,
      3,
      3,
      3,
      3
    ],
    "tree_counts_match_det": true,
    "tree_enumeration_truncated": false,
    "max_trees_per_root": null,
    "n_trees_total_enum": 18,
    "rank_M": 8,
    "rank_D": 7,
    "rank_D_anchor": 7,
    "d_rel": 56,
    "effective_rank_D": 5.485248191558075,
    "condition_number_D": 2.820933955850532,
    "effective_rank_D_masked": 43.8819855324646,
    "condition_number_D_masked": 2.820933955850532,
    "singular_values_D_masked": [
      3.12602013311795,
      2.822242996430447,
      2.4494897427831783,
      1.9282128839792563,
      1.4142135623730951,
      1.1475798635196104,
      1.1081507692282828,
      4.289308337770419e-16,
      3.12602013311795,
      2.822242996430447,
      2.4494897427831783,
      1.9282128839792563,
      1.4142135623730951,
      1.1475798635196104,
      1.1081507692282828,
      4.289308337770419e-16,
      3.12602013311795,
      2.822242996430447,
      2.4494897427831783,
      1.9282128839792563,
      1.4142135623730951,
      1.1475798635196104,
      1.1081507692282828,
      4.289308337770419e-16,
      3.12602013311795,
      2.822242996430447,
      2.4494897427831783,
      1.9282128839792563,
      1.4142135623730951,
      1.1475798635196104,
      1.1081507692282828,
      4.289308337770419e-16,
      3.12602013311795,
      2.822242996430447,
      2.4494897427831783,
      1.9282128839792563,
      1.4142135623730951,
      1.1475798635196104,
      1.1081507692282828,
      4.289308337770419e-16,
      3.12602013311795,
      2.822242996430447,
      2.4494897427831783,
      1.9282128839792563,
      1.4142135623730951,
      1.1475798635196104,
      1.1081507692282828,
      4.289308337770419e-16,
      3.12602013311795,
      2.822242996430447,
      2.4494897427831783,
      1.9282128839792563,
      1.4142135623730951,
      1.1475798635196104,
      1.1081507692282828,
      4.289308337770419e-16,
      3.12602013311795,
      2.822242996430447,
      2.4494897427831783,
      1.9282128839792563,
      1.4142135623730951,
      1.1475798635196104,
      1.1081507692282828,
      4.289308337770419e-16
    ],
    "singular_values_D": [
      3.12602013311795,
      2.822242996430447,
      2.4494897427831783,
      1.9282128839792563,
      1.4142135623730951,
      1.1475798635196104,
      1.1081507692282828,
      4.289308337770419e-16
    ],
    "singular_values_D_anchor": [
      6.464593447126257,
      2.822740495856132,
      2.5326154318219087,
      2.29107882882481,
      1.4158525460145692,
      1.155761163721325,
      1.112457743652306,
      5.621361820044169e-16
    ],
    "root_tree_count_cv": 0.33333333333333337,
    "root_tree_count_gini": 0.1333333333333333,
    "edge_participation": [
      0.6666666666666666,
      0.5,
      0.8333333333333334,
      0.3333333333333333,
      0.5,
      0.3333333333333333,
      0.5,
      0.3333333333333333
    ],
    "edge_participation_mean": 0.49999999999999994,
    "edge_participation_var": 0.027777777777777783,
    "edge_participation_gini": 0.17708333333333326,
    "bottleneck_edge_fraction_095": 0.0,
    "mean_shortest_path": 1.8,
    "comparison_branch_d_rel_values": [
      14,
      14,
      14
    ],
    "comparison_branch_d_rel_min": 14,
    "comparison_branch_d_rel_mean": 14.0,
    "comparison_branch_d_rel_max": 14,
    "comparison_branch_d_rel_gini": 0.0,
    "comparison_branch_common_d_rel_values": [
      14,
      14,
      14
    ],
    "comparison_branch_common_d_rel_min": 14,
    "comparison_branch_common_d_rel_mean": 14.0,
    "comparison_branch_common_d_rel_max": 14,
    "comparison_branch_common_d_rel_gini": 0.0,
    "comparison_branch_input_count_values": [
      16,
      16,
      16
    ],
    "comparison_branch_input_count_min": 16,
    "comparison_branch_input_count_mean": 16.0,
    "comparison_branch_input_count_max": 16,
    "comparison_branch_input_count_gini": 0.0,
    "comparison_branch_input_overlap_values": [
      16,
      16,
      16
    ],
    "comparison_branch_input_overlap_min": 16,
    "comparison_branch_input_overlap_mean": 16.0,
    "comparison_branch_input_overlap_max": 16,
    "comparison_branch_input_overlap_gini": 0.0,
    "in_degree": [
      2,
      1,
      1,
      2,
      2
    ],
    "out_degree": [
      1,
      2,
      1,
      2,
      2
    ],
    "in_degree_cv": 0.30618621784789724,
    "out_degree_cv": 0.30618621784789724
  }
}