{
  "name": "degree_balanced_n5_m8_seed13",
  "family": "degree_balanced",
  "seed": 13,
  "n_nodes": 5,
  "edges": [
    [
      0,
      1
    ],
    [
      1,
      2
    ],
    [
      2,
      3
    ],
    [
      3,
      4
    ],
    [
      4,
      0
    ],
    [
      3,
      2
    ],
    [
      0,
      3
    ],
    [
      2,
      1
    ]
  ],
  "metrics": {
    "n_nodes": 5,
    "n_edges": 8,
    "p": 8,
    "strongly_connected": true,
    "edges": [
      [
        0,
        1
      ],
      [
        1,
        2
      ],
      [
        2,
        3
      ],
      [
        3,
        4
      ],
      [
        4,
        0
      ],
      [
        3,
        2
      ],
      [
        0,
        3
      ],
      [
        2,
        1
      ]
    ],
    "tree_counts_enum": [
      1,
      4,
      3,
      2,
      2
    ],
    "tree_counts_det": [
      1,
      4,
      3,
      2,
      2
    ],
    "tree_counts_match_det": true,
    "tree_enumeration_truncated": false,
    "max_trees_per_root": null,
    "n_trees_total_enum": 12,
    "rank_M": 8,
    "rank_D": 7,
    "rank_D_anchor": 7,
    "d_rel": 56,
    "effective_rank_D": 4.671182795430476,
    "condition_number_D": 4.378331081030341,
    "effective_rank_D_masked": 37.36946236344379,
    "condition_number_D_masked": 4.378331081030341,
    "singular_values_D_masked": [
      2.8357274783882964,
      2.451884975910805,
      1.7356266341457272,
      1.264212893240856,
      1.0986602348975862,
      0.7369356785661373,
      0.6476731489481085,
      2.6029303323535285e-16,
      2.8357274783882964,
      2.451884975910805,
      1.7356266341457272,
      1.264212893240856,
      1.0986602348975862,
      0.7369356785661373,
      0.6476731489481085,
      2.6029303323535285e-16,
      2.8357274783882964,
      2.451884975910805,
      1.7356266341457272,
      1.264212893240856,
      1.0986602348975862,
      0.7369356785661373,
      0.6476731489481085,
      2.6029303323535285e-16,
      2.8357274783882964,
      2.451884975910805,
      1.7356266341457272,
      1.264212893240856,
      1.0986602348975862,
      0.7369356785661373,
      0.6476731489481085,
      2.6029303323535285e-16,
      2.8357274783882964,
      2.451884975910805,
      1.7356266341457272,
      1.264212893240856,
      1.0986602348975862,
      0.7369356785661373,
      0.6476731489481085,
      2.6029303323535285e-16,
      2.8357274783882964,
      2.451884975910805,
      1.7356266341457272,
      1.264212893240856,
      1.0986602348975862,
      0.7369356785661373,
      0.6476731489481085,
      2.6029303323535285e-16,
      2.8357274783882964,
      2.451884975910805,
      1.7356266341457272,
      1.264212893240856,
      1.0986602348975862,
      0.7369356785661373,
      0.6476731489481085,
      2.6029303323535285e-16,
      2.8357274783882964,
      2.451884975910805,
      1.7356266341457272,
      1.264212893240856,
      1.0986602348975862,
      0.7369356785661373,
      0.6476731489481085,
      2.6029303323535285e-16
    ],
    "singular_values_D": [
      2.8357274783882964,
      2.451884975910805,
      1.7356266341457272,
      1.264212893240856,
      1.0986602348975862,
      0.7369356785661373,
      0.6476731489481085,
      2.6029303323535285e-16
    ],
    "singular_values_D_anchor": [
      4.551977176861049,
      2.468845001641032,
      1.8665365237849492,
      1.6813490235988593,
      1.254086566780976,
      0.9080682329071821,
      0.6899956324734831,
      3.0061000003500513e-16
    ],
    "root_tree_count_cv": 0.4249182927993988,
    "root_tree_count_gini": 0.2333333333333334,
    "edge_participation": [
      0.5833333333333334,
      0.6666666666666666,
      0.5,
      0.5,
      0.8333333333333334,
      0.3333333333333333,
      0.3333333333333333,
      0.25
    ],
    "edge_participation_mean": 0.5,
    "edge_participation_var": 0.03298611111111112,
    "edge_participation_gini": 0.203125,
    "bottleneck_edge_fraction_095": 0.0,
    "mean_shortest_path": 1.85,
    "comparison_branch_d_rel_values": [
      14,
      14,
      14
    ],
    "comparison_branch_d_rel_min": 14,
    "comparison_branch_d_rel_mean": 14.0,
    "comparison_branch_d_rel_max": 14,
    "comparison_branch_d_rel_gini": 0.0,
    "comparison_branch_common_d_rel_values": [
      14,
      14,
      14
    ],
    "comparison_branch_common_d_rel_min": 14,
    "comparison_branch_common_d_rel_mean": 14.0,
    "comparison_branch_common_d_rel_max": 14,
    "comparison_branch_common_d_rel_gini": 0.0,
    "comparison_branch_input_count_values": [
      16,
      16,
      16
    ],
    "comparison_branch_input_count_min": 16,
    "comparison_branch_input_count_mean": 16.0,
    "comparison_branch_input_count_max": 16,
    "comparison_branch_input_count_gini": 0.0,
    "comparison_branch_input_overlap_values": [
      16,
      16,
      16
    ],
    "comparison_branch_input_overlap_min": 16,
    "comparison_branch_input_overlap_mean": 16.0,
    "comparison_branch_input_overlap_max": 16,
    "comparison_branch_input_overlap_gini": 0.0,
    "in_degree": [
      1,
      2,
      2,
      2,
      1
    ],
    "out_degree": [
      2,
      1,
      2,
      2,
      1
    ],
    "in_degree_cv": 0.30618621784789724,
    "out_degree_cv": 0.30618621784789724
  }
}