{
  "name": "degree_balanced_n5_m8_seed10",
  "family": "degree_balanced",
  "seed": 10,
  "n_nodes": 5,
  "edges": [
    [
      0,
      1
    ],
    [
      1,
      2
    ],
    [
      2,
      3
    ],
    [
      3,
      4
    ],
    [
      4,
      0
    ],
    [
      4,
      2
    ],
    [
      2,
      1
    ],
    [
      3,
      0
    ]
  ],
  "metrics": {
    "n_nodes": 5,
    "n_edges": 8,
    "p": 8,
    "strongly_connected": true,
    "edges": [
      [
        0,
        1
      ],
      [
        1,
        2
      ],
      [
        2,
        3
      ],
      [
        3,
        4
      ],
      [
        4,
        0
      ],
      [
        4,
        2
      ],
      [
        2,
        1
      ],
      [
        3,
        0
      ]
    ],
    "tree_counts_enum": [
      3,
      7,
      4,
      2,
      1
    ],
    "tree_counts_det": [
      3,
      7,
      4,
      2,
      1
    ],
    "tree_counts_match_det": true,
    "tree_enumeration_truncated": false,
    "max_trees_per_root": null,
    "n_trees_total_enum": 17,
    "rank_M": 8,
    "rank_D": 7,
    "rank_D_anchor": 7,
    "d_rel": 56,
    "effective_rank_D": 5.183328472135439,
    "condition_number_D": 4.134355352774273,
    "effective_rank_D_masked": 41.46662777708351,
    "condition_number_D_masked": 4.134355352774273,
    "singular_values_D_masked": [
      2.987132846161944,
      2.846566377321089,
      2.5852109189343615,
      1.821096727092509,
      1.4422109743338007,
      0.9801140888114901,
      0.7225147795187684,
      2.5638550233533257e-16,
      2.987132846161944,
      2.846566377321089,
      2.5852109189343615,
      1.821096727092509,
      1.4422109743338007,
      0.9801140888114901,
      0.7225147795187684,
      2.5638550233533257e-16,
      2.987132846161944,
      2.846566377321089,
      2.5852109189343615,
      1.821096727092509,
      1.4422109743338007,
      0.9801140888114901,
      0.7225147795187684,
      2.5638550233533257e-16,
      2.987132846161944,
      2.846566377321089,
      2.5852109189343615,
      1.821096727092509,
      1.4422109743338007,
      0.9801140888114901,
      0.7225147795187684,
      2.5638550233533257e-16,
      2.987132846161944,
      2.846566377321089,
      2.5852109189343615,
      1.821096727092509,
      1.4422109743338007,
      0.9801140888114901,
      0.7225147795187684,
      2.5638550233533257e-16,
      2.987132846161944,
      2.846566377321089,
      2.5852109189343615,
      1.821096727092509,
      1.4422109743338007,
      0.9801140888114901,
      0.7225147795187684,
      2.5638550233533257e-16,
      2.987132846161944,
      2.846566377321089,
      2.5852109189343615,
      1.821096727092509,
      1.4422109743338007,
      0.9801140888114901,
      0.7225147795187684,
      2.5638550233533257e-16,
      2.987132846161944,
      2.846566377321089,
      2.5852109189343615,
      1.821096727092509,
      1.4422109743338007,
      0.9801140888114901,
      0.7225147795187684,
      2.5638550233533257e-16
    ],
    "singular_values_D": [
      2.987132846161944,
      2.846566377321089,
      2.5852109189343615,
      1.821096727092509,
      1.4422109743338007,
      0.9801140888114901,
      0.7225147795187684,
      2.5638550233533257e-16
    ],
    "singular_values_D_anchor": [
      6.549174012089863,
      2.8544854524218892,
      2.6141746982913383,
      1.861249266910335,
      1.7780373911617826,
      0.9801823868943487,
      0.7347788092823698,
      3.131810026776921e-16
    ],
    "root_tree_count_cv": 0.605625302411,
    "root_tree_count_gini": 0.3294117647058823,
    "edge_participation": [
      0.8235294117647058,
      0.5882352941176471,
      0.5294117647058824,
      0.4117647058823529,
      0.5294117647058824,
      0.4117647058823529,
      0.23529411764705882,
      0.47058823529411764
    ],
    "edge_participation_mean": 0.49999999999999994,
    "edge_participation_var": 0.025086505190311414,
    "edge_participation_gini": 0.1691176470588236,
    "bottleneck_edge_fraction_095": 0.0,
    "mean_shortest_path": 1.85,
    "comparison_branch_d_rel_values": [
      14,
      14,
      14
    ],
    "comparison_branch_d_rel_min": 14,
    "comparison_branch_d_rel_mean": 14.0,
    "comparison_branch_d_rel_max": 14,
    "comparison_branch_d_rel_gini": 0.0,
    "comparison_branch_common_d_rel_values": [
      14,
      14,
      14
    ],
    "comparison_branch_common_d_rel_min": 14,
    "comparison_branch_common_d_rel_mean": 14.0,
    "comparison_branch_common_d_rel_max": 14,
    "comparison_branch_common_d_rel_gini": 0.0,
    "comparison_branch_input_count_values": [
      16,
      16,
      16
    ],
    "comparison_branch_input_count_min": 16,
    "comparison_branch_input_count_mean": 16.0,
    "comparison_branch_input_count_max": 16,
    "comparison_branch_input_count_gini": 0.0,
    "comparison_branch_input_overlap_values": [
      16,
      16,
      16
    ],
    "comparison_branch_input_overlap_min": 16,
    "comparison_branch_input_overlap_mean": 16.0,
    "comparison_branch_input_overlap_max": 16,
    "comparison_branch_input_overlap_gini": 0.0,
    "in_degree": [
      2,
      2,
      2,
      1,
      1
    ],
    "out_degree": [
      1,
      1,
      2,
      2,
      2
    ],
    "in_degree_cv": 0.30618621784789724,
    "out_degree_cv": 0.30618621784789724
  }
}