{
  "name": "degree_balanced_n5_m8_seed16",
  "family": "degree_balanced",
  "seed": 16,
  "n_nodes": 5,
  "edges": [
    [
      0,
      1
    ],
    [
      1,
      2
    ],
    [
      2,
      3
    ],
    [
      3,
      4
    ],
    [
      4,
      0
    ],
    [
      2,
      4
    ],
    [
      3,
      1
    ],
    [
      1,
      3
    ]
  ],
  "metrics": {
    "n_nodes": 5,
    "n_edges": 8,
    "p": 8,
    "strongly_connected": true,
    "edges": [
      [
        0,
        1
      ],
      [
        1,
        2
      ],
      [
        2,
        3
      ],
      [
        3,
        4
      ],
      [
        4,
        0
      ],
      [
        2,
        4
      ],
      [
        3,
        1
      ],
      [
        1,
        3
      ]
    ],
    "tree_counts_enum": [
      5,
      4,
      2,
      3,
      5
    ],
    "tree_counts_det": [
      5,
      4,
      2,
      3,
      5
    ],
    "tree_counts_match_det": true,
    "tree_enumeration_truncated": false,
    "max_trees_per_root": null,
    "n_trees_total_enum": 19,
    "rank_M": 8,
    "rank_D": 7,
    "rank_D_anchor": 7,
    "d_rel": 56,
    "effective_rank_D": 5.6016180193646585,
    "condition_number_D": 3.2537852807362175,
    "effective_rank_D_masked": 44.81294415491727,
    "condition_number_D_masked": 3.2537852807362175,
    "singular_values_D_masked": [
      3.124087633942117,
      2.7938792243284327,
      2.5369336572030603,
      2.2360679774997902,
      1.52864083974689,
      1.278440143993082,
      0.9601394573999811,
      6.612984622301897e-16,
      3.124087633942117,
      2.7938792243284327,
      2.5369336572030603,
      2.2360679774997902,
      1.52864083974689,
      1.278440143993082,
      0.9601394573999811,
      6.612984622301897e-16,
      3.124087633942117,
      2.7938792243284327,
      2.5369336572030603,
      2.2360679774997902,
      1.52864083974689,
      1.278440143993082,
      0.9601394573999811,
      6.612984622301897e-16,
      3.124087633942117,
      2.7938792243284327,
      2.5369336572030603,
      2.2360679774997902,
      1.52864083974689,
      1.278440143993082,
      0.9601394573999811,
      6.612984622301897e-16,
      3.124087633942117,
      2.7938792243284327,
      2.5369336572030603,
      2.2360679774997902,
      1.52864083974689,
      1.278440143993082,
      0.9601394573999811,
      6.612984622301897e-16,
      3.124087633942117,
      2.7938792243284327,
      2.5369336572030603,
      2.2360679774997902,
      1.52864083974689,
      1.278440143993082,
      0.9601394573999811,
      6.612984622301897e-16,
      3.124087633942117,
      2.7938792243284327,
      2.5369336572030603,
      2.2360679774997902,
      1.52864083974689,
      1.278440143993082,
      0.9601394573999811,
      6.612984622301897e-16,
      3.124087633942117,
      2.7938792243284327,
      2.5369336572030603,
      2.2360679774997902,
      1.52864083974689,
      1.278440143993082,
      0.9601394573999811,
      6.612984622301897e-16
    ],
    "singular_values_D": [
      3.124087633942117,
      2.7938792243284327,
      2.5369336572030603,
      2.2360679774997902,
      1.52864083974689,
      1.278440143993082,
      0.9601394573999811,
      6.612984622301897e-16
    ],
    "singular_values_D_anchor": [
      6.38591623252216,
      3.0468743484331937,
      2.723555816829646,
      2.3475498003116586,
      1.5509047994978256,
      1.2861269667763768,
      0.9738870324452714,
      2.22050772723165e-16
    ],
    "root_tree_count_cv": 0.3068922049918579,
    "root_tree_count_gini": 0.16842105263157903,
    "edge_participation": [
      0.7368421052631579,
      0.47368421052631576,
      0.42105263157894735,
      0.5789473684210527,
      0.7368421052631579,
      0.47368421052631576,
      0.2631578947368421,
      0.3157894736842105
    ],
    "edge_participation_mean": 0.5,
    "edge_participation_var": 0.027008310249307478,
    "edge_participation_gini": 0.18421052631578938,
    "bottleneck_edge_fraction_095": 0.0,
    "mean_shortest_path": 1.8,
    "comparison_branch_d_rel_values": [
      14,
      14,
      14
    ],
    "comparison_branch_d_rel_min": 14,
    "comparison_branch_d_rel_mean": 14.0,
    "comparison_branch_d_rel_max": 14,
    "comparison_branch_d_rel_gini": 0.0,
    "comparison_branch_common_d_rel_values": [
      14,
      14,
      14
    ],
    "comparison_branch_common_d_rel_min": 14,
    "comparison_branch_common_d_rel_mean": 14.0,
    "comparison_branch_common_d_rel_max": 14,
    "comparison_branch_common_d_rel_gini": 0.0,
    "comparison_branch_input_count_values": [
      16,
      16,
      16
    ],
    "comparison_branch_input_count_min": 16,
    "comparison_branch_input_count_mean": 16.0,
    "comparison_branch_input_count_max": 16,
    "comparison_branch_input_count_gini": 0.0,
    "comparison_branch_input_overlap_values": [
      16,
      16,
      16
    ],
    "comparison_branch_input_overlap_min": 16,
    "comparison_branch_input_overlap_mean": 16.0,
    "comparison_branch_input_overlap_max": 16,
    "comparison_branch_input_overlap_gini": 0.0,
    "in_degree": [
      1,
      2,
      1,
      2,
      2
    ],
    "out_degree": [
      1,
      2,
      2,
      2,
      1
    ],
    "in_degree_cv": 0.30618621784789724,
    "out_degree_cv": 0.30618621784789724
  }
}