{
  "name": "degree_balanced_n5_m8_seed18",
  "family": "degree_balanced",
  "seed": 18,
  "n_nodes": 5,
  "edges": [
    [
      0,
      1
    ],
    [
      1,
      2
    ],
    [
      2,
      3
    ],
    [
      3,
      4
    ],
    [
      4,
      0
    ],
    [
      2,
      4
    ],
    [
      4,
      1
    ],
    [
      3,
      2
    ]
  ],
  "metrics": {
    "n_nodes": 5,
    "n_edges": 8,
    "p": 8,
    "strongly_connected": true,
    "edges": [
      [
        0,
        1
      ],
      [
        1,
        2
      ],
      [
        2,
        3
      ],
      [
        3,
        4
      ],
      [
        4,
        0
      ],
      [
        2,
        4
      ],
      [
        4,
        1
      ],
      [
        3,
        2
      ]
    ],
    "tree_counts_enum": [
      3,
      6,
      4,
      2,
      3
    ],
    "tree_counts_det": [
      3,
      6,
      4,
      2,
      3
    ],
    "tree_counts_match_det": true,
    "tree_enumeration_truncated": false,
    "max_trees_per_root": null,
    "n_trees_total_enum": 18,
    "rank_M": 8,
    "rank_D": 7,
    "rank_D_anchor": 7,
    "d_rel": 56,
    "effective_rank_D": 5.452215160620928,
    "condition_number_D": 3.500469801630673,
    "effective_rank_D_masked": 43.61772128496742,
    "condition_number_D_masked": 3.500469801630673,
    "singular_values_D_masked": [
      3.087629537929414,
      2.8499225246295152,
      2.449489742783178,
      1.937005101860936,
      1.4239913896171852,
      1.294450327476475,
      0.882061469717882,
      2.56911893521296e-16,
      3.087629537929414,
      2.8499225246295152,
      2.449489742783178,
      1.937005101860936,
      1.4239913896171852,
      1.294450327476475,
      0.882061469717882,
      2.56911893521296e-16,
      3.087629537929414,
      2.8499225246295152,
      2.449489742783178,
      1.937005101860936,
      1.4239913896171852,
      1.294450327476475,
      0.882061469717882,
      2.56911893521296e-16,
      3.087629537929414,
      2.8499225246295152,
      2.449489742783178,
      1.937005101860936,
      1.4239913896171852,
      1.294450327476475,
      0.882061469717882,
      2.56911893521296e-16,
      3.087629537929414,
      2.8499225246295152,
      2.449489742783178,
      1.937005101860936,
      1.4239913896171852,
      1.294450327476475,
      0.882061469717882,
      2.56911893521296e-16,
      3.087629537929414,
      2.8499225246295152,
      2.449489742783178,
      1.937005101860936,
      1.4239913896171852,
      1.294450327476475,
      0.882061469717882,
      2.56911893521296e-16,
      3.087629537929414,
      2.8499225246295152,
      2.449489742783178,
      1.937005101860936,
      1.4239913896171852,
      1.294450327476475,
      0.882061469717882,
      2.56911893521296e-16,
      3.087629537929414,
      2.8499225246295152,
      2.449489742783178,
      1.937005101860936,
      1.4239913896171852,
      1.294450327476475,
      0.882061469717882,
      2.56911893521296e-16
    ],
    "singular_values_D": [
      3.087629537929414,
      2.8499225246295152,
      2.449489742783178,
      1.937005101860936,
      1.4239913896171852,
      1.294450327476475,
      0.882061469717882,
      2.56911893521296e-16
    ],
    "singular_values_D_anchor": [
      6.757302218894233,
      2.977902535798103,
      2.473215874964381,
      1.9477655596652201,
      1.7320508075688774,
      1.2998804717270405,
      0.9331058511461595,
      4.764928553266498e-16
    ],
    "root_tree_count_cv": 0.376796110173626,
    "root_tree_count_gini": 0.19999999999999996,
    "edge_participation": [
      0.8333333333333334,
      0.6666666666666666,
      0.3333333333333333,
      0.5555555555555556,
      0.5,
      0.4444444444444444,
      0.3333333333333333,
      0.3333333333333333
    ],
    "edge_participation_mean": 0.5,
    "edge_participation_var": 0.028549382716049385,
    "edge_participation_gini": 0.1840277777777779,
    "bottleneck_edge_fraction_095": 0.0,
    "mean_shortest_path": 1.8,
    "comparison_branch_d_rel_values": [
      14,
      14,
      14
    ],
    "comparison_branch_d_rel_min": 14,
    "comparison_branch_d_rel_mean": 14.0,
    "comparison_branch_d_rel_max": 14,
    "comparison_branch_d_rel_gini": 0.0,
    "comparison_branch_common_d_rel_values": [
      14,
      14,
      14
    ],
    "comparison_branch_common_d_rel_min": 14,
    "comparison_branch_common_d_rel_mean": 14.0,
    "comparison_branch_common_d_rel_max": 14,
    "comparison_branch_common_d_rel_gini": 0.0,
    "comparison_branch_input_count_values": [
      16,
      16,
      16
    ],
    "comparison_branch_input_count_min": 16,
    "comparison_branch_input_count_mean": 16.0,
    "comparison_branch_input_count_max": 16,
    "comparison_branch_input_count_gini": 0.0,
    "comparison_branch_input_overlap_values": [
      16,
      16,
      16
    ],
    "comparison_branch_input_overlap_min": 16,
    "comparison_branch_input_overlap_mean": 16.0,
    "comparison_branch_input_overlap_max": 16,
    "comparison_branch_input_overlap_gini": 0.0,
    "in_degree": [
      1,
      2,
      2,
      1,
      2
    ],
    "out_degree": [
      1,
      1,
      2,
      2,
      2
    ],
    "in_degree_cv": 0.30618621784789724,
    "out_degree_cv": 0.30618621784789724
  }
}