{
  "name": "degree_balanced_n5_m8_seed33",
  "family": "degree_balanced",
  "seed": 33,
  "n_nodes": 5,
  "edges": [
    [
      0,
      1
    ],
    [
      1,
      2
    ],
    [
      2,
      3
    ],
    [
      3,
      4
    ],
    [
      4,
      0
    ],
    [
      4,
      2
    ],
    [
      1,
      3
    ],
    [
      3,
      1
    ]
  ],
  "metrics": {
    "n_nodes": 5,
    "n_edges": 8,
    "p": 8,
    "strongly_connected": true,
    "edges": [
      [
        0,
        1
      ],
      [
        1,
        2
      ],
      [
        2,
        3
      ],
      [
        3,
        4
      ],
      [
        4,
        0
      ],
      [
        4,
        2
      ],
      [
        1,
        3
      ],
      [
        3,
        1
      ]
    ],
    "tree_counts_enum": [
      2,
      3,
      5,
      4,
      2
    ],
    "tree_counts_det": [
      2,
      3,
      5,
      4,
      2
    ],
    "tree_counts_match_det": true,
    "tree_enumeration_truncated": false,
    "max_trees_per_root": null,
    "n_trees_total_enum": 16,
    "rank_M": 8,
    "rank_D": 7,
    "rank_D_anchor": 7,
    "d_rel": 56,
    "effective_rank_D": 5.439696798612329,
    "condition_number_D": 3.1983206854084822,
    "effective_rank_D_masked": 43.51757438889863,
    "condition_number_D_masked": 3.1983206854084822,
    "singular_values_D_masked": [
      2.864027266602319,
      2.638291374921699,
      2.3487442334510074,
      1.664931664515519,
      1.2943878890436447,
      1.2024341331095938,
      0.8954784551995392,
      2.0085114015983948e-16,
      2.864027266602319,
      2.638291374921699,
      2.3487442334510074,
      1.664931664515519,
      1.2943878890436447,
      1.2024341331095938,
      0.8954784551995392,
      2.0085114015983948e-16,
      2.864027266602319,
      2.638291374921699,
      2.3487442334510074,
      1.664931664515519,
      1.2943878890436447,
      1.2024341331095938,
      0.8954784551995392,
      2.0085114015983948e-16,
      2.864027266602319,
      2.638291374921699,
      2.3487442334510074,
      1.664931664515519,
      1.2943878890436447,
      1.2024341331095938,
      0.8954784551995392,
      2.0085114015983948e-16,
      2.864027266602319,
      2.638291374921699,
      2.3487442334510074,
      1.664931664515519,
      1.2943878890436447,
      1.2024341331095938,
      0.8954784551995392,
      2.0085114015983948e-16,
      2.864027266602319,
      2.638291374921699,
      2.3487442334510074,
      1.664931664515519,
      1.2943878890436447,
      1.2024341331095938,
      0.8954784551995392,
      2.0085114015983948e-16,
      2.864027266602319,
      2.638291374921699,
      2.3487442334510074,
      1.664931664515519,
      1.2943878890436447,
      1.2024341331095938,
      0.8954784551995392,
      2.0085114015983948e-16,
      2.864027266602319,
      2.638291374921699,
      2.3487442334510074,
      1.664931664515519,
      1.2943878890436447,
      1.2024341331095938,
      0.8954784551995392,
      2.0085114015983948e-16
    ],
    "singular_values_D": [
      2.864027266602319,
      2.638291374921699,
      2.3487442334510074,
      1.664931664515519,
      1.2943878890436447,
      1.2024341331095938,
      0.8954784551995392,
      2.0085114015983948e-16
    ],
    "singular_values_D_anchor": [
      6.041751341635627,
      2.7575817294560214,
      2.4106809164740093,
      1.8505463408227507,
      1.483840516758749,
      1.2857794028831513,
      0.8955825693796,
      2.1876606440469753e-16
    ],
    "root_tree_count_cv": 0.36443449342783124,
    "root_tree_count_gini": 0.19999999999999996,
    "edge_participation": [
      0.875,
      0.5,
      0.6875,
      0.5,
      0.5,
      0.375,
      0.3125,
      0.25
    ],
    "edge_participation_mean": 0.5,
    "edge_participation_var": 0.0361328125,
    "edge_participation_gini": 0.20703125,
    "bottleneck_edge_fraction_095": 0.0,
    "mean_shortest_path": 1.75,
    "comparison_branch_d_rel_values": [
      14,
      14,
      14
    ],
    "comparison_branch_d_rel_min": 14,
    "comparison_branch_d_rel_mean": 14.0,
    "comparison_branch_d_rel_max": 14,
    "comparison_branch_d_rel_gini": 0.0,
    "comparison_branch_common_d_rel_values": [
      14,
      14,
      14
    ],
    "comparison_branch_common_d_rel_min": 14,
    "comparison_branch_common_d_rel_mean": 14.0,
    "comparison_branch_common_d_rel_max": 14,
    "comparison_branch_common_d_rel_gini": 0.0,
    "comparison_branch_input_count_values": [
      16,
      16,
      16
    ],
    "comparison_branch_input_count_min": 16,
    "comparison_branch_input_count_mean": 16.0,
    "comparison_branch_input_count_max": 16,
    "comparison_branch_input_count_gini": 0.0,
    "comparison_branch_input_overlap_values": [
      16,
      16,
      16
    ],
    "comparison_branch_input_overlap_min": 16,
    "comparison_branch_input_overlap_mean": 16.0,
    "comparison_branch_input_overlap_max": 16,
    "comparison_branch_input_overlap_gini": 0.0,
    "in_degree": [
      1,
      2,
      2,
      2,
      1
    ],
    "out_degree": [
      1,
      2,
      1,
      2,
      2
    ],
    "in_degree_cv": 0.30618621784789724,
    "out_degree_cv": 0.30618621784789724
  }
}