{
  "name": "degree_balanced_n5_m8_seed57",
  "family": "degree_balanced",
  "seed": 57,
  "n_nodes": 5,
  "edges": [
    [
      0,
      1
    ],
    [
      1,
      2
    ],
    [
      2,
      3
    ],
    [
      3,
      4
    ],
    [
      4,
      0
    ],
    [
      4,
      2
    ],
    [
      2,
      1
    ],
    [
      0,
      4
    ]
  ],
  "metrics": {
    "n_nodes": 5,
    "n_edges": 8,
    "p": 8,
    "strongly_connected": true,
    "edges": [
      [
        0,
        1
      ],
      [
        1,
        2
      ],
      [
        2,
        3
      ],
      [
        3,
        4
      ],
      [
        4,
        0
      ],
      [
        4,
        2
      ],
      [
        2,
        1
      ],
      [
        0,
        4
      ]
    ],
    "tree_counts_enum": [
      1,
      4,
      3,
      3,
      2
    ],
    "tree_counts_det": [
      1,
      4,
      3,
      3,
      2
    ],
    "tree_counts_match_det": true,
    "tree_enumeration_truncated": false,
    "max_trees_per_root": null,
    "n_trees_total_enum": 13,
    "rank_M": 8,
    "rank_D": 7,
    "rank_D_anchor": 7,
    "d_rel": 56,
    "effective_rank_D": 4.838868231888074,
    "condition_number_D": 4.2944931736277425,
    "effective_rank_D_masked": 38.7109458551046,
    "condition_number_D_masked": 4.2944931736277425,
    "singular_values_D_masked": [
      2.791057394472052,
      2.624340431748567,
      1.8874061248821161,
      1.4857658913238199,
      1.1599658712295855,
      0.7445492801248221,
      0.6499154339356712,
      3.080618969960499e-16,
      2.791057394472052,
      2.624340431748567,
      1.8874061248821161,
      1.4857658913238199,
      1.1599658712295855,
      0.7445492801248221,
      0.6499154339356712,
      3.080618969960499e-16,
      2.791057394472052,
      2.624340431748567,
      1.8874061248821161,
      1.4857658913238199,
      1.1599658712295855,
      0.7445492801248221,
      0.6499154339356712,
      3.080618969960499e-16,
      2.791057394472052,
      2.624340431748567,
      1.8874061248821161,
      1.4857658913238199,
      1.1599658712295855,
      0.7445492801248221,
      0.6499154339356712,
      3.080618969960499e-16,
      2.791057394472052,
      2.624340431748567,
      1.8874061248821161,
      1.4857658913238199,
      1.1599658712295855,
      0.7445492801248221,
      0.6499154339356712,
      3.080618969960499e-16,
      2.791057394472052,
      2.624340431748567,
      1.8874061248821161,
      1.4857658913238199,
      1.1599658712295855,
      0.7445492801248221,
      0.6499154339356712,
      3.080618969960499e-16,
      2.791057394472052,
      2.624340431748567,
      1.8874061248821161,
      1.4857658913238199,
      1.1599658712295855,
      0.7445492801248221,
      0.6499154339356712,
      3.080618969960499e-16,
      2.791057394472052,
      2.624340431748567,
      1.8874061248821161,
      1.4857658913238199,
      1.1599658712295855,
      0.7445492801248221,
      0.6499154339356712,
      3.080618969960499e-16
    ],
    "singular_values_D": [
      2.791057394472052,
      2.624340431748567,
      1.8874061248821161,
      1.4857658913238199,
      1.1599658712295855,
      0.7445492801248221,
      0.6499154339356712,
      3.080618969960499e-16
    ],
    "singular_values_D_anchor": [
      4.9026297486269055,
      2.7059093049661036,
      2.298757015432079,
      1.492673499616044,
      1.2133827635487078,
      1.0844048313703716,
      0.6940366125397366,
      1.9587181592975722e-16
    ],
    "root_tree_count_cv": 0.3922322702763681,
    "root_tree_count_gini": 0.2153846153846155,
    "edge_participation": [
      0.6153846153846154,
      0.6923076923076923,
      0.5384615384615384,
      0.7692307692307693,
      0.38461538461538464,
      0.46153846153846156,
      0.23076923076923078,
      0.3076923076923077
    ],
    "edge_participation_mean": 0.5,
    "edge_participation_var": 0.03106508875739645,
    "edge_participation_gini": 0.2019230769230771,
    "bottleneck_edge_fraction_095": 0.0,
    "mean_shortest_path": 1.9,
    "comparison_branch_d_rel_values": [
      14,
      14,
      14
    ],
    "comparison_branch_d_rel_min": 14,
    "comparison_branch_d_rel_mean": 14.0,
    "comparison_branch_d_rel_max": 14,
    "comparison_branch_d_rel_gini": 0.0,
    "comparison_branch_common_d_rel_values": [
      14,
      14,
      14
    ],
    "comparison_branch_common_d_rel_min": 14,
    "comparison_branch_common_d_rel_mean": 14.0,
    "comparison_branch_common_d_rel_max": 14,
    "comparison_branch_common_d_rel_gini": 0.0,
    "comparison_branch_input_count_values": [
      16,
      16,
      16
    ],
    "comparison_branch_input_count_min": 16,
    "comparison_branch_input_count_mean": 16.0,
    "comparison_branch_input_count_max": 16,
    "comparison_branch_input_count_gini": 0.0,
    "comparison_branch_input_overlap_values": [
      16,
      16,
      16
    ],
    "comparison_branch_input_overlap_min": 16,
    "comparison_branch_input_overlap_mean": 16.0,
    "comparison_branch_input_overlap_max": 16,
    "comparison_branch_input_overlap_gini": 0.0,
    "in_degree": [
      1,
      2,
      2,
      1,
      2
    ],
    "out_degree": [
      2,
      1,
      2,
      1,
      2
    ],
    "in_degree_cv": 0.30618621784789724,
    "out_degree_cv": 0.30618621784789724
  }
}