{
  "name": "degree_balanced_n5_m8_seed52",
  "family": "degree_balanced",
  "seed": 52,
  "n_nodes": 5,
  "edges": [
    [
      0,
      1
    ],
    [
      1,
      2
    ],
    [
      2,
      3
    ],
    [
      3,
      4
    ],
    [
      4,
      0
    ],
    [
      4,
      2
    ],
    [
      0,
      3
    ],
    [
      2,
      0
    ]
  ],
  "metrics": {
    "n_nodes": 5,
    "n_edges": 8,
    "p": 8,
    "strongly_connected": true,
    "edges": [
      [
        0,
        1
      ],
      [
        1,
        2
      ],
      [
        2,
        3
      ],
      [
        3,
        4
      ],
      [
        4,
        0
      ],
      [
        4,
        2
      ],
      [
        0,
        3
      ],
      [
        2,
        0
      ]
    ],
    "tree_counts_enum": [
      3,
      3,
      3,
      6,
      3
    ],
    "tree_counts_det": [
      3,
      3,
      3,
      6,
      3
    ],
    "tree_counts_match_det": true,
    "tree_enumeration_truncated": false,
    "max_trees_per_root": null,
    "n_trees_total_enum": 18,
    "rank_M": 8,
    "rank_D": 7,
    "rank_D_anchor": 7,
    "d_rel": 56,
    "effective_rank_D": 5.420188795042572,
    "condition_number_D": 2.9120876532065108,
    "effective_rank_D_masked": 43.36151036034058,
    "condition_number_D_masked": 2.9120876532065108,
    "singular_values_D_masked": [
      3.1247893549493937,
      2.8842359147502648,
      2.577935474573519,
      1.8642784396274035,
      1.398781727783146,
      1.163721912200423,
      1.0730409682238364,
      4.706002843967838e-16,
      3.1247893549493937,
      2.8842359147502648,
      2.577935474573519,
      1.8642784396274035,
      1.398781727783146,
      1.163721912200423,
      1.0730409682238364,
      4.706002843967838e-16,
      3.1247893549493937,
      2.8842359147502648,
      2.577935474573519,
      1.8642784396274035,
      1.398781727783146,
      1.163721912200423,
      1.0730409682238364,
      4.706002843967838e-16,
      3.1247893549493937,
      2.8842359147502648,
      2.577935474573519,
      1.8642784396274035,
      1.398781727783146,
      1.163721912200423,
      1.0730409682238364,
      4.706002843967838e-16,
      3.1247893549493937,
      2.8842359147502648,
      2.577935474573519,
      1.8642784396274035,
      1.398781727783146,
      1.163721912200423,
      1.0730409682238364,
      4.706002843967838e-16,
      3.1247893549493937,
      2.8842359147502648,
      2.577935474573519,
      1.8642784396274035,
      1.398781727783146,
      1.163721912200423,
      1.0730409682238364,
      4.706002843967838e-16,
      3.1247893549493937,
      2.8842359147502648,
      2.577935474573519,
      1.8642784396274035,
      1.398781727783146,
      1.163721912200423,
      1.0730409682238364,
      4.706002843967838e-16,
      3.1247893549493937,
      2.8842359147502648,
      2.577935474573519,
      1.8642784396274035,
      1.398781727783146,
      1.163721912200423,
      1.0730409682238364,
      4.706002843967838e-16
    ],
    "singular_values_D": [
      3.1247893549493937,
      2.8842359147502648,
      2.577935474573519,
      1.8642784396274035,
      1.398781727783146,
      1.163721912200423,
      1.0730409682238364,
      4.706002843967838e-16
    ],
    "singular_values_D_anchor": [
      5.616040667214423,
      3.0122330612785824,
      2.666139866361716,
      2.214531700644206,
      1.5476209160938332,
      1.3286748617235278,
      1.101625789669753,
      6.470926363542276e-16
    ],
    "root_tree_count_cv": 0.3333333333333333,
    "root_tree_count_gini": 0.1333333333333333,
    "edge_participation": [
      0.4444444444444444,
      0.8333333333333334,
      0.4444444444444444,
      0.6666666666666666,
      0.4444444444444444,
      0.3888888888888889,
      0.3888888888888889,
      0.3888888888888889
    ],
    "edge_participation_mean": 0.5,
    "edge_participation_var": 0.023148148148148147,
    "edge_participation_gini": 0.14583333333333326,
    "bottleneck_edge_fraction_095": 0.0,
    "mean_shortest_path": 1.7,
    "comparison_branch_d_rel_values": [
      14,
      14,
      14
    ],
    "comparison_branch_d_rel_min": 14,
    "comparison_branch_d_rel_mean": 14.0,
    "comparison_branch_d_rel_max": 14,
    "comparison_branch_d_rel_gini": 0.0,
    "comparison_branch_common_d_rel_values": [
      14,
      14,
      14
    ],
    "comparison_branch_common_d_rel_min": 14,
    "comparison_branch_common_d_rel_mean": 14.0,
    "comparison_branch_common_d_rel_max": 14,
    "comparison_branch_common_d_rel_gini": 0.0,
    "comparison_branch_input_count_values": [
      16,
      16,
      16
    ],
    "comparison_branch_input_count_min": 16,
    "comparison_branch_input_count_mean": 16.0,
    "comparison_branch_input_count_max": 16,
    "comparison_branch_input_count_gini": 0.0,
    "comparison_branch_input_overlap_values": [
      16,
      16,
      16
    ],
    "comparison_branch_input_overlap_min": 16,
    "comparison_branch_input_overlap_mean": 16.0,
    "comparison_branch_input_overlap_max": 16,
    "comparison_branch_input_overlap_gini": 0.0,
    "in_degree": [
      2,
      1,
      2,
      2,
      1
    ],
    "out_degree": [
      2,
      1,
      2,
      1,
      2
    ],
    "in_degree_cv": 0.30618621784789724,
    "out_degree_cv": 0.30618621784789724
  }
}