{
  "name": "degree_balanced_n5_m8_seed65",
  "family": "degree_balanced",
  "seed": 65,
  "n_nodes": 5,
  "edges": [
    [
      0,
      1
    ],
    [
      1,
      2
    ],
    [
      2,
      3
    ],
    [
      3,
      4
    ],
    [
      4,
      0
    ],
    [
      4,
      3
    ],
    [
      0,
      2
    ],
    [
      2,
      4
    ]
  ],
  "metrics": {
    "n_nodes": 5,
    "n_edges": 8,
    "p": 8,
    "strongly_connected": true,
    "edges": [
      [
        0,
        1
      ],
      [
        1,
        2
      ],
      [
        2,
        3
      ],
      [
        3,
        4
      ],
      [
        4,
        0
      ],
      [
        4,
        3
      ],
      [
        0,
        2
      ],
      [
        2,
        4
      ]
    ],
    "tree_counts_enum": [
      2,
      2,
      2,
      6,
      4
    ],
    "tree_counts_det": [
      2,
      2,
      2,
      6,
      4
    ],
    "tree_counts_match_det": true,
    "tree_enumeration_truncated": false,
    "max_trees_per_root": null,
    "n_trees_total_enum": 16,
    "rank_M": 8,
    "rank_D": 7,
    "rank_D_anchor": 7,
    "d_rel": 56,
    "effective_rank_D": 5.174445987652595,
    "condition_number_D": 3.4000699156369585,
    "effective_rank_D_masked": 41.39556790122079,
    "condition_number_D_masked": 3.4000699156369585,
    "singular_values_D_masked": [
      2.9263712921337364,
      2.68289236280429,
      2.5101289518095795,
      1.652399167199808,
      1.2109911858771547,
      1.0000000000000002,
      0.8606797403416098,
      3.2186927266770115e-16,
      2.9263712921337364,
      2.68289236280429,
      2.5101289518095795,
      1.652399167199808,
      1.2109911858771547,
      1.0000000000000002,
      0.8606797403416098,
      3.2186927266770115e-16,
      2.9263712921337364,
      2.68289236280429,
      2.5101289518095795,
      1.652399167199808,
      1.2109911858771547,
      1.0000000000000002,
      0.8606797403416098,
      3.2186927266770115e-16,
      2.9263712921337364,
      2.68289236280429,
      2.5101289518095795,
      1.652399167199808,
      1.2109911858771547,
      1.0000000000000002,
      0.8606797403416098,
      3.2186927266770115e-16,
      2.9263712921337364,
      2.68289236280429,
      2.5101289518095795,
      1.652399167199808,
      1.2109911858771547,
      1.0000000000000002,
      0.8606797403416098,
      3.2186927266770115e-16,
      2.9263712921337364,
      2.68289236280429,
      2.5101289518095795,
      1.652399167199808,
      1.2109911858771547,
      1.0000000000000002,
      0.8606797403416098,
      3.2186927266770115e-16,
      2.9263712921337364,
      2.68289236280429,
      2.5101289518095795,
      1.652399167199808,
      1.2109911858771547,
      1.0000000000000002,
      0.8606797403416098,
      3.2186927266770115e-16,
      2.9263712921337364,
      2.68289236280429,
      2.5101289518095795,
      1.652399167199808,
      1.2109911858771547,
      1.0000000000000002,
      0.8606797403416098,
      3.2186927266770115e-16
    ],
    "singular_values_D": [
      2.9263712921337364,
      2.68289236280429,
      2.5101289518095795,
      1.652399167199808,
      1.2109911858771547,
      1.0000000000000002,
      0.8606797403416098,
      3.2186927266770115e-16
    ],
    "singular_values_D_anchor": [
      5.069633986868113,
      2.8684267455180463,
      2.55789346748255,
      1.6524020673452628,
      1.6279199279741758,
      1.1640215655335209,
      0.8902910561771876,
      1.35663522274105e-16
    ],
    "root_tree_count_cv": 0.5,
    "root_tree_count_gini": 0.25,
    "edge_participation": [
      0.5,
      0.875,
      0.5,
      0.625,
      0.5,
      0.25,
      0.375,
      0.375
    ],
    "edge_participation_mean": 0.5,
    "edge_participation_var": 0.03125,
    "edge_participation_gini": 0.1875,
    "bottleneck_edge_fraction_095": 0.0,
    "mean_shortest_path": 1.8,
    "comparison_branch_d_rel_values": [
      14,
      14,
      14
    ],
    "comparison_branch_d_rel_min": 14,
    "comparison_branch_d_rel_mean": 14.0,
    "comparison_branch_d_rel_max": 14,
    "comparison_branch_d_rel_gini": 0.0,
    "comparison_branch_common_d_rel_values": [
      14,
      14,
      14
    ],
    "comparison_branch_common_d_rel_min": 14,
    "comparison_branch_common_d_rel_mean": 14.0,
    "comparison_branch_common_d_rel_max": 14,
    "comparison_branch_common_d_rel_gini": 0.0,
    "comparison_branch_input_count_values": [
      16,
      16,
      16
    ],
    "comparison_branch_input_count_min": 16,
    "comparison_branch_input_count_mean": 16.0,
    "comparison_branch_input_count_max": 16,
    "comparison_branch_input_count_gini": 0.0,
    "comparison_branch_input_overlap_values": [
      16,
      16,
      16
    ],
    "comparison_branch_input_overlap_min": 16,
    "comparison_branch_input_overlap_mean": 16.0,
    "comparison_branch_input_overlap_max": 16,
    "comparison_branch_input_overlap_gini": 0.0,
    "in_degree": [
      1,
      1,
      2,
      2,
      2
    ],
    "out_degree": [
      2,
      1,
      2,
      1,
      2
    ],
    "in_degree_cv": 0.30618621784789724,
    "out_degree_cv": 0.30618621784789724
  }
}