{
  "name": "degree_balanced_n5_m8_seed68",
  "family": "degree_balanced",
  "seed": 68,
  "n_nodes": 5,
  "edges": [
    [
      0,
      1
    ],
    [
      1,
      2
    ],
    [
      2,
      3
    ],
    [
      3,
      4
    ],
    [
      4,
      0
    ],
    [
      3,
      2
    ],
    [
      1,
      3
    ],
    [
      2,
      1
    ]
  ],
  "metrics": {
    "n_nodes": 5,
    "n_edges": 8,
    "p": 8,
    "strongly_connected": true,
    "edges": [
      [
        0,
        1
      ],
      [
        1,
        2
      ],
      [
        2,
        3
      ],
      [
        3,
        4
      ],
      [
        4,
        0
      ],
      [
        3,
        2
      ],
      [
        1,
        3
      ],
      [
        2,
        1
      ]
    ],
    "tree_counts_enum": [
      3,
      3,
      3,
      3,
      3
    ],
    "tree_counts_det": [
      3,
      3,
      3,
      3,
      3
    ],
    "tree_counts_match_det": true,
    "tree_enumeration_truncated": false,
    "max_trees_per_root": null,
    "n_trees_total_enum": 15,
    "rank_M": 8,
    "rank_D": 7,
    "rank_D_anchor": 7,
    "d_rel": 56,
    "effective_rank_D": 5.479370465844606,
    "condition_number_D": 3.0251837186976567,
    "effective_rank_D_masked": 43.834963726756854,
    "condition_number_D_masked": 3.0251837186976567,
    "singular_values_D_masked": [
      2.7920760481787235,
      2.5519056929526855,
      1.9813735137562278,
      1.7320508075688774,
      1.2820563385290835,
      1.0973087007773787,
      0.9229442929108166,
      1.729275716375146e-16,
      2.7920760481787235,
      2.5519056929526855,
      1.9813735137562278,
      1.7320508075688774,
      1.2820563385290835,
      1.0973087007773787,
      0.9229442929108166,
      1.729275716375146e-16,
      2.7920760481787235,
      2.5519056929526855,
      1.9813735137562278,
      1.7320508075688774,
      1.2820563385290835,
      1.0973087007773787,
      0.9229442929108166,
      1.729275716375146e-16,
      2.7920760481787235,
      2.5519056929526855,
      1.9813735137562278,
      1.7320508075688774,
      1.2820563385290835,
      1.0973087007773787,
      0.9229442929108166,
      1.729275716375146e-16,
      2.7920760481787235,
      2.5519056929526855,
      1.9813735137562278,
      1.7320508075688774,
      1.2820563385290835,
      1.0973087007773787,
      0.9229442929108166,
      1.729275716375146e-16,
      2.7920760481787235,
      2.5519056929526855,
      1.9813735137562278,
      1.7320508075688774,
      1.2820563385290835,
      1.0973087007773787,
      0.9229442929108166,
      1.729275716375146e-16,
      2.7920760481787235,
      2.5519056929526855,
      1.9813735137562278,
      1.7320508075688774,
      1.2820563385290835,
      1.0973087007773787,
      0.9229442929108166,
      1.729275716375146e-16,
      2.7920760481787235,
      2.5519056929526855,
      1.9813735137562278,
      1.7320508075688774,
      1.2820563385290835,
      1.0973087007773787,
      0.9229442929108166,
      1.729275716375146e-16
    ],
    "singular_values_D": [
      2.7920760481787235,
      2.5519056929526855,
      1.9813735137562278,
      1.7320508075688774,
      1.2820563385290835,
      1.0973087007773787,
      0.9229442929108166,
      1.729275716375146e-16
    ],
    "singular_values_D_anchor": [
      5.942975267668052,
      2.5521137887912437,
      2.1455181485028705,
      1.9243702759521935,
      1.2992363249280199,
      1.1031425583357342,
      0.9779430251297705,
      3.330636400539287e-16
    ],
    "root_tree_count_cv": 0.0,
    "root_tree_count_gini": 0.0,
    "edge_participation": [
      0.8,
      0.3333333333333333,
      0.4666666666666667,
      0.6,
      0.8,
      0.2,
      0.4666666666666667,
      0.3333333333333333
    ],
    "edge_participation_mean": 0.5,
    "edge_participation_var": 0.04222222222222223,
    "edge_participation_gini": 0.22916666666666674,
    "bottleneck_edge_fraction_095": 0.0,
    "mean_shortest_path": 1.85,
    "comparison_branch_d_rel_values": [
      14,
      14,
      14
    ],
    "comparison_branch_d_rel_min": 14,
    "comparison_branch_d_rel_mean": 14.0,
    "comparison_branch_d_rel_max": 14,
    "comparison_branch_d_rel_gini": 0.0,
    "comparison_branch_common_d_rel_values": [
      14,
      14,
      14
    ],
    "comparison_branch_common_d_rel_min": 14,
    "comparison_branch_common_d_rel_mean": 14.0,
    "comparison_branch_common_d_rel_max": 14,
    "comparison_branch_common_d_rel_gini": 0.0,
    "comparison_branch_input_count_values": [
      16,
      16,
      16
    ],
    "comparison_branch_input_count_min": 16,
    "comparison_branch_input_count_mean": 16.0,
    "comparison_branch_input_count_max": 16,
    "comparison_branch_input_count_gini": 0.0,
    "comparison_branch_input_overlap_values": [
      16,
      16,
      16
    ],
    "comparison_branch_input_overlap_min": 16,
    "comparison_branch_input_overlap_mean": 16.0,
    "comparison_branch_input_overlap_max": 16,
    "comparison_branch_input_overlap_gini": 0.0,
    "in_degree": [
      1,
      2,
      2,
      2,
      1
    ],
    "out_degree": [
      1,
      2,
      2,
      2,
      1
    ],
    "in_degree_cv": 0.30618621784789724,
    "out_degree_cv": 0.30618621784789724
  }
}