{
  "name": "degree_balanced_n5_m8_seed83",
  "family": "degree_balanced",
  "seed": 83,
  "n_nodes": 5,
  "edges": [
    [
      0,
      1
    ],
    [
      1,
      2
    ],
    [
      2,
      3
    ],
    [
      3,
      4
    ],
    [
      4,
      0
    ],
    [
      3,
      2
    ],
    [
      1,
      4
    ],
    [
      0,
      3
    ]
  ],
  "metrics": {
    "n_nodes": 5,
    "n_edges": 8,
    "p": 8,
    "strongly_connected": true,
    "edges": [
      [
        0,
        1
      ],
      [
        1,
        2
      ],
      [
        2,
        3
      ],
      [
        3,
        4
      ],
      [
        4,
        0
      ],
      [
        3,
        2
      ],
      [
        1,
        4
      ],
      [
        0,
        3
      ]
    ],
    "tree_counts_enum": [
      2,
      1,
      4,
      3,
      4
    ],
    "tree_counts_det": [
      2,
      1,
      4,
      3,
      4
    ],
    "tree_counts_match_det": true,
    "tree_enumeration_truncated": false,
    "max_trees_per_root": null,
    "n_trees_total_enum": 14,
    "rank_M": 8,
    "rank_D": 7,
    "rank_D_anchor": 7,
    "d_rel": 56,
    "effective_rank_D": 4.876967366095228,
    "condition_number_D": 4.363914328463151,
    "effective_rank_D_masked": 39.01573892876185,
    "condition_number_D_masked": 4.363914328463151,
    "singular_values_D_masked": [
      2.854387502760726,
      2.7856017546436664,
      2.0048598386237964,
      1.5668867979259022,
      1.2626321115728065,
      0.7721564777982808,
      0.6540888037474286,
      1.744441862838615e-16,
      2.854387502760726,
      2.7856017546436664,
      2.0048598386237964,
      1.5668867979259022,
      1.2626321115728065,
      0.7721564777982808,
      0.6540888037474286,
      1.744441862838615e-16,
      2.854387502760726,
      2.7856017546436664,
      2.0048598386237964,
      1.5668867979259022,
      1.2626321115728065,
      0.7721564777982808,
      0.6540888037474286,
      1.744441862838615e-16,
      2.854387502760726,
      2.7856017546436664,
      2.0048598386237964,
      1.5668867979259022,
      1.2626321115728065,
      0.7721564777982808,
      0.6540888037474286,
      1.744441862838615e-16,
      2.854387502760726,
      2.7856017546436664,
      2.0048598386237964,
      1.5668867979259022,
      1.2626321115728065,
      0.7721564777982808,
      0.6540888037474286,
      1.744441862838615e-16,
      2.854387502760726,
      2.7856017546436664,
      2.0048598386237964,
      1.5668867979259022,
      1.2626321115728065,
      0.7721564777982808,
      0.6540888037474286,
      1.744441862838615e-16,
      2.854387502760726,
      2.7856017546436664,
      2.0048598386237964,
      1.5668867979259022,
      1.2626321115728065,
      0.7721564777982808,
      0.6540888037474286,
      1.744441862838615e-16,
      2.854387502760726,
      2.7856017546436664,
      2.0048598386237964,
      1.5668867979259022,
      1.2626321115728065,
      0.7721564777982808,
      0.6540888037474286,
      1.744441862838615e-16
    ],
    "singular_values_D": [
      2.854387502760726,
      2.7856017546436664,
      2.0048598386237964,
      1.5668867979259022,
      1.2626321115728065,
      0.7721564777982808,
      0.6540888037474286,
      1.744441862838615e-16
    ],
    "singular_values_D_anchor": [
      4.356892632281935,
      2.8338573557709412,
      2.5264260533083363,
      1.8371996256516063,
      1.4439371605464586,
      0.8414470223212587,
      0.6600154510316363,
      2.3080432402005453e-16
    ],
    "root_tree_count_cv": 0.41649656391752143,
    "root_tree_count_gini": 0.22857142857142865,
    "edge_participation": [
      0.42857142857142855,
      0.5714285714285714,
      0.7142857142857143,
      0.5714285714285714,
      0.7142857142857143,
      0.21428571428571427,
      0.35714285714285715,
      0.42857142857142855
    ],
    "edge_participation_mean": 0.5,
    "edge_participation_var": 0.026785714285714288,
    "edge_participation_gini": 0.18303571428571463,
    "bottleneck_edge_fraction_095": 0.0,
    "mean_shortest_path": 1.85,
    "comparison_branch_d_rel_values": [
      14,
      14,
      14
    ],
    "comparison_branch_d_rel_min": 14,
    "comparison_branch_d_rel_mean": 14.0,
    "comparison_branch_d_rel_max": 14,
    "comparison_branch_d_rel_gini": 0.0,
    "comparison_branch_common_d_rel_values": [
      14,
      14,
      14
    ],
    "comparison_branch_common_d_rel_min": 14,
    "comparison_branch_common_d_rel_mean": 14.0,
    "comparison_branch_common_d_rel_max": 14,
    "comparison_branch_common_d_rel_gini": 0.0,
    "comparison_branch_input_count_values": [
      16,
      16,
      16
    ],
    "comparison_branch_input_count_min": 16,
    "comparison_branch_input_count_mean": 16.0,
    "comparison_branch_input_count_max": 16,
    "comparison_branch_input_count_gini": 0.0,
    "comparison_branch_input_overlap_values": [
      16,
      16,
      16
    ],
    "comparison_branch_input_overlap_min": 16,
    "comparison_branch_input_overlap_mean": 16.0,
    "comparison_branch_input_overlap_max": 16,
    "comparison_branch_input_overlap_gini": 0.0,
    "in_degree": [
      1,
      1,
      2,
      2,
      2
    ],
    "out_degree": [
      2,
      2,
      1,
      2,
      1
    ],
    "in_degree_cv": 0.30618621784789724,
    "out_degree_cv": 0.30618621784789724
  }
}