{
  "name": "degree_balanced_n5_m8_seed78",
  "family": "degree_balanced",
  "seed": 78,
  "n_nodes": 5,
  "edges": [
    [
      0,
      1
    ],
    [
      1,
      2
    ],
    [
      2,
      3
    ],
    [
      3,
      4
    ],
    [
      4,
      0
    ],
    [
      4,
      2
    ],
    [
      0,
      3
    ],
    [
      1,
      4
    ]
  ],
  "metrics": {
    "n_nodes": 5,
    "n_edges": 8,
    "p": 8,
    "strongly_connected": true,
    "edges": [
      [
        0,
        1
      ],
      [
        1,
        2
      ],
      [
        2,
        3
      ],
      [
        3,
        4
      ],
      [
        4,
        0
      ],
      [
        4,
        2
      ],
      [
        0,
        3
      ],
      [
        1,
        4
      ]
    ],
    "tree_counts_enum": [
      2,
      1,
      5,
      7,
      4
    ],
    "tree_counts_det": [
      2,
      1,
      5,
      7,
      4
    ],
    "tree_counts_match_det": true,
    "tree_enumeration_truncated": false,
    "max_trees_per_root": null,
    "n_trees_total_enum": 19,
    "rank_M": 8,
    "rank_D": 7,
    "rank_D_anchor": 7,
    "d_rel": 56,
    "effective_rank_D": 5.274660111941256,
    "condition_number_D": 4.359990924357308,
    "effective_rank_D_masked": 42.19728089553007,
    "condition_number_D_masked": 4.359990924357308,
    "singular_values_D_masked": [
      3.2019029695949945,
      2.912357790062316,
      2.7788822909637725,
      2.3116138991746196,
      1.6096405436271424,
      0.9822014683719266,
      0.7343829437138052,
      3.162823413301184e-16,
      3.2019029695949945,
      2.912357790062316,
      2.7788822909637725,
      2.3116138991746196,
      1.6096405436271424,
      0.9822014683719266,
      0.7343829437138052,
      3.162823413301184e-16,
      3.2019029695949945,
      2.912357790062316,
      2.7788822909637725,
      2.3116138991746196,
      1.6096405436271424,
      0.9822014683719266,
      0.7343829437138052,
      3.162823413301184e-16,
      3.2019029695949945,
      2.912357790062316,
      2.7788822909637725,
      2.3116138991746196,
      1.6096405436271424,
      0.9822014683719266,
      0.7343829437138052,
      3.162823413301184e-16,
      3.2019029695949945,
      2.912357790062316,
      2.7788822909637725,
      2.3116138991746196,
      1.6096405436271424,
      0.9822014683719266,
      0.7343829437138052,
      3.162823413301184e-16,
      3.2019029695949945,
      2.912357790062316,
      2.7788822909637725,
      2.3116138991746196,
      1.6096405436271424,
      0.9822014683719266,
      0.7343829437138052,
      3.162823413301184e-16,
      3.2019029695949945,
      2.912357790062316,
      2.7788822909637725,
      2.3116138991746196,
      1.6096405436271424,
      0.9822014683719266,
      0.7343829437138052,
      3.162823413301184e-16,
      3.2019029695949945,
      2.912357790062316,
      2.7788822909637725,
      2.3116138991746196,
      1.6096405436271424,
      0.9822014683719266,
      0.7343829437138052,
      3.162823413301184e-16
    ],
    "singular_values_D": [
      3.2019029695949945,
      2.912357790062316,
      2.7788822909637725,
      2.3116138991746196,
      1.6096405436271424,
      0.9822014683719266,
      0.7343829437138052,
      3.162823413301184e-16
    ],
    "singular_values_D_anchor": [
      6.140982098999175,
      3.0295913879862346,
      2.7817142773606016,
      2.441400699660506,
      1.6120559969548798,
      1.5050890454965868,
      0.739949736296122,
      4.4280982241326703e-16
    ],
    "root_tree_count_cv": 0.5619514869490164,
    "root_tree_count_gini": 0.3157894736842106,
    "edge_participation": [
      0.47368421052631576,
      0.5263157894736842,
      0.7368421052631579,
      0.631578947368421,
      0.3684210526315789,
      0.42105263157894735,
      0.42105263157894735,
      0.42105263157894735
    ],
    "edge_participation_mean": 0.5,
    "edge_participation_var": 0.013850415512465372,
    "edge_participation_gini": 0.125,
    "bottleneck_edge_fraction_095": 0.0,
    "mean_shortest_path": 1.8,
    "comparison_branch_d_rel_values": [
      14,
      14,
      14
    ],
    "comparison_branch_d_rel_min": 14,
    "comparison_branch_d_rel_mean": 14.0,
    "comparison_branch_d_rel_max": 14,
    "comparison_branch_d_rel_gini": 0.0,
    "comparison_branch_common_d_rel_values": [
      14,
      14,
      14
    ],
    "comparison_branch_common_d_rel_min": 14,
    "comparison_branch_common_d_rel_mean": 14.0,
    "comparison_branch_common_d_rel_max": 14,
    "comparison_branch_common_d_rel_gini": 0.0,
    "comparison_branch_input_count_values": [
      16,
      16,
      16
    ],
    "comparison_branch_input_count_min": 16,
    "comparison_branch_input_count_mean": 16.0,
    "comparison_branch_input_count_max": 16,
    "comparison_branch_input_count_gini": 0.0,
    "comparison_branch_input_overlap_values": [
      16,
      16,
      16
    ],
    "comparison_branch_input_overlap_min": 16,
    "comparison_branch_input_overlap_mean": 16.0,
    "comparison_branch_input_overlap_max": 16,
    "comparison_branch_input_overlap_gini": 0.0,
    "in_degree": [
      1,
      1,
      2,
      2,
      2
    ],
    "out_degree": [
      2,
      2,
      1,
      1,
      2
    ],
    "in_degree_cv": 0.30618621784789724,
    "out_degree_cv": 0.30618621784789724
  }
}