{
  "name": "degree_balanced_n5_m8_seed80",
  "family": "degree_balanced",
  "seed": 80,
  "n_nodes": 5,
  "edges": [
    [
      0,
      1
    ],
    [
      1,
      2
    ],
    [
      2,
      3
    ],
    [
      3,
      4
    ],
    [
      4,
      0
    ],
    [
      4,
      2
    ],
    [
      3,
      1
    ],
    [
      2,
      0
    ]
  ],
  "metrics": {
    "n_nodes": 5,
    "n_edges": 8,
    "p": 8,
    "strongly_connected": true,
    "edges": [
      [
        0,
        1
      ],
      [
        1,
        2
      ],
      [
        2,
        3
      ],
      [
        3,
        4
      ],
      [
        4,
        0
      ],
      [
        4,
        2
      ],
      [
        3,
        1
      ],
      [
        2,
        0
      ]
    ],
    "tree_counts_enum": [
      5,
      7,
      4,
      2,
      1
    ],
    "tree_counts_det": [
      5,
      7,
      4,
      2,
      1
    ],
    "tree_counts_match_det": true,
    "tree_enumeration_truncated": false,
    "max_trees_per_root": null,
    "n_trees_total_enum": 19,
    "rank_M": 8,
    "rank_D": 7,
    "rank_D_anchor": 7,
    "d_rel": 56,
    "effective_rank_D": 5.274660111941256,
    "condition_number_D": 4.359990924357311,
    "effective_rank_D_masked": 42.19728089553003,
    "condition_number_D_masked": 4.359990924357311,
    "singular_values_D_masked": [
      3.201902969594995,
      2.912357790062316,
      2.7788822909637734,
      2.31161389917462,
      1.609640543627143,
      0.9822014683719262,
      0.7343829437138047,
      3.7349616651174637e-16,
      3.201902969594995,
      2.912357790062316,
      2.7788822909637734,
      2.31161389917462,
      1.609640543627143,
      0.9822014683719262,
      0.7343829437138047,
      3.7349616651174637e-16,
      3.201902969594995,
      2.912357790062316,
      2.7788822909637734,
      2.31161389917462,
      1.609640543627143,
      0.9822014683719262,
      0.7343829437138047,
      3.7349616651174637e-16,
      3.201902969594995,
      2.912357790062316,
      2.7788822909637734,
      2.31161389917462,
      1.609640543627143,
      0.9822014683719262,
      0.7343829437138047,
      3.7349616651174637e-16,
      3.201902969594995,
      2.912357790062316,
      2.7788822909637734,
      2.31161389917462,
      1.609640543627143,
      0.9822014683719262,
      0.7343829437138047,
      3.7349616651174637e-16,
      3.201902969594995,
      2.912357790062316,
      2.7788822909637734,
      2.31161389917462,
      1.609640543627143,
      0.9822014683719262,
      0.7343829437138047,
      3.7349616651174637e-16,
      3.201902969594995,
      2.912357790062316,
      2.7788822909637734,
      2.31161389917462,
      1.609640543627143,
      0.9822014683719262,
      0.7343829437138047,
      3.7349616651174637e-16,
      3.201902969594995,
      2.912357790062316,
      2.7788822909637734,
      2.31161389917462,
      1.609640543627143,
      0.9822014683719262,
      0.7343829437138047,
      3.7349616651174637e-16
    ],
    "singular_values_D": [
      3.201902969594995,
      2.912357790062316,
      2.7788822909637734,
      2.31161389917462,
      1.609640543627143,
      0.9822014683719262,
      0.7343829437138047,
      3.7349616651174637e-16
    ],
    "singular_values_D_anchor": [
      6.9493189079455435,
      2.9314057059713345,
      2.783251025613207,
      2.490156708446029,
      1.8539605222780347,
      1.0762826000615937,
      0.7555837115189167,
      4.918128852751494e-16
    ],
    "root_tree_count_cv": 0.5619514869490164,
    "root_tree_count_gini": 0.3157894736842106,
    "edge_participation": [
      0.7368421052631579,
      0.631578947368421,
      0.3684210526315789,
      0.47368421052631576,
      0.5263157894736842,
      0.42105263157894735,
      0.42105263157894735,
      0.42105263157894735
    ],
    "edge_participation_mean": 0.49999999999999994,
    "edge_participation_var": 0.01385041551246537,
    "edge_participation_gini": 0.125,
    "bottleneck_edge_fraction_095": 0.0,
    "mean_shortest_path": 1.8,
    "comparison_branch_d_rel_values": [
      14,
      14,
      14
    ],
    "comparison_branch_d_rel_min": 14,
    "comparison_branch_d_rel_mean": 14.0,
    "comparison_branch_d_rel_max": 14,
    "comparison_branch_d_rel_gini": 0.0,
    "comparison_branch_common_d_rel_values": [
      14,
      14,
      14
    ],
    "comparison_branch_common_d_rel_min": 14,
    "comparison_branch_common_d_rel_mean": 14.0,
    "comparison_branch_common_d_rel_max": 14,
    "comparison_branch_common_d_rel_gini": 0.0,
    "comparison_branch_input_count_values": [
      16,
      16,
      16
    ],
    "comparison_branch_input_count_min": 16,
    "comparison_branch_input_count_mean": 16.0,
    "comparison_branch_input_count_max": 16,
    "comparison_branch_input_count_gini": 0.0,
    "comparison_branch_input_overlap_values": [
      16,
      16,
      16
    ],
    "comparison_branch_input_overlap_min": 16,
    "comparison_branch_input_overlap_mean": 16.0,
    "comparison_branch_input_overlap_max": 16,
    "comparison_branch_input_overlap_gini": 0.0,
    "in_degree": [
      2,
      2,
      2,
      1,
      1
    ],
    "out_degree": [
      1,
      1,
      2,
      2,
      2
    ],
    "in_degree_cv": 0.30618621784789724,
    "out_degree_cv": 0.30618621784789724
  }
}