{
  "name": "degree_balanced_n5_m8_seed81",
  "family": "degree_balanced",
  "seed": 81,
  "n_nodes": 5,
  "edges": [
    [
      0,
      1
    ],
    [
      1,
      2
    ],
    [
      2,
      3
    ],
    [
      3,
      4
    ],
    [
      4,
      0
    ],
    [
      4,
      3
    ],
    [
      3,
      0
    ],
    [
      2,
      4
    ]
  ],
  "metrics": {
    "n_nodes": 5,
    "n_edges": 8,
    "p": 8,
    "strongly_connected": true,
    "edges": [
      [
        0,
        1
      ],
      [
        1,
        2
      ],
      [
        2,
        3
      ],
      [
        3,
        4
      ],
      [
        4,
        0
      ],
      [
        4,
        3
      ],
      [
        3,
        0
      ],
      [
        2,
        4
      ]
    ],
    "tree_counts_enum": [
      6,
      6,
      3,
      3,
      3
    ],
    "tree_counts_det": [
      6,
      6,
      3,
      3,
      3
    ],
    "tree_counts_match_det": true,
    "tree_enumeration_truncated": false,
    "max_trees_per_root": null,
    "n_trees_total_enum": 21,
    "rank_M": 8,
    "rank_D": 7,
    "rank_D_anchor": 7,
    "d_rel": 56,
    "effective_rank_D": 5.558048479705769,
    "condition_number_D": 3.0135356678698426,
    "effective_rank_D_masked": 44.46438783764617,
    "condition_number_D_masked": 3.0135356678698426,
    "singular_values_D_masked": [
      3.4198513819232508,
      2.983678584748125,
      2.5536264552928443,
      2.449489742783178,
      1.6905084848709708,
      1.184178461412411,
      1.134830232270195,
      1.9004609406195072e-16,
      3.4198513819232508,
      2.983678584748125,
      2.5536264552928443,
      2.449489742783178,
      1.6905084848709708,
      1.184178461412411,
      1.134830232270195,
      1.9004609406195072e-16,
      3.4198513819232508,
      2.983678584748125,
      2.5536264552928443,
      2.449489742783178,
      1.6905084848709708,
      1.184178461412411,
      1.134830232270195,
      1.9004609406195072e-16,
      3.4198513819232508,
      2.983678584748125,
      2.5536264552928443,
      2.449489742783178,
      1.6905084848709708,
      1.184178461412411,
      1.134830232270195,
      1.9004609406195072e-16,
      3.4198513819232508,
      2.983678584748125,
      2.5536264552928443,
      2.449489742783178,
      1.6905084848709708,
      1.184178461412411,
      1.134830232270195,
      1.9004609406195072e-16,
      3.4198513819232508,
      2.983678584748125,
      2.5536264552928443,
      2.449489742783178,
      1.6905084848709708,
      1.184178461412411,
      1.134830232270195,
      1.9004609406195072e-16,
      3.4198513819232508,
      2.983678584748125,
      2.5536264552928443,
      2.449489742783178,
      1.6905084848709708,
      1.184178461412411,
      1.134830232270195,
      1.9004609406195072e-16,
      3.4198513819232508,
      2.983678584748125,
      2.5536264552928443,
      2.449489742783178,
      1.6905084848709708,
      1.184178461412411,
      1.134830232270195,
      1.9004609406195072e-16
    ],
    "singular_values_D": [
      3.4198513819232508,
      2.983678584748125,
      2.5536264552928443,
      2.449489742783178,
      1.6905084848709708,
      1.184178461412411,
      1.134830232270195,
      1.9004609406195072e-16
    ],
    "singular_values_D_anchor": [
      7.4156477750497345,
      3.0580487638761564,
      2.6839306913536833,
      2.5533643728612114,
      1.7940537160053263,
      1.1843981663473733,
      1.1453927296821371,
      2.9122834042084857e-16
    ],
    "root_tree_count_cv": 0.3499271061118826,
    "root_tree_count_gini": 0.17142857142857149,
    "edge_participation": [
      0.7142857142857143,
      0.7142857142857143,
      0.42857142857142855,
      0.3333333333333333,
      0.5238095238095238,
      0.3333333333333333,
      0.5238095238095238,
      0.42857142857142855
    ],
    "edge_participation_mean": 0.5,
    "edge_participation_var": 0.019841269841269847,
    "edge_participation_gini": 0.15476190476190488,
    "bottleneck_edge_fraction_095": 0.0,
    "mean_shortest_path": 1.9,
    "comparison_branch_d_rel_values": [
      14,
      14,
      14
    ],
    "comparison_branch_d_rel_min": 14,
    "comparison_branch_d_rel_mean": 14.0,
    "comparison_branch_d_rel_max": 14,
    "comparison_branch_d_rel_gini": 0.0,
    "comparison_branch_common_d_rel_values": [
      14,
      14,
      14
    ],
    "comparison_branch_common_d_rel_min": 14,
    "comparison_branch_common_d_rel_mean": 14.0,
    "comparison_branch_common_d_rel_max": 14,
    "comparison_branch_common_d_rel_gini": 0.0,
    "comparison_branch_input_count_values": [
      16,
      16,
      16
    ],
    "comparison_branch_input_count_min": 16,
    "comparison_branch_input_count_mean": 16.0,
    "comparison_branch_input_count_max": 16,
    "comparison_branch_input_count_gini": 0.0,
    "comparison_branch_input_overlap_values": [
      16,
      16,
      16
    ],
    "comparison_branch_input_overlap_min": 16,
    "comparison_branch_input_overlap_mean": 16.0,
    "comparison_branch_input_overlap_max": 16,
    "comparison_branch_input_overlap_gini": 0.0,
    "in_degree": [
      2,
      1,
      1,
      2,
      2
    ],
    "out_degree": [
      1,
      1,
      2,
      2,
      2
    ],
    "in_degree_cv": 0.30618621784789724,
    "out_degree_cv": 0.30618621784789724
  }
}