{
  "name": "bottleneck_bridge_n5_m8_seed1",
  "family": "bottleneck_bridge",
  "seed": 1,
  "n_nodes": 5,
  "edges": [
    [
      0,
      1
    ],
    [
      1,
      0
    ],
    [
      2,
      3
    ],
    [
      3,
      4
    ],
    [
      4,
      2
    ],
    [
      1,
      2
    ],
    [
      2,
      1
    ],
    [
      3,
      2
    ]
  ],
  "metrics": {
    "n_nodes": 5,
    "n_edges": 8,
    "p": 8,
    "strongly_connected": true,
    "edges": [
      [
        0,
        1
      ],
      [
        1,
        0
      ],
      [
        2,
        3
      ],
      [
        3,
        4
      ],
      [
        4,
        2
      ],
      [
        1,
        2
      ],
      [
        2,
        1
      ],
      [
        3,
        2
      ]
    ],
    "tree_counts_enum": [
      2,
      2,
      2,
      1,
      1
    ],
    "tree_counts_det": [
      2,
      2,
      2,
      1,
      1
    ],
    "tree_counts_match_det": true,
    "tree_enumeration_truncated": false,
    "max_trees_per_root": null,
    "n_trees_total_enum": 8,
    "rank_M": 6,
    "rank_D": 5,
    "rank_D_anchor": 5,
    "d_rel": 40,
    "effective_rank_D": 3.6703343879473525,
    "condition_number_D": 3.1651741562650044,
    "effective_rank_D_masked": 29.36267510357884,
    "condition_number_D_masked": 3.1651741562650044,
    "singular_values_D_masked": [
      2.5584898259197293,
      1.8440810512527428,
      1.2845642700298225,
      0.9999999999999997,
      0.808325134607702,
      1.9933200685919942e-16,
      7.898159835833184e-17,
      4.31193593605299e-31,
      2.5584898259197293,
      1.8440810512527428,
      1.2845642700298225,
      0.9999999999999997,
      0.808325134607702,
      1.9933200685919942e-16,
      7.898159835833184e-17,
      4.31193593605299e-31,
      2.5584898259197293,
      1.8440810512527428,
      1.2845642700298225,
      0.9999999999999997,
      0.808325134607702,
      1.9933200685919942e-16,
      7.898159835833184e-17,
      4.31193593605299e-31,
      2.5584898259197293,
      1.8440810512527428,
      1.2845642700298225,
      0.9999999999999997,
      0.808325134607702,
      1.9933200685919942e-16,
      7.898159835833184e-17,
      4.31193593605299e-31,
      2.5584898259197293,
      1.8440810512527428,
      1.2845642700298225,
      0.9999999999999997,
      0.808325134607702,
      1.9933200685919942e-16,
      7.898159835833184e-17,
      4.31193593605299e-31,
      2.5584898259197293,
      1.8440810512527428,
      1.2845642700298225,
      0.9999999999999997,
      0.808325134607702,
      1.9933200685919942e-16,
      7.898159835833184e-17,
      4.31193593605299e-31,
      2.5584898259197293,
      1.8440810512527428,
      1.2845642700298225,
      0.9999999999999997,
      0.808325134607702,
      1.9933200685919942e-16,
      7.898159835833184e-17,
      4.31193593605299e-31,
      2.5584898259197293,
      1.8440810512527428,
      1.2845642700298225,
      0.9999999999999997,
      0.808325134607702,
      1.9933200685919942e-16,
      7.898159835833184e-17,
      4.31193593605299e-31
    ],
    "singular_values_D": [
      2.5584898259197293,
      1.8440810512527428,
      1.2845642700298225,
      0.9999999999999997,
      0.808325134607702,
      1.9933200685919942e-16,
      7.898159835833184e-17,
      4.31193593605299e-31
    ],
    "singular_values_D_anchor": [
      4.662224546561161,
      2.186503230370384,
      1.3306673814391778,
      1.0242663251746977,
      0.8142903143900032,
      2.298026436534845e-16,
      1.0326679399995612e-17
    ],
    "root_tree_count_cv": 0.30618621784789724,
    "root_tree_count_gini": 0.15000000000000013,
    "edge_participation": [
      0.75,
      0.25,
      0.25,
      0.5,
      0.875,
      0.5,
      0.5,
      0.375
    ],
    "edge_participation_mean": 0.5,
    "edge_participation_var": 0.04296875,
    "edge_participation_gini": 0.2265625,
    "bottleneck_edge_fraction_095": 0.0,
    "mean_shortest_path": 1.9,
    "comparison_branch_d_rel_values": [
      10,
      10,
      10
    ],
    "comparison_branch_d_rel_min": 10,
    "comparison_branch_d_rel_mean": 10.0,
    "comparison_branch_d_rel_max": 10,
    "comparison_branch_d_rel_gini": 0.0,
    "comparison_branch_common_d_rel_values": [
      10,
      10,
      10
    ],
    "comparison_branch_common_d_rel_min": 10,
    "comparison_branch_common_d_rel_mean": 10.0,
    "comparison_branch_common_d_rel_max": 10,
    "comparison_branch_common_d_rel_gini": 0.0,
    "comparison_branch_input_count_values": [
      16,
      16,
      16
    ],
    "comparison_branch_input_count_min": 16,
    "comparison_branch_input_count_mean": 16.0,
    "comparison_branch_input_count_max": 16,
    "comparison_branch_input_count_gini": 0.0,
    "comparison_branch_input_overlap_values": [
      16,
      16,
      16
    ],
    "comparison_branch_input_overlap_min": 16,
    "comparison_branch_input_overlap_mean": 16.0,
    "comparison_branch_input_overlap_max": 16,
    "comparison_branch_input_overlap_gini": 0.0,
    "in_degree": [
      1,
      2,
      3,
      1,
      1
    ],
    "out_degree": [
      1,
      2,
      2,
      2,
      1
    ],
    "in_degree_cv": 0.5,
    "out_degree_cv": 0.30618621784789724
  }
}