{
  "n_nodes": 5,
  "n_edges": 12,
  "p": 8,
  "strongly_connected": true,
  "edges": [
    [
      0,
      1
    ],
    [
      1,
      2
    ],
    [
      2,
      3
    ],
    [
      3,
      4
    ],
    [
      4,
      0
    ],
    [
      2,
      0
    ],
    [
      2,
      4
    ],
    [
      3,
      0
    ],
    [
      4,
      2
    ],
    [
      3,
      2
    ],
    [
      4,
      1
    ],
    [
      1,
      3
    ]
  ],
  "tree_counts_enum": [
    32,
    20,
    13,
    11,
    8
  ],
  "tree_counts_det": [
    32,
    20,
    13,
    11,
    8
  ],
  "tree_counts_match_det": true,
  "tree_enumeration_truncated": false,
  "max_trees_per_root": null,
  "n_trees_total_enum": 84,
  "rank_M": 12,
  "rank_D": 11,
  "rank_D_anchor": 11,
  "d_rel": 88,
  "effective_rank_D": 9.084968325580327,
  "condition_number_D": 3.619948864182048,
  "effective_rank_D_masked": 72.67974660464266,
  "condition_number_D_masked": 3.619948864182048,
  "singular_values_D_masked": [
    5.775735562487484,
    5.630339905765614,
    5.456345626262668,
    5.345237008265186,
    5.037911429423112,
    4.548270152749813,
    4.015681830104778,
    3.9523935906617047,
    2.489660715707496,
    1.8873634312064984,
    1.5955295997786285,
    1.046928546921361e-15,
    5.775735562487484,
    5.630339905765614,
    5.456345626262668,
    5.345237008265186,
    5.037911429423112,
    4.548270152749813,
    4.015681830104778,
    3.9523935906617047,
    2.489660715707496,
    1.8873634312064984,
    1.5955295997786285,
    1.046928546921361e-15,
    5.775735562487484,
    5.630339905765614,
    5.456345626262668,
    5.345237008265186,
    5.037911429423112,
    4.548270152749813,
    4.015681830104778,
    3.9523935906617047,
    2.489660715707496,
    1.8873634312064984,
    1.5955295997786285,
    1.046928546921361e-15,
    5.775735562487484,
    5.630339905765614,
    5.456345626262668,
    5.345237008265186,
    5.037911429423112,
    4.548270152749813,
    4.015681830104778,
    3.9523935906617047,
    2.489660715707496,
    1.8873634312064984,
    1.5955295997786285,
    1.046928546921361e-15,
    5.775735562487484,
    5.630339905765614,
    5.456345626262668,
    5.345237008265186,
    5.037911429423112,
    4.548270152749813,
    4.015681830104778,
    3.9523935906617047,
    2.489660715707496,
    1.8873634312064984,
    1.5955295997786285,
    1.046928546921361e-15,
    5.775735562487484,
    5.630339905765614,
    5.456345626262668,
    5.345237008265186,
    5.037911429423112,
    4.548270152749813,
    4.015681830104778,
    3.9523935906617047,
    2.489660715707496,
    1.8873634312064984,
    1.5955295997786285,
    1.046928546921361e-15,
    5.775735562487484,
    5.630339905765614,
    5.456345626262668,
    5.345237008265186,
    5.037911429423112,
    4.548270152749813,
    4.015681830104778,
    3.9523935906617047,
    2.489660715707496,
    1.8873634312064984,
    1.5955295997786285,
    1.046928546921361e-15,
    5.775735562487484,
    5.630339905765614,
    5.456345626262668,
    5.345237008265186,
    5.037911429423112,
    4.548270152749813,
    4.015681830104778,
    3.9523935906617047,
    2.489660715707496,
    1.8873634312064984,
    1.5955295997786285,
    1.046928546921361e-15
  ],
  "singular_values_D": [
    5.775735562487484,
    5.630339905765614,
    5.456345626262668,
    5.345237008265186,
    5.037911429423112,
    4.548270152749813,
    4.015681830104778,
    3.9523935906617047,
    2.489660715707496,
    1.8873634312064984,
    1.5955295997786285,
    1.046928546921361e-15
  ],
  "singular_values_D_anchor": [
    16.292386401414085,
    5.67814146177048,
    5.529901069627388,
    5.34798164559086,
    5.225981271086582,
    4.607293332164907,
    4.279929956647605,
    3.965451575975862,
    2.538010949003668,
    1.8877926810196204,
    1.596947667378578,
    1.6388642765095784e-15
  ],
  "root_tree_count_cv": 0.5098241215562822,
  "root_tree_count_gini": 0.2714285714285716,
  "edge_participation": [
    0.6190476190476191,
    0.38095238095238093,
    0.25,
    0.2976190476190476,
    0.38095238095238093,
    0.35714285714285715,
    0.23809523809523808,
    0.32142857142857145,
    0.23809523809523808,
    0.25,
    0.2857142857142857,
    0.38095238095238093
  ],
  "edge_participation_mean": 0.3333333333333333,
  "edge_participation_var": 0.010393046107331822,
  "edge_participation_gini": 0.1517857142857142,
  "bottleneck_edge_fraction_095": 0.0,
  "mean_shortest_path": 1.45,
  "comparison_branch_d_rel_values": [
    22,
    22,
    22
  ],
  "comparison_branch_d_rel_min": 22,
  "comparison_branch_d_rel_mean": 22.0,
  "comparison_branch_d_rel_max": 22,
  "comparison_branch_d_rel_gini": 0.0,
  "comparison_branch_common_d_rel_values": [
    22,
    22,
    22
  ],
  "comparison_branch_common_d_rel_min": 22,
  "comparison_branch_common_d_rel_mean": 22.0,
  "comparison_branch_common_d_rel_max": 22,
  "comparison_branch_common_d_rel_gini": 0.0,
  "comparison_branch_input_count_values": [
    24,
    24,
    24
  ],
  "comparison_branch_input_count_min": 24,
  "comparison_branch_input_count_mean": 24.0,
  "comparison_branch_input_count_max": 24,
  "comparison_branch_input_count_gini": 0.0,
  "comparison_branch_input_overlap_values": [
    24,
    24,
    24
  ],
  "comparison_branch_input_overlap_min": 24,
  "comparison_branch_input_overlap_mean": 24.0,
  "comparison_branch_input_overlap_max": 24,
  "comparison_branch_input_overlap_gini": 0.0,
  "in_degree": [
    3,
    2,
    3,
    2,
    2
  ],
  "out_degree": [
    1,
    2,
    3,
    3,
    3
  ],
  "in_degree_cv": 0.2041241452319315,
  "out_degree_cv": 0.33333333333333337,
  "topology_name": "random_sc_n5_m12_seed92",
  "physical_topology_name": "random_sc_n5_m12_seed92",
  "input_mask_name": "full",
  "input_mask_family": "",
  "input_mask_seed": 3,
  "input_coupled_parameter_count": 96,
  "input_coupled_edge_count": 12,
  "input_coupled_coord_count": 8,
  "input_parameter_density": 1.0,
  "input_edge_density": 1.0,
  "input_coord_density": 1.0,
  "input_edge_load_gini": 0.0,
  "input_coord_load_gini": 0.0,
  "input_edge_load_min": 8,
  "input_edge_load_max": 8,
  "input_coord_load_min": 12,
  "input_coord_load_max": 12,
  "raw_physical_parameter_count": 96,
  "n_req": 48,
  "d_rel_minus_n_req": 40
}