{
  "n_nodes": 5,
  "n_edges": 12,
  "p": 8,
  "strongly_connected": true,
  "edges": [
    [
      0,
      1
    ],
    [
      1,
      0
    ],
    [
      2,
      3
    ],
    [
      3,
      4
    ],
    [
      4,
      2
    ],
    [
      1,
      2
    ],
    [
      2,
      1
    ],
    [
      4,
      3
    ],
    [
      2,
      4
    ],
    [
      3,
      2
    ],
    [
      3,
      1
    ],
    [
      2,
      0
    ]
  ],
  "tree_counts_enum": [
    18,
    13,
    5,
    3,
    4
  ],
  "tree_counts_det": [
    18,
    13,
    5,
    3,
    4
  ],
  "tree_counts_match_det": true,
  "tree_enumeration_truncated": false,
  "max_trees_per_root": null,
  "n_trees_total_enum": 43,
  "rank_M": 12,
  "rank_D": 11,
  "rank_D_anchor": 11,
  "d_rel": 88,
  "effective_rank_D": 7.810778149503936,
  "condition_number_D": 5.642794690155264,
  "effective_rank_D_masked": 62.486225196031505,
  "condition_number_D_masked": 5.642794690155264,
  "singular_values_D_masked": [
    4.8030345180054805,
    4.7034287083556015,
    4.027215213714278,
    3.675285369418167,
    3.0142308604758155,
    2.648951885773602,
    2.5593552922366745,
    2.192826623255039,
    1.1929241691028398,
    1.0714261398333744,
    0.8511800945700052,
    4.991300758297097e-16,
    4.8030345180054805,
    4.7034287083556015,
    4.027215213714278,
    3.675285369418167,
    3.0142308604758155,
    2.648951885773602,
    2.5593552922366745,
    2.192826623255039,
    1.1929241691028398,
    1.0714261398333744,
    0.8511800945700052,
    4.991300758297097e-16,
    4.8030345180054805,
    4.7034287083556015,
    4.027215213714278,
    3.675285369418167,
    3.0142308604758155,
    2.648951885773602,
    2.5593552922366745,
    2.192826623255039,
    1.1929241691028398,
    1.0714261398333744,
    0.8511800945700052,
    4.991300758297097e-16,
    4.8030345180054805,
    4.7034287083556015,
    4.027215213714278,
    3.675285369418167,
    3.0142308604758155,
    2.648951885773602,
    2.5593552922366745,
    2.192826623255039,
    1.1929241691028398,
    1.0714261398333744,
    0.8511800945700052,
    4.991300758297097e-16,
    4.8030345180054805,
    4.7034287083556015,
    4.027215213714278,
    3.675285369418167,
    3.0142308604758155,
    2.648951885773602,
    2.5593552922366745,
    2.192826623255039,
    1.1929241691028398,
    1.0714261398333744,
    0.8511800945700052,
    4.991300758297097e-16,
    4.8030345180054805,
    4.7034287083556015,
    4.027215213714278,
    3.675285369418167,
    3.0142308604758155,
    2.648951885773602,
    2.5593552922366745,
    2.192826623255039,
    1.1929241691028398,
    1.0714261398333744,
    0.8511800945700052,
    4.991300758297097e-16,
    4.8030345180054805,
    4.7034287083556015,
    4.027215213714278,
    3.675285369418167,
    3.0142308604758155,
    2.648951885773602,
    2.5593552922366745,
    2.192826623255039,
    1.1929241691028398,
    1.0714261398333744,
    0.8511800945700052,
    4.991300758297097e-16,
    4.8030345180054805,
    4.7034287083556015,
    4.027215213714278,
    3.675285369418167,
    3.0142308604758155,
    2.648951885773602,
    2.5593552922366745,
    2.192826623255039,
    1.1929241691028398,
    1.0714261398333744,
    0.8511800945700052,
    4.991300758297097e-16
  ],
  "singular_values_D": [
    4.8030345180054805,
    4.7034287083556015,
    4.027215213714278,
    3.675285369418167,
    3.0142308604758155,
    2.648951885773602,
    2.5593552922366745,
    2.192826623255039,
    1.1929241691028398,
    1.0714261398333744,
    0.8511800945700052,
    4.991300758297097e-16
  ],
  "singular_values_D_anchor": [
    11.555261215833555,
    4.708565135493549,
    4.4807295561707265,
    3.68710508487485,
    3.2930380825253844,
    2.962997509113709,
    2.578564048857744,
    2.2369894538022703,
    1.195119209273774,
    1.071496475396778,
    0.8835656696544474,
    7.358549172464311e-16
  ],
  "root_tree_count_cv": 0.6843692543982401,
  "root_tree_count_gini": 0.3627906976744186,
  "edge_participation": [
    0.5813953488372093,
    0.3023255813953488,
    0.16279069767441862,
    0.18604651162790697,
    0.4883720930232558,
    0.3953488372093023,
    0.23255813953488372,
    0.4186046511627907,
    0.13953488372093023,
    0.3023255813953488,
    0.4418604651162791,
    0.3488372093023256
  ],
  "edge_participation_mean": 0.3333333333333333,
  "edge_participation_var": 0.017426837329487414,
  "edge_participation_gini": 0.22577519379844957,
  "bottleneck_edge_fraction_095": 0.0,
  "mean_shortest_path": 1.5,
  "comparison_branch_d_rel_values": [
    22,
    22,
    22
  ],
  "comparison_branch_d_rel_min": 22,
  "comparison_branch_d_rel_mean": 22.0,
  "comparison_branch_d_rel_max": 22,
  "comparison_branch_d_rel_gini": 0.0,
  "comparison_branch_common_d_rel_values": [
    22,
    22,
    22
  ],
  "comparison_branch_common_d_rel_min": 22,
  "comparison_branch_common_d_rel_mean": 22.0,
  "comparison_branch_common_d_rel_max": 22,
  "comparison_branch_common_d_rel_gini": 0.0,
  "comparison_branch_input_count_values": [
    24,
    24,
    24
  ],
  "comparison_branch_input_count_min": 24,
  "comparison_branch_input_count_mean": 24.0,
  "comparison_branch_input_count_max": 24,
  "comparison_branch_input_count_gini": 0.0,
  "comparison_branch_input_overlap_values": [
    24,
    24,
    24
  ],
  "comparison_branch_input_overlap_min": 24,
  "comparison_branch_input_overlap_mean": 24.0,
  "comparison_branch_input_overlap_max": 24,
  "comparison_branch_input_overlap_gini": 0.0,
  "in_degree": [
    2,
    3,
    3,
    2,
    2
  ],
  "out_degree": [
    1,
    2,
    4,
    3,
    2
  ],
  "in_degree_cv": 0.2041241452319315,
  "out_degree_cv": 0.4249182927993988,
  "topology_name": "bottleneck_bridge_n5_m12_seed7",
  "physical_topology_name": "bottleneck_bridge_n5_m12_seed7",
  "input_mask_name": "full",
  "input_mask_family": "",
  "input_mask_seed": 4,
  "input_coupled_parameter_count": 96,
  "input_coupled_edge_count": 12,
  "input_coupled_coord_count": 8,
  "input_parameter_density": 1.0,
  "input_edge_density": 1.0,
  "input_coord_density": 1.0,
  "input_edge_load_gini": 0.0,
  "input_coord_load_gini": 0.0,
  "input_edge_load_min": 8,
  "input_edge_load_max": 8,
  "input_coord_load_min": 12,
  "input_coord_load_max": 12,
  "raw_physical_parameter_count": 96,
  "n_req": 48,
  "d_rel_minus_n_req": 40
}