{
  "n_nodes": 6,
  "n_edges": 20,
  "p": 20,
  "strongly_connected": true,
  "edges": [
    [
      0,
      1
    ],
    [
      1,
      2
    ],
    [
      2,
      3
    ],
    [
      3,
      4
    ],
    [
      4,
      5
    ],
    [
      5,
      0
    ],
    [
      1,
      4
    ],
    [
      4,
      0
    ],
    [
      5,
      2
    ],
    [
      3,
      2
    ],
    [
      0,
      3
    ],
    [
      1,
      3
    ],
    [
      4,
      3
    ],
    [
      2,
      4
    ],
    [
      2,
      1
    ],
    [
      3,
      1
    ],
    [
      5,
      4
    ],
    [
      3,
      0
    ],
    [
      0,
      5
    ],
    [
      2,
      0
    ]
  ],
  "tree_counts_enum": [
    200,
    160,
    114,
    166,
    190,
    130
  ],
  "tree_counts_det": [
    200,
    160,
    114,
    166,
    190,
    130
  ],
  "tree_counts_match_det": true,
  "tree_enumeration_truncated": false,
  "max_trees_per_root": null,
  "n_trees_total_enum": 960,
  "rank_M": 20,
  "rank_D": 19,
  "rank_D_anchor": 19,
  "d_rel": 200,
  "effective_rank_D": 15.898610432389086,
  "condition_number_D": 3.550238802485174,
  "effective_rank_D_masked": 176.03173781603795,
  "condition_number_D_masked": 5.428055907953582,
  "singular_values_D_masked": [
    17.701477718911676,
    17.364663027817635,
    16.74497558170395,
    16.317451192330054,
    15.519738297183093,
    15.138408146919573,
    14.322999521625023,
    13.130092748737558,
    12.508129719796079,
    11.67119155149395,
    10.438509642986702,
    10.049135020862556,
    6.928556836036854,
    6.448270146991097,
    4.11693142076994,
    1.4956980078267322e-15,
    5.571744076550535e-17,
    0.0,
    0.0,
    0.0,
    17.90379556408413,
    17.38452423283719,
    16.935424086167668,
    16.390192450172915,
    16.00250735443168,
    15.401669738303086,
    14.411366836678257,
    13.899432169615414,
    13.21914936204858,
    10.827720037999145,
    10.517410616623355,
    10.054153208467403,
    7.588098527879614,
    6.227822914360696,
    5.1456175417852625,
    2.5693998694321258e-15,
    1.5712446736434634e-15,
    1.993709688837909e-17,
    0.0,
    0.0,
    17.493983236768827,
    17.19018375396095,
    16.761076114898252,
    15.398373536447917,
    15.273777523429988,
    15.008167473737766,
    14.13766833697464,
    13.880312540528653,
    12.873486357563644,
    11.878057063995145,
    10.772445419774344,
    9.652396908140116,
    9.06369176214171,
    7.7756687230173,
    4.4145266425577425,
    1.4320184856413838e-15,
    1.1412572745309145e-15,
    2.0705011563783983e-16,
    2.967306469396181e-17,
    1.6023770150567914e-33,
    17.34488103155006,
    17.267916467063365,
    16.696986685919736,
    16.052407798635794,
    15.511096365397167,
    15.216526360749313,
    14.335802782796291,
    13.453894979489434,
    12.949466909322448,
    11.325584354139458,
    10.381127186294307,
    9.728062848458265,
    9.241404530026061,
    6.528642830462917,
    4.5472121501814975,
    1.7340844979967587e-15,
    3.012645567040044e-16,
    9.124158732807477e-17,
    0.0,
    0.0,
    17.60314689538136,
    17.325305583486944,
    16.776350072664417,
    15.520959930253593,
    15.345399028315295,
    15.076055569884907,
    14.397934469165397,
    14.036645732872893,
    13.983253155527107,
    11.86480679678831,
    11.036851163098133,
    9.515515839187934,
    8.130079339053898,
    5.612621902877846,
    4.967502676267793,
    1.8249203408031176e-15,
    6.442442687065738e-16,
    2.924732768363837e-16,
    1.2049554917010694e-16,
    0.0,
    17.395584348965617,
    16.93466906189359,
    16.796993893974857,
    16.121481614557513,
    15.97444361165155,
    15.421521899244622,
    14.975970905488813,
    14.301512243277323,
    13.060081625698908,
    12.13538424151951,
    10.404298404325333,
    9.962247700713117,
    7.0172324721330765,
    6.117542041074145,
    4.192271983137027,
    2.4052953215854186e-15,
    1.7658647149526005e-15,
    7.175874165972465e-16,
    1.2549942538535443e-16,
    1.3351784116945791e-31,
    18.05922181645315,
    17.71342746394179,
    16.802419534461862,
    15.865908197374644,
    15.416762539937315,
    14.842451494451872,
    13.905693658539995,
    13.779768244660755,
    13.252006764262713,
    12.729318329570573,
    10.480140198896645,
    10.329205435940933,
    7.16160837099316,
    5.62443724903309,
    4.103021005885942,
    1.512243985305645e-15,
    4.1336564664300966e-16,
    2.782072868722636e-16,
    5.058811837766349e-18,
    0.0,
    18.05201462951615,
    17.344585466255964,
    16.721909860874707,
    16.519175364000734,
    16.064583310017216,
    15.174473883232203,
    14.574813644073014,
    13.50460845792642,
    13.460064771545593,
    10.851803598305477,
    10.418320412288677,
    9.773868245967513,
    8.318879500920938,
    7.2883235415354,
    5.350662878771775,
    9.99084457898021e-16,
    1.4592712188278205e-16,
    0.0,
    0.0,
    0.0,
    17.938113930202707,
    17.466460789213464,
    16.61109387446607,
    16.266590056821364,
    15.837653408289485,
    15.33804265678093,
    13.754156112408754,
    13.180293008440561,
    12.854474575505195,
    11.395261473741906,
    10.462713094790612,
    9.224424156154798,
    8.151502329855608,
    7.889898633420326,
    5.647715423482166,
    2.1424957145791963e-15,
    9.82725750068e-16,
    6.549259038651827e-17,
    4.3310280302366456e-32,
    0.0,
    18.045660625085194,
    17.708311115002626,
    16.735590707602242,
    16.429416800280013,
    15.510266955312614,
    15.419800587559894,
    15.08017470871013,
    13.897661961242525,
    13.653066264250999,
    12.517901961261954,
    10.386615485125184,
    7.466705933612421,
    6.717646549011705,
    5.250696644533354,
    3.327014703365797,
    1.915946270854283e-15,
    1.002640843916927e-15,
    1.6676531700441714e-16,
    1.6106770310315757e-31,
    1.2108268449872941e-33,
    15.102955905881123,
    14.033083707374487,
    13.880393132330644,
    13.351329740945292,
    10.754696968022635,
    2.0890237147143017e-15,
    1.172961147404904e-15,
    3.0173362199064875e-16,
    2.115936322401026e-16,
    6.831354238331839e-17,
    1.1946923298002342e-32,
    9.105653402328139e-33,
    5.4181195409204974e-33,
    1.1798791945267953e-48,
    3.804223045081894e-49,
    6.546894924045537e-65,
    0.0,
    0.0,
    0.0,
    0.0,
    14.79518565690098,
    13.65288452053608,
    13.299373169977997,
    12.275098483141477,
    10.603402653311413,
    1.1556751332039043e-15,
    2.8904905465554133e-16,
    1.2589268169749204e-16,
    3.2732577843793066e-17,
    1.4800318215424447e-32,
    4.542677564923161e-33,
    1.8153235460264997e-33,
    6.8017300097434785e-49,
    3.8841203084400024e-49,
    3.710925233702749e-50,
    6.717208187183895e-66,
    1.9473168966855254e-66,
    2.785493558924468e-82,
    0.0,
    0.0,
    15.491933384829673,
    13.416407864998732,
    13.416407864998728,
    12.393546707863713,
    10.95445115010333,
    1.110966587955651e-15,
    3.195468481645927e-16,
    8.47607601030401e-17,
    4.940031768346447e-31,
    3.404815781825543e-32,
    1.7972551500117102e-33,
    8.25103991461523e-48,
    0.0,
    0.0,
    0.0,
    0.0,
    0.0,
    0.0,
    0.0,
    0.0,
    16.433296212918318,
    14.065773551555804,
    13.29937636770397,
    12.363358274569936,
    10.301181180474,
    9.90795027140878e-16,
    3.862761929354192e-16,
    1.7339687823804025e-16,
    6.977853271696766e-17,
    1.9046818916716024e-32,
    1.6967961984073139e-32,
    3.986844623605385e-33,
    1.2866540941996377e-48,
    3.091385546981486e-49,
    2.0670563745091097e-65,
    1.5234724359892485e-65,
    1.4883322263761507e-81,
    2.4891089823624288e-98,
    0.0,
    0.0,
    14.977539881779311,
    14.407007617400733,
    13.436137855877558,
    13.040776616211136,
    12.380511582017444,
    2.0256614942394683e-15,
    8.1915317897346815e-16,
    3.8100648337627127e-16,
    7.03934660335747e-17,
