{
  "n_nodes": 4,
  "n_edges": 6,
  "p": 8,
  "strongly_connected": true,
  "edges": [
    [
      0,
      1
    ],
    [
      1,
      2
    ],
    [
      2,
      3
    ],
    [
      3,
      0
    ],
    [
      2,
      1
    ],
    [
      1,
      3
    ]
  ],
  "tree_counts_enum": [
    3,
    2,
    1,
    3
  ],
  "tree_counts_det": [
    3,
    2,
    1,
    3
  ],
  "tree_counts_match_det": true,
  "tree_enumeration_truncated": false,
  "max_trees_per_root": null,
  "n_trees_total_enum": 9,
  "rank_M": 6,
  "rank_D": 5,
  "rank_D_anchor": 5,
  "d_rel": 40,
  "effective_rank_D": 4.066313206152702,
  "condition_number_D": 3.2219603204247034,
  "effective_rank_D_masked": 32.530505649221645,
  "condition_number_D_masked": 3.2219603204247034,
  "singular_values_D_masked": [
    2.1833620194514354,
    1.7320508075688774,
    1.7320508075688772,
    1.1037051046709494,
    0.6776501888029568,
    1.2016636071360597e-16,
    2.1833620194514354,
    1.7320508075688774,
    1.7320508075688772,
    1.1037051046709494,
    0.6776501888029568,
    1.2016636071360597e-16,
    2.1833620194514354,
    1.7320508075688774,
    1.7320508075688772,
    1.1037051046709494,
    0.6776501888029568,
    1.2016636071360597e-16,
    2.1833620194514354,
    1.7320508075688774,
    1.7320508075688772,
    1.1037051046709494,
    0.6776501888029568,
    1.2016636071360597e-16,
    2.1833620194514354,
    1.7320508075688774,
    1.7320508075688772,
    1.1037051046709494,
    0.6776501888029568,
    1.2016636071360597e-16,
    2.1833620194514354,
    1.7320508075688774,
    1.7320508075688772,
    1.1037051046709494,
    0.6776501888029568,
    1.2016636071360597e-16,
    2.1833620194514354,
    1.7320508075688774,
    1.7320508075688772,
    1.1037051046709494,
    0.6776501888029568,
    1.2016636071360597e-16,
    2.1833620194514354,
    1.7320508075688774,
    1.7320508075688772,
    1.1037051046709494,
    0.6776501888029568,
    1.2016636071360597e-16
  ],
  "singular_values_D": [
    2.1833620194514354,
    1.7320508075688774,
    1.7320508075688772,
    1.1037051046709494,
    0.6776501888029568,
    1.2016636071360597e-16
  ],
  "singular_values_D_anchor": [
    4.173968818445813,
    1.906626136695781,
    1.7320508075688774,
    1.1841820171286837,
    0.7351693871616475,
    1.8409129834124303e-16
  ],
  "root_tree_count_cv": 0.3685138655950444,
  "root_tree_count_gini": 0.19444444444444442,
  "edge_participation": [
    0.6666666666666666,
    0.3333333333333333,
    0.5555555555555556,
    0.6666666666666666,
    0.3333333333333333,
    0.4444444444444444
  ],
  "edge_participation_mean": 0.5,
  "edge_participation_var": 0.019547325102880656,
  "edge_participation_gini": 0.154320987654321,
  "bottleneck_edge_fraction_095": 0.0,
  "mean_shortest_path": 1.5833333333333333,
  "comparison_branch_d_rel_values": [
    10,
    10,
    10
  ],
  "comparison_branch_d_rel_min": 10,
  "comparison_branch_d_rel_mean": 10.0,
  "comparison_branch_d_rel_max": 10,
  "comparison_branch_d_rel_gini": 0.0,
  "comparison_branch_common_d_rel_values": [
    10,
    10,
    10
  ],
  "comparison_branch_common_d_rel_min": 10,
  "comparison_branch_common_d_rel_mean": 10.0,
  "comparison_branch_common_d_rel_max": 10,
  "comparison_branch_common_d_rel_gini": 0.0,
  "comparison_branch_input_count_values": [
    12,
    12,
    12
  ],
  "comparison_branch_input_count_min": 12,
  "comparison_branch_input_count_mean": 12.0,
  "comparison_branch_input_count_max": 12,
  "comparison_branch_input_count_gini": 0.0,
  "comparison_branch_input_overlap_values": [
    12,
    12,
    12
  ],
  "comparison_branch_input_overlap_min": 12,
  "comparison_branch_input_overlap_mean": 12.0,
  "comparison_branch_input_overlap_max": 12,
  "comparison_branch_input_overlap_gini": 0.0,
  "in_degree": [
    1,
    2,
    1,
    2
  ],
  "out_degree": [
    1,
    2,
    2,
    1
  ],
  "in_degree_cv": 0.3333333333333333,
  "out_degree_cv": 0.3333333333333333,
  "topology_name": "cycle_chords_n4_m6_seed2",
  "physical_topology_name": "cycle_chords_n4_m6_seed2",
  "input_mask_name": "full",
  "input_mask_family": "",
  "input_mask_seed": 3,
  "input_coupled_parameter_count": 48,
  "input_coupled_edge_count": 6,
  "input_coupled_coord_count": 8,
  "input_parameter_density": 1.0,
  "input_edge_density": 1.0,
  "input_coord_density": 1.0,
  "input_edge_load_gini": 0.0,
  "input_coord_load_gini": 0.0,
  "input_edge_load_min": 8,
  "input_edge_load_max": 8,
  "input_coord_load_min": 6,
  "input_coord_load_max": 6,
  "raw_physical_parameter_count": 48,
  "n_req": 48,
  "d_rel_minus_n_req": -8
}