{
  "n_nodes": 4,
  "n_edges": 6,
  "p": 8,
  "strongly_connected": true,
  "edges": [
    [
      0,
      1
    ],
    [
      1,
      0
    ],
    [
      0,
      2
    ],
    [
      2,
      0
    ],
    [
      0,
      3
    ],
    [
      3,
      0
    ]
  ],
  "tree_counts_enum": [
    1,
    1,
    1,
    1
  ],
  "tree_counts_det": [
    1,
    1,
    1,
    1
  ],
  "tree_counts_match_det": true,
  "tree_enumeration_truncated": false,
  "max_trees_per_root": null,
  "n_trees_total_enum": 4,
  "rank_M": 4,
  "rank_D": 3,
  "rank_D_anchor": 3,
  "d_rel": 24,
  "effective_rank_D": 2.6246903390462615,
  "condition_number_D": 2.0000000000000004,
  "effective_rank_D_masked": 20.997522712370102,
  "condition_number_D_masked": 2.0000000000000004,
  "singular_values_D_masked": [
    1.4142135623730951,
    1.4142135623730951,
    0.7071067811865474,
    7.88371647345981e-17,
    1.4142135623730951,
    1.4142135623730951,
    0.7071067811865474,
    7.88371647345981e-17,
    1.4142135623730951,
    1.4142135623730951,
    0.7071067811865474,
    7.88371647345981e-17,
    1.4142135623730951,
    1.4142135623730951,
    0.7071067811865474,
    7.88371647345981e-17,
    1.4142135623730951,
    1.4142135623730951,
    0.7071067811865474,
    7.88371647345981e-17,
    1.4142135623730951,
    1.4142135623730951,
    0.7071067811865474,
    7.88371647345981e-17,
    1.4142135623730951,
    1.4142135623730951,
    0.7071067811865474,
    7.88371647345981e-17,
    1.4142135623730951,
    1.4142135623730951,
    0.7071067811865474,
    7.88371647345981e-17
  ],
  "singular_values_D": [
    1.4142135623730951,
    1.4142135623730951,
    0.7071067811865474,
    7.88371647345981e-17
  ],
  "singular_values_D_anchor": [
    1.4142135623730951,
    1.4142135623730951,
    1.4142135623730951
  ],
  "root_tree_count_cv": 0.0,
  "root_tree_count_gini": 0.0,
  "edge_participation": [
    0.25,
    0.75,
    0.25,
    0.75,
    0.25,
    0.75
  ],
  "edge_participation_mean": 0.5,
  "edge_participation_var": 0.0625,
  "edge_participation_gini": 0.25,
  "bottleneck_edge_fraction_095": 0.0,
  "mean_shortest_path": 1.5,
  "comparison_branch_d_rel_values": [
    6,
    6,
    6
  ],
  "comparison_branch_d_rel_min": 6,
  "comparison_branch_d_rel_mean": 6.0,
  "comparison_branch_d_rel_max": 6,
  "comparison_branch_d_rel_gini": 0.0,
  "comparison_branch_common_d_rel_values": [
    6,
    6,
    6
  ],
  "comparison_branch_common_d_rel_min": 6,
  "comparison_branch_common_d_rel_mean": 6.0,
  "comparison_branch_common_d_rel_max": 6,
  "comparison_branch_common_d_rel_gini": 0.0,
  "comparison_branch_input_count_values": [
    12,
    12,
    12
  ],
  "comparison_branch_input_count_min": 12,
  "comparison_branch_input_count_mean": 12.0,
  "comparison_branch_input_count_max": 12,
  "comparison_branch_input_count_gini": 0.0,
  "comparison_branch_input_overlap_values": [
    12,
    12,
    12
  ],
  "comparison_branch_input_overlap_min": 12,
  "comparison_branch_input_overlap_mean": 12.0,
  "comparison_branch_input_overlap_max": 12,
  "comparison_branch_input_overlap_gini": 0.0,
  "in_degree": [
    3,
    1,
    1,
    1
  ],
  "out_degree": [
    3,
    1,
    1,
    1
  ],
  "in_degree_cv": 0.5773502691896257,
  "out_degree_cv": 0.5773502691896257,
  "topology_name": "hub_spoke_n4_m6_seed1",
  "physical_topology_name": "hub_spoke_n4_m6_seed1",
  "input_mask_name": "full",
  "input_mask_family": "",
  "input_mask_seed": 5,
  "input_coupled_parameter_count": 48,
  "input_coupled_edge_count": 6,
  "input_coupled_coord_count": 8,
  "input_parameter_density": 1.0,
  "input_edge_density": 1.0,
  "input_coord_density": 1.0,
  "input_edge_load_gini": 0.0,
  "input_coord_load_gini": 0.0,
  "input_edge_load_min": 8,
  "input_edge_load_max": 8,
  "input_coord_load_min": 6,
  "input_coord_load_max": 6,
  "raw_physical_parameter_count": 48,
  "n_req": 48,
  "d_rel_minus_n_req": -24
}