{
  "n_nodes": 5,
  "n_edges": 8,
  "p": 8,
  "strongly_connected": true,
  "edges": [
    [
      0,
      1
    ],
    [
      1,
      2
    ],
    [
      2,
      3
    ],
    [
      3,
      4
    ],
    [
      4,
      0
    ],
    [
      4,
      3
    ],
    [
      3,
      1
    ],
    [
      0,
      2
    ]
  ],
  "tree_counts_enum": [
    1,
    5,
    6,
    4,
    2
  ],
  "tree_counts_det": [
    1,
    5,
    6,
    4,
    2
  ],
  "tree_counts_match_det": true,
  "tree_enumeration_truncated": false,
  "max_trees_per_root": null,
  "n_trees_total_enum": 18,
  "rank_M": 8,
  "rank_D": 7,
  "rank_D_anchor": 7,
  "d_rel": 56,
  "effective_rank_D": 5.216483072740315,
  "condition_number_D": 4.257472945555104,
  "effective_rank_D_masked": 41.73186458192253,
  "condition_number_D_masked": 4.257472945555104,
  "singular_values_D_masked": [
    3.1651092338479208,
    2.8987437990708327,
    2.4633873157453943,
    2.3038268707408753,
    1.5052656674871112,
    0.9107208662911362,
    0.7434243914931661,
    3.066190104793917e-16,
    3.1651092338479208,
    2.8987437990708327,
    2.4633873157453943,
    2.3038268707408753,
    1.5052656674871112,
    0.9107208662911362,
    0.7434243914931661,
    3.066190104793917e-16,
    3.1651092338479208,
    2.8987437990708327,
    2.4633873157453943,
    2.3038268707408753,
    1.5052656674871112,
    0.9107208662911362,
    0.7434243914931661,
    3.066190104793917e-16,
    3.1651092338479208,
    2.8987437990708327,
    2.4633873157453943,
    2.3038268707408753,
    1.5052656674871112,
    0.9107208662911362,
    0.7434243914931661,
    3.066190104793917e-16,
    3.1651092338479208,
    2.8987437990708327,
    2.4633873157453943,
    2.3038268707408753,
    1.5052656674871112,
    0.9107208662911362,
    0.7434243914931661,
    3.066190104793917e-16,
    3.1651092338479208,
    2.8987437990708327,
    2.4633873157453943,
    2.3038268707408753,
    1.5052656674871112,
    0.9107208662911362,
    0.7434243914931661,
    3.066190104793917e-16,
    3.1651092338479208,
    2.8987437990708327,
    2.4633873157453943,
    2.3038268707408753,
    1.5052656674871112,
    0.9107208662911362,
    0.7434243914931661,
    3.066190104793917e-16,
    3.1651092338479208,
    2.8987437990708327,
    2.4633873157453943,
    2.3038268707408753,
    1.5052656674871112,
    0.9107208662911362,
    0.7434243914931661,
    3.066190104793917e-16
  ],
  "singular_values_D": [
    3.1651092338479208,
    2.8987437990708327,
    2.4633873157453943,
    2.3038268707408753,
    1.5052656674871112,
    0.9107208662911362,
    0.7434243914931661,
    3.066190104793917e-16
  ],
  "singular_values_D_anchor": [
    6.000001654583124,
    2.9371749287123885,
    2.50933565042632,
    2.334101817553679,
    1.5944162532697768,
    1.5022473928594917,
    0.9106461793096778,
    3.5313636059976865e-16
  ],
  "root_tree_count_cv": 0.5152010275275392,
  "root_tree_count_gini": 0.288888888888889,
  "edge_participation": [
    0.5,
    0.7222222222222222,
    0.6666666666666666,
    0.3333333333333333,
    0.5555555555555556,
    0.3333333333333333,
    0.4444444444444444,
    0.4444444444444444
  ],
  "edge_participation_mean": 0.5,
  "edge_participation_var": 0.017746913580246916,
  "edge_participation_gini": 0.14930555555555558,
  "bottleneck_edge_fraction_095": 0.0,
  "mean_shortest_path": 1.85,
  "comparison_branch_d_rel_values": [
    14,
    14,
    14
  ],
  "comparison_branch_d_rel_min": 14,
  "comparison_branch_d_rel_mean": 14.0,
  "comparison_branch_d_rel_max": 14,
  "comparison_branch_d_rel_gini": 0.0,
  "comparison_branch_common_d_rel_values": [
    14,
    14,
    14
  ],
  "comparison_branch_common_d_rel_min": 14,
  "comparison_branch_common_d_rel_mean": 14.0,
  "comparison_branch_common_d_rel_max": 14,
  "comparison_branch_common_d_rel_gini": 0.0,
  "comparison_branch_input_count_values": [
    16,
    16,
    16
  ],
  "comparison_branch_input_count_min": 16,
  "comparison_branch_input_count_mean": 16.0,
  "comparison_branch_input_count_max": 16,
  "comparison_branch_input_count_gini": 0.0,
  "comparison_branch_input_overlap_values": [
    16,
    16,
    16
  ],
  "comparison_branch_input_overlap_min": 16,
  "comparison_branch_input_overlap_mean": 16.0,
  "comparison_branch_input_overlap_max": 16,
  "comparison_branch_input_overlap_gini": 0.0,
  "in_degree": [
    1,
    2,
    2,
    2,
    1
  ],
  "out_degree": [
    2,
    1,
    1,
    2,
    2
  ],
  "in_degree_cv": 0.30618621784789724,
  "out_degree_cv": 0.30618621784789724,
  "topology_name": "cycle_chords_n5_m8_seed1",
  "physical_topology_name": "cycle_chords_n5_m8_seed1",
  "input_mask_name": "full",
  "input_mask_family": "",
  "input_mask_seed": 4,
  "input_coupled_parameter_count": 64,
  "input_coupled_edge_count": 8,
  "input_coupled_coord_count": 8,
  "input_parameter_density": 1.0,
  "input_edge_density": 1.0,
  "input_coord_density": 1.0,
  "input_edge_load_gini": 0.0,
  "input_coord_load_gini": 0.0,
  "input_edge_load_min": 8,
  "input_edge_load_max": 8,
  "input_coord_load_min": 8,
  "input_coord_load_max": 8,
  "raw_physical_parameter_count": 64,
  "n_req": 48,
  "d_rel_minus_n_req": 8
}