{
  "n_nodes": 5,
  "n_edges": 12,
  "p": 8,
  "strongly_connected": true,
  "edges": [
    [
      0,
      1
    ],
    [
      1,
      2
    ],
    [
      2,
      3
    ],
    [
      3,
      4
    ],
    [
      4,
      0
    ],
    [
      4,
      2
    ],
    [
      4,
      3
    ],
    [
      0,
      2
    ],
    [
      0,
      3
    ],
    [
      3,
      2
    ],
    [
      1,
      4
    ],
    [
      0,
      4
    ]
  ],
  "tree_counts_enum": [
    2,
    1,
    32,
    21,
    8
  ],
  "tree_counts_det": [
    2,
    1,
    32,
    21,
    8
  ],
  "tree_counts_match_det": true,
  "tree_enumeration_truncated": false,
  "max_trees_per_root": null,
  "n_trees_total_enum": 64,
  "rank_M": 12,
  "rank_D": 11,
  "rank_D_anchor": 11,
  "d_rel": 88,
  "effective_rank_D": 8.177038058040269,
  "condition_number_D": 8.131457681291458,
  "effective_rank_D_masked": 65.4163044643222,
  "condition_number_D_masked": 8.131457681291458,
  "singular_values_D_masked": [
    5.650103080238158,
    5.388169937657566,
    4.78693265224685,
    4.442545999737876,
    4.0268150822902085,
    3.994612036299911,
    3.4899442265423133,
    3.149778994647677,
    1.7466047104006062,
    0.8618872492410196,
    0.694845045217132,
    6.929840577139935e-16,
    5.650103080238158,
    5.388169937657566,
    4.78693265224685,
    4.442545999737876,
    4.0268150822902085,
    3.994612036299911,
    3.4899442265423133,
    3.149778994647677,
    1.7466047104006062,
    0.8618872492410196,
    0.694845045217132,
    6.929840577139935e-16,
    5.650103080238158,
    5.388169937657566,
    4.78693265224685,
    4.442545999737876,
    4.0268150822902085,
    3.994612036299911,
    3.4899442265423133,
    3.149778994647677,
    1.7466047104006062,
    0.8618872492410196,
    0.694845045217132,
    6.929840577139935e-16,
    5.650103080238158,
    5.388169937657566,
    4.78693265224685,
    4.442545999737876,
    4.0268150822902085,
    3.994612036299911,
    3.4899442265423133,
    3.149778994647677,
    1.7466047104006062,
    0.8618872492410196,
    0.694845045217132,
    6.929840577139935e-16,
    5.650103080238158,
    5.388169937657566,
    4.78693265224685,
    4.442545999737876,
    4.0268150822902085,
    3.994612036299911,
    3.4899442265423133,
    3.149778994647677,
    1.7466047104006062,
    0.8618872492410196,
    0.694845045217132,
    6.929840577139935e-16,
    5.650103080238158,
    5.388169937657566,
    4.78693265224685,
    4.442545999737876,
    4.0268150822902085,
    3.994612036299911,
    3.4899442265423133,
    3.149778994647677,
    1.7466047104006062,
    0.8618872492410196,
    0.694845045217132,
    6.929840577139935e-16,
    5.650103080238158,
    5.388169937657566,
    4.78693265224685,
    4.442545999737876,
    4.0268150822902085,
    3.994612036299911,
    3.4899442265423133,
    3.149778994647677,
    1.7466047104006062,
    0.8618872492410196,
    0.694845045217132,
    6.929840577139935e-16,
    5.650103080238158,
    5.388169937657566,
    4.78693265224685,
    4.442545999737876,
    4.0268150822902085,
    3.994612036299911,
    3.4899442265423133,
    3.149778994647677,
    1.7466047104006062,
    0.8618872492410196,
    0.694845045217132,
    6.929840577139935e-16
  ],
  "singular_values_D": [
    5.650103080238158,
    5.388169937657566,
    4.78693265224685,
    4.442545999737876,
    4.0268150822902085,
    3.994612036299911,
    3.4899442265423133,
    3.149778994647677,
    1.7466047104006062,
    0.8618872492410196,
    0.694845045217132,
    6.929840577139935e-16
  ],
  "singular_values_D_anchor": [
    12.977464499038762,
    5.528355605784735,
    4.808422591337222,
    4.5618157740883625,
    4.09226473188666,
    3.994970252015422,
    3.650187040113278,
    3.2130411046973104,
    1.8105887791078388,
    1.7073450475312597,
    0.7378571281730487,
    6.44521999308168e-16
  ],
  "root_tree_count_cv": 0.9341084486021951,
  "root_tree_count_gini": 0.5062500000000001,
  "edge_participation": [
    0.25,
    0.515625,
    0.5,
    0.34375,
    0.25,
    0.375,
    0.25,
    0.28125,
    0.25,
    0.328125,
    0.46875,
    0.1875
  ],
  "edge_participation_mean": 0.3333333333333333,
  "edge_participation_var": 0.01108127170138889,
  "edge_participation_gini": 0.173828125,
  "bottleneck_edge_fraction_095": 0.0,
  "mean_shortest_path": 1.6,
  "comparison_branch_d_rel_values": [
    22,
    22,
    22
  ],
  "comparison_branch_d_rel_min": 22,
  "comparison_branch_d_rel_mean": 22.0,
  "comparison_branch_d_rel_max": 22,
  "comparison_branch_d_rel_gini": 0.0,
  "comparison_branch_common_d_rel_values": [
    22,
    22,
    22
  ],
  "comparison_branch_common_d_rel_min": 22,
  "comparison_branch_common_d_rel_mean": 22.0,
  "comparison_branch_common_d_rel_max": 22,
  "comparison_branch_common_d_rel_gini": 0.0,
  "comparison_branch_input_count_values": [
    24,
    24,
    24
  ],
  "comparison_branch_input_count_min": 24,
  "comparison_branch_input_count_mean": 24.0,
  "comparison_branch_input_count_max": 24,
  "comparison_branch_input_count_gini": 0.0,
  "comparison_branch_input_overlap_values": [
    24,
    24,
    24
  ],
  "comparison_branch_input_overlap_min": 24,
  "comparison_branch_input_overlap_mean": 24.0,
  "comparison_branch_input_overlap_max": 24,
  "comparison_branch_input_overlap_gini": 0.0,
  "in_degree": [
    1,
    1,
    4,
    3,
    3
  ],
  "out_degree": [
    4,
    2,
    1,
    2,
    3
  ],
  "in_degree_cv": 0.5000000000000001,
  "out_degree_cv": 0.4249182927993988,
  "topology_name": "random_sc_n5_m12_seed2",
  "physical_topology_name": "random_sc_n5_m12_seed2",
  "input_mask_name": "full",
  "input_mask_family": "",
  "input_mask_seed": 5,
  "input_coupled_parameter_count": 96,
  "input_coupled_edge_count": 12,
  "input_coupled_coord_count": 8,
  "input_parameter_density": 1.0,
  "input_edge_density": 1.0,
  "input_coord_density": 1.0,
  "input_edge_load_gini": 0.0,
  "input_coord_load_gini": 0.0,
  "input_edge_load_min": 8,
  "input_edge_load_max": 8,
  "input_coord_load_min": 12,
  "input_coord_load_max": 12,
  "raw_physical_parameter_count": 96,
  "n_req": 48,
  "d_rel_minus_n_req": 40
}