{
  "n_nodes": 6,
  "n_edges": 20,
  "p": 20,
  "strongly_connected": true,
  "edges": [
    [
      0,
      1
    ],
    [
      1,
      2
    ],
    [
      2,
      3
    ],
    [
      3,
      4
    ],
    [
      4,
      5
    ],
    [
      5,
      0
    ],
    [
      1,
      4
    ],
    [
      4,
      0
    ],
    [
      5,
      2
    ],
    [
      3,
      2
    ],
    [
      0,
      3
    ],
    [
      1,
      3
    ],
    [
      4,
      3
    ],
    [
      2,
      4
    ],
    [
      2,
      1
    ],
    [
      3,
      1
    ],
    [
      5,
      4
    ],
    [
      3,
      0
    ],
    [
      0,
      5
    ],
    [
      2,
      0
    ]
  ],
  "tree_counts_enum": [
    200,
    160,
    114,
    166,
    190,
    130
  ],
  "tree_counts_det": [
    200,
    160,
    114,
    166,
    190,
    130
  ],
  "tree_counts_match_det": true,
  "tree_enumeration_truncated": false,
  "max_trees_per_root": null,
  "n_trees_total_enum": 960,
  "rank_M": 20,
  "rank_D": 19,
  "rank_D_anchor": 19,
  "d_rel": 200,
  "effective_rank_D": 15.898610432389086,
  "condition_number_D": 3.550238802485174,
  "effective_rank_D_masked": 177.09719874828136,
  "condition_number_D_masked": 4.543227223565183,
  "singular_values_D_masked": [
    17.438245674843632,
    16.885747587757017,
    16.353980452241306,
    16.31139912070087,
    15.337521299064099,
    15.097521350062312,
    14.049246672498416,
    13.383666839314728,
    12.791124057523941,
    11.014311413804416,
    10.274090268355359,
    9.922193048929676,
    8.69645075091896,
    7.356849398441592,
    6.136118961933795,
    2.4151409820714886e-15,
    1.34701904821392e-15,
    6.96751415134898e-16,
    8.897682958384187e-17,
    0.0,
    18.06080240955473,
    17.715760820032237,
    16.805810351542014,
    15.851046009705561,
    15.498756566905161,
    15.292455459278791,
    14.810267633339338,
    13.339801413816781,
    13.216509183036,
    12.630262445701696,
    10.513329758190165,
    8.616658293985555,
    7.925593615146527,
    6.7765252155253455,
    4.284764888506589,
    1.2831772064180962e-15,
    6.962980829167708e-16,
    2.8115328588958453e-16,
    5.65304956937975e-17,
    1.8739936196185397e-33,
    17.9268977914116,
    17.055860713989013,
    16.828664390418876,
    16.376880987236124,
    15.435080365811894,
    15.297306130951208,
    14.778952644402366,
    13.258799123494864,
    12.970083117806006,
    11.22793459795436,
    10.472189299960139,
    9.369790564587744,
    8.443171663699259,
    7.919434816774435,
    5.799097574885775,
    1.1867753626028349e-15,
    8.004693056158652e-16,
    4.107585675975899e-16,
    2.7518692528263598e-17,
    3.9264269064682306e-33,
    18.044566579701034,
    17.338291939767608,
    16.760842659839433,
    16.599041342195797,
    16.103837169510427,
    15.306865818994961,
    14.915375228699148,
    14.31754690514354,
    13.792007548564323,
    12.679742009637025,
    10.893990270300913,
    8.653174659511562,
    7.093468666032345,
    5.961068002137735,
    4.176635517672311,
    2.233656556787888e-15,
    1.436473789468331e-15,
    9.546451507837352e-16,
    2.4720140831759817e-16,
    2.6464814601894973e-17,
    17.669213574085543,
    16.937705463344813,
    16.757667134467606,
    16.38567590330305,
    15.589189929016731,
    15.23025076644717,
    14.933930528687053,
    14.121061010745429,
    13.437688610148987,
    11.41894475876411,
    10.626066698401095,
    9.9569674944759,
    8.876453331564132,
    6.397620132041973,
    4.374978632633222,
    2.123366971067198e-15,
    1.2135765884775281e-15,
    2.1232552583752246e-16,
    1.2074691560213898e-31,
    4.464510920330499e-51,
    17.710356414871118,
    17.312852597164017,
    16.93609328249029,
    16.554598708212975,
    15.864615518126053,
    15.81145670617516,
    14.84252510939363,
    13.813223456053617,
    12.538555912215612,
    11.176011064559622,
    9.944120231039264,
    9.784986805805278,
    7.97199664942485,
    6.626276577080629,
    4.956102514986093,
    9.82126322139856e-16,
    4.206310308472807e-16,
    3.671246374725755e-32,
    0.0,
    0.0,
    17.82729503583184,
    17.19061678771371,
    16.622489057369968,
    15.46434844670013,
    15.249922908249205,
    15.107288809795854,
    14.232563928835685,
    13.90572138705726,
    12.871755852299556,
    11.608976727669615,
    10.5826523922381,
    10.180225513428493,
    8.94044506302628,
    7.459155505265946,
    4.511048177494299,
    2.5324665629309576e-15,
    5.730386110952441e-16,
    7.593328076878116e-32,
    3.291539501129713e-32,
    0.0,
    17.032865590731262,
    16.76840800378979,
    16.276754102472875,
    15.450003153408502,
    15.212666389825216,
    14.937380862427426,
    14.553454070648103,
    13.927572262253834,
    12.681381965285334,
    12.098161742194636,
    11.645129151053267,
    9.82117676798058,
    7.03200118565629,
    5.485169561735049,
    3.975324482094023,
    2.469450335052025e-15,
    5.957660760013226e-16,
    1.7220660967142076e-16,
    5.013522172947302e-32,
    0.0,
    17.517354092263187,
    17.203557615448776,
    16.816926879947353,
    15.397752166541409,
    15.092306179808682,
    14.5323359935383,
    14.07218677226414,
    13.90750273022435,
    12.852147452842086,
    11.869759323429031,
    10.646084024876657,
    9.517833996675654,
    8.90767263273162,
    8.065400050364188,
    5.297023429110804,
    1.421452127086071e-15,
    8.810776774638652e-16,
    4.730278715641436e-16,
    1.5669120427921495e-16,
    0.0,
    17.934227202412362,
    17.298935597786674,
    16.358306893088347,
    15.831599927576772,
    15.450243817388518,
    15.077096963735391,
    13.773378337494664,
    13.342139415961004,
    12.750335909728497,
    11.44717810327883,
    10.633284506035544,
    9.984392733569539,
    9.138264684296114,
    7.758771782481815,
    4.367788716363609,
    6.716019751283382e-16,
    4.666466559954356e-16,
    7.107141975927311e-17,
    2.4491989737004484e-32,
    0.0,
    14.937154560388283,
    14.187061393289783,
    14.08212717284966,
    13.050575534216666,
    10.683294989943814,
    1.5266583869337652e-15,
    8.38653733561077e-16,
    5.434169390358361e-16,
    5.466799802415613e-32,
    2.925562081287821e-32,
    4.96393833916821e-48,
    1.9026802863892945e-48,
    5.5944927466685726e-64,
    1.4843195898197614e-64,
    5.141273931138054e-81,
    0.0,
    0.0,
    0.0,
    0.0,
    0.0,
    15.229807697289838,
    14.347612558456984,
    13.655065419722815,
    12.923916059273893,
    10.81049506044523,
    1.2709500251441206e-15,
    8.487635065274074e-16,
    4.912734566964918e-16,
    1.917062339829284e-16,
    6.412446266211796e-32,
    2.6088159045214245e-32,
    4.6370367056211905e-33,
    6.849503369692168e-48,
    0.0,
    0.0,
    0.0,
    0.0,
    0.0,
    0.0,
    0.0,
    14.886388063886669,
    14.609886960481782,
    14.355235251087981,
    11.544112887992538,
    8.481170237366378,
    3.348566293300024e-15,
    1.038321856278842e-15,
    4.260597789748867e-17,
    1.2823964355725167e-31,
    1.749361744634222e-32,
    0.0,
    0.0,
    0.0,
    0.0,
    0.0,
    0.0,
    0.0,
    0.0,
    0.0,
    0.0,
    14.388844880745836,
    13.512543925675656,
    12.955904373648448,
    12.180855556037125,
    12.078857883578609,
    1.5701480349549086e-15,
    4.07624684672322e-16,
    1.2030707218024607e-16,
    1.0553895626021641e-31,
    1.7390056559648615e-32,
    3.396871180018133e-33,
    3.1549820382596265e-48,
    1.1136753118508012e-49,
    1.8435357795302774e-64,
    1.3737996460854399e-66,
    0.0,
    0.0,
    0.0,
    0.0,
    0.0,
    16.18036418156805,
    15.49193338482967,
    13.330264275296136,
    10.954451150103326,
    10.785787066131395,
    3.586222847193263e-16,
    7.264933464050177e-17,
    1.6677964556727987e-32,
    1.1125983416211526e-33,
    1.5915141545187246e-49,
    2.326361348310376e-50,
    1.1452853644867507e-65,
    6.301361029766878e-67,
