{
  "n_nodes": 6,
  "n_edges": 20,
  "p": 20,
  "strongly_connected": true,
  "edges": [
    [
      0,
      1
    ],
    [
      1,
      2
    ],
    [
      2,
      3
    ],
    [
      3,
      4
    ],
    [
      4,
      5
    ],
    [
      5,
      0
    ],
    [
      1,
      4
    ],
    [
      4,
      0
    ],
    [
      5,
      2
    ],
    [
      3,
      2
    ],
    [
      0,
      3
    ],
    [
      1,
      3
    ],
    [
      4,
      3
    ],
    [
      2,
      4
    ],
    [
      2,
      1
    ],
    [
      3,
      1
    ],
    [
      5,
      4
    ],
    [
      3,
      0
    ],
    [
      0,
      5
    ],
    [
      2,
      0
    ]
  ],
  "tree_counts_enum": [
    200,
    160,
    114,
    166,
    190,
    130
  ],
  "tree_counts_det": [
    200,
    160,
    114,
    166,
    190,
    130
  ],
  "tree_counts_match_det": true,
  "tree_enumeration_truncated": false,
  "max_trees_per_root": null,
  "n_trees_total_enum": 960,
  "rank_M": 20,
  "rank_D": 19,
  "rank_D_anchor": 19,
  "d_rel": 200,
  "effective_rank_D": 15.898610432389086,
  "condition_number_D": 3.550238802485174,
  "effective_rank_D_masked": 175.49393110179227,
  "condition_number_D_masked": 4.14429823703538,
  "singular_values_D_masked": [
    17.79800798572484,
    17.33284565035444,
    16.945887665467446,
    16.52473229729323,
    16.078958007673073,
    15.819745094059455,
    15.287183986918816,
    13.993947137773091,
    13.219127548706181,
    11.609644674560421,
    9.9418770538608,
    9.10964779343734,
    8.270623312540259,
    6.750378495810218,
    4.786075939008053,
    2.4680351337941483e-15,
    1.0948220670585236e-15,
    1.1287005989195333e-16,
    1.5625213415264095e-33,
    0.0,
    17.679293057841488,
    17.2337091889445,
    16.74501748622181,
    16.176989940547532,
    15.213680792097925,
    14.239928202467848,
    14.000949261522981,
    13.445381245676117,
    13.202293662698906,
    12.790777467983661,
    10.627604716943761,
    9.294140520455143,
    7.971052041419611,
    6.894679334451804,
    5.067209609932884,
    9.3133621415177e-16,
    8.20636616132168e-16,
    1.0349128487688319e-16,
    5.258388749578866e-32,
    0.0,
    17.678407939399094,
    17.458207434979673,
    16.77304080185273,
    16.408522572652913,
    16.069539207600112,
    14.26123529302403,
    14.1274880939603,
    13.557651395839953,
    13.370207466971939,
    12.825352159009356,
    10.436807144611608,
    9.276332263364663,
    7.066095567988054,
    6.556868915048699,
    4.360929250223943,
    2.9511690869449223e-15,
    9.94485138910204e-16,
    3.915291084022126e-16,
    8.304384772304107e-32,
    0.0,
    17.9252650643606,
    16.85657356223961,
    16.75952810323714,
    15.311925864869183,
    14.849404874509501,
    14.695114233969635,
    14.121379785297995,
    13.77806169785653,
    13.138479830589933,
    12.70395291661454,
    10.985085813558152,
    9.36098972337699,
    8.376240464259148,
    6.604751123297874,
    5.035244075226612,
    1.4405747118236855e-15,
    1.1463159407075256e-15,
    9.209677940071003e-16,
    3.1861122025896133e-16,
    2.0227583923961713e-17,
    17.429286893604424,
    17.347562790965636,
    16.793307179033555,
    16.2884856960715,
    15.900605001611936,
    15.195984420012214,
    14.322537020503304,
    13.415518454559518,
    13.269546673357443,
    12.736101218808859,
    10.453888669884593,
    8.268257083219227,
    8.033652645758051,
    6.1717714702321,
    5.192373030937289,
    5.8962196807962585e-16,
    3.156443064169905e-16,
    0.0,
    0.0,
    0.0,
    17.68095315901932,
    17.095639458226014,
    16.553015121908317,
    16.26177726306867,
    15.553979789694543,
    14.95919560194185,
    14.389419814185853,
    13.826626469379564,
    12.912173866594815,
    11.104809890556464,
    10.685096131809077,
    9.818310206137054,
    8.48279829046777,
    7.629387230482626,
    6.097043878459144,
    2.722388697209823e-15,
    7.653227997920079e-16,
    4.27657498641251e-16,
    4.0691511276043467e-17,
    0.0,
    18.051661163149355,
    17.64442558680501,
    16.48796545203876,
    15.805521335225322,
    15.72383497211023,
    15.195695150869065,
    15.153848916886336,
    13.893402930058485,
    13.215082072166393,
    11.193560806314318,
    10.60494807730444,
    10.139232997155137,
    7.932819764871962,
    7.058906364523758,
    4.476514515280785,
    2.102473879906852e-15,
    8.45832849853423e-16,
    3.3174934929492814e-16,
    8.713574590125846e-18,
    5.87022630064003e-32,
    17.70393639843712,
    16.81917360488593,
    16.58405074510998,
    15.873379587155174,
    15.482269615061462,
    15.402874101868962,
    15.095034206415779,
    14.673840223323253,
    12.854773938159395,
    11.861042199337406,
    10.212117404721177,
    8.683811979761403,
    7.857448650817945,
    7.197669500922958,
    5.277241009196973,
    2.7804880254085486e-15,
    8.743047646449067e-16,
    2.568587915583298e-16,
    2.4253867876338886e-17,
    3.685551993222739e-33,
    17.68588814136874,
    17.213487564613906,
    16.61174955559006,
    15.937398227382475,
    15.428015015495571,
    14.98431547981385,
    14.127842141155094,
    13.577678197514516,
    12.867267645461313,
    12.144721408750879,
    10.28854452963309,
    9.592038601547644,
    8.339231133461807,
    6.060363363771944,
    4.448943876277963,
    1.9922815832709212e-15,
    1.2874550449168554e-15,
    9.985054525079176e-17,
    1.5373359704841783e-32,
    0.0,
    18.07299140353911,
    17.459519160976832,
    16.74962225046559,
    16.271691359932188,
    16.037605017718814,
    15.509651176520645,
    15.283701116864481,
    13.613861762729346,
    13.1925860671062,
    11.131009695844892,
    10.585591184960705,
    9.681598606272246,
    8.261333350664906,
    6.955556639184042,
    4.92089213280652,
    1.5294726889882519e-15,
    6.877103424546224e-16,
    3.647405321731923e-16,
    4.543563267026273e-32,
    1.816890275941075e-33,
    17.208515295887572,
    15.79816826383119,
    14.539933071630815,
    11.570682583805294,
    6.057515164614568,
    1.281301532412942e-15,
    1.7895431044882793e-16,
    1.3167376758575637e-17,
    3.0476974359279375e-32,
    3.1500563162905935e-34,
    3.3799465086605645e-49,
    3.3553768326834966e-50,
    1.7442989478476572e-65,
    0.0,
    0.0,
    0.0,
    0.0,
    0.0,
    0.0,
    0.0,
    16.060847748936617,
    13.866346184894777,
    13.471907476601267,
    11.480390524838082,
    9.576266081928809,
    1.0756465694674144e-15,
    6.523452093353147e-16,
    3.716673951661525e-16,
    1.0374060276089938e-16,
    6.824542630130719e-32,
    3.3403212377303826e-32,
    2.002873834324382e-32,
    7.779310267669179e-33,
    1.9109032671365257e-48,
    6.169865254339176e-49,
    2.4675270488660385e-64,
    1.108205151829476e-65,
    6.948859680103895e-81,
    0.0,
    0.0,
    14.213332071864452,
    13.417450528952894,
    13.083566674356776,
    12.989663778566443,
    12.123945206991761,
    4.57252708055419e-16,
    0.0,
    0.0,
    0.0,
    0.0,
    0.0,
    0.0,
    0.0,
    0.0,
    0.0,
    0.0,
    0.0,
    0.0,
    0.0,
    0.0,
    16.751825318799735,
    16.453713623887186,
    13.416407864998764,
    10.788527748783247,
    10.652853318177058,
    4.898914595653751e-16,
    1.6216328786405414e-16,
    9.294377320070434e-17,
    1.2178984579526003e-32,
    6.444682101704305e-33,
    3.761213179020009e-33,
    2.9160329812048867e-49,
    0.0,
    0.0,
    0.0,
    0.0,
    0.0,
    0.0,
    0.0,
    0.0,
    15.221445200108679,
    14.321826093471254,
    13.415144920878335,
    13.351161637134147,
    10.725570212941454,
    8.633140017444875e-16,
    4.1422885557967746e-16,
    1.3688409452645276e-16,
    6.949241454373089e-32,
    1.8744005099830468e-32,
    2.437999607386806e-48,
    0.0,
    0.0,
    0.0,
    0.0,
    0.0,
    0.0,
    0.0,
    0.0,
    0.0,
    15.992731008295298,
    14.773819980724431,
    14.299565512093062,
