{
  "n_nodes": 5,
  "n_edges": 8,
  "p": 8,
  "strongly_connected": true,
  "edges": [
    [
      0,
      1
    ],
    [
      1,
      2
    ],
    [
      2,
      3
    ],
    [
      3,
      4
    ],
    [
      4,
      0
    ],
    [
      0,
      4
    ],
    [
      1,
      0
    ],
    [
      2,
      1
    ]
  ],
  "tree_counts_enum": [
    3,
    2,
    1,
    1,
    4
  ],
  "tree_counts_det": [
    3,
    2,
    1,
    1,
    4
  ],
  "tree_counts_match_det": true,
  "tree_enumeration_truncated": false,
  "max_trees_per_root": null,
  "n_trees_total_enum": 11,
  "rank_M": 8,
  "rank_D": 7,
  "rank_D_anchor": 7,
  "d_rel": 56,
  "effective_rank_D": 4.598099399407705,
  "condition_number_D": 4.246264200204696,
  "effective_rank_D_masked": 36.78479519526165,
  "condition_number_D_masked": 4.246264200204696,
  "singular_values_D_masked": [
    2.724354960446684,
    2.2763882217346834,
    1.5948095617399953,
    1.1859260746912983,
    0.9281342825990091,
    0.7325814824120347,
    0.6415886605254927,
    1.0086356226677864e-16,
    2.724354960446684,
    2.2763882217346834,
    1.5948095617399953,
    1.1859260746912983,
    0.9281342825990091,
    0.7325814824120347,
    0.6415886605254927,
    1.0086356226677864e-16,
    2.724354960446684,
    2.2763882217346834,
    1.5948095617399953,
    1.1859260746912983,
    0.9281342825990091,
    0.7325814824120347,
    0.6415886605254927,
    1.0086356226677864e-16,
    2.724354960446684,
    2.2763882217346834,
    1.5948095617399953,
    1.1859260746912983,
    0.9281342825990091,
    0.7325814824120347,
    0.6415886605254927,
    1.0086356226677864e-16,
    2.724354960446684,
    2.2763882217346834,
    1.5948095617399953,
    1.1859260746912983,
    0.9281342825990091,
    0.7325814824120347,
    0.6415886605254927,
    1.0086356226677864e-16,
    2.724354960446684,
    2.2763882217346834,
    1.5948095617399953,
    1.1859260746912983,
    0.9281342825990091,
    0.7325814824120347,
    0.6415886605254927,
    1.0086356226677864e-16,
    2.724354960446684,
    2.2763882217346834,
    1.5948095617399953,
    1.1859260746912983,
    0.9281342825990091,
    0.7325814824120347,
    0.6415886605254927,
    1.0086356226677864e-16,
    2.724354960446684,
    2.2763882217346834,
    1.5948095617399953,
    1.1859260746912983,
    0.9281342825990091,
    0.7325814824120347,
    0.6415886605254927,
    1.0086356226677864e-16
  ],
  "singular_values_D": [
    2.724354960446684,
    2.2763882217346834,
    1.5948095617399953,
    1.1859260746912983,
    0.9281342825990091,
    0.7325814824120347,
    0.6415886605254927,
    1.0086356226677864e-16
  ],
  "singular_values_D_anchor": [
    3.9867594259268095,
    2.411604493308808,
    2.0411795963557435,
    1.4816484718517127,
    0.9610806602458413,
    0.7631560643861486,
    0.6497180117628317,
    1.7017728355494754e-16
  ],
  "root_tree_count_cv": 0.5300865358950272,
  "root_tree_count_gini": 0.290909090909091,
  "edge_participation": [
    0.45454545454545453,
    0.45454545454545453,
    0.6363636363636364,
    0.9090909090909091,
    0.6363636363636364,
    0.2727272727272727,
    0.36363636363636365,
    0.2727272727272727
  ],
  "edge_participation_mean": 0.5,
  "edge_participation_var": 0.04132231404958678,
  "edge_participation_gini": 0.22159090909090895,
  "bottleneck_edge_fraction_095": 0.0,
  "mean_shortest_path": 1.95,
  "comparison_branch_d_rel_values": [
    14,
    14,
    14
  ],
  "comparison_branch_d_rel_min": 14,
  "comparison_branch_d_rel_mean": 14.0,
  "comparison_branch_d_rel_max": 14,
  "comparison_branch_d_rel_gini": 0.0,
  "comparison_branch_common_d_rel_values": [
    14,
    14,
    14
  ],
  "comparison_branch_common_d_rel_min": 14,
  "comparison_branch_common_d_rel_mean": 14.0,
  "comparison_branch_common_d_rel_max": 14,
  "comparison_branch_common_d_rel_gini": 0.0,
  "comparison_branch_input_count_values": [
    16,
    16,
    16
  ],
  "comparison_branch_input_count_min": 16,
  "comparison_branch_input_count_mean": 16.0,
  "comparison_branch_input_count_max": 16,
  "comparison_branch_input_count_gini": 0.0,
  "comparison_branch_input_overlap_values": [
    16,
    16,
    16
  ],
  "comparison_branch_input_overlap_min": 16,
  "comparison_branch_input_overlap_mean": 16.0,
  "comparison_branch_input_overlap_max": 16,
  "comparison_branch_input_overlap_gini": 0.0,
  "in_degree": [
    2,
    2,
    1,
    1,
    2
  ],
  "out_degree": [
    2,
    2,
    2,
    1,
    1
  ],
  "in_degree_cv": 0.30618621784789724,
  "out_degree_cv": 0.30618621784789724,
  "topology_name": "redundant_paths_n5_m8_seed1",
  "physical_topology_name": "redundant_paths_n5_m8_seed1",
  "input_mask_name": "full",
  "input_mask_family": "",
  "input_mask_seed": 2,
  "input_coupled_parameter_count": 64,
  "input_coupled_edge_count": 8,
  "input_coupled_coord_count": 8,
  "input_parameter_density": 1.0,
  "input_edge_density": 1.0,
  "input_coord_density": 1.0,
  "input_edge_load_gini": 0.0,
  "input_coord_load_gini": 0.0,
  "input_edge_load_min": 8,
  "input_edge_load_max": 8,
  "input_coord_load_min": 8,
  "input_coord_load_max": 8,
  "raw_physical_parameter_count": 64,
  "n_req": 48,
  "d_rel_minus_n_req": 8
}