{
  "name": "degree_rewire_n5_m12_base_g0354_degree_balanced_seed9_seed27",
  "family": "degree_rewire_exact_degree",
  "seed": 27,
  "n_nodes": 5,
  "edges": [
    [
      0,
      1
    ],
    [
      0,
      3
    ],
    [
      0,
      4
    ],
    [
      1,
      2
    ],
    [
      1,
      3
    ],
    [
      2,
      0
    ],
    [
      2,
      1
    ],
    [
      3,
      0
    ],
    [
      3,
      2
    ],
    [
      3,
      4
    ],
    [
      4,
      0
    ],
    [
      4,
      3
    ]
  ],
  "base_topology_id": "g0354_degree_balanced_seed9",
  "base_edge_json": "/home/aadarwal/repos/topology/ICL/results/expanded_hard_libraries/n5_m12_N3_D2/topologies/g0354_degree_balanced_seed9.json",
  "degree_signature": [
    [
      3,
      2,
      2,
      3,
      2
    ],
    [
      3,
      2,
      2,
      3,
      2
    ]
  ],
  "metrics": {
    "n_nodes": 5,
    "n_edges": 12,
    "p": 8,
    "strongly_connected": true,
    "edges": [
      [
        0,
        1
      ],
      [
        0,
        3
      ],
      [
        0,
        4
      ],
      [
        1,
        2
      ],
      [
        1,
        3
      ],
      [
        2,
        0
      ],
      [
        2,
        1
      ],
      [
        3,
        0
      ],
      [
        3,
        2
      ],
      [
        3,
        4
      ],
      [
        4,
        0
      ],
      [
        4,
        3
      ]
    ],
    "tree_counts_enum": [
      13,
      13,
      13,
      13,
      13
    ],
    "tree_counts_det": [
      13,
      13,
      13,
      13,
      13
    ],
    "tree_counts_match_det": true,
    "tree_enumeration_truncated": false,
    "max_trees_per_root": null,
    "n_trees_total_enum": 65,
    "rank_M": 12,
    "rank_D": 11,
    "rank_D_anchor": 11,
    "d_rel": 88,
    "effective_rank_D": 8.643103571484449,
    "condition_number_D": 3.774924366540239,
    "effective_rank_D_masked": 69.14482857187552,
    "condition_number_D_masked": 3.774924366540239,
    "singular_values_D_masked": [
      5.57631290448636,
      5.442858012904378,
      5.11329553270791,
      4.539932775886436,
      3.9796862733267786,
      3.708187179824079,
      3.5774643541549414,
      2.443171204340302,
      2.0584907862074293,
      1.9752733213625708,
      1.4771985775166971,
      9.726979925768169e-16,
      5.57631290448636,
      5.442858012904378,
      5.11329553270791,
      4.539932775886436,
      3.9796862733267786,
      3.708187179824079,
      3.5774643541549414,
      2.443171204340302,
      2.0584907862074293,
      1.9752733213625708,
      1.4771985775166971,
      9.726979925768169e-16,
      5.57631290448636,
      5.442858012904378,
      5.11329553270791,
      4.539932775886436,
      3.9796862733267786,
      3.708187179824079,
      3.5774643541549414,
      2.443171204340302,
      2.0584907862074293,
      1.9752733213625708,
      1.4771985775166971,
      9.726979925768169e-16,
      5.57631290448636,
      5.442858012904378,
      5.11329553270791,
      4.539932775886436,
      3.9796862733267786,
      3.708187179824079,
      3.5774643541549414,
      2.443171204340302,
      2.0584907862074293,
      1.9752733213625708,
      1.4771985775166971,
      9.726979925768169e-16,
      5.57631290448636,
      5.442858012904378,
      5.11329553270791,
      4.539932775886436,
      3.9796862733267786,
      3.708187179824079,
      3.5774643541549414,
      2.443171204340302,
      2.0584907862074293,
      1.9752733213625708,
      1.4771985775166971,
      9.726979925768169e-16,
      5.57631290448636,
      5.442858012904378,
      5.11329553270791,
      4.539932775886436,
      3.9796862733267786,
      3.708187179824079,
      3.5774643541549414,
      2.443171204340302,
      2.0584907862074293,
      1.9752733213625708,
      1.4771985775166971,
      9.726979925768169e-16,
      5.57631290448636,
      5.442858012904378,
      5.11329553270791,
      4.539932775886436,
      3.9796862733267786,
      3.708187179824079,
      3.5774643541549414,
      2.443171204340302,
      2.0584907862074293,
      1.9752733213625708,
      1.4771985775166971,
      9.726979925768169e-16,
      5.57631290448636,
      5.442858012904378,
      5.11329553270791,
      4.539932775886436,
      3.9796862733267786,
      3.708187179824079,
      3.5774643541549414,
      2.443171204340302,
      2.0584907862074293,
      1.9752733213625708,
      1.4771985775166971,
      9.726979925768169e-16
    ],
    "singular_values_D": [
      5.57631290448636,
      5.442858012904378,
      5.11329553270791,
      4.539932775886436,
      3.9796862733267786,
      3.708187179824079,
      3.5774643541549414,
      2.443171204340302,
      2.0584907862074293,
      1.9752733213625708,
      1.4771985775166971,
      9.726979925768169e-16
    ],
    "singular_values_D_anchor": [
      13.86696609625335,
      5.515124153740721,
      5.117162731437327,
      4.688138159859933,
      4.250554474313759,
      3.894037760135372,
      3.6188416098271334,
      2.443347871784796,
      2.133605872622689,
      2.012815529146802,
      1.492064280832072,
      6.271782136566703e-16
    ],
    "root_tree_count_cv": 0.0,
    "root_tree_count_gini": 0.0,
    "edge_participation": [
      0.35384615384615387,
      0.23076923076923078,
      0.2153846153846154,
      0.3076923076923077,
      0.49230769230769234,
      0.49230769230769234,
      0.3076923076923077,
      0.23076923076923078,
      0.35384615384615387,
      0.2153846153846154,
      0.4,
      0.4
    ],
    "edge_participation_mean": 0.3333333333333334,
    "edge_participation_var": 0.009204470742932281,
    "edge_participation_gini": 0.16153846153846163,
    "bottleneck_edge_fraction_095": 0.0,
    "mean_shortest_path": 1.4,
    "comparison_branch_d_rel_values": [
      22,
      22,
      22
    ],
    "comparison_branch_d_rel_min": 22,
    "comparison_branch_d_rel_mean": 22.0,
    "comparison_branch_d_rel_max": 22,
    "comparison_branch_d_rel_gini": 0.0,
    "comparison_branch_common_d_rel_values": [
      22,
      22,
      22
    ],
    "comparison_branch_common_d_rel_min": 22,
    "comparison_branch_common_d_rel_mean": 22.0,
    "comparison_branch_common_d_rel_max": 22,
    "comparison_branch_common_d_rel_gini": 0.0,
    "comparison_branch_input_count_values": [
      24,
      24,
      24
    ],
    "comparison_branch_input_count_min": 24,
    "comparison_branch_input_count_mean": 24.0,
    "comparison_branch_input_count_max": 24,
    "comparison_branch_input_count_gini": 0.0,
    "comparison_branch_input_overlap_values": [
      24,
      24,
      24
    ],
    "comparison_branch_input_overlap_min": 24,
    "comparison_branch_input_overlap_mean": 24.0,
    "comparison_branch_input_overlap_max": 24,
    "comparison_branch_input_overlap_gini": 0.0,
    "in_degree": [
      3,
      2,
      2,
      3,
      2
    ],
    "out_degree": [
      3,
      2,
      2,
      3,
      2
    ],
    "in_degree_cv": 0.2041241452319315,
    "out_degree_cv": 0.2041241452319315
  }
}