{
  "name": "degree_rewire_n5_m12_base_g0354_degree_balanced_seed9_seed10",
  "family": "degree_rewire_exact_degree",
  "seed": 10,
  "n_nodes": 5,
  "edges": [
    [
      0,
      1
    ],
    [
      0,
      2
    ],
    [
      0,
      3
    ],
    [
      1,
      3
    ],
    [
      1,
      4
    ],
    [
      2,
      0
    ],
    [
      2,
      1
    ],
    [
      3,
      0
    ],
    [
      3,
      2
    ],
    [
      3,
      4
    ],
    [
      4,
      0
    ],
    [
      4,
      3
    ]
  ],
  "base_topology_id": "g0354_degree_balanced_seed9",
  "base_edge_json": "/home/aadarwal/repos/topology/ICL/results/expanded_hard_libraries/n5_m12_N3_D2/topologies/g0354_degree_balanced_seed9.json",
  "degree_signature": [
    [
      3,
      2,
      2,
      3,
      2
    ],
    [
      3,
      2,
      2,
      3,
      2
    ]
  ],
  "metrics": {
    "n_nodes": 5,
    "n_edges": 12,
    "p": 8,
    "strongly_connected": true,
    "edges": [
      [
        0,
        1
      ],
      [
        0,
        2
      ],
      [
        0,
        3
      ],
      [
        1,
        3
      ],
      [
        1,
        4
      ],
      [
        2,
        0
      ],
      [
        2,
        1
      ],
      [
        3,
        0
      ],
      [
        3,
        2
      ],
      [
        3,
        4
      ],
      [
        4,
        0
      ],
      [
        4,
        3
      ]
    ],
    "tree_counts_enum": [
      17,
      17,
      17,
      17,
      17
    ],
    "tree_counts_det": [
      17,
      17,
      17,
      17,
      17
    ],
    "tree_counts_match_det": true,
    "tree_enumeration_truncated": false,
    "max_trees_per_root": null,
    "n_trees_total_enum": 85,
    "rank_M": 12,
    "rank_D": 11,
    "rank_D_anchor": 11,
    "d_rel": 88,
    "effective_rank_D": 8.92615631133712,
    "condition_number_D": 2.870924702501556,
    "effective_rank_D_masked": 71.40925049069702,
    "condition_number_D_masked": 2.870924702501556,
    "singular_values_D_masked": [
      6.120552580626969,
      6.100697787601775,
      5.71446554478987,
      5.17851156749331,
      4.876409713568703,
      4.751308587151194,
      4.096750723030379,
      2.6343176462025206,
      2.3925704389286935,
      2.3605250664953528,
      2.1319098251841564,
      6.193612212388667e-16,
      6.120552580626969,
      6.100697787601775,
      5.71446554478987,
      5.17851156749331,
      4.876409713568703,
      4.751308587151194,
      4.096750723030379,
      2.6343176462025206,
      2.3925704389286935,
      2.3605250664953528,
      2.1319098251841564,
      6.193612212388667e-16,
      6.120552580626969,
      6.100697787601775,
      5.71446554478987,
      5.17851156749331,
      4.876409713568703,
      4.751308587151194,
      4.096750723030379,
      2.6343176462025206,
      2.3925704389286935,
      2.3605250664953528,
      2.1319098251841564,
      6.193612212388667e-16,
      6.120552580626969,
      6.100697787601775,
      5.71446554478987,
      5.17851156749331,
      4.876409713568703,
      4.751308587151194,
      4.096750723030379,
      2.6343176462025206,
      2.3925704389286935,
      2.3605250664953528,
      2.1319098251841564,
      6.193612212388667e-16,
      6.120552580626969,
      6.100697787601775,
      5.71446554478987,
      5.17851156749331,
      4.876409713568703,
      4.751308587151194,
      4.096750723030379,
      2.6343176462025206,
      2.3925704389286935,
      2.3605250664953528,
      2.1319098251841564,
      6.193612212388667e-16,
      6.120552580626969,
      6.100697787601775,
      5.71446554478987,
      5.17851156749331,
      4.876409713568703,
      4.751308587151194,
      4.096750723030379,
      2.6343176462025206,
      2.3925704389286935,
      2.3605250664953528,
      2.1319098251841564,
      6.193612212388667e-16,
      6.120552580626969,
      6.100697787601775,
      5.71446554478987,
      5.17851156749331,
      4.876409713568703,
      4.751308587151194,
      4.096750723030379,
      2.6343176462025206,
      2.3925704389286935,
      2.3605250664953528,
      2.1319098251841564,
      6.193612212388667e-16,
      6.120552580626969,
      6.100697787601775,
      5.71446554478987,
      5.17851156749331,
      4.876409713568703,
      4.751308587151194,
      4.096750723030379,
      2.6343176462025206,
      2.3925704389286935,
      2.3605250664953528,
      2.1319098251841564,
      6.193612212388667e-16
    ],
    "singular_values_D": [
      6.120552580626969,
      6.100697787601775,
      5.71446554478987,
      5.17851156749331,
      4.876409713568703,
      4.751308587151194,
      4.096750723030379,
      2.6343176462025206,
      2.3925704389286935,
      2.3605250664953528,
      2.1319098251841564,
      6.193612212388667e-16
    ],
    "singular_values_D_anchor": [
      15.926601195899705,
      6.113620802124207,
      5.715698071775361,
      5.461613795897972,
      5.081782776525148,
      4.752009608603046,
      4.2660229782954096,
      2.6758275084449727,
      2.5554400017907954,
      2.3708189836122977,
      2.1336383623315522,
      1.0048368081589907e-15
    ],
    "root_tree_count_cv": 0.0,
    "root_tree_count_gini": 0.0,
    "edge_participation": [
      0.3176470588235294,
      0.25882352941176473,
      0.2235294117647059,
      0.3764705882352941,
      0.4235294117647059,
      0.32941176470588235,
      0.47058823529411764,
      0.24705882352941178,
      0.32941176470588235,
      0.2235294117647059,
      0.43529411764705883,
      0.36470588235294116
    ],
    "edge_participation_mean": 0.3333333333333333,
    "edge_participation_var": 0.006466743560169166,
    "edge_participation_gini": 0.1372549019607845,
    "bottleneck_edge_fraction_095": 0.0,
    "mean_shortest_path": 1.4,
    "comparison_branch_d_rel_values": [
      22,
      22,
      22
    ],
    "comparison_branch_d_rel_min": 22,
    "comparison_branch_d_rel_mean": 22.0,
    "comparison_branch_d_rel_max": 22,
    "comparison_branch_d_rel_gini": 0.0,
    "comparison_branch_common_d_rel_values": [
      22,
      22,
      22
    ],
    "comparison_branch_common_d_rel_min": 22,
    "comparison_branch_common_d_rel_mean": 22.0,
    "comparison_branch_common_d_rel_max": 22,
    "comparison_branch_common_d_rel_gini": 0.0,
    "comparison_branch_input_count_values": [
      24,
      24,
      24
    ],
    "comparison_branch_input_count_min": 24,
    "comparison_branch_input_count_mean": 24.0,
    "comparison_branch_input_count_max": 24,
    "comparison_branch_input_count_gini": 0.0,
    "comparison_branch_input_overlap_values": [
      24,
      24,
      24
    ],
    "comparison_branch_input_overlap_min": 24,
    "comparison_branch_input_overlap_mean": 24.0,
    "comparison_branch_input_overlap_max": 24,
    "comparison_branch_input_overlap_gini": 0.0,
    "in_degree": [
      3,
      2,
      2,
      3,
      2
    ],
    "out_degree": [
      3,
      2,
      2,
      3,
      2
    ],
    "in_degree_cv": 0.2041241452319315,
    "out_degree_cv": 0.2041241452319315
  }
}