{
  "name": "degree_rewire_n5_m12_base_g0354_degree_balanced_seed9_seed46",
  "family": "degree_rewire_exact_degree",
  "seed": 46,
  "n_nodes": 5,
  "edges": [
    [
      0,
      2
    ],
    [
      0,
      3
    ],
    [
      0,
      4
    ],
    [
      1,
      2
    ],
    [
      1,
      3
    ],
    [
      2,
      0
    ],
    [
      2,
      3
    ],
    [
      3,
      0
    ],
    [
      3,
      1
    ],
    [
      3,
      4
    ],
    [
      4,
      0
    ],
    [
      4,
      1
    ]
  ],
  "base_topology_id": "g0354_degree_balanced_seed9",
  "base_edge_json": "/home/aadarwal/repos/topology/ICL/results/expanded_hard_libraries/n5_m12_N3_D2/topologies/g0354_degree_balanced_seed9.json",
  "degree_signature": [
    [
      3,
      2,
      2,
      3,
      2
    ],
    [
      3,
      2,
      2,
      3,
      2
    ]
  ],
  "metrics": {
    "n_nodes": 5,
    "n_edges": 12,
    "p": 8,
    "strongly_connected": true,
    "edges": [
      [
        0,
        2
      ],
      [
        0,
        3
      ],
      [
        0,
        4
      ],
      [
        1,
        2
      ],
      [
        1,
        3
      ],
      [
        2,
        0
      ],
      [
        2,
        3
      ],
      [
        3,
        0
      ],
      [
        3,
        1
      ],
      [
        3,
        4
      ],
      [
        4,
        0
      ],
      [
        4,
        1
      ]
    ],
    "tree_counts_enum": [
      15,
      15,
      15,
      15,
      15
    ],
    "tree_counts_det": [
      15,
      15,
      15,
      15,
      15
    ],
    "tree_counts_match_det": true,
    "tree_enumeration_truncated": false,
    "max_trees_per_root": null,
    "n_trees_total_enum": 75,
    "rank_M": 12,
    "rank_D": 11,
    "rank_D_anchor": 11,
    "d_rel": 88,
    "effective_rank_D": 8.814573931925766,
    "condition_number_D": 3.06849333233079,
    "effective_rank_D_masked": 70.51659145540619,
    "condition_number_D_masked": 3.06849333233079,
    "singular_values_D_masked": [
      5.886481897224755,
      5.620983778352572,
      5.4618425461324165,
      4.974830460340278,
      4.697782597675386,
      4.070675653129049,
      3.773458154390684,
      2.4712525433928327,
      2.236711080892889,
      2.1690049811650125,
      1.9183622904448208,
      1.0233772423832628e-15,
      5.886481897224755,
      5.620983778352572,
      5.4618425461324165,
      4.974830460340278,
      4.697782597675386,
      4.070675653129049,
      3.773458154390684,
      2.4712525433928327,
      2.236711080892889,
      2.1690049811650125,
      1.9183622904448208,
      1.0233772423832628e-15,
      5.886481897224755,
      5.620983778352572,
      5.4618425461324165,
      4.974830460340278,
      4.697782597675386,
      4.070675653129049,
      3.773458154390684,
      2.4712525433928327,
      2.236711080892889,
      2.1690049811650125,
      1.9183622904448208,
      1.0233772423832628e-15,
      5.886481897224755,
      5.620983778352572,
      5.4618425461324165,
      4.974830460340278,
      4.697782597675386,
      4.070675653129049,
      3.773458154390684,
      2.4712525433928327,
      2.236711080892889,
      2.1690049811650125,
      1.9183622904448208,
      1.0233772423832628e-15,
      5.886481897224755,
      5.620983778352572,
      5.4618425461324165,
      4.974830460340278,
      4.697782597675386,
      4.070675653129049,
      3.773458154390684,
      2.4712525433928327,
      2.236711080892889,
      2.1690049811650125,
      1.9183622904448208,
      1.0233772423832628e-15,
      5.886481897224755,
      5.620983778352572,
      5.4618425461324165,
      4.974830460340278,
      4.697782597675386,
      4.070675653129049,
      3.773458154390684,
      2.4712525433928327,
      2.236711080892889,
      2.1690049811650125,
      1.9183622904448208,
      1.0233772423832628e-15,
      5.886481897224755,
      5.620983778352572,
      5.4618425461324165,
      4.974830460340278,
      4.697782597675386,
      4.070675653129049,
      3.773458154390684,
      2.4712525433928327,
      2.236711080892889,
      2.1690049811650125,
      1.9183622904448208,
      1.0233772423832628e-15,
      5.886481897224755,
      5.620983778352572,
      5.4618425461324165,
      4.974830460340278,
      4.697782597675386,
      4.070675653129049,
      3.773458154390684,
      2.4712525433928327,
      2.236711080892889,
      2.1690049811650125,
      1.9183622904448208,
      1.0233772423832628e-15
    ],
    "singular_values_D": [
      5.886481897224755,
      5.620983778352572,
      5.4618425461324165,
      4.974830460340278,
      4.697782597675386,
      4.070675653129049,
      3.773458154390684,
      2.4712525433928327,
      2.236711080892889,
      2.1690049811650125,
      1.9183622904448208,
      1.0233772423832628e-15
    ],
    "singular_values_D_anchor": [
      14.861318937466683,
      5.877985468953557,
      5.476812934118917,
      5.271580322196166,
      4.698329645813093,
      4.112920730336663,
      3.9015338860047972,
      2.680002795342465,
      2.2397486803420614,
      2.170548239700941,
      1.919086606580734,
      8.860820111936352e-16
    ],
    "root_tree_count_cv": 0.0,
    "root_tree_count_gini": 0.0,
    "edge_participation": [
      0.24,
      0.28,
      0.28,
      0.48,
      0.32,
      0.36,
      0.44,
      0.25333333333333335,
      0.21333333333333335,
      0.3333333333333333,
      0.32,
      0.48
    ],
    "edge_participation_mean": 0.3333333333333333,
    "edge_participation_var": 0.007555555555555554,
    "edge_participation_gini": 0.14500000000000002,
    "bottleneck_edge_fraction_095": 0.0,
    "mean_shortest_path": 1.4,
    "comparison_branch_d_rel_values": [
      22,
      22,
      22
    ],
    "comparison_branch_d_rel_min": 22,
    "comparison_branch_d_rel_mean": 22.0,
    "comparison_branch_d_rel_max": 22,
    "comparison_branch_d_rel_gini": 0.0,
    "comparison_branch_common_d_rel_values": [
      22,
      22,
      22
    ],
    "comparison_branch_common_d_rel_min": 22,
    "comparison_branch_common_d_rel_mean": 22.0,
    "comparison_branch_common_d_rel_max": 22,
    "comparison_branch_common_d_rel_gini": 0.0,
    "comparison_branch_input_count_values": [
      24,
      24,
      24
    ],
    "comparison_branch_input_count_min": 24,
    "comparison_branch_input_count_mean": 24.0,
    "comparison_branch_input_count_max": 24,
    "comparison_branch_input_count_gini": 0.0,
    "comparison_branch_input_overlap_values": [
      24,
      24,
      24
    ],
    "comparison_branch_input_overlap_min": 24,
    "comparison_branch_input_overlap_mean": 24.0,
    "comparison_branch_input_overlap_max": 24,
    "comparison_branch_input_overlap_gini": 0.0,
    "in_degree": [
      3,
      2,
      2,
      3,
      2
    ],
    "out_degree": [
      3,
      2,
      2,
      3,
      2
    ],
    "in_degree_cv": 0.2041241452319315,
    "out_degree_cv": 0.2041241452319315
  }
}