{
  "name": "degree_rewire_n5_m12_base_g0354_degree_balanced_seed9_seed2",
  "family": "degree_rewire_exact_degree",
  "seed": 2,
  "n_nodes": 5,
  "edges": [
    [
      0,
      1
    ],
    [
      0,
      3
    ],
    [
      0,
      4
    ],
    [
      1,
      0
    ],
    [
      1,
      3
    ],
    [
      2,
      3
    ],
    [
      2,
      4
    ],
    [
      3,
      0
    ],
    [
      3,
      1
    ],
    [
      3,
      2
    ],
    [
      4,
      0
    ],
    [
      4,
      2
    ]
  ],
  "base_topology_id": "g0354_degree_balanced_seed9",
  "base_edge_json": "/home/aadarwal/repos/topology/ICL/results/expanded_hard_libraries/n5_m12_N3_D2/topologies/g0354_degree_balanced_seed9.json",
  "degree_signature": [
    [
      3,
      2,
      2,
      3,
      2
    ],
    [
      3,
      2,
      2,
      3,
      2
    ]
  ],
  "metrics": {
    "n_nodes": 5,
    "n_edges": 12,
    "p": 8,
    "strongly_connected": true,
    "edges": [
      [
        0,
        1
      ],
      [
        0,
        3
      ],
      [
        0,
        4
      ],
      [
        1,
        0
      ],
      [
        1,
        3
      ],
      [
        2,
        3
      ],
      [
        2,
        4
      ],
      [
        3,
        0
      ],
      [
        3,
        1
      ],
      [
        3,
        2
      ],
      [
        4,
        0
      ],
      [
        4,
        2
      ]
    ],
    "tree_counts_enum": [
      11,
      11,
      11,
      11,
      11
    ],
    "tree_counts_det": [
      11,
      11,
      11,
      11,
      11
    ],
    "tree_counts_match_det": true,
    "tree_enumeration_truncated": false,
    "max_trees_per_root": null,
    "n_trees_total_enum": 55,
    "rank_M": 12,
    "rank_D": 11,
    "rank_D_anchor": 11,
    "d_rel": 88,
    "effective_rank_D": 8.141026587055626,
    "condition_number_D": 4.2574706069826,
    "effective_rank_D_masked": 65.12821269644506,
    "condition_number_D_masked": 4.2574706069826,
    "singular_values_D_masked": [
      5.765004090202581,
      4.964687188489506,
      4.843982039174201,
      4.311889730009309,
      3.6339274908573795,
      3.1724203790341257,
      2.659946506318209,
      2.1142296047569547,
      1.9220451315076663,
      1.7291610780069457,
      1.354091342579677,
      7.186553199520383e-16,
      5.765004090202581,
      4.964687188489506,
      4.843982039174201,
      4.311889730009309,
      3.6339274908573795,
      3.1724203790341257,
      2.659946506318209,
      2.1142296047569547,
      1.9220451315076663,
      1.7291610780069457,
      1.354091342579677,
      7.186553199520383e-16,
      5.765004090202581,
      4.964687188489506,
      4.843982039174201,
      4.311889730009309,
      3.6339274908573795,
      3.1724203790341257,
      2.659946506318209,
      2.1142296047569547,
      1.9220451315076663,
      1.7291610780069457,
      1.354091342579677,
      7.186553199520383e-16,
      5.765004090202581,
      4.964687188489506,
      4.843982039174201,
      4.311889730009309,
      3.6339274908573795,
      3.1724203790341257,
      2.659946506318209,
      2.1142296047569547,
      1.9220451315076663,
      1.7291610780069457,
      1.354091342579677,
      7.186553199520383e-16,
      5.765004090202581,
      4.964687188489506,
      4.843982039174201,
      4.311889730009309,
      3.6339274908573795,
      3.1724203790341257,
      2.659946506318209,
      2.1142296047569547,
      1.9220451315076663,
      1.7291610780069457,
      1.354091342579677,
      7.186553199520383e-16,
      5.765004090202581,
      4.964687188489506,
      4.843982039174201,
      4.311889730009309,
      3.6339274908573795,
      3.1724203790341257,
      2.659946506318209,
      2.1142296047569547,
      1.9220451315076663,
      1.7291610780069457,
      1.354091342579677,
      7.186553199520383e-16,
      5.765004090202581,
      4.964687188489506,
      4.843982039174201,
      4.311889730009309,
      3.6339274908573795,
      3.1724203790341257,
      2.659946506318209,
      2.1142296047569547,
      1.9220451315076663,
      1.7291610780069457,
      1.354091342579677,
      7.186553199520383e-16,
      5.765004090202581,
      4.964687188489506,
      4.843982039174201,
      4.311889730009309,
      3.6339274908573795,
      3.1724203790341257,
      2.659946506318209,
      2.1142296047569547,
      1.9220451315076663,
      1.7291610780069457,
      1.354091342579677,
      7.186553199520383e-16
    ],
    "singular_values_D": [
      5.765004090202581,
      4.964687188489506,
      4.843982039174201,
      4.311889730009309,
      3.6339274908573795,
      3.1724203790341257,
      2.659946506318209,
      2.1142296047569547,
      1.9220451315076663,
      1.7291610780069457,
      1.354091342579677,
      7.186553199520383e-16
    ],
    "singular_values_D_anchor": [
      12.037901463031726,
      5.718162244635351,
      4.927694449483383,
      4.51678545790981,
      4.022614585875857,
      3.286929394788383,
      2.7276709064632163,
      2.1249754126478444,
      1.9260705700101604,
      1.7952702195410282,
      1.3543413222417209,
      5.289639652891486e-16
    ],
    "root_tree_count_cv": 0.0,
    "root_tree_count_gini": 0.0,
    "edge_participation": [
      0.23636363636363636,
      0.2727272727272727,
      0.2909090909090909,
      0.4,
      0.4,
      0.43636363636363634,
      0.36363636363636365,
      0.2727272727272727,
      0.23636363636363636,
      0.2909090909090909,
      0.43636363636363634,
      0.36363636363636365
    ],
    "edge_participation_mean": 0.3333333333333333,
    "edge_participation_var": 0.005142332415059688,
    "edge_participation_gini": 0.12121212121212155,
    "bottleneck_edge_fraction_095": 0.0,
    "mean_shortest_path": 1.4,
    "comparison_branch_d_rel_values": [
      22,
      22,
      22
    ],
    "comparison_branch_d_rel_min": 22,
    "comparison_branch_d_rel_mean": 22.0,
    "comparison_branch_d_rel_max": 22,
    "comparison_branch_d_rel_gini": 0.0,
    "comparison_branch_common_d_rel_values": [
      22,
      22,
      22
    ],
    "comparison_branch_common_d_rel_min": 22,
    "comparison_branch_common_d_rel_mean": 22.0,
    "comparison_branch_common_d_rel_max": 22,
    "comparison_branch_common_d_rel_gini": 0.0,
    "comparison_branch_input_count_values": [
      24,
      24,
      24
    ],
    "comparison_branch_input_count_min": 24,
    "comparison_branch_input_count_mean": 24.0,
    "comparison_branch_input_count_max": 24,
    "comparison_branch_input_count_gini": 0.0,
    "comparison_branch_input_overlap_values": [
      24,
      24,
      24
    ],
    "comparison_branch_input_overlap_min": 24,
    "comparison_branch_input_overlap_mean": 24.0,
    "comparison_branch_input_overlap_max": 24,
    "comparison_branch_input_overlap_gini": 0.0,
    "in_degree": [
      3,
      2,
      2,
      3,
      2
    ],
    "out_degree": [
      3,
      2,
      2,
      3,
      2
    ],
    "in_degree_cv": 0.2041241452319315,
    "out_degree_cv": 0.2041241452319315
  }
}