{
  "name": "degree_rewire_n5_m12_base_g0354_degree_balanced_seed9_seed21",
  "family": "degree_rewire_exact_degree",
  "seed": 21,
  "n_nodes": 5,
  "edges": [
    [
      0,
      1
    ],
    [
      0,
      3
    ],
    [
      0,
      4
    ],
    [
      1,
      0
    ],
    [
      1,
      3
    ],
    [
      2,
      0
    ],
    [
      2,
      1
    ],
    [
      3,
      0
    ],
    [
      3,
      2
    ],
    [
      3,
      4
    ],
    [
      4,
      2
    ],
    [
      4,
      3
    ]
  ],
  "base_topology_id": "g0354_degree_balanced_seed9",
  "base_edge_json": "/home/aadarwal/repos/topology/ICL/results/expanded_hard_libraries/n5_m12_N3_D2/topologies/g0354_degree_balanced_seed9.json",
  "degree_signature": [
    [
      3,
      2,
      2,
      3,
      2
    ],
    [
      3,
      2,
      2,
      3,
      2
    ]
  ],
  "metrics": {
    "n_nodes": 5,
    "n_edges": 12,
    "p": 8,
    "strongly_connected": true,
    "edges": [
      [
        0,
        1
      ],
      [
        0,
        3
      ],
      [
        0,
        4
      ],
      [
        1,
        0
      ],
      [
        1,
        3
      ],
      [
        2,
        0
      ],
      [
        2,
        1
      ],
      [
        3,
        0
      ],
      [
        3,
        2
      ],
      [
        3,
        4
      ],
      [
        4,
        2
      ],
      [
        4,
        3
      ]
    ],
    "tree_counts_enum": [
      17,
      17,
      17,
      17,
      17
    ],
    "tree_counts_det": [
      17,
      17,
      17,
      17,
      17
    ],
    "tree_counts_match_det": true,
    "tree_enumeration_truncated": false,
    "max_trees_per_root": null,
    "n_trees_total_enum": 85,
    "rank_M": 12,
    "rank_D": 11,
    "rank_D_anchor": 11,
    "d_rel": 88,
    "effective_rank_D": 8.926156311337124,
    "condition_number_D": 2.8709247025015556,
    "effective_rank_D_masked": 71.40925049069695,
    "condition_number_D_masked": 2.8709247025015556,
    "singular_values_D_masked": [
      6.120552580626968,
      6.100697787601774,
      5.714465544789871,
      5.17851156749331,
      4.8764097135687035,
      4.751308587151197,
      4.09675072303038,
      2.6343176462025206,
      2.392570438928694,
      2.3605250664953528,
      2.1319098251841564,
      1.2602896560199793e-15,
      6.120552580626968,
      6.100697787601774,
      5.714465544789871,
      5.17851156749331,
      4.8764097135687035,
      4.751308587151197,
      4.09675072303038,
      2.6343176462025206,
      2.392570438928694,
      2.3605250664953528,
      2.1319098251841564,
      1.2602896560199793e-15,
      6.120552580626968,
      6.100697787601774,
      5.714465544789871,
      5.17851156749331,
      4.8764097135687035,
      4.751308587151197,
      4.09675072303038,
      2.6343176462025206,
      2.392570438928694,
      2.3605250664953528,
      2.1319098251841564,
      1.2602896560199793e-15,
      6.120552580626968,
      6.100697787601774,
      5.714465544789871,
      5.17851156749331,
      4.8764097135687035,
      4.751308587151197,
      4.09675072303038,
      2.6343176462025206,
      2.392570438928694,
      2.3605250664953528,
      2.1319098251841564,
      1.2602896560199793e-15,
      6.120552580626968,
      6.100697787601774,
      5.714465544789871,
      5.17851156749331,
      4.8764097135687035,
      4.751308587151197,
      4.09675072303038,
      2.6343176462025206,
      2.392570438928694,
      2.3605250664953528,
      2.1319098251841564,
      1.2602896560199793e-15,
      6.120552580626968,
      6.100697787601774,
      5.714465544789871,
      5.17851156749331,
      4.8764097135687035,
      4.751308587151197,
      4.09675072303038,
      2.6343176462025206,
      2.392570438928694,
      2.3605250664953528,
      2.1319098251841564,
      1.2602896560199793e-15,
      6.120552580626968,
      6.100697787601774,
      5.714465544789871,
      5.17851156749331,
      4.8764097135687035,
      4.751308587151197,
      4.09675072303038,
      2.6343176462025206,
      2.392570438928694,
      2.3605250664953528,
      2.1319098251841564,
      1.2602896560199793e-15,
      6.120552580626968,
      6.100697787601774,
      5.714465544789871,
      5.17851156749331,
      4.8764097135687035,
      4.751308587151197,
      4.09675072303038,
      2.6343176462025206,
      2.392570438928694,
      2.3605250664953528,
      2.1319098251841564,
      1.2602896560199793e-15
    ],
    "singular_values_D": [
      6.120552580626968,
      6.100697787601774,
      5.714465544789871,
      5.17851156749331,
      4.8764097135687035,
      4.751308587151197,
      4.09675072303038,
      2.6343176462025206,
      2.392570438928694,
      2.3605250664953528,
      2.1319098251841564,
      1.2602896560199793e-15
    ],
    "singular_values_D_anchor": [
      15.592814150959116,
      6.118333239003221,
      6.0921902353646065,
      5.26312900340562,
      5.091812347785633,
      4.852562917241274,
      4.230063121069491,
      2.6350235300842724,
      2.473288430493461,
      2.361794998835124,
      2.146835419794268,
      1.3034505474617235e-15
    ],
    "root_tree_count_cv": 0.0,
    "root_tree_count_gini": 0.0,
    "edge_participation": [
      0.2235294117647059,
      0.24705882352941178,
      0.32941176470588235,
      0.36470588235294116,
      0.43529411764705883,
      0.3764705882352941,
      0.4235294117647059,
      0.2235294117647059,
      0.3176470588235294,
      0.25882352941176473,
      0.47058823529411764,
      0.32941176470588235
    ],
    "edge_participation_mean": 0.3333333333333333,
    "edge_participation_var": 0.006466743560169165,
    "edge_participation_gini": 0.1372549019607845,
    "bottleneck_edge_fraction_095": 0.0,
    "mean_shortest_path": 1.4,
    "comparison_branch_d_rel_values": [
      22,
      22,
      22
    ],
    "comparison_branch_d_rel_min": 22,
    "comparison_branch_d_rel_mean": 22.0,
    "comparison_branch_d_rel_max": 22,
    "comparison_branch_d_rel_gini": 0.0,
    "comparison_branch_common_d_rel_values": [
      22,
      22,
      22
    ],
    "comparison_branch_common_d_rel_min": 22,
    "comparison_branch_common_d_rel_mean": 22.0,
    "comparison_branch_common_d_rel_max": 22,
    "comparison_branch_common_d_rel_gini": 0.0,
    "comparison_branch_input_count_values": [
      24,
      24,
      24
    ],
    "comparison_branch_input_count_min": 24,
    "comparison_branch_input_count_mean": 24.0,
    "comparison_branch_input_count_max": 24,
    "comparison_branch_input_count_gini": 0.0,
    "comparison_branch_input_overlap_values": [
      24,
      24,
      24
    ],
    "comparison_branch_input_overlap_min": 24,
    "comparison_branch_input_overlap_mean": 24.0,
    "comparison_branch_input_overlap_max": 24,
    "comparison_branch_input_overlap_gini": 0.0,
    "in_degree": [
      3,
      2,
      2,
      3,
      2
    ],
    "out_degree": [
      3,
      2,
      2,
      3,
      2
    ],
    "in_degree_cv": 0.2041241452319315,
    "out_degree_cv": 0.2041241452319315
  }
}