{
  "name": "degree_rewire_n5_m12_base_g0354_degree_balanced_seed9_seed7",
  "family": "degree_rewire_exact_degree",
  "seed": 7,
  "n_nodes": 5,
  "edges": [
    [
      0,
      2
    ],
    [
      0,
      3
    ],
    [
      0,
      4
    ],
    [
      1,
      3
    ],
    [
      1,
      4
    ],
    [
      2,
      0
    ],
    [
      2,
      1
    ],
    [
      3,
      0
    ],
    [
      3,
      1
    ],
    [
      3,
      2
    ],
    [
      4,
      0
    ],
    [
      4,
      3
    ]
  ],
  "base_topology_id": "g0354_degree_balanced_seed9",
  "base_edge_json": "/home/aadarwal/repos/topology/ICL/results/expanded_hard_libraries/n5_m12_N3_D2/topologies/g0354_degree_balanced_seed9.json",
  "degree_signature": [
    [
      3,
      2,
      2,
      3,
      2
    ],
    [
      3,
      2,
      2,
      3,
      2
    ]
  ],
  "metrics": {
    "n_nodes": 5,
    "n_edges": 12,
    "p": 8,
    "strongly_connected": true,
    "edges": [
      [
        0,
        2
      ],
      [
        0,
        3
      ],
      [
        0,
        4
      ],
      [
        1,
        3
      ],
      [
        1,
        4
      ],
      [
        2,
        0
      ],
      [
        2,
        1
      ],
      [
        3,
        0
      ],
      [
        3,
        1
      ],
      [
        3,
        2
      ],
      [
        4,
        0
      ],
      [
        4,
        3
      ]
    ],
    "tree_counts_enum": [
      15,
      15,
      15,
      15,
      15
    ],
    "tree_counts_det": [
      15,
      15,
      15,
      15,
      15
    ],
    "tree_counts_match_det": true,
    "tree_enumeration_truncated": false,
    "max_trees_per_root": null,
    "n_trees_total_enum": 75,
    "rank_M": 12,
    "rank_D": 11,
    "rank_D_anchor": 11,
    "d_rel": 88,
    "effective_rank_D": 8.814573931925766,
    "condition_number_D": 3.068493332330789,
    "effective_rank_D_masked": 70.51659145540619,
    "condition_number_D_masked": 3.068493332330789,
    "singular_values_D_masked": [
      5.886481897224754,
      5.620983778352573,
      5.461842546132418,
      4.974830460340278,
      4.697782597675386,
      4.070675653129051,
      3.773458154390683,
      2.4712525433928336,
      2.23671108089289,
      2.169004981165013,
      1.9183622904448212,
      7.085224858819905e-16,
      5.886481897224754,
      5.620983778352573,
      5.461842546132418,
      4.974830460340278,
      4.697782597675386,
      4.070675653129051,
      3.773458154390683,
      2.4712525433928336,
      2.23671108089289,
      2.169004981165013,
      1.9183622904448212,
      7.085224858819905e-16,
      5.886481897224754,
      5.620983778352573,
      5.461842546132418,
      4.974830460340278,
      4.697782597675386,
      4.070675653129051,
      3.773458154390683,
      2.4712525433928336,
      2.23671108089289,
      2.169004981165013,
      1.9183622904448212,
      7.085224858819905e-16,
      5.886481897224754,
      5.620983778352573,
      5.461842546132418,
      4.974830460340278,
      4.697782597675386,
      4.070675653129051,
      3.773458154390683,
      2.4712525433928336,
      2.23671108089289,
      2.169004981165013,
      1.9183622904448212,
      7.085224858819905e-16,
      5.886481897224754,
      5.620983778352573,
      5.461842546132418,
      4.974830460340278,
      4.697782597675386,
      4.070675653129051,
      3.773458154390683,
      2.4712525433928336,
      2.23671108089289,
      2.169004981165013,
      1.9183622904448212,
      7.085224858819905e-16,
      5.886481897224754,
      5.620983778352573,
      5.461842546132418,
      4.974830460340278,
      4.697782597675386,
      4.070675653129051,
      3.773458154390683,
      2.4712525433928336,
      2.23671108089289,
      2.169004981165013,
      1.9183622904448212,
      7.085224858819905e-16,
      5.886481897224754,
      5.620983778352573,
      5.461842546132418,
      4.974830460340278,
      4.697782597675386,
      4.070675653129051,
      3.773458154390683,
      2.4712525433928336,
      2.23671108089289,
      2.169004981165013,
      1.9183622904448212,
      7.085224858819905e-16,
      5.886481897224754,
      5.620983778352573,
      5.461842546132418,
      4.974830460340278,
      4.697782597675386,
      4.070675653129051,
      3.773458154390683,
      2.4712525433928336,
      2.23671108089289,
      2.169004981165013,
      1.9183622904448212,
      7.085224858819905e-16
    ],
    "singular_values_D": [
      5.886481897224754,
      5.620983778352573,
      5.461842546132418,
      4.974830460340278,
      4.697782597675386,
      4.070675653129051,
      3.773458154390683,
      2.4712525433928336,
      2.23671108089289,
      2.169004981165013,
      1.9183622904448212,
      7.085224858819905e-16
    ],
    "singular_values_D_anchor": [
      15.708383803662755,
      5.859570937449652,
      5.601308659812809,
      5.10516380340725,
      4.714686888187817,
      4.071709186424708,
      3.8031154263046223,
      2.5765314814690137,
      2.236721196493742,
      2.1735907249986415,
      1.9590922948652523,
      6.819062435659925e-16
    ],
    "root_tree_count_cv": 0.0,
    "root_tree_count_gini": 0.0,
    "edge_participation": [
      0.28,
      0.28,
      0.24,
      0.32,
      0.48,
      0.32,
      0.48,
      0.25333333333333335,
      0.21333333333333335,
      0.3333333333333333,
      0.36,
      0.44
    ],
    "edge_participation_mean": 0.3333333333333333,
    "edge_participation_var": 0.007555555555555552,
    "edge_participation_gini": 0.14500000000000002,
    "bottleneck_edge_fraction_095": 0.0,
    "mean_shortest_path": 1.4,
    "comparison_branch_d_rel_values": [
      22,
      22,
      22
    ],
    "comparison_branch_d_rel_min": 22,
    "comparison_branch_d_rel_mean": 22.0,
    "comparison_branch_d_rel_max": 22,
    "comparison_branch_d_rel_gini": 0.0,
    "comparison_branch_common_d_rel_values": [
      22,
      22,
      22
    ],
    "comparison_branch_common_d_rel_min": 22,
    "comparison_branch_common_d_rel_mean": 22.0,
    "comparison_branch_common_d_rel_max": 22,
    "comparison_branch_common_d_rel_gini": 0.0,
    "comparison_branch_input_count_values": [
      24,
      24,
      24
    ],
    "comparison_branch_input_count_min": 24,
    "comparison_branch_input_count_mean": 24.0,
    "comparison_branch_input_count_max": 24,
    "comparison_branch_input_count_gini": 0.0,
    "comparison_branch_input_overlap_values": [
      24,
      24,
      24
    ],
    "comparison_branch_input_overlap_min": 24,
    "comparison_branch_input_overlap_mean": 24.0,
    "comparison_branch_input_overlap_max": 24,
    "comparison_branch_input_overlap_gini": 0.0,
    "in_degree": [
      3,
      2,
      2,
      3,
      2
    ],
    "out_degree": [
      3,
      2,
      2,
      3,
      2
    ],
    "in_degree_cv": 0.2041241452319315,
    "out_degree_cv": 0.2041241452319315
  }
}