{
  "name": "degree_rewire_n5_m12_base_g0354_degree_balanced_seed9_seed26",
  "family": "degree_rewire_exact_degree",
  "seed": 26,
  "n_nodes": 5,
  "edges": [
    [
      0,
      1
    ],
    [
      0,
      3
    ],
    [
      0,
      4
    ],
    [
      1,
      0
    ],
    [
      1,
      3
    ],
    [
      2,
      0
    ],
    [
      2,
      3
    ],
    [
      3,
      1
    ],
    [
      3,
      2
    ],
    [
      3,
      4
    ],
    [
      4,
      0
    ],
    [
      4,
      2
    ]
  ],
  "base_topology_id": "g0354_degree_balanced_seed9",
  "base_edge_json": "/home/aadarwal/repos/topology/ICL/results/expanded_hard_libraries/n5_m12_N3_D2/topologies/g0354_degree_balanced_seed9.json",
  "degree_signature": [
    [
      3,
      2,
      2,
      3,
      2
    ],
    [
      3,
      2,
      2,
      3,
      2
    ]
  ],
  "metrics": {
    "n_nodes": 5,
    "n_edges": 12,
    "p": 8,
    "strongly_connected": true,
    "edges": [
      [
        0,
        1
      ],
      [
        0,
        3
      ],
      [
        0,
        4
      ],
      [
        1,
        0
      ],
      [
        1,
        3
      ],
      [
        2,
        0
      ],
      [
        2,
        3
      ],
      [
        3,
        1
      ],
      [
        3,
        2
      ],
      [
        3,
        4
      ],
      [
        4,
        0
      ],
      [
        4,
        2
      ]
    ],
    "tree_counts_enum": [
      14,
      14,
      14,
      14,
      14
    ],
    "tree_counts_det": [
      14,
      14,
      14,
      14,
      14
    ],
    "tree_counts_match_det": true,
    "tree_enumeration_truncated": false,
    "max_trees_per_root": null,
    "n_trees_total_enum": 70,
    "rank_M": 12,
    "rank_D": 11,
    "rank_D_anchor": 11,
    "d_rel": 88,
    "effective_rank_D": 8.68664489077648,
    "condition_number_D": 3.273841066389591,
    "effective_rank_D_masked": 69.49315912621185,
    "condition_number_D_masked": 3.273841066389591,
    "singular_values_D_masked": [
      5.798227952917565,
      5.425328396697362,
      5.373783672525887,
      4.723263262035659,
      4.551364826999725,
      4.109892212766548,
      3.456301229925303,
      2.3264331440775337,
      2.2690893687871454,
      1.9036686256154813,
      1.7710780197744544,
      6.929463322824651e-16,
      5.798227952917565,
      5.425328396697362,
      5.373783672525887,
      4.723263262035659,
      4.551364826999725,
      4.109892212766548,
      3.456301229925303,
      2.3264331440775337,
      2.2690893687871454,
      1.9036686256154813,
      1.7710780197744544,
      6.929463322824651e-16,
      5.798227952917565,
      5.425328396697362,
      5.373783672525887,
      4.723263262035659,
      4.551364826999725,
      4.109892212766548,
      3.456301229925303,
      2.3264331440775337,
      2.2690893687871454,
      1.9036686256154813,
      1.7710780197744544,
      6.929463322824651e-16,
      5.798227952917565,
      5.425328396697362,
      5.373783672525887,
      4.723263262035659,
      4.551364826999725,
      4.109892212766548,
      3.456301229925303,
      2.3264331440775337,
      2.2690893687871454,
      1.9036686256154813,
      1.7710780197744544,
      6.929463322824651e-16,
      5.798227952917565,
      5.425328396697362,
      5.373783672525887,
      4.723263262035659,
      4.551364826999725,
      4.109892212766548,
      3.456301229925303,
      2.3264331440775337,
      2.2690893687871454,
      1.9036686256154813,
      1.7710780197744544,
      6.929463322824651e-16,
      5.798227952917565,
      5.425328396697362,
      5.373783672525887,
      4.723263262035659,
      4.551364826999725,
      4.109892212766548,
      3.456301229925303,
      2.3264331440775337,
      2.2690893687871454,
      1.9036686256154813,
      1.7710780197744544,
      6.929463322824651e-16,
      5.798227952917565,
      5.425328396697362,
      5.373783672525887,
      4.723263262035659,
      4.551364826999725,
      4.109892212766548,
      3.456301229925303,
      2.3264331440775337,
      2.2690893687871454,
      1.9036686256154813,
      1.7710780197744544,
      6.929463322824651e-16,
      5.798227952917565,
      5.425328396697362,
      5.373783672525887,
      4.723263262035659,
      4.551364826999725,
      4.109892212766548,
      3.456301229925303,
      2.3264331440775337,
      2.2690893687871454,
      1.9036686256154813,
      1.7710780197744544,
      6.929463322824651e-16
    ],
    "singular_values_D": [
      5.798227952917565,
      5.425328396697362,
      5.373783672525887,
      4.723263262035659,
      4.551364826999725,
      4.109892212766548,
      3.456301229925303,
      2.3264331440775337,
      2.2690893687871454,
      1.9036686256154813,
      1.7710780197744544,
      6.929463322824651e-16
    ],
    "singular_values_D_anchor": [
      14.366237574789325,
      5.769874955715485,
      5.377046094449704,
      4.74249918247736,
      4.602667476186412,
      4.117546204380923,
      3.6208777802769534,
      2.6753453291318614,
      2.3097206891041067,
      1.9089450116898616,
      1.8788277866226137,
      6.682561580390045e-16
    ],
    "root_tree_count_cv": 0.0,
    "root_tree_count_gini": 0.0,
    "edge_participation": [
      0.2571428571428571,
      0.3142857142857143,
      0.22857142857142856,
      0.38571428571428573,
      0.4142857142857143,
      0.45714285714285713,
      0.34285714285714286,
      0.22857142857142856,
      0.22857142857142856,
      0.34285714285714286,
      0.34285714285714286,
      0.45714285714285713
    ],
    "edge_participation_mean": 0.3333333333333333,
    "edge_participation_var": 0.006609977324263039,
    "edge_participation_gini": 0.13749999999999996,
    "bottleneck_edge_fraction_095": 0.0,
    "mean_shortest_path": 1.4,
    "comparison_branch_d_rel_values": [
      22,
      22,
      22
    ],
    "comparison_branch_d_rel_min": 22,
    "comparison_branch_d_rel_mean": 22.0,
    "comparison_branch_d_rel_max": 22,
    "comparison_branch_d_rel_gini": 0.0,
    "comparison_branch_common_d_rel_values": [
      22,
      22,
      22
    ],
    "comparison_branch_common_d_rel_min": 22,
    "comparison_branch_common_d_rel_mean": 22.0,
    "comparison_branch_common_d_rel_max": 22,
    "comparison_branch_common_d_rel_gini": 0.0,
    "comparison_branch_input_count_values": [
      24,
      24,
      24
    ],
    "comparison_branch_input_count_min": 24,
    "comparison_branch_input_count_mean": 24.0,
    "comparison_branch_input_count_max": 24,
    "comparison_branch_input_count_gini": 0.0,
    "comparison_branch_input_overlap_values": [
      24,
      24,
      24
    ],
    "comparison_branch_input_overlap_min": 24,
    "comparison_branch_input_overlap_mean": 24.0,
    "comparison_branch_input_overlap_max": 24,
    "comparison_branch_input_overlap_gini": 0.0,
    "in_degree": [
      3,
      2,
      2,
      3,
      2
    ],
    "out_degree": [
      3,
      2,
      2,
      3,
      2
    ],
    "in_degree_cv": 0.2041241452319315,
    "out_degree_cv": 0.2041241452319315
  }
}