{
  "n_nodes": 6,
  "n_edges": 20,
  "p": 20,
  "strongly_connected": true,
  "edges": [
    [
      0,
      1
    ],
    [
      1,
      2
    ],
    [
      2,
      3
    ],
    [
      3,
      4
    ],
    [
      4,
      5
    ],
    [
      5,
      0
    ],
    [
      1,
      4
    ],
    [
      4,
      0
    ],
    [
      5,
      2
    ],
    [
      3,
      2
    ],
    [
      0,
      3
    ],
    [
      1,
      3
    ],
    [
      4,
      3
    ],
    [
      2,
      4
    ],
    [
      2,
      1
    ],
    [
      3,
      1
    ],
    [
      5,
      4
    ],
    [
      3,
      0
    ],
    [
      0,
      5
    ],
    [
      2,
      0
    ]
  ],
  "tree_counts_enum": [
    200,
    160,
    114,
    166,
    190,
    130
  ],
  "tree_counts_det": [
    200,
    160,
    114,
    166,
    190,
    130
  ],
  "tree_counts_match_det": true,
  "tree_enumeration_truncated": false,
  "max_trees_per_root": null,
  "n_trees_total_enum": 960,
  "rank_M": 20,
  "rank_D": 19,
  "rank_D_anchor": 19,
  "d_rel": 200,
  "effective_rank_D": 15.898610432389086,
  "condition_number_D": 3.550238802485174,
  "effective_rank_D_masked": 182.4218618690275,
  "condition_number_D_masked": 3.384915002606738,
  "singular_values_D_masked": [
    17.181679504891704,
    16.816866026591537,
    15.98120678226791,
    15.249169749453076,
    15.165734932159145,
    11.95203675507723,
    11.358519592162159,
    10.74544043400613,
    10.225559447053726,
    6.097164184344287,
    1.777059249112148e-15,
    8.669111282305013e-16,
    6.45770670103848e-16,
    4.57876076900194e-16,
    1.1387986118975914e-16,
    3.888118791116314e-17,
    6.712034506990331e-32,
    3.1120151224626513e-32,
    1.2980596774406486e-48,
    0.0,
    16.84114911435823,
    16.463876401435254,
    15.95510587354265,
    14.913798170150097,
    14.328295868228478,
    12.684512584910838,
    11.711115885451408,
    10.600702527145756,
    10.07910317261082,
    9.372863432825207,
    1.6641954135391566e-15,
    1.3681711687885162e-15,
    4.394585292061294e-16,
    1.7754656137303447e-16,
    1.8883358298538254e-32,
    7.500037985262921e-33,
    5.8699447787130654e-49,
    1.128128087617729e-49,
    0.0,
    0.0,
    17.2157329007841,
    16.649309174202646,
    14.86237140377566,
    14.421845858497097,
    13.798065838550215,
    12.9955739906771,
    11.224085606166437,
    10.728556863187356,
    10.168874868876557,
    9.697160457669623,
    3.936145747525559e-16,
    2.777830394057592e-16,
    1.0908495849527214e-16,
    2.3401203275049842e-32,
    6.708843709176969e-33,
    4.513563231951705e-33,
    2.2453405449581827e-49,
    9.300946041249534e-50,
    4.6501964354464953e-66,
    0.0,
    16.772841918824124,
    16.46515669233782,
    15.917472053155034,
    14.825150412710897,
    14.208018616055936,
    13.136884850399122,
    13.101108547295558,
    10.977055590070947,
    8.622792034064073,
    6.199382828046184,
    1.7798022962838398e-15,
    9.773555140148003e-16,
    3.3753383819200055e-16,
    2.2736898525600525e-16,
    5.581473683483266e-17,
    3.0988322020682623e-32,
    1.4008947615942114e-32,
    7.451566344752315e-33,
    6.182316007464212e-33,
    1.1877429875699472e-48,
    17.286728628905845,
    17.081958747925704,
    15.857435252008399,
    14.396384210815176,
    13.668092887949932,
    13.029743004305232,
    11.608713726189034,
    10.715404284121538,
    9.376347275421379,
    6.299031539138956,
    1.7465162195229903e-15,
    9.02881501987436e-16,
    8.221600844784213e-17,
    4.8100925780244284e-17,
    4.262681106367476e-32,
    2.5595614959433716e-32,
    5.42105595321215e-49,
    0.0,
    0.0,
    0.0,
    16.509402905981577,
    15.351543717209164,
    15.17161510065587,
    14.739891196888108,
    13.70275676559783,
    13.347402262315377,
    12.851773532417523,
    10.084606828347724,
    8.890211219379122,
    7.429689908026017,
    1.3437617996468554e-15,
    1.1289685848065395e-15,
    4.784625901135725e-16,
    2.1531658653110466e-16,
    5.276670493837491e-32,
    1.763436918490398e-32,
    0.0,
    0.0,
    0.0,
    0.0,
    17.99202008846149,
    16.64282353651184,
    15.281282312307715,
    14.929969795406121,
    14.150184594688648,
    13.644335997654354,
    12.029862832036454,
    10.857067992141731,
    10.308318599484833,
    5.340997656118947,
    1.4200007707521921e-15,
    6.954172934116453e-16,
    3.502156917404053e-16,
    1.729631130981499e-16,
    7.504229520671359e-17,
    4.868674777204239e-32,
    2.876979972752524e-32,
    1.3938125986983002e-32,
    2.9439743023131888e-33,
    0.0,
    17.05578893257676,
    15.14622181706267,
    14.49902483710405,
    14.393070912404102,
    13.988005439425987,
    13.041893135521207,
    12.533390207437243,
    11.38665786706254,
    9.056649592779364,
    8.111925582397939,
    1.8134755138766523e-15,
    1.5483516128696562e-15,
    1.2210861172424663e-15,
    6.412756462882801e-16,
    3.5918565281862237e-16,
    1.7084791835979378e-16,
    8.651988312419125e-32,
    2.558123082847719e-32,
    0.0,
    0.0,
    17.26591215042419,
    15.791914389941804,
    15.463202927184783,
    14.719219981023857,
    14.433019340143604,
    12.500069162930956,
    11.307519495470755,
    10.639767343365525,
    10.379377282301036,
    9.652160320368036,
    1.1338779390585026e-15,
    7.456258260605653e-16,
    2.8497467504874033e-16,
    1.1713716872400877e-16,
    2.9399923422128546e-32,
    0.0,
    0.0,
    0.0,
    0.0,
    0.0,
    16.76588515579565,
    15.95607566343082,
    14.77092130276375,
    14.321401643798536,
    13.726721222517646,
    12.808193404013776,
    11.587191619641976,
    10.5559450255357,
    9.765610979960059,
    8.896127241881834,
    1.1988728282705414e-15,
    4.479048060900166e-16,
    2.9553136901665253e-16,
    1.3977746201111288e-16,
    7.865056736474717e-33,
    6.300392625161392e-33,
    1.8581839017986385e-49,
    8.127383692905828e-50,
    0.0,
    0.0,
    17.486525069087733,
    17.189082933393777,
    15.107763482462772,
    14.476659837577875,
    13.596865573313526,
    13.23236037145976,
    12.389965246762797,
    10.881205555151162,
    10.56282497511397,
    5.538884881649287,
    2.0107578589035093e-15,
    1.5596250100768189e-15,
    1.225718423084324e-15,
    8.480637580771214e-16,
    6.490647763598332e-32,
    4.959182021079934e-32,
    3.083552659018532e-48,
    0.0,
    0.0,
    0.0,
    16.287366901597277,
    15.506570075893904,
    15.240371587606488,
    14.050956159998089,
    13.814617602073099,
    12.96342891416519,
    12.397329197031878,
    11.397645013796307,
    10.685297293726553,
    5.315353583356083,
    1.5822469824298679e-15,
    1.122697853090453e-15,
    4.760458772489533e-16,
    2.0488451145439503e-16,
    7.595901176287646e-17,
    8.213725728102099e-32,
    3.462776684367842e-32,
    0.0,
    0.0,
    0.0,
    16.74227224752624,
    15.4374972451928,
    15.196786747411688,
    14.384962352462727,
    14.044229351219837,
    13.318445857222958,
    12.409122040776724,
    10.909881731933975,
    10.124047168632215,
    7.5850559904211226,
    2.9983698182514865e-15,
    1.3454409625029165e-15,
    8.772381541724371e-16,
    7.237269468325447e-16,
    4.673046651874959e-16,
    0.0,
    0.0,
    0.0,
    0.0,
    0.0,
    17.62446447529492,
    15.983281263436607,
    15.411074449075471,
    15.109887655533747,
    13.74542690635803,
    13.016125068747815,
    11.290670598547084,
    9.268594747277003,
    8.578132275877985,
    7.28384920459115,
    3.4953126715499116e-15,
    1.3644968409174318e-15,
    6.378585494812942e-16,
    1.138706837491486e-16,
    4.15656296664059e-17,
    1.2045664278768267e-32,
    4.431561082959266e-33,
    0.0,
    0.0,
    0.0,
    17.64674308478336,
    16.91607160428068,
    16.572289682721905,
    15.623139075821525,
    13.379639001270693,
    12.42870121255785,
    12.077767462378056,
    10.463208803858304,
    9.917581334570396,
