{
  "n_nodes": 6,
  "n_edges": 20,
  "p": 20,
  "strongly_connected": true,
  "edges": [
    [
      0,
      1
    ],
    [
      1,
      2
    ],
    [
      2,
      3
    ],
    [
      3,
      4
    ],
    [
      4,
      5
    ],
    [
      5,
      0
    ],
    [
      1,
      4
    ],
    [
      4,
      0
    ],
    [
      5,
      2
    ],
    [
      3,
      2
    ],
    [
      0,
      3
    ],
    [
      1,
      3
    ],
    [
      4,
      3
    ],
    [
      2,
      4
    ],
    [
      2,
      1
    ],
    [
      3,
      1
    ],
    [
      5,
      4
    ],
    [
      3,
      0
    ],
    [
      0,
      5
    ],
    [
      2,
      0
    ]
  ],
  "tree_counts_enum": [
    200,
    160,
    114,
    166,
    190,
    130
  ],
  "tree_counts_det": [
    200,
    160,
    114,
    166,
    190,
    130
  ],
  "tree_counts_match_det": true,
  "tree_enumeration_truncated": false,
  "max_trees_per_root": null,
  "n_trees_total_enum": 960,
  "rank_M": 20,
  "rank_D": 19,
  "rank_D_anchor": 19,
  "d_rel": 200,
  "effective_rank_D": 15.898610432389086,
  "condition_number_D": 3.550238802485174,
  "effective_rank_D_masked": 182.5055334583034,
  "condition_number_D_masked": 3.3548055728836945,
  "singular_values_D_masked": [
    16.759442445594537,
    15.96398933879349,
    15.448233248651485,
    14.433558617861772,
    13.920857972984042,
    13.263953013296613,
    11.562534507874258,
    10.350668756458074,
    9.999426780865525,
    7.595744199868835,
    2.1055479825061528e-15,
    7.269126252899718e-16,
    3.0136498465194803e-16,
    2.294847969784887e-16,
    5.2631857934268516e-17,
    2.888557550113834e-32,
    6.0420297070370136e-33,
    5.690778593560339e-49,
    0.0,
    0.0,
    16.689241203011722,
    15.649964704598176,
    15.426493078839217,
    14.381482888654164,
    13.573968115197726,
    12.346997459911774,
    11.784220631338325,
    10.141889514243434,
    9.599252061088725,
    8.211770622147553,
    2.089833802082155e-15,
    9.999297073488826e-16,
    4.769370586811728e-16,
    2.0651948670681234e-16,
    1.0620563009077198e-16,
    8.808423869710903e-17,
    2.769776587038487e-32,
    6.673018974917153e-33,
    0.0,
    0.0,
    16.79671639986502,
    16.45667605386109,
    16.146028992326173,
    14.263145465934429,
    13.766408177382454,
    13.058067471976587,
    11.081550630164289,
    10.257469836266264,
    9.637272474144584,
    8.305691394658057,
    1.342000109985244e-15,
    4.438746061382888e-16,
    2.9177425223618404e-16,
    2.3816280256765596e-17,
    4.069047102536441e-33,
    7.268113588190385e-35,
    3.266151865799495e-50,
    0.0,
    0.0,
    0.0,
    16.844725848494807,
    16.216135596672604,
    15.07372576179669,
    14.100370691014287,
    13.581468399854595,
    13.288766084433117,
    11.337745297708596,
    10.655854318849446,
    10.047275671769503,
    7.884370152334798,
    6.039678387051673e-16,
    3.1434840062693257e-16,
    5.197971931488837e-17,
    1.0133460401539223e-32,
    4.3154054324281566e-33,
    6.131197609390284e-49,
    0.0,
    0.0,
    0.0,
    0.0,
    17.620734973406332,
    16.66930617425004,
    15.955019164027485,
    15.283282263731131,
    14.369266007178762,
    13.072152211826664,
    10.983594354606174,
    10.412646740355187,
    8.999035342497839,
    8.127525095193658,
    1.65843309027598e-15,
    1.0218968972482071e-15,
    3.8318275102856733e-16,
    1.9127675398203842e-16,
    3.7317732533747146e-17,
    2.733981488319971e-32,
    9.8285870940168e-33,
    7.2743412500203715e-34,
    4.1330603794375156e-49,
    7.359583867380542e-51,
    16.2969552147061,
    15.458221326094264,
    14.840916543039892,
    14.444477058198444,
    14.118802432211805,
    13.501687938285032,
    13.093877074059879,
    10.60506850141604,
    10.239986728305638,
    5.448192262166478,
    1.8944615326855024e-15,
    1.0111414740650308e-15,
    8.242377703819925e-16,
    5.885212880857243e-17,
    4.6594720002714243e-32,
    2.9559589876290147e-32,
    1.093507819661617e-32,
    1.2345967145820285e-48,
    0.0,
    0.0,
    17.323526340623605,
    16.430093098268824,
    16.1269206556095,
    15.845747249755348,
    14.595237889180448,
    13.251067829683032,
    11.224532521519077,
    10.267927558964223,
    8.523037882344472,
    5.7151552394081735,
    2.5841212430640238e-15,
    1.7183530531476407e-15,
    1.0698818695238946e-15,
    2.4654175949598413e-16,
    5.2130413331725236e-17,
    1.5380927406958123e-32,
    4.616452423306299e-33,
    5.022556067351646e-49,
    1.563757424828704e-49,
    4.334401053584755e-66,
    17.11562096286113,
    16.34955854098992,
    16.12931982857489,
    14.719984085855877,
    13.20553569233563,
    12.564552100008802,
    11.914632303143174,
    10.298410732138066,
    10.04606506993005,
    9.054891733488338,
    2.3943126508574815e-15,
    1.66581058474715e-15,
    1.421491534208341e-15,
    7.320019580779368e-16,
    5.535265008163303e-16,
    1.2087576881048414e-16,
    6.364132241655767e-32,
    3.634896634911759e-33,
    0.0,
    0.0,
    16.90496149526229,
    16.73116593458862,
    16.195851769480026,
    14.876714931595968,
    14.361134896344065,
    12.673299620544938,
    11.100435928426183,
    10.568554690047748,
    10.169261805766467,
    9.74807952657409,
    1.4024007724055066e-15,
    4.990979489291607e-16,
    1.8413044297115224e-16,
    3.6550548599846226e-32,
    1.5384190638352583e-32,
    9.133072779984354e-33,
    2.061153805393665e-48,
    7.061719825722847e-49,
    3.2422073980418797e-49,
    8.391260084085317e-66,
    17.07502064116657,
    16.34038562899095,
    15.365426935284969,
    14.280890733547201,
    13.857460426460937,
    13.56197373980445,
    11.981735446293339,
    10.098482447858203,
    9.125149878239247,
    8.226929804455386,
    2.0975517244889317e-15,
    1.8209302568617837e-15,
    1.4665768383072684e-15,
    9.74630571531255e-16,
    5.150311303453757e-16,
    3.554737869489257e-16,
    4.759564379787119e-17,
    2.4639036625616643e-17,
    0.0,
    0.0,
    17.629102764538395,
    16.187736764420716,
    15.399405490265439,
    14.398229330755102,
    13.914983784554156,
    13.17503878030584,
    11.450922816350118,
    10.937862968494365,
    9.629596863430795,
    9.132830750236577,
    2.165004680557949e-15,
    4.555946407360146e-16,
    2.971505105455868e-16,
    9.880969420151385e-17,
    3.7802487883289334e-17,
    2.436145689720325e-32,
    2.358343301394709e-33,
    2.7451441539088294e-49,
    9.78916059828634e-50,
    0.0,
    17.2778613639928,
    16.3896655737904,
    14.896468116083366,
    14.486598295957476,
    13.418218426890325,
    13.066580646817124,
    10.891472467739284,
    10.629202259716235,
    10.355491780449197,
    9.346628863789151,
    7.038873982508094e-16,
    3.9280734452761915e-16,
    5.083841130156437e-17,
    3.457654927083252e-32,
    1.2596775654356508e-33,
    1.091952334898168e-48,
    5.58393013441586e-50,
    7.847519145155154e-65,
    6.544889564834746e-82,
    0.0,
    17.867386739671627,
    16.783060418615253,
    16.495318221336824,
    15.329550958688538,
    13.501759007143677,
    13.130665962994494,
    11.342206783940304,
    10.562390897812389,
    9.705049540559052,
    5.32590826845245,
    3.43733037368602e-15,
    8.381185740088969e-16,
    6.387723605543328e-16,
    3.1086902652670227e-16,
    6.497108392981714e-32,
    2.8636296495998863e-32,
    3.82076408179342e-33,
    8.635309219523018e-49,
    0.0,
    0.0,
    17.140225659136927,
    16.25016497303491,
    15.354258895224234,
    14.32387086019688,
    13.741761563087877,
    13.199069778423285,
    12.540358513088258,
    10.759140557088491,
    9.55698477578379,
    8.428974395156057,
    2.5285306339654345e-15,
    5.047380321709755e-16,
    4.537448343781557e-16,
    1.1300676509503324e-16,
    7.049074716339682e-17,
    5.070487109034985e-32,
    4.595489569969269e-48,
    7.052121844419247e-65,
    0.0,
    0.0,
