{
  "n_nodes": 5,
  "n_edges": 8,
  "p": 8,
  "strongly_connected": true,
  "edges": [
    [
      0,
      1
    ],
    [
      1,
      2
    ],
    [
      2,
      3
    ],
    [
      3,
      4
    ],
    [
      4,
      0
    ],
    [
      3,
      1
    ],
    [
      0,
      3
    ],
    [
      1,
      0
    ]
  ],
  "tree_counts_enum": [
    3,
    3,
    3,
    3,
    3
  ],
  "tree_counts_det": [
    3,
    3,
    3,
    3,
    3
  ],
  "tree_counts_match_det": true,
  "tree_enumeration_truncated": false,
  "max_trees_per_root": null,
  "n_trees_total_enum": 15,
  "rank_M": 8,
  "rank_D": 7,
  "rank_D_anchor": 7,
  "d_rel": 56,
  "effective_rank_D": 5.38833764713176,
  "condition_number_D": 2.7416365204719937,
  "effective_rank_D_masked": 43.10670117705405,
  "condition_number_D_masked": 2.7416365204719937,
  "singular_values_D_masked": [
    2.8039692287009066,
    2.6534464335897017,
    2.2006007941959873,
    1.394028053764499,
    1.3654449534476716,
    1.0648595473187636,
    1.022735584299184,
    4.027305251308679e-16,
    2.8039692287009066,
    2.6534464335897017,
    2.2006007941959873,
    1.394028053764499,
    1.3654449534476716,
    1.0648595473187636,
    1.022735584299184,
    4.027305251308679e-16,
    2.8039692287009066,
    2.6534464335897017,
    2.2006007941959873,
    1.394028053764499,
    1.3654449534476716,
    1.0648595473187636,
    1.022735584299184,
    4.027305251308679e-16,
    2.8039692287009066,
    2.6534464335897017,
    2.2006007941959873,
    1.394028053764499,
    1.3654449534476716,
    1.0648595473187636,
    1.022735584299184,
    4.027305251308679e-16,
    2.8039692287009066,
    2.6534464335897017,
    2.2006007941959873,
    1.394028053764499,
    1.3654449534476716,
    1.0648595473187636,
    1.022735584299184,
    4.027305251308679e-16,
    2.8039692287009066,
    2.6534464335897017,
    2.2006007941959873,
    1.394028053764499,
    1.3654449534476716,
    1.0648595473187636,
    1.022735584299184,
    4.027305251308679e-16,
    2.8039692287009066,
    2.6534464335897017,
    2.2006007941959873,
    1.394028053764499,
    1.3654449534476716,
    1.0648595473187636,
    1.022735584299184,
    4.027305251308679e-16,
    2.8039692287009066,
    2.6534464335897017,
    2.2006007941959873,
    1.394028053764499,
    1.3654449534476716,
    1.0648595473187636,
    1.022735584299184,
    4.027305251308679e-16
  ],
  "singular_values_D": [
    2.8039692287009066,
    2.6534464335897017,
    2.2006007941959873,
    1.394028053764499,
    1.3654449534476716,
    1.0648595473187636,
    1.022735584299184,
    4.027305251308679e-16
  ],
  "singular_values_D_anchor": [
    4.512133005247277,
    2.7823223003750672,
    2.248675655177089,
    2.0840075015351665,
    1.3893502600041963,
    1.2330437063736144,
    1.0242157801711145,
    3.107198359634584e-16
  ],
  "root_tree_count_cv": 0.0,
  "root_tree_count_gini": 0.0,
  "edge_participation": [
    0.4,
    0.5333333333333333,
    0.8,
    0.4666666666666667,
    0.8,
    0.3333333333333333,
    0.4,
    0.26666666666666666
  ],
  "edge_participation_mean": 0.5,
  "edge_participation_var": 0.03555555555555556,
  "edge_participation_gini": 0.2041666666666666,
  "bottleneck_edge_fraction_095": 0.0,
  "mean_shortest_path": 1.75,
  "comparison_branch_d_rel_values": [
    14,
    14,
    14
  ],
  "comparison_branch_d_rel_min": 14,
  "comparison_branch_d_rel_mean": 14.0,
  "comparison_branch_d_rel_max": 14,
  "comparison_branch_d_rel_gini": 0.0,
  "comparison_branch_common_d_rel_values": [
    14,
    14,
    14
  ],
  "comparison_branch_common_d_rel_min": 14,
  "comparison_branch_common_d_rel_mean": 14.0,
  "comparison_branch_common_d_rel_max": 14,
  "comparison_branch_common_d_rel_gini": 0.0,
  "comparison_branch_input_count_values": [
    16,
    16,
    16
  ],
  "comparison_branch_input_count_min": 16,
  "comparison_branch_input_count_mean": 16.0,
  "comparison_branch_input_count_max": 16,
  "comparison_branch_input_count_gini": 0.0,
  "comparison_branch_input_overlap_values": [
    16,
    16,
    16
  ],
  "comparison_branch_input_overlap_min": 16,
  "comparison_branch_input_overlap_mean": 16.0,
  "comparison_branch_input_overlap_max": 16,
  "comparison_branch_input_overlap_gini": 0.0,
  "in_degree": [
    2,
    2,
    1,
    2,
    1
  ],
  "out_degree": [
    2,
    2,
    1,
    2,
    1
  ],
  "in_degree_cv": 0.30618621784789724,
  "out_degree_cv": 0.30618621784789724,
  "topology_name": "cycle_chords_n5_m8_seed35",
  "physical_topology_name": "cycle_chords_n5_m8_seed35",
  "input_mask_name": "full",
  "input_mask_family": "",
  "input_mask_seed": 3,
  "input_coupled_parameter_count": 64,
  "input_coupled_edge_count": 8,
  "input_coupled_coord_count": 8,
  "input_parameter_density": 1.0,
  "input_edge_density": 1.0,
  "input_coord_density": 1.0,
  "input_edge_load_gini": 0.0,
  "input_coord_load_gini": 0.0,
  "input_edge_load_min": 8,
  "input_edge_load_max": 8,
  "input_coord_load_min": 8,
  "input_coord_load_max": 8,
  "raw_physical_parameter_count": 64,
  "n_req": 48,
  "d_rel_minus_n_req": 8
}