{
  "cluster_bootstrap_run_level": {
    "input_count": {
      "baseline": "raw_count",
      "baseline_r2_mean": -5.10702591327572e-18,
      "candidate": "input_count",
      "candidate_r2_mean": -5.10702591327572e-18,
      "delta_ci95": [
        0.0,
        0.0
      ],
      "delta_mean": 0.0,
      "delta_median": 0.0,
      "n_bootstrap_effective": 1000,
      "prob_delta_positive": 0.0
    },
    "input_count_plus_branch_drel": {
      "baseline": "raw_count",
      "baseline_r2_mean": -7.66053886991358e-18,
      "candidate": "input_count_plus_branch_drel",
      "candidate_r2_mean": 0.10954129256595524,
      "delta_ci95": [
        0.015459722866263407,
        0.2413689573581764
      ],
      "delta_mean": 0.10954129256595527,
      "delta_median": 0.10522117576177825,
      "n_bootstrap_effective": 1000,
      "prob_delta_positive": 1.0
    },
    "input_count_plus_drel": {
      "baseline": "raw_count",
      "baseline_r2_mean": -1.6653345369377347e-17,
      "candidate": "input_count_plus_drel",
      "candidate_r2_mean": 0.04567110435832609,
      "delta_ci95": [
        0.0,
        0.15326060279680928
      ],
      "delta_mean": 0.0456711043583261,
      "delta_median": 0.044005138525423926,
      "n_bootstrap_effective": 1000,
      "prob_delta_positive": 0.637
    },
    "masked_tree_geometry": {
      "baseline": "raw_count",
      "baseline_r2_mean": -5.773159728050814e-18,
      "candidate": "masked_tree_geometry",
      "candidate_r2_mean": 0.12568474006251582,
      "delta_ci95": [
        0.023859296713287112,
        0.2632213080341883
      ],
      "delta_mean": 0.12568474006251582,
      "delta_median": 0.1198798826103657,
      "n_bootstrap_effective": 1000,
      "prob_delta_positive": 1.0
    },
    "raw_plus_drel": {
      "baseline": "raw_count",
      "baseline_r2_mean": -9.769962616701377e-18,
      "candidate": "raw_plus_drel",
      "candidate_r2_mean": 0.04516775029048105,
      "delta_ci95": [
        0.0,
        0.14427866955697
      ],
      "delta_mean": 0.045167750290481055,
      "delta_median": 0.042474917952611546,
      "n_bootstrap_effective": 1000,
      "prob_delta_positive": 0.647
    },
    "tree_geometry": {
      "baseline": "raw_count",
      "baseline_r2_mean": -1.454392162258955e-17,
      "candidate": "tree_geometry",
      "candidate_r2_mean": 0.045619635185676244,
      "delta_ci95": [
        -2.220446049250313e-16,
        0.14241207809038675
      ],
      "delta_mean": 0.04561963518567626,
      "delta_median": 0.04455753088297287,
      "n_bootstrap_effective": 1000,
      "prob_delta_positive": 0.709
    }
  },
  "cluster_col": "topology_name",
  "family_col": "physical_topology_name",
  "group_level": {
    "target_max": {
      "input_count": {
        "coefficients": [
          86.56250000000004,
          0.0
        ],
        "leave_one_out_r2": -0.13777777777777733,
        "n": 16,
        "n_groups_or_rows": 16,
        "predictors": [
          "input_coupled_parameter_count"
        ],
        "r2": 1.1102230246251565e-16,
        "rmse": 5.094712332408966
      },
      "input_count_plus_branch_drel": {
        "coefficients": [
          86.56250000000004,
          -8.326672684688674e-14,
          -5.292913289925256,
          4.83634335208473,
          21.954264414198033,
          -15.706988141037066,
          -41.698789120960285
        ],
        "leave_one_out_r2": -29.918015361878926,
        "n": 16,
        "n_groups_or_rows": 16,
        "predictors": [
          "input_coupled_parameter_count",
          "d_rel",
          "comparison_branch_common_d_rel_min",
          "comparison_branch_common_d_rel_gini",
          "comparison_branch_d_rel_min",
          "comparison_branch_d_rel_gini"
        ],
        "r2": 0.5827632718261038,
        "rmse": 3.2908715612167114
      },
      "input_count_plus_drel": {
        "coefficients": [
          86.56250000000003,
          0.0,
          2.469026883207227
        ],
        "leave_one_out_r2": -14.154860094761194,
        "n": 16,
        "n_groups_or_rows": 16,
        "predictors": [
          "input_coupled_parameter_count",
          "d_rel"
        ],
        "r2": 0.23486175572932655,
        "rmse": 4.456455991031439
      },
      "masked_tree_geometry": {
        "coefficients": [
          86.56250000000004,
          2.4158453015843406e-13,
          7.0941335223602975,
          -34.50908008059715,
          87.74724492713807,
          59.99976154929924,
          -73.92828526774234,
          -2.2368513909476113,
          0.6505269479695348,
          41.053482775367854,
          45.82998240743615
        ],
        "leave_one_out_r2": -9.709759257690823,
        "n": 16,
        "n_groups_or_rows": 16,
        "predictors": [
          "input_coupled_parameter_count",
          "d_rel",
          "comparison_branch_common_d_rel_min",
          "comparison_branch_common_d_rel_gini",
          "comparison_branch_d_rel_min",
          "comparison_branch_d_rel_gini",
          "effective_rank_D_masked",
          "condition_number_D_masked",
          "input_edge_load_gini",
          "input_coord_load_gini"
        ],
        "r2": 0.8507123565366952,
        "rmse": 1.9684826820295158
      },
      "raw_count": {
        "coefficients": [
          86.56250000000004,
          0.0
        ],
        "leave_one_out_r2": -0.13777777777777733,
        "n": 16,
        "n_groups_or_rows": 16,
        "predictors": [
          "raw_physical_parameter_count"
        ],
        "r2": 1.1102230246251565e-16,
        "rmse": 5.094712332408966
      },
      "raw_plus_drel": {
        "coefficients": [
          86.56250000000003,
          0.0,
          2.469026883207227
        ],
        "leave_one_out_r2": -14.154860094761194,
        "n": 16,
        "n_groups_or_rows": 16,
        "predictors": [
          "raw_physical_parameter_count",
          "d_rel"
        ],
        "r2": 0.23486175572932655,
        "rmse": 4.456455991031439
      },
      "tree_geometry": {
        "coefficients": [
          86.56250000000003,
          0.0,
          2.469026883207227,
          0.0,
          0.0,
          0.0,
          0.0
        ],
        "leave_one_out_r2": -14.154860094761194,
        "n": 16,
        "n_groups_or_rows": 16,
        "predictors": [
          "raw_physical_parameter_count",
          "d_rel",
          "effective_rank_D",
          "root_tree_count_gini",
          "edge_participation_gini",
          "bottleneck_edge_fraction_095"
        ],
        "r2": 0.23486175572932655,
        "rmse": 4.456455991031439
      }
    },
    "target_mean": {
      "input_count": {
        "coefficients": [
          76.37750000000004,
          0.0
        ],
        "leave_one_out_r2": -0.1377777777777789,
        "n": 16,
        "n_groups_or_rows": 16,
        "predictors": [
          "input_coupled_parameter_count"
        ],
        "r2": 0.0,
        "rmse": 4.062190757460806
      },
      "input_count_plus_branch_drel": {
        "coefficients": [
          76.37750000000004,
          -4.707345624410664e-14,
          3.5441199182320053,
          4.957870155697665,
          22.968062734915424,
          -7.867937530247583,
          -25.88606892227074
        ],
        "leave_one_out_r2": -14.532734962520893,
        "n": 16,
        "n_groups_or_rows": 16,
        "predictors": [
          "input_coupled_parameter_count",
          "d_rel",
          "comparison_branch_common_d_rel_min",
          "comparison_branch_common_d_rel_gini",
          "comparison_branch_d_rel_min",
          "comparison_branch_d_rel_gini"
        ],
        "r2": 0.6074568650487376,
        "rmse": 2.5450950539597077
      },
      "input_count_plus_drel": {
        "coefficients": [
          76.37750000000001,
          0.0,
          2.1320773320871846
        ],
        "leave_one_out_r2": -17.407262521972978,
        "n": 16,
        "n_groups_or_rows": 16,