{
  "target": "test_novel_classes_mean",
  "n_rows_total": 12,
  "models": {
    "raw_count": {
      "n": 12,
      "r2": 0.0,
      "coefficients": [
        85.58333333333337,
        0.0
      ],
      "rmse": 5.881189411070593,
      "predictors": [
        "raw_physical_parameter_count"
      ],
      "leave_one_out_r2": -0.19008264462809876,
      "n_topology_families": 12
    },
    "raw_plus_drel": {
      "n": 12,
      "r2": 0.0,
      "coefficients": [
        85.58333333333337,
        0.0,
        0.0
      ],
      "rmse": 5.881189411070593,
      "predictors": [
        "raw_physical_parameter_count",
        "d_rel"
      ],
      "leave_one_out_r2": -0.19008264462809876,
      "n_topology_families": 12
    },
    "input_count": {
      "n": 12,
      "r2": 0.0,
      "coefficients": [
        85.58333333333337,
        0.0
      ],
      "rmse": 5.881189411070593,
      "predictors": [
        "input_coupled_parameter_count"
      ],
      "leave_one_out_r2": -0.19008264462809876,
      "n_topology_families": 12
    },
    "input_count_plus_drel": {
      "n": 12,
      "r2": 0.0,
      "coefficients": [
        85.58333333333337,
        0.0,
        0.0
      ],
      "rmse": 5.881189411070593,
      "predictors": [
        "input_coupled_parameter_count",
        "d_rel"
      ],
      "leave_one_out_r2": -0.19008264462809876,
      "n_topology_families": 12
    },
    "input_count_plus_branch_drel": {
      "n": 12,
      "r2": 0.0,
      "coefficients": [
        85.58333333333337,
        0.0,
        0.0,
        0.0,
        0.0,
        0.0,
        0.0
      ],
      "rmse": 5.881189411070593,
      "predictors": [
        "input_coupled_parameter_count",
        "d_rel",
        "comparison_branch_common_d_rel_min",
        "comparison_branch_common_d_rel_gini",
        "comparison_branch_d_rel_min",
        "comparison_branch_d_rel_gini"
      ],
      "leave_one_out_r2": -0.19008264462809876,
      "n_topology_families": 12
    },
    "tree_geometry": {
      "n": 12,
      "r2": 0.7332203455242388,
      "coefficients": [
        85.58333333333336,
        -6.661338147750939e-16,
        3.552713678800501e-15,
        2.5374954732184087,
        -1.8735193021237069,
        -2.5749614210159923,
        0.0
      ],
      "rmse": 3.0376764865026415,
      "predictors": [
        "raw_physical_parameter_count",
        "d_rel",
        "effective_rank_D",
        "root_tree_count_gini",
        "edge_participation_gini",
        "bottleneck_edge_fraction_095"
      ],
      "leave_one_out_r2": 0.3238604298943035,
      "n_topology_families": 12
    },
    "trainability_geometry": {
      "n": 12,
      "r2": 0.9016423624803673,
      "coefficients": [
        85.58333333333337,
        -4.440892098500626e-15,
        8.881784197001252e-16,
        2.2674272241019917,
        -1.1868041913652327,
        0.9768874211940759,
        -3.928669718916783,
        -2.9700079387791827
      ],
      "rmse": 1.8444598712689366,
      "predictors": [
        "raw_physical_parameter_count",
        "d_rel",
        "effective_rank_D",
        "condition_number_D",
        "root_tree_count_gini",
        "edge_participation_var",
        "mean_shortest_path"
      ],
      "leave_one_out_r2": 0.5797088839880581,
      "n_topology_families": 12
    },
    "masked_tree_geometry": {
      "n": 12,
      "r2": 0.6351443901540343,
      "coefficients": [
        85.58333333333337,
        8.881784197001252e-16,
        0.0,
        0.0,
        0.0,
        0.0,
        0.0,
        3.925497210378049,
        -1.2459345999524511,
        0.0,
        0.0
      ],
      "rmse": 3.5524312409454137,
      "predictors": [
        "input_coupled_parameter_count",
        "d_rel",
        "comparison_branch_common_d_rel_min",
        "comparison_branch_common_d_rel_gini",
        "comparison_branch_d_rel_min",
        "comparison_branch_d_rel_gini",
        "effective_rank_D_masked",
        "condition_number_D_masked",
        "input_edge_load_gini",
        "input_coord_load_gini"
      ],
      "leave_one_out_r2": 0.44659016077696834,
      "n_topology_families": 12
    },
    "branch_margin_capacity": {
      "n": 12,
      "r2": 0.0,
      "coefficients": [
        85.58333333333337,
        0.0,
        0.0,
        0.0,
        0.0,
        0.0
      ],
      "rmse": 5.881189411070593,
      "predictors": [
        "input_coupled_parameter_count",
        "capacity_support_fraction",
        "capacity_support_min",
        "capacity_linear_test_accuracy",
        "capacity_linear_test_margin_p10"
      ],
      "leave_one_out_r2": -0.19008264462809876,
      "n_topology_families": 12
    },
    "branch_margin_capacity_plus_drel": {
      "n": 12,
      "r2": 0.0,
      "coefficients": [
        85.58333333333337,
        0.0,
        0.0,
        0.0,
        0.0,
        0.0,
        0.0,
        0.0,
        0.0
      ],
      "rmse": 5.881189411070593,
      "predictors": [
        "input_coupled_parameter_count",
        "d_rel",
        "comparison_branch_common_d_rel_min",
        "comparison_branch_common_d_rel_gini",
        "capacity_support_fraction",
        "capacity_support_min",
        "capacity_linear_test_accuracy",
        "capacity_linear_test_margin_p10"
      ],
      "leave_one_out_r2": -0.19008264462809876,
      "n_topology_families": 12
    },
    "branch_rank_weighted_capacity": {
      "n": 12,
      "r2": 0.0,
      "coefficients": [
        42.79166666666666,
        0.0,
        0.0,
        0.0,
        -42.791666666666686,
        0.0,
        0.0
      ],
      "rmse": 5.881189411070593,
      "predictors": [
        "input_coupled_parameter_count",
        "capacity_rank_mass_min",
        "capacity_rank_mass_gini",
        "capacity_rank_weight_effective_entries",
        "capacity_rank_weighted_linear_test_accuracy",
        "capacity_rank_weighted_linear_test_margin_p10"
      ],
      "leave_one_out_r2": -0.1900826446280981,
      "n_topology_families": 12
    },
    "branch_rank_weighted_capacity_plus_drel": {
      "n": 12,
      "r2": 0.0,
      "coefficients": [
        42.79166666666666,
        0.0,
        0.0,
        0.0,
        0.0,
        0.0,
        0.0,
        -42.791666666666686,
        0.0,
        0.0
      ],
      "rmse": 5.881189411070593,
      "predictors": [
        "input_coupled_parameter_count",
        "d_rel",
        "comparison_branch_common_d_rel_min",
        "comparison_branch_common_d_rel_gini",
        "capacity_rank_mass_min",
        "capacity_rank_mass_gini",
        "capacity_rank_weight_effective_entries",
        "capacity_rank_weighted_linear_test_accuracy",
        "capacity_rank_weighted_linear_test_margin_p10"
      ],
      "leave_one_out_r2": -0.1900826446280981,
      "n_topology_families": 12
    },
    "tropical_tree_capacity": {
      "n": 12,
      "r2": 0.4938901477132883,
      "coefficients": [
        85.58333333333336,
        -2.6367796834847468e-15,
        1.7580322386366374,
        0.9941511715733129,
        -3.0523094993894517,
        2.9015283231866706,
        0.16384974452668305
      ],
      "rmse": 4.183960371632466,
      "predictors": [
        "input_coupled_parameter_count",
        "capacity_tropical_linear_test_accuracy_mean",
        "capacity_tropical_linear_test_accuracy_max",
        "capacity_tropical_linear_test_margin_p10_mean",
        "capacity_tropical_root_feature_effective_rank_mean",
        "capacity_tropical_root_feature_variance_mean"
      ],
      "leave_one_out_r2": -0.9567618122413557,
      "n_topology_families": 12
    },
    "tropical_tree_capacity_plus_drel": {
      "n": 12,
      "r2": 0.4938901477132882,