{
  "cluster_bootstrap_run_level": {
    "input_count": {
      "baseline": "raw_count",
      "baseline_r2_mean": -1.9984014443252816e-18,
      "candidate": "input_count",
      "candidate_r2_mean": -1.9984014443252816e-18,
      "delta_ci95": [
        0.0,
        0.0
      ],
      "delta_mean": 0.0,
      "delta_median": 0.0,
      "n_bootstrap_effective": 1000,
      "prob_delta_positive": 0.0
    },
    "input_count_plus_branch_drel": {
      "baseline": "raw_count",
      "baseline_r2_mean": -3.885780586188048e-18,
      "candidate": "input_count_plus_branch_drel",
      "candidate_r2_mean": 0.1954369076809582,
      "delta_ci95": [
        0.06742242578928608,
        0.3483414797759778
      ],
      "delta_mean": 0.1954369076809582,
      "delta_median": 0.19265844321928838,
      "n_bootstrap_effective": 1000,
      "prob_delta_positive": 1.0
    },
    "input_count_plus_drel": {
      "baseline": "raw_count",
      "baseline_r2_mean": -1.1102230246251566e-18,
      "candidate": "input_count_plus_drel",
      "candidate_r2_mean": 0.07988217259592412,
      "delta_ci95": [
        0.0,
        0.22808841266642757
      ],
      "delta_mean": 0.07988217259592412,
      "delta_median": 0.08420180049544951,
      "n_bootstrap_effective": 1000,
      "prob_delta_positive": 0.64
    },
    "masked_tree_geometry": {
      "baseline": "raw_count",
      "baseline_r2_mean": -8.326672684688674e-18,
      "candidate": "masked_tree_geometry",
      "candidate_r2_mean": 0.219761455982567,
      "delta_ci95": [
        0.07613533408590817,
        0.3593883185815377
      ],
      "delta_mean": 0.219761455982567,
      "delta_median": 0.21690820332371147,
      "n_bootstrap_effective": 1000,
      "prob_delta_positive": 1.0
    },
    "raw_plus_drel": {
      "baseline": "raw_count",
      "baseline_r2_mean": -6.106226635438361e-18,
      "candidate": "raw_plus_drel",
      "candidate_r2_mean": 0.08158817482203351,
      "delta_ci95": [
        0.0,
        0.23026546575706983
      ],
      "delta_mean": 0.08158817482203351,
      "delta_median": 0.08422266813738705,
      "n_bootstrap_effective": 1000,
      "prob_delta_positive": 0.662
    },
    "tree_geometry": {
      "baseline": "raw_count",
      "baseline_r2_mean": -3.996802888650563e-18,
      "candidate": "tree_geometry",
      "candidate_r2_mean": 0.07817775551023341,
      "delta_ci95": [
        -2.220446049250313e-16,
        0.22953650450480262
      ],
      "delta_mean": 0.07817775551023343,
      "delta_median": 0.08175175974316401,
      "n_bootstrap_effective": 1000,
      "prob_delta_positive": 0.707
    }
  },
  "cluster_col": "topology_name",
  "family_col": "physical_topology_name",
  "group_level": {
    "target_max": {
      "input_count": {
        "coefficients": [
          81.42500000000005,
          0.0
        ],
        "leave_one_out_r2": -0.13777777777777755,
        "n": 16,
        "n_groups_or_rows": 16,
        "predictors": [
          "input_coupled_parameter_count"
        ],
        "r2": 0.0,
        "rmse": 5.999531231688023
      },
      "input_count_plus_branch_drel": {
        "coefficients": [
          81.42500000000005,
          3.552713678800501e-14,
          57.72511870831199,
          2.8124144504497814,
          3.8678547649759216,
          18.46205577938391,
          70.16853901505739
        ],
        "leave_one_out_r2": -36.41862590068576,
        "n": 16,
        "n_groups_or_rows": 16,
        "predictors": [
          "input_coupled_parameter_count",
          "d_rel",
          "comparison_branch_common_d_rel_min",
          "comparison_branch_common_d_rel_gini",
          "comparison_branch_d_rel_min",
          "comparison_branch_d_rel_gini"
        ],
        "r2": 0.6105561590549282,
        "rmse": 3.7440336072766853
      },
      "input_count_plus_drel": {
        "coefficients": [
          81.42500000000004,
          0.0,
          3.0015620933107487
        ],
        "leave_one_out_r2": -8.3203501539179,
        "n": 16,
        "n_groups_or_rows": 16,
        "predictors": [
          "input_coupled_parameter_count",
          "d_rel"
        ],
        "r2": 0.2502995259675991,
        "rmse": 5.194708846509109
      },
      "masked_tree_geometry": {
        "coefficients": [
          81.42500000000005,
          9.237055564881302e-14,
          9.883135466169223,
          114.22430140454445,
          31.085425308797774,
          -36.407419531020395,
          -40.304954946066175,
          -1.0816985730915016,
          -1.5735126663668126,
          -81.81059646886168,
          19.403214558375815
        ],
        "leave_one_out_r2": -3.2753412751344824,
        "n": 16,
        "n_groups_or_rows": 16,
        "predictors": [
          "input_coupled_parameter_count",
          "d_rel",
          "comparison_branch_common_d_rel_min",
          "comparison_branch_common_d_rel_gini",
          "comparison_branch_d_rel_min",
          "comparison_branch_d_rel_gini",
          "effective_rank_D_masked",
          "condition_number_D_masked",
          "input_edge_load_gini",
          "input_coord_load_gini"
        ],
        "r2": 0.8750366121915426,
        "rmse": 2.1208439457084163
      },
      "raw_count": {
        "coefficients": [
          81.42500000000005,
          0.0
        ],
        "leave_one_out_r2": -0.13777777777777755,
        "n": 16,
        "n_groups_or_rows": 16,
        "predictors": [
          "raw_physical_parameter_count"
        ],
        "r2": 0.0,
        "rmse": 5.999531231688023
      },
      "raw_plus_drel": {
        "coefficients": [
          81.42500000000004,
          0.0,
          3.0015620933107487
        ],
        "leave_one_out_r2": -8.3203501539179,
        "n": 16,
        "n_groups_or_rows": 16,
        "predictors": [
          "raw_physical_parameter_count",
          "d_rel"
        ],
        "r2": 0.2502995259675991,
        "rmse": 5.194708846509109
      },
      "tree_geometry": {
        "coefficients": [
          81.42500000000004,
          0.0,
          3.0015620933107487,
          0.0,
          0.0,
          0.0,
          0.0
        ],
        "leave_one_out_r2": -8.3203501539179,
        "n": 16,
        "n_groups_or_rows": 16,
        "predictors": [
          "raw_physical_parameter_count",
          "d_rel",
          "effective_rank_D",
          "root_tree_count_gini",
          "edge_participation_gini",
          "bottleneck_edge_fraction_095"
        ],
        "r2": 0.2502995259675991,
        "rmse": 5.194708846509109
      }
    },
    "target_mean": {
      "input_count": {
        "coefficients": [
          69.87250000000003,
          0.0
        ],
        "leave_one_out_r2": -0.137777777777778,
        "n": 16,
        "n_groups_or_rows": 16,
        "predictors": [
          "input_coupled_parameter_count"
        ],
        "r2": 1.1102230246251565e-16,
        "rmse": 5.336519816322243
      },
      "input_count_plus_branch_drel": {
        "coefficients": [
          69.87250000000003,
          1.7763568394002505e-14,
          43.778082615029376,
          1.959711798770245,
          -0.7183204793973996,
          12.250028960723828,
          54.134581542713946
        ],
        "leave_one_out_r2": -23.305849871359385,
        "n": 16,
        "n_groups_or_rows": 16,
        "predictors": [
          "input_coupled_parameter_count",
          "d_rel",
          "comparison_branch_common_d_rel_min",
          "comparison_branch_common_d_rel_gini",
          "comparison_branch_d_rel_min",
          "comparison_branch_d_rel_gini"
        ],
        "r2": 0.658625248360895,
        "rmse": 3.117983589152526
      },
      "input_count_plus_drel": {
        "coefficients": [
          69.87250000000002,
          0.0,
          3.1067781408827213
        ],
        "leave_one_out_r2": -7.100987195385828,
        "n": 16,
        "n_groups_or_rows": 16,