{
  "base_residualized_correlations": {
    "best_seed_novel_icl": {
      "cross_all_supported_effective_rank": 0.43306167606361556,
      "cross_contrast_effective_rank_mean": 0.4330616760636152,
      "decoder_topk_assignment_score": null,
      "gamma_exact_lcvar": 0.2975860585297369,
      "n_trees_total_enum_log": 0.504474557124686,
      "normal_fan_active_tree_count_mean": 0.5757641501195394,
      "normal_fan_branch_tree_nmi_mean": 0.21875336092267111,
      "normal_fan_score": 0.45866106637760834
    },
    "mean_novel_icl": {
      "cross_all_supported_effective_rank": 0.531021571680051,
      "cross_contrast_effective_rank_mean": 0.5310215716800516,
      "decoder_topk_assignment_score": null,
      "gamma_exact_lcvar": 0.21736775661613225,
      "n_trees_total_enum_log": 0.5445534655485572,
      "normal_fan_active_tree_count_mean": 0.4999019867476265,
      "normal_fan_branch_tree_nmi_mean": 0.031655638576215464,
      "normal_fan_score": 0.2808067817478435
    },
    "seed_std_novel_icl": {
      "cross_all_supported_effective_rank": -0.20654714900916524,
      "cross_contrast_effective_rank_mean": -0.20654714900916604,
      "decoder_topk_assignment_score": null,
      "gamma_exact_lcvar": -0.03253490965978046,
      "n_trees_total_enum_log": -0.2594482741000108,
      "normal_fan_active_tree_count_mean": -0.19200953304636584,
      "normal_fan_branch_tree_nmi_mean": -0.08943644074183381,
      "normal_fan_score": -0.11517749293537576
    }
  },
  "correlations": {
    "best_seed_novel_icl": {
      "cross_all_supported_effective_rank": 0.7448934993998633,
      "cross_contrast_effective_rank_mean": 0.7448934993998628,
      "decoder_topk_assignment_score": null,
      "gamma_exact_lcvar": 0.14429803869314392,
      "n_trees_total_enum_log": 0.16081365570619371,
      "normal_fan_active_tree_count_mean": 0.15257180087354114,
      "normal_fan_branch_tree_nmi_mean": 0.15920083308402613,
      "normal_fan_score": 0.18109209122333345
    },
    "mean_novel_icl": {
      "cross_all_supported_effective_rank": 0.7436729597375138,
      "cross_contrast_effective_rank_mean": 0.7436729597375137,
      "decoder_topk_assignment_score": null,
      "gamma_exact_lcvar": 0.1297987498569525,
      "n_trees_total_enum_log": 0.47213276029578344,
      "normal_fan_active_tree_count_mean": 0.43244743782801054,
      "normal_fan_branch_tree_nmi_mean": 0.20558494958736934,
      "normal_fan_score": 0.3762896416661982
    },
    "seed_std_novel_icl": {
      "cross_all_supported_effective_rank": -0.2493258097630553,
      "cross_contrast_effective_rank_mean": -0.2493258097630558,
      "decoder_topk_assignment_score": null,
      "gamma_exact_lcvar": -0.01420642792065682,
      "n_trees_total_enum_log": -0.3122017048019999,
      "normal_fan_active_tree_count_mean": -0.277644266046457,
      "normal_fan_branch_tree_nmi_mean": -0.18359690002028284,
      "normal_fan_score": -0.2374098890869518
    }
  },
  "held_out_base": {
    "best_seed_novel_icl": {
      "n": 37,
      "per_base": [
        {
          "base_id": "base00_degree_balanced_seed9",
          "mean_pred": 97.01823431389045,
          "mean_true": 96.08,
          "n": 5
        },
        {
          "base_id": "base01_degree_balanced_seed60",
          "mean_pred": 96.21932301576014,
          "mean_true": 97.25714285714287,
          "n": 7
        },
        {
          "base_id": "base02_random_sc_seed2",
          "mean_pred": 94.70391626326138,
          "mean_true": 91.9,
          "n": 2
        },
        {
          "base_id": "base03_random_sc_seed92",
          "mean_pred": 95.19039486337307,
          "mean_true": 94.94999999999999,
          "n": 4
        },
        {
          "base_id": "base04_cycle_chords_seed41",
          "mean_pred": 96.61970920689048,
          "mean_true": 87.60000000000001,
          "n": 4
        },
        {
          "base_id": "base05_redundant_paths_seed1",
          "mean_pred": 96.81849035453834,
          "mean_true": 97.2,
          "n": 9
        },
        {
          "base_id": "base06_two_module_seed2",
          "mean_pred": 93.99458296797258,
          "mean_true": 96.23333333333333,
          "n": 6
        }
      ],
      "r2": -0.13622599215194953
    },
    "mean_novel_icl": {
      "n": 37,
      "per_base": [
        {
          "base_id": "base00_degree_balanced_seed9",
          "mean_pred": 92.80497170558132,
          "mean_true": 87.42399999999999,
          "n": 5
        },
        {
          "base_id": "base01_degree_balanced_seed60",
          "mean_pred": 87.94867979348452,
          "mean_true": 93.42857142857143,
          "n": 7
        },
        {
          "base_id": "base02_random_sc_seed2",
          "mean_pred": 84.26572080879544,
          "mean_true": 85.32,
          "n": 2
        },
        {
          "base_id": "base03_random_sc_seed92",
          "mean_pred": 85.74614154469306,
          "mean_true": 86.44,
          "n": 4
        },
        {
          "base_id": "base04_cycle_chords_seed41",
          "mean_pred": 89.02787019004043,
          "mean_true": 80.46000000000001,
          "n": 4
        },
        {
          "base_id": "base05_redundant_paths_seed1",
          "mean_pred": 90.27419296307079,
          "mean_true": 93.13333333333334,
          "n": 9
        },
        {
          "base_id": "base06_two_module_seed2",
          "mean_pred": 82.15716725208362,
          "mean_true": 87.47333333333334,
          "n": 6
        }
      ],
      "r2": -0.1571520264863815
    },
    "seed_std_novel_icl": {
      "n": 37,
      "per_base": [
        {
          "base_id": "base00_degree_balanced_seed9",
          "mean_pred": 5.8925328963983095,
          "mean_true": 8.830660321139664,
          "n": 5
        },
        {
          "base_id": "base01_degree_balanced_seed60",
          "mean_pred": 7.989974300151742,
          "mean_true": 5.013496716240047,
          "n": 7
        },
        {
          "base_id": "base02_random_sc_seed2",
          "mean_pred": 8.915586981598214,
          "mean_true": 6.631056363472469,
          "n": 2
        },
        {
          "base_id": "base03_random_sc_seed92",
          "mean_pred": 9.185706201553158,
          "mean_true": 8.527879507536682,
          "n": 4
        },
        {
          "base_id": "base04_cycle_chords_seed41",
          "mean_pred": 8.33747591097098,
          "mean_true": 6.763267502105974,
          "n": 4
        },
        {
          "base_id": "base05_redundant_paths_seed1",
          "mean_pred": 6.803367760321321,
          "mean_true": 4.316020169189252,
          "n": 9
        },
        {
          "base_id": "base06_two_module_seed2",
          "mean_pred": 11.27398423870981,
          "mean_true": 6.62765683353889,
          "n": 6
        }
      ],
      "r2": -0.41016137011616793
    }
  },
  "library_summary": {
    "arm_quality": {
      "arm_A_fixed_tree_count_variable_normal_fan": {
        "mean_abs_normal_fan_delta": 4.352558097990983,
        "mean_abs_tree_delta": 0.9090909090909091,
        "n_pairs": 11
      },
      "arm_B_variable_tree_count_matched_normal_fan": {
        "mean_abs_normal_fan_delta": 0.06029979813358263,
        "mean_abs_tree_delta": 14.666666666666666,
        "n_pairs": 9
      }
    },
    "base_summary": {
      "base00_degree_balanced_seed9": {
        "candidate_count": 80,
        "in_degree_sequence": "3 2 2 3 2",
        "normal_fan_score_range": [
          -4.72748171899873,
          4.685491951404499
        ],
        "out_degree_sequence": "3 2 2 3 2",
        "selected_count": 5,
        "tree_count_range": [
          55.0,
          85.0
        ]
      },
      "base01_degree_balanced_seed60": {
        "candidate_count": 80,
        "in_degree_sequence": "3 3 2 2 2",
        "normal_fan_score_range": [
          -2.0905633794853338,
          6.044497179528069
        ],
        "out_degree_sequence": "2 2 3 3 2",
        "selected_count": 7,