{
  "name": "cycle_chords_n5_m12_seed3",
  "family": "cycle_chords",
  "seed": 3,
  "n_nodes": 5,
  "edges": [
    [
      0,
      1
    ],
    [
      1,
      2
    ],
    [
      2,
      3
    ],
    [
      3,
      4
    ],
    [
      4,
      0
    ],
    [
      4,
      1
    ],
    [
      3,
      1
    ],
    [
      2,
      0
    ],
    [
      3,
      2
    ],
    [
      4,
      3
    ],
    [
      0,
      2
    ],
    [
      1,
      3
    ]
  ],
  "metrics": {
    "n_nodes": 5,
    "n_edges": 12,
    "p": 8,
    "strongly_connected": true,
    "edges": [
      [
        0,
        1
      ],
      [
        1,
        2
      ],
      [
        2,
        3
      ],
      [
        3,
        4
      ],
      [
        4,
        0
      ],
      [
        4,
        1
      ],
      [
        3,
        1
      ],
      [
        2,
        0
      ],
      [
        3,
        2
      ],
      [
        4,
        3
      ],
      [
        0,
        2
      ],
      [
        1,
        3
      ]
    ],
    "tree_counts_enum": [
      14,
      17,
      23,
      15,
      5
    ],
    "tree_counts_det": [
      14,
      17,
      23,
      15,
      5
    ],
    "tree_counts_match_det": true,
    "tree_enumeration_truncated": false,
    "max_trees_per_root": null,
    "n_trees_total_enum": 74,
    "rank_M": 12,
    "rank_D": 11,
    "rank_D_anchor": 11,
    "d_rel": 88,
    "effective_rank_D": 8.691719972680666,
    "condition_number_D": 4.781043330282483,
    "effective_rank_D_masked": 69.53375978144531,
    "condition_number_D_masked": 4.781043330282483,
    "singular_values_D_masked": [
      5.969622798977116,
      5.5267452472059295,
      5.258841070129579,
      5.123302334736394,
      4.775098345485289,
      4.04193830213505,
      3.8128127880173146,
      2.7894450640944464,
      2.4912160588758003,
      1.87171710136122,
      1.2486025301561965,
      8.293704176925507e-16,
      5.969622798977116,
      5.5267452472059295,
      5.258841070129579,
      5.123302334736394,
      4.775098345485289,
      4.04193830213505,
      3.8128127880173146,
      2.7894450640944464,
      2.4912160588758003,
      1.87171710136122,
      1.2486025301561965,
      8.293704176925507e-16,
      5.969622798977116,
      5.5267452472059295,
      5.258841070129579,
      5.123302334736394,
      4.775098345485289,
      4.04193830213505,
      3.8128127880173146,
      2.7894450640944464,
      2.4912160588758003,
      1.87171710136122,
      1.2486025301561965,
      8.293704176925507e-16,
      5.969622798977116,
      5.5267452472059295,
      5.258841070129579,
      5.123302334736394,
      4.775098345485289,
      4.04193830213505,
      3.8128127880173146,
      2.7894450640944464,
      2.4912160588758003,
      1.87171710136122,
      1.2486025301561965,
      8.293704176925507e-16,
      5.969622798977116,
      5.5267452472059295,
      5.258841070129579,
      5.123302334736394,
      4.775098345485289,
      4.04193830213505,
      3.8128127880173146,
      2.7894450640944464,
      2.4912160588758003,
      1.87171710136122,
      1.2486025301561965,
      8.293704176925507e-16,
      5.969622798977116,
      5.5267452472059295,
      5.258841070129579,
      5.123302334736394,
      4.775098345485289,
      4.04193830213505,
      3.8128127880173146,
      2.7894450640944464,
      2.4912160588758003,
      1.87171710136122,
      1.2486025301561965,
      8.293704176925507e-16,
      5.969622798977116,
      5.5267452472059295,
      5.258841070129579,
      5.123302334736394,
      4.775098345485289,
      4.04193830213505,
      3.8128127880173146,
      2.7894450640944464,
      2.4912160588758003,
      1.87171710136122,
      1.2486025301561965,
      8.293704176925507e-16,
      5.969622798977116,
      5.5267452472059295,
      5.258841070129579,
      5.123302334736394,
      4.775098345485289,
      4.04193830213505,
      3.8128127880173146,
      2.7894450640944464,
      2.4912160588758003,
      1.87171710136122,
      1.2486025301561965,
      8.293704176925507e-16
    ],
    "singular_values_D": [
      5.969622798977116,
      5.5267452472059295,
      5.258841070129579,
      5.123302334736394,
      4.775098345485289,
      4.04193830213505,
      3.8128127880173146,
      2.7894450640944464,
      2.4912160588758003,
      1.87171710136122,
      1.2486025301561965,
      8.293704176925507e-16
    ],
    "singular_values_D_anchor": [
      14.491111091221738,
      5.722933471120426,
      5.506152701673737,
      5.223271759949591,
      4.780241765360706,
      4.204692253622914,
      3.864969124103758,
      3.0921895384079816,
      2.4970911986914746,
      2.16510451876437,
      1.3048117060009983,
      7.499092815821212e-16
    ],
    "root_tree_count_cv": 0.39259024449551216,
    "root_tree_count_gini": 0.21081081081081088,
    "edge_participation": [
      0.4864864864864865,
      0.44594594594594594,
      0.36486486486486486,
      0.2702702702702703,
      0.36486486486486486,
      0.32432432432432434,
      0.24324324324324326,
      0.32432432432432434,
      0.28378378378378377,
      0.24324324324324326,
      0.32432432432432434,
      0.32432432432432434
    ],
    "edge_participation_mean": 0.3333333333333334,
    "edge_participation_var": 0.005092930768606445,
    "edge_participation_gini": 0.11599099099099108,
    "bottleneck_edge_fraction_095": 0.0,
    "mean_shortest_path": 1.45,
    "comparison_branch_d_rel_values": [
      22,
      22,
      22
    ],
    "comparison_branch_d_rel_min": 22,
    "comparison_branch_d_rel_mean": 22.0,
    "comparison_branch_d_rel_max": 22,
    "comparison_branch_d_rel_gini": 0.0,
    "comparison_branch_common_d_rel_values": [
      22,
      22,
      22
    ],
    "comparison_branch_common_d_rel_min": 22,
    "comparison_branch_common_d_rel_mean": 22.0,
    "comparison_branch_common_d_rel_max": 22,
    "comparison_branch_common_d_rel_gini": 0.0,
    "comparison_branch_input_count_values": [
      24,
      24,
      24
    ],
    "comparison_branch_input_count_min": 24,
    "comparison_branch_input_count_mean": 24.0,
    "comparison_branch_input_count_max": 24,
    "comparison_branch_input_count_gini": 0.0,
    "comparison_branch_input_overlap_values": [
      24,
      24,
      24
    ],
    "comparison_branch_input_overlap_min": 24,
    "comparison_branch_input_overlap_mean": 24.0,
    "comparison_branch_input_overlap_max": 24,
    "comparison_branch_input_overlap_gini": 0.0,
    "in_degree": [
      2,
      3,
      3,
      3,
      1
    ],
    "out_degree": [
      2,
      2,
      2,
      3,
      3
    ],
    "in_degree_cv": 0.33333333333333337,
    "out_degree_cv": 0.2041241452319315
  }
}