{
  "name": "cycle_chords_n5_m12_seed9",
  "family": "cycle_chords",
  "seed": 9,
  "n_nodes": 5,
  "edges": [
    [
      0,
      1
    ],
    [
      1,
      2
    ],
    [
      2,
      3
    ],
    [
      3,
      4
    ],
    [
      4,
      0
    ],
    [
      4,
      2
    ],
    [
      4,
      3
    ],
    [
      0,
      3
    ],
    [
      2,
      4
    ],
    [
      2,
      0
    ],
    [
      1,
      0
    ],
    [
      3,
      2
    ]
  ],
  "metrics": {
    "n_nodes": 5,
    "n_edges": 12,
    "p": 8,
    "strongly_connected": true,
    "edges": [
      [
        0,
        1
      ],
      [
        1,
        2
      ],
      [
        2,
        3
      ],
      [
        3,
        4
      ],
      [
        4,
        0
      ],
      [
        4,
        2
      ],
      [
        4,
        3
      ],
      [
        0,
        3
      ],
      [
        2,
        4
      ],
      [
        2,
        0
      ],
      [
        1,
        0
      ],
      [
        3,
        2
      ]
    ],
    "tree_counts_enum": [
      16,
      8,
      13,
      20,
      11
    ],
    "tree_counts_det": [
      16,
      8,
      13,
      20,
      11
    ],
    "tree_counts_match_det": true,
    "tree_enumeration_truncated": false,
    "max_trees_per_root": null,
    "n_trees_total_enum": 68,
    "rank_M": 12,
    "rank_D": 11,
    "rank_D_anchor": 11,
    "d_rel": 88,
    "effective_rank_D": 8.635215820143312,
    "condition_number_D": 4.206432394120845,
    "effective_rank_D_masked": 69.08172656114651,
    "condition_number_D_masked": 4.206432394120845,
    "singular_values_D_masked": [
      5.921554007248767,
      5.2382279960578355,
      5.127860423850798,
      4.905629819682362,
      3.9417055743381013,
      3.866827419679921,
      3.672206816000673,
      2.574579156007492,
      2.3204793627088347,
      1.828434195584227,
      1.4077378292172429,
      7.472118095229568e-16,
      5.921554007248767,
      5.2382279960578355,
      5.127860423850798,
      4.905629819682362,
      3.9417055743381013,
      3.866827419679921,
      3.672206816000673,
      2.574579156007492,
      2.3204793627088347,
      1.828434195584227,
      1.4077378292172429,
      7.472118095229568e-16,
      5.921554007248767,
      5.2382279960578355,
      5.127860423850798,
      4.905629819682362,
      3.9417055743381013,
      3.866827419679921,
      3.672206816000673,
      2.574579156007492,
      2.3204793627088347,
      1.828434195584227,
      1.4077378292172429,
      7.472118095229568e-16,
      5.921554007248767,
      5.2382279960578355,
      5.127860423850798,
      4.905629819682362,
      3.9417055743381013,
      3.866827419679921,
      3.672206816000673,
      2.574579156007492,
      2.3204793627088347,
      1.828434195584227,
      1.4077378292172429,
      7.472118095229568e-16,
      5.921554007248767,
      5.2382279960578355,
      5.127860423850798,
      4.905629819682362,
      3.9417055743381013,
      3.866827419679921,
      3.672206816000673,
      2.574579156007492,
      2.3204793627088347,
      1.828434195584227,
      1.4077378292172429,
      7.472118095229568e-16,
      5.921554007248767,
      5.2382279960578355,
      5.127860423850798,
      4.905629819682362,
      3.9417055743381013,
      3.866827419679921,
      3.672206816000673,
      2.574579156007492,
      2.3204793627088347,
      1.828434195584227,
      1.4077378292172429,
      7.472118095229568e-16,
      5.921554007248767,
      5.2382279960578355,
      5.127860423850798,
      4.905629819682362,
      3.9417055743381013,
      3.866827419679921,
      3.672206816000673,
      2.574579156007492,
      2.3204793627088347,
      1.828434195584227,
      1.4077378292172429,
      7.472118095229568e-16,
      5.921554007248767,
      5.2382279960578355,
      5.127860423850798,
      4.905629819682362,
      3.9417055743381013,
      3.866827419679921,
      3.672206816000673,
      2.574579156007492,
      2.3204793627088347,
      1.828434195584227,
      1.4077378292172429,
      7.472118095229568e-16
    ],
    "singular_values_D": [
      5.921554007248767,
      5.2382279960578355,
      5.127860423850798,
      4.905629819682362,
      3.9417055743381013,
      3.866827419679921,
      3.672206816000673,
      2.574579156007492,
      2.3204793627088347,
      1.828434195584227,
      1.4077378292172429,
      7.472118095229568e-16
    ],
    "singular_values_D_anchor": [
      13.830123073588323,
      5.729156194319412,
      5.132731763633575,
      4.905670665873537,
      4.294805414156733,
      3.9355849951000184,
      3.6789226847406042,
      2.9945166196562933,
      2.353941721210658,
      1.8284416989998815,
      1.4744150205235176,
      4.990250415480577e-16
    ],
    "root_tree_count_cv": 0.30352599177279843,
    "root_tree_count_gini": 0.1705882352941177,
    "edge_participation": [
      0.29411764705882354,
      0.5294117647058824,
      0.22058823529411764,
      0.35294117647058826,
      0.38235294117647056,
      0.25,
      0.20588235294117646,
      0.47058823529411764,
      0.25,
      0.3382352941176471,
      0.35294117647058826,
      0.35294117647058826
    ],
    "edge_participation_mean": 0.3333333333333333,
    "edge_participation_var": 0.008770665128796618,
    "edge_participation_gini": 0.15502450980392157,
    "bottleneck_edge_fraction_095": 0.0,
    "mean_shortest_path": 1.45,
    "comparison_branch_d_rel_values": [
      22,
      22,
      22
    ],
    "comparison_branch_d_rel_min": 22,
    "comparison_branch_d_rel_mean": 22.0,
    "comparison_branch_d_rel_max": 22,
    "comparison_branch_d_rel_gini": 0.0,
    "comparison_branch_common_d_rel_values": [
      22,
      22,
      22
    ],
    "comparison_branch_common_d_rel_min": 22,
    "comparison_branch_common_d_rel_mean": 22.0,
    "comparison_branch_common_d_rel_max": 22,
    "comparison_branch_common_d_rel_gini": 0.0,
    "comparison_branch_input_count_values": [
      24,
      24,
      24
    ],
    "comparison_branch_input_count_min": 24,
    "comparison_branch_input_count_mean": 24.0,
    "comparison_branch_input_count_max": 24,
    "comparison_branch_input_count_gini": 0.0,
    "comparison_branch_input_overlap_values": [
      24,
      24,
      24
    ],
    "comparison_branch_input_overlap_min": 24,
    "comparison_branch_input_overlap_mean": 24.0,
    "comparison_branch_input_overlap_max": 24,
    "comparison_branch_input_overlap_gini": 0.0,
    "in_degree": [
      3,
      1,
      3,
      3,
      2
    ],
    "out_degree": [
      2,
      2,
      3,
      2,
      3
    ],
    "in_degree_cv": 0.33333333333333337,
    "out_degree_cv": 0.2041241452319315
  }
}