{
  "name": "cycle_chords_n5_m12_seed2",
  "family": "cycle_chords",
  "seed": 2,
  "n_nodes": 5,
  "edges": [
    [
      0,
      1
    ],
    [
      1,
      2
    ],
    [
      2,
      3
    ],
    [
      3,
      4
    ],
    [
      4,
      0
    ],
    [
      3,
      0
    ],
    [
      1,
      0
    ],
    [
      2,
      0
    ],
    [
      4,
      1
    ],
    [
      3,
      1
    ],
    [
      2,
      1
    ],
    [
      2,
      4
    ]
  ],
  "metrics": {
    "n_nodes": 5,
    "n_edges": 12,
    "p": 8,
    "strongly_connected": true,
    "edges": [
      [
        0,
        1
      ],
      [
        1,
        2
      ],
      [
        2,
        3
      ],
      [
        3,
        4
      ],
      [
        4,
        0
      ],
      [
        3,
        0
      ],
      [
        1,
        0
      ],
      [
        2,
        0
      ],
      [
        4,
        1
      ],
      [
        3,
        1
      ],
      [
        2,
        1
      ],
      [
        2,
        4
      ]
    ],
    "tree_counts_enum": [
      36,
      24,
      6,
      2,
      4
    ],
    "tree_counts_det": [
      36,
      24,
      6,
      2,
      4
    ],
    "tree_counts_match_det": true,
    "tree_enumeration_truncated": false,
    "max_trees_per_root": null,
    "n_trees_total_enum": 72,
    "rank_M": 12,
    "rank_D": 11,
    "rank_D_anchor": 11,
    "d_rel": 88,
    "effective_rank_D": 8.362005884433806,
    "condition_number_D": 6.877819250397479,
    "effective_rank_D_masked": 66.8960470754704,
    "condition_number_D_masked": 6.877819250397479,
    "singular_values_D_masked": [
      5.8819744655962225,
      5.640812938208423,
      4.901604312205718,
      4.807581569649001,
      4.4148809957273,
      4.218036720632914,
      4.076848818781157,
      3.29538340332664,
      1.6835861209708802,
      1.2928630485850932,
      0.8552092242401245,
      7.968919263200401e-16,
      5.8819744655962225,
      5.640812938208423,
      4.901604312205718,
      4.807581569649001,
      4.4148809957273,
      4.218036720632914,
      4.076848818781157,
      3.29538340332664,
      1.6835861209708802,
      1.2928630485850932,
      0.8552092242401245,
      7.968919263200401e-16,
      5.8819744655962225,
      5.640812938208423,
      4.901604312205718,
      4.807581569649001,
      4.4148809957273,
      4.218036720632914,
      4.076848818781157,
      3.29538340332664,
      1.6835861209708802,
      1.2928630485850932,
      0.8552092242401245,
      7.968919263200401e-16,
      5.8819744655962225,
      5.640812938208423,
      4.901604312205718,
      4.807581569649001,
      4.4148809957273,
      4.218036720632914,
      4.076848818781157,
      3.29538340332664,
      1.6835861209708802,
      1.2928630485850932,
      0.8552092242401245,
      7.968919263200401e-16,
      5.8819744655962225,
      5.640812938208423,
      4.901604312205718,
      4.807581569649001,
      4.4148809957273,
      4.218036720632914,
      4.076848818781157,
      3.29538340332664,
      1.6835861209708802,
      1.2928630485850932,
      0.8552092242401245,
      7.968919263200401e-16,
      5.8819744655962225,
      5.640812938208423,
      4.901604312205718,
      4.807581569649001,
      4.4148809957273,
      4.218036720632914,
      4.076848818781157,
      3.29538340332664,
      1.6835861209708802,
      1.2928630485850932,
      0.8552092242401245,
      7.968919263200401e-16,
      5.8819744655962225,
      5.640812938208423,
      4.901604312205718,
      4.807581569649001,
      4.4148809957273,
      4.218036720632914,
      4.076848818781157,
      3.29538340332664,
      1.6835861209708802,
      1.2928630485850932,
      0.8552092242401245,
      7.968919263200401e-16,
      5.8819744655962225,
      5.640812938208423,
      4.901604312205718,
      4.807581569649001,
      4.4148809957273,
      4.218036720632914,
      4.076848818781157,
      3.29538340332664,
      1.6835861209708802,
      1.2928630485850932,
      0.8552092242401245,
      7.968919263200401e-16
    ],
    "singular_values_D": [
      5.8819744655962225,
      5.640812938208423,
      4.901604312205718,
      4.807581569649001,
      4.4148809957273,
      4.218036720632914,
      4.076848818781157,
      3.29538340332664,
      1.6835861209708802,
      1.2928630485850932,
      0.8552092242401245,
      7.968919263200401e-16
    ],
    "singular_values_D_anchor": [
      14.564758449190757,
      5.64553726700874,
      5.5155233471169955,
      4.873764808354272,
      4.513747987585602,
      4.3715692240135136,
      4.1558887102887905,
      3.338826463102086,
      1.868213361605964,
      1.2931323196743574,
      0.8689161204257089,
      9.404473890449194e-16
    ],
    "root_tree_count_cv": 0.9271288482377019,
    "root_tree_count_gini": 0.48888888888888893,
    "edge_participation": [
      0.5,
      0.3333333333333333,
      0.25,
      0.3333333333333333,
      0.5,
      0.3333333333333333,
      0.3333333333333333,
      0.25,
      0.4444444444444444,
      0.3055555555555556,
      0.16666666666666666,
      0.25
    ],
    "edge_participation_mean": 0.3333333333333333,
    "edge_participation_var": 0.00977366255144033,
    "edge_participation_gini": 0.1620370370370372,
    "bottleneck_edge_fraction_095": 0.0,
    "mean_shortest_path": 1.55,
    "comparison_branch_d_rel_values": [
      22,
      22,
      22
    ],
    "comparison_branch_d_rel_min": 22,
    "comparison_branch_d_rel_mean": 22.0,
    "comparison_branch_d_rel_max": 22,
    "comparison_branch_d_rel_gini": 0.0,
    "comparison_branch_common_d_rel_values": [
      22,
      22,
      22
    ],
    "comparison_branch_common_d_rel_min": 22,
    "comparison_branch_common_d_rel_mean": 22.0,
    "comparison_branch_common_d_rel_max": 22,
    "comparison_branch_common_d_rel_gini": 0.0,
    "comparison_branch_input_count_values": [
      24,
      24,
      24
    ],
    "comparison_branch_input_count_min": 24,
    "comparison_branch_input_count_mean": 24.0,
    "comparison_branch_input_count_max": 24,
    "comparison_branch_input_count_gini": 0.0,
    "comparison_branch_input_overlap_values": [
      24,
      24,
      24
    ],
    "comparison_branch_input_overlap_min": 24,
    "comparison_branch_input_overlap_mean": 24.0,
    "comparison_branch_input_overlap_max": 24,
    "comparison_branch_input_overlap_gini": 0.0,
    "in_degree": [
      4,
      4,
      1,
      1,
      2
    ],
    "out_degree": [
      1,
      2,
      4,
      3,
      2
    ],
    "in_degree_cv": 0.5651941652604391,
    "out_degree_cv": 0.4249182927993988
  }
}