{
  "name": "cycle_chords_n5_m12_seed4",
  "family": "cycle_chords",
  "seed": 4,
  "n_nodes": 5,
  "edges": [
    [
      0,
      1
    ],
    [
      1,
      2
    ],
    [
      2,
      3
    ],
    [
      3,
      4
    ],
    [
      4,
      0
    ],
    [
      3,
      0
    ],
    [
      4,
      2
    ],
    [
      1,
      4
    ],
    [
      2,
      4
    ],
    [
      4,
      3
    ],
    [
      3,
      1
    ],
    [
      0,
      2
    ]
  ],
  "metrics": {
    "n_nodes": 5,
    "n_edges": 12,
    "p": 8,
    "strongly_connected": true,
    "edges": [
      [
        0,
        1
      ],
      [
        1,
        2
      ],
      [
        2,
        3
      ],
      [
        3,
        4
      ],
      [
        4,
        0
      ],
      [
        3,
        0
      ],
      [
        4,
        2
      ],
      [
        1,
        4
      ],
      [
        2,
        4
      ],
      [
        4,
        3
      ],
      [
        3,
        1
      ],
      [
        0,
        2
      ]
    ],
    "tree_counts_enum": [
      17,
      16,
      26,
      15,
      19
    ],
    "tree_counts_det": [
      17,
      16,
      26,
      15,
      19
    ],
    "tree_counts_match_det": true,
    "tree_enumeration_truncated": false,
    "max_trees_per_root": null,
    "n_trees_total_enum": 93,
    "rank_M": 12,
    "rank_D": 11,
    "rank_D_anchor": 11,
    "d_rel": 88,
    "effective_rank_D": 9.03318906758729,
    "condition_number_D": 2.981567246579883,
    "effective_rank_D_masked": 72.26551254069834,
    "condition_number_D_masked": 2.981567246579883,
    "singular_values_D_masked": [
      6.4004170160356955,
      6.142639951055811,
      5.8792325550540445,
      5.549031168503343,
      5.3276070168129435,
      4.867747540188538,
      4.46334563579288,
      3.0012237502006918,
      2.6111314818701903,
      2.3841625341981576,
      2.146661968928432,
      1.0582860475513485e-15,
      6.4004170160356955,
      6.142639951055811,
      5.8792325550540445,
      5.549031168503343,
      5.3276070168129435,
      4.867747540188538,
      4.46334563579288,
      3.0012237502006918,
      2.6111314818701903,
      2.3841625341981576,
      2.146661968928432,
      1.0582860475513485e-15,
      6.4004170160356955,
      6.142639951055811,
      5.8792325550540445,
      5.549031168503343,
      5.3276070168129435,
      4.867747540188538,
      4.46334563579288,
      3.0012237502006918,
      2.6111314818701903,
      2.3841625341981576,
      2.146661968928432,
      1.0582860475513485e-15,
      6.4004170160356955,
      6.142639951055811,
      5.8792325550540445,
      5.549031168503343,
      5.3276070168129435,
      4.867747540188538,
      4.46334563579288,
      3.0012237502006918,
      2.6111314818701903,
      2.3841625341981576,
      2.146661968928432,
      1.0582860475513485e-15,
      6.4004170160356955,
      6.142639951055811,
      5.8792325550540445,
      5.549031168503343,
      5.3276070168129435,
      4.867747540188538,
      4.46334563579288,
      3.0012237502006918,
      2.6111314818701903,
      2.3841625341981576,
      2.146661968928432,
      1.0582860475513485e-15,
      6.4004170160356955,
      6.142639951055811,
      5.8792325550540445,
      5.549031168503343,
      5.3276070168129435,
      4.867747540188538,
      4.46334563579288,
      3.0012237502006918,
      2.6111314818701903,
      2.3841625341981576,
      2.146661968928432,
      1.0582860475513485e-15,
      6.4004170160356955,
      6.142639951055811,
      5.8792325550540445,
      5.549031168503343,
      5.3276070168129435,
      4.867747540188538,
      4.46334563579288,
      3.0012237502006918,
      2.6111314818701903,
      2.3841625341981576,
      2.146661968928432,
      1.0582860475513485e-15,
      6.4004170160356955,
      6.142639951055811,
      5.8792325550540445,
      5.549031168503343,
      5.3276070168129435,
      4.867747540188538,
      4.46334563579288,
      3.0012237502006918,
      2.6111314818701903,
      2.3841625341981576,
      2.146661968928432,
      1.0582860475513485e-15
    ],
    "singular_values_D": [
      6.4004170160356955,
      6.142639951055811,
      5.8792325550540445,
      5.549031168503343,
      5.3276070168129435,
      4.867747540188538,
      4.46334563579288,
      3.0012237502006918,
      2.6111314818701903,
      2.3841625341981576,
      2.146661968928432,
      1.0582860475513485e-15
    ],
    "singular_values_D_anchor": [
      16.568232810009274,
      6.371640450770474,
      6.127677070319016,
      5.736283156682865,
      5.404529848940155,
      4.891431051477561,
      4.593362950933713,
      3.0985013878797973,
      2.812670046739619,
      2.438312060156398,
      2.179742100341856,
      7.929078781440885e-16
    ],
    "root_tree_count_cv": 0.2112568032729946,
    "root_tree_count_gini": 0.10752688172043023,
    "edge_participation": [
      0.43010752688172044,
      0.43010752688172044,
      0.3978494623655914,
      0.22580645161290322,
      0.3225806451612903,
      0.3225806451612903,
      0.22580645161290322,
      0.3978494623655914,
      0.3225806451612903,
      0.24731182795698925,
      0.2903225806451613,
      0.3870967741935484
    ],
    "edge_participation_mean": 0.3333333333333334,
    "edge_participation_var": 0.005222183682121247,
    "edge_participation_gini": 0.12231182795698903,
    "bottleneck_edge_fraction_095": 0.0,
    "mean_shortest_path": 1.4,
    "comparison_branch_d_rel_values": [
      22,
      22,
      22
    ],
    "comparison_branch_d_rel_min": 22,
    "comparison_branch_d_rel_mean": 22.0,
    "comparison_branch_d_rel_max": 22,
    "comparison_branch_d_rel_gini": 0.0,
    "comparison_branch_common_d_rel_values": [
      22,
      22,
      22
    ],
    "comparison_branch_common_d_rel_min": 22,
    "comparison_branch_common_d_rel_mean": 22.0,
    "comparison_branch_common_d_rel_max": 22,
    "comparison_branch_common_d_rel_gini": 0.0,
    "comparison_branch_input_count_values": [
      24,
      24,
      24
    ],
    "comparison_branch_input_count_min": 24,
    "comparison_branch_input_count_mean": 24.0,
    "comparison_branch_input_count_max": 24,
    "comparison_branch_input_count_gini": 0.0,
    "comparison_branch_input_overlap_values": [
      24,
      24,
      24
    ],
    "comparison_branch_input_overlap_min": 24,
    "comparison_branch_input_overlap_mean": 24.0,
    "comparison_branch_input_overlap_max": 24,
    "comparison_branch_input_overlap_gini": 0.0,
    "in_degree": [
      2,
      2,
      3,
      2,
      3
    ],
    "out_degree": [
      2,
      2,
      2,
      3,
      3
    ],
    "in_degree_cv": 0.2041241452319315,
    "out_degree_cv": 0.2041241452319315
  }
}