{
  "name": "cycle_chords_n5_m12_seed5",
  "family": "cycle_chords",
  "seed": 5,
  "n_nodes": 5,
  "edges": [
    [
      0,
      1
    ],
    [
      1,
      2
    ],
    [
      2,
      3
    ],
    [
      3,
      4
    ],
    [
      4,
      0
    ],
    [
      0,
      4
    ],
    [
      1,
      0
    ],
    [
      4,
      2
    ],
    [
      4,
      1
    ],
    [
      4,
      3
    ],
    [
      0,
      3
    ],
    [
      2,
      0
    ]
  ],
  "metrics": {
    "n_nodes": 5,
    "n_edges": 12,
    "p": 8,
    "strongly_connected": true,
    "edges": [
      [
        0,
        1
      ],
      [
        1,
        2
      ],
      [
        2,
        3
      ],
      [
        3,
        4
      ],
      [
        4,
        0
      ],
      [
        0,
        4
      ],
      [
        1,
        0
      ],
      [
        4,
        2
      ],
      [
        4,
        1
      ],
      [
        4,
        3
      ],
      [
        0,
        3
      ],
      [
        2,
        0
      ]
    ],
    "tree_counts_enum": [
      9,
      9,
      9,
      27,
      9
    ],
    "tree_counts_det": [
      9,
      9,
      9,
      27,
      9
    ],
    "tree_counts_match_det": true,
    "tree_enumeration_truncated": false,
    "max_trees_per_root": null,
    "n_trees_total_enum": 63,
    "rank_M": 12,
    "rank_D": 11,
    "rank_D_anchor": 11,
    "d_rel": 88,
    "effective_rank_D": 8.585406719659378,
    "condition_number_D": 3.8641193865627703,
    "effective_rank_D_masked": 68.68325375727501,
    "condition_number_D_masked": 3.8641193865627703,
    "singular_values_D_masked": [
      5.554634937781813,
      5.231404261806979,
      4.764485071236743,
      4.296798790104356,
      4.062095089287758,
      3.7550061591114217,
      3.1670944586052046,
      2.543995006153895,
      1.898994104251061,
      1.7634739446021632,
      1.4374905074355888,
      8.30476991678863e-16,
      5.554634937781813,
      5.231404261806979,
      4.764485071236743,
      4.296798790104356,
      4.062095089287758,
      3.7550061591114217,
      3.1670944586052046,
      2.543995006153895,
      1.898994104251061,
      1.7634739446021632,
      1.4374905074355888,
      8.30476991678863e-16,
      5.554634937781813,
      5.231404261806979,
      4.764485071236743,
      4.296798790104356,
      4.062095089287758,
      3.7550061591114217,
      3.1670944586052046,
      2.543995006153895,
      1.898994104251061,
      1.7634739446021632,
      1.4374905074355888,
      8.30476991678863e-16,
      5.554634937781813,
      5.231404261806979,
      4.764485071236743,
      4.296798790104356,
      4.062095089287758,
      3.7550061591114217,
      3.1670944586052046,
      2.543995006153895,
      1.898994104251061,
      1.7634739446021632,
      1.4374905074355888,
      8.30476991678863e-16,
      5.554634937781813,
      5.231404261806979,
      4.764485071236743,
      4.296798790104356,
      4.062095089287758,
      3.7550061591114217,
      3.1670944586052046,
      2.543995006153895,
      1.898994104251061,
      1.7634739446021632,
      1.4374905074355888,
      8.30476991678863e-16,
      5.554634937781813,
      5.231404261806979,
      4.764485071236743,
      4.296798790104356,
      4.062095089287758,
      3.7550061591114217,
      3.1670944586052046,
      2.543995006153895,
      1.898994104251061,
      1.7634739446021632,
      1.4374905074355888,
      8.30476991678863e-16,
      5.554634937781813,
      5.231404261806979,
      4.764485071236743,
      4.296798790104356,
      4.062095089287758,
      3.7550061591114217,
      3.1670944586052046,
      2.543995006153895,
      1.898994104251061,
      1.7634739446021632,
      1.4374905074355888,
      8.30476991678863e-16,
      5.554634937781813,
      5.231404261806979,
      4.764485071236743,
      4.296798790104356,
      4.062095089287758,
      3.7550061591114217,
      3.1670944586052046,
      2.543995006153895,
      1.898994104251061,
      1.7634739446021632,
      1.4374905074355888,
      8.30476991678863e-16
    ],
    "singular_values_D": [
      5.554634937781813,
      5.231404261806979,
      4.764485071236743,
      4.296798790104356,
      4.062095089287758,
      3.7550061591114217,
      3.1670944586052046,
      2.543995006153895,
      1.898994104251061,
      1.7634739446021632,
      1.4374905074355888,
      8.30476991678863e-16
    ],
    "singular_values_D_anchor": [
      12.234076383580884,
      5.251711146373281,
      4.923095264813747,
      4.721295045446536,
      4.25119757962418,
      3.870024097173262,
      3.579452172027454,
      2.5537972109740386,
      1.962889739634458,
      1.898993196146469,
      1.5414845032921303,
      5.743649640310563e-16
    ],
    "root_tree_count_cv": 0.5714285714285715,
    "root_tree_count_gini": 0.22857142857142865,
    "edge_participation": [
      0.20634920634920634,
      0.5079365079365079,
      0.4603174603174603,
      0.5714285714285714,
      0.19047619047619047,
      0.25396825396825395,
      0.3492063492063492,
      0.23809523809523808,
      0.2857142857142857,
      0.14285714285714285,
      0.3968253968253968,
      0.3968253968253968
    ],
    "edge_participation_mean": 0.3333333333333333,
    "edge_participation_var": 0.01683883429915176,
    "edge_participation_gini": 0.22156084656084674,
    "bottleneck_edge_fraction_095": 0.0,
    "mean_shortest_path": 1.4,
    "comparison_branch_d_rel_values": [
      22,
      22,
      22
    ],
    "comparison_branch_d_rel_min": 22,
    "comparison_branch_d_rel_mean": 22.0,
    "comparison_branch_d_rel_max": 22,
    "comparison_branch_d_rel_gini": 0.0,
    "comparison_branch_common_d_rel_values": [
      22,
      22,
      22
    ],
    "comparison_branch_common_d_rel_min": 22,
    "comparison_branch_common_d_rel_mean": 22.0,
    "comparison_branch_common_d_rel_max": 22,
    "comparison_branch_common_d_rel_gini": 0.0,
    "comparison_branch_input_count_values": [
      24,
      24,
      24
    ],
    "comparison_branch_input_count_min": 24,
    "comparison_branch_input_count_mean": 24.0,
    "comparison_branch_input_count_max": 24,
    "comparison_branch_input_count_gini": 0.0,
    "comparison_branch_input_overlap_values": [
      24,
      24,
      24
    ],
    "comparison_branch_input_overlap_min": 24,
    "comparison_branch_input_overlap_mean": 24.0,
    "comparison_branch_input_overlap_max": 24,
    "comparison_branch_input_overlap_gini": 0.0,
    "in_degree": [
      3,
      2,
      2,
      3,
      2
    ],
    "out_degree": [
      3,
      2,
      2,
      1,
      4
    ],
    "in_degree_cv": 0.2041241452319315,
    "out_degree_cv": 0.4249182927993988
  }
}