{
  "name": "cycle_chords_n5_m12_seed17",
  "family": "cycle_chords",
  "seed": 17,
  "n_nodes": 5,
  "edges": [
    [
      0,
      1
    ],
    [
      1,
      2
    ],
    [
      2,
      3
    ],
    [
      3,
      4
    ],
    [
      4,
      0
    ],
    [
      3,
      1
    ],
    [
      2,
      1
    ],
    [
      4,
      3
    ],
    [
      1,
      0
    ],
    [
      0,
      3
    ],
    [
      4,
      2
    ],
    [
      0,
      2
    ]
  ],
  "metrics": {
    "n_nodes": 5,
    "n_edges": 12,
    "p": 8,
    "strongly_connected": true,
    "edges": [
      [
        0,
        1
      ],
      [
        1,
        2
      ],
      [
        2,
        3
      ],
      [
        3,
        4
      ],
      [
        4,
        0
      ],
      [
        3,
        1
      ],
      [
        2,
        1
      ],
      [
        4,
        3
      ],
      [
        1,
        0
      ],
      [
        0,
        3
      ],
      [
        4,
        2
      ],
      [
        0,
        2
      ]
    ],
    "tree_counts_enum": [
      10,
      24,
      20,
      18,
      6
    ],
    "tree_counts_det": [
      10,
      24,
      20,
      18,
      6
    ],
    "tree_counts_match_det": true,
    "tree_enumeration_truncated": false,
    "max_trees_per_root": null,
    "n_trees_total_enum": 78,
    "rank_M": 12,
    "rank_D": 11,
    "rank_D_anchor": 11,
    "d_rel": 88,
    "effective_rank_D": 8.809493052698704,
    "condition_number_D": 4.5169590161487685,
    "effective_rank_D_masked": 70.47594442158966,
    "condition_number_D_masked": 4.5169590161487685,
    "singular_values_D_masked": [
      5.927262571604038,
      5.736432752747762,
      5.32162797101049,
      5.229668316940122,
      4.99787512827124,
      4.134624105631131,
      4.072277607500188,
      3.082519549859979,
      2.5849968347487335,
      1.8701841418677672,
      1.312224120345842,
      1.3610125957049692e-15,
      5.927262571604038,
      5.736432752747762,
      5.32162797101049,
      5.229668316940122,
      4.99787512827124,
      4.134624105631131,
      4.072277607500188,
      3.082519549859979,
      2.5849968347487335,
      1.8701841418677672,
      1.312224120345842,
      1.3610125957049692e-15,
      5.927262571604038,
      5.736432752747762,
      5.32162797101049,
      5.229668316940122,
      4.99787512827124,
      4.134624105631131,
      4.072277607500188,
      3.082519549859979,
      2.5849968347487335,
      1.8701841418677672,
      1.312224120345842,
      1.3610125957049692e-15,
      5.927262571604038,
      5.736432752747762,
      5.32162797101049,
      5.229668316940122,
      4.99787512827124,
      4.134624105631131,
      4.072277607500188,
      3.082519549859979,
      2.5849968347487335,
      1.8701841418677672,
      1.312224120345842,
      1.3610125957049692e-15,
      5.927262571604038,
      5.736432752747762,
      5.32162797101049,
      5.229668316940122,
      4.99787512827124,
      4.134624105631131,
      4.072277607500188,
      3.082519549859979,
      2.5849968347487335,
      1.8701841418677672,
      1.312224120345842,
      1.3610125957049692e-15,
      5.927262571604038,
      5.736432752747762,
      5.32162797101049,
      5.229668316940122,
      4.99787512827124,
      4.134624105631131,
      4.072277607500188,
      3.082519549859979,
      2.5849968347487335,
      1.8701841418677672,
      1.312224120345842,
      1.3610125957049692e-15,
      5.927262571604038,
      5.736432752747762,
      5.32162797101049,
      5.229668316940122,
      4.99787512827124,
      4.134624105631131,
      4.072277607500188,
      3.082519549859979,
      2.5849968347487335,
      1.8701841418677672,
      1.312224120345842,
      1.3610125957049692e-15,
      5.927262571604038,
      5.736432752747762,
      5.32162797101049,
      5.229668316940122,
      4.99787512827124,
      4.134624105631131,
      4.072277607500188,
      3.082519549859979,
      2.5849968347487335,
      1.8701841418677672,
      1.312224120345842,
      1.3610125957049692e-15
    ],
    "singular_values_D": [
      5.927262571604038,
      5.736432752747762,
      5.32162797101049,
      5.229668316940122,
      4.99787512827124,
      4.134624105631131,
      4.072277607500188,
      3.082519549859979,
      2.5849968347487335,
      1.8701841418677672,
      1.312224120345842,
      1.3610125957049692e-15
    ],
    "singular_values_D_anchor": [
      14.91297761614059,
      5.781882982889352,
      5.3440400878505745,
      5.285996834283886,
      5.046185695305433,
      4.148777450357603,
      4.082401854896113,
      3.118902144917343,
      2.894220371300691,
      2.4881796062035986,
      1.426517294371704,
      1.0409588787034523e-15
    ],
    "root_tree_count_cv": 0.4244344963396628,
    "root_tree_count_gini": 0.23589743589743595,
    "edge_participation": [
      0.23076923076923078,
      0.34615384615384615,
      0.44871794871794873,
      0.3076923076923077,
      0.34615384615384615,
      0.46153846153846156,
      0.2948717948717949,
      0.23076923076923078,
      0.34615384615384615,
      0.3076923076923077,
      0.34615384615384615,
      0.3333333333333333
    ],
    "edge_participation_mean": 0.3333333333333334,
    "edge_participation_var": 0.004520052596975674,
    "edge_participation_gini": 0.10790598290598274,
    "bottleneck_edge_fraction_095": 0.0,
    "mean_shortest_path": 1.45,
    "comparison_branch_d_rel_values": [
      22,
      22,
      22
    ],
    "comparison_branch_d_rel_min": 22,
    "comparison_branch_d_rel_mean": 22.0,
    "comparison_branch_d_rel_max": 22,
    "comparison_branch_d_rel_gini": 0.0,
    "comparison_branch_common_d_rel_values": [
      22,
      22,
      22
    ],
    "comparison_branch_common_d_rel_min": 22,
    "comparison_branch_common_d_rel_mean": 22.0,
    "comparison_branch_common_d_rel_max": 22,
    "comparison_branch_common_d_rel_gini": 0.0,
    "comparison_branch_input_count_values": [
      24,
      24,
      24
    ],
    "comparison_branch_input_count_min": 24,
    "comparison_branch_input_count_mean": 24.0,
    "comparison_branch_input_count_max": 24,
    "comparison_branch_input_count_gini": 0.0,
    "comparison_branch_input_overlap_values": [
      24,
      24,
      24
    ],
    "comparison_branch_input_overlap_min": 24,
    "comparison_branch_input_overlap_mean": 24.0,
    "comparison_branch_input_overlap_max": 24,
    "comparison_branch_input_overlap_gini": 0.0,
    "in_degree": [
      2,
      3,
      3,
      3,
      1
    ],
    "out_degree": [
      3,
      2,
      2,
      2,
      3
    ],
    "in_degree_cv": 0.33333333333333337,
    "out_degree_cv": 0.2041241452319315
  }
}