{
  "name": "cycle_chords_n5_m12_seed19",
  "family": "cycle_chords",
  "seed": 19,
  "n_nodes": 5,
  "edges": [
    [
      0,
      1
    ],
    [
      1,
      2
    ],
    [
      2,
      3
    ],
    [
      3,
      4
    ],
    [
      4,
      0
    ],
    [
      4,
      2
    ],
    [
      3,
      0
    ],
    [
      1,
      4
    ],
    [
      4,
      3
    ],
    [
      2,
      1
    ],
    [
      1,
      3
    ],
    [
      0,
      4
    ]
  ],
  "metrics": {
    "n_nodes": 5,
    "n_edges": 12,
    "p": 8,
    "strongly_connected": true,
    "edges": [
      [
        0,
        1
      ],
      [
        1,
        2
      ],
      [
        2,
        3
      ],
      [
        3,
        4
      ],
      [
        4,
        0
      ],
      [
        4,
        2
      ],
      [
        3,
        0
      ],
      [
        1,
        4
      ],
      [
        4,
        3
      ],
      [
        2,
        1
      ],
      [
        1,
        3
      ],
      [
        0,
        4
      ]
    ],
    "tree_counts_enum": [
      19,
      11,
      14,
      21,
      17
    ],
    "tree_counts_det": [
      19,
      11,
      14,
      21,
      17
    ],
    "tree_counts_match_det": true,
    "tree_enumeration_truncated": false,
    "max_trees_per_root": null,
    "n_trees_total_enum": 82,
    "rank_M": 12,
    "rank_D": 11,
    "rank_D_anchor": 11,
    "d_rel": 88,
    "effective_rank_D": 8.904244061791633,
    "condition_number_D": 3.299445027707888,
    "effective_rank_D_masked": 71.23395249433308,
    "condition_number_D_masked": 3.299445027707888,
    "singular_values_D_masked": [
      6.07942671388918,
      5.837106799589211,
      5.623568444969176,
      5.0901985380119745,
      5.005632175644671,
      4.436933293642997,
      4.137926296467568,
      2.6887047270396605,
      2.5275163114620405,
      2.1853967277937785,
      1.8425603890459528,
      1.0701765987237096e-15,
      6.07942671388918,
      5.837106799589211,
      5.623568444969176,
      5.0901985380119745,
      5.005632175644671,
      4.436933293642997,
      4.137926296467568,
      2.6887047270396605,
      2.5275163114620405,
      2.1853967277937785,
      1.8425603890459528,
      1.0701765987237096e-15,
      6.07942671388918,
      5.837106799589211,
      5.623568444969176,
      5.0901985380119745,
      5.005632175644671,
      4.436933293642997,
      4.137926296467568,
      2.6887047270396605,
      2.5275163114620405,
      2.1853967277937785,
      1.8425603890459528,
      1.0701765987237096e-15,
      6.07942671388918,
      5.837106799589211,
      5.623568444969176,
      5.0901985380119745,
      5.005632175644671,
      4.436933293642997,
      4.137926296467568,
      2.6887047270396605,
      2.5275163114620405,
      2.1853967277937785,
      1.8425603890459528,
      1.0701765987237096e-15,
      6.07942671388918,
      5.837106799589211,
      5.623568444969176,
      5.0901985380119745,
      5.005632175644671,
      4.436933293642997,
      4.137926296467568,
      2.6887047270396605,
      2.5275163114620405,
      2.1853967277937785,
      1.8425603890459528,
      1.0701765987237096e-15,
      6.07942671388918,
      5.837106799589211,
      5.623568444969176,
      5.0901985380119745,
      5.005632175644671,
      4.436933293642997,
      4.137926296467568,
      2.6887047270396605,
      2.5275163114620405,
      2.1853967277937785,
      1.8425603890459528,
      1.0701765987237096e-15,
      6.07942671388918,
      5.837106799589211,
      5.623568444969176,
      5.0901985380119745,
      5.005632175644671,
      4.436933293642997,
      4.137926296467568,
      2.6887047270396605,
      2.5275163114620405,
      2.1853967277937785,
      1.8425603890459528,
      1.0701765987237096e-15,
      6.07942671388918,
      5.837106799589211,
      5.623568444969176,
      5.0901985380119745,
      5.005632175644671,
      4.436933293642997,
      4.137926296467568,
      2.6887047270396605,
      2.5275163114620405,
      2.1853967277937785,
      1.8425603890459528,
      1.0701765987237096e-15
    ],
    "singular_values_D": [
      6.07942671388918,
      5.837106799589211,
      5.623568444969176,
      5.0901985380119745,
      5.005632175644671,
      4.436933293642997,
      4.137926296467568,
      2.6887047270396605,
      2.5275163114620405,
      2.1853967277937785,
      1.8425603890459528,
      1.0701765987237096e-15
    ],
    "singular_values_D_anchor": [
      16.209067609340497,
      5.943598057650389,
      5.776732947744795,
      5.186114967429115,
      5.078819146762002,
      4.815990203769243,
      4.184369960993939,
      2.7592519221803293,
      2.6882688648743653,
      2.2214731098064173,
      1.844184476586642,
      6.608707895317725e-16
    ],
    "root_tree_count_cv": 0.21678522969062414,
    "root_tree_count_gini": 0.12195121951219523,
    "edge_participation": [
      0.43902439024390244,
      0.23170731707317074,
      0.4878048780487805,
      0.3170731707317073,
      0.23170731707317074,
      0.34146341463414637,
      0.4268292682926829,
      0.3048780487804878,
      0.21951219512195122,
      0.34146341463414637,
      0.32926829268292684,
      0.32926829268292684
    ],
    "edge_participation_mean": 0.3333333333333333,
    "edge_participation_var": 0.006551986251569834,
    "edge_participation_gini": 0.13414634146341475,
    "bottleneck_edge_fraction_095": 0.0,
    "mean_shortest_path": 1.4,
    "comparison_branch_d_rel_values": [
      22,
      22,
      22
    ],
    "comparison_branch_d_rel_min": 22,
    "comparison_branch_d_rel_mean": 22.0,
    "comparison_branch_d_rel_max": 22,
    "comparison_branch_d_rel_gini": 0.0,
    "comparison_branch_common_d_rel_values": [
      22,
      22,
      22
    ],
    "comparison_branch_common_d_rel_min": 22,
    "comparison_branch_common_d_rel_mean": 22.0,
    "comparison_branch_common_d_rel_max": 22,
    "comparison_branch_common_d_rel_gini": 0.0,
    "comparison_branch_input_count_values": [
      24,
      24,
      24
    ],
    "comparison_branch_input_count_min": 24,
    "comparison_branch_input_count_mean": 24.0,
    "comparison_branch_input_count_max": 24,
    "comparison_branch_input_count_gini": 0.0,
    "comparison_branch_input_overlap_values": [
      24,
      24,
      24
    ],
    "comparison_branch_input_overlap_min": 24,
    "comparison_branch_input_overlap_mean": 24.0,
    "comparison_branch_input_overlap_max": 24,
    "comparison_branch_input_overlap_gini": 0.0,
    "in_degree": [
      2,
      2,
      2,
      3,
      3
    ],
    "out_degree": [
      2,
      3,
      2,
      2,
      3
    ],
    "in_degree_cv": 0.2041241452319315,
    "out_degree_cv": 0.2041241452319315
  }
}