{
  "name": "cycle_chords_n5_m12_seed22",
  "family": "cycle_chords",
  "seed": 22,
  "n_nodes": 5,
  "edges": [
    [
      0,
      1
    ],
    [
      1,
      2
    ],
    [
      2,
      3
    ],
    [
      3,
      4
    ],
    [
      4,
      0
    ],
    [
      1,
      3
    ],
    [
      3,
      1
    ],
    [
      4,
      1
    ],
    [
      3,
      2
    ],
    [
      2,
      4
    ],
    [
      2,
      0
    ],
    [
      1,
      4
    ]
  ],
  "metrics": {
    "n_nodes": 5,
    "n_edges": 12,
    "p": 8,
    "strongly_connected": true,
    "edges": [
      [
        0,
        1
      ],
      [
        1,
        2
      ],
      [
        2,
        3
      ],
      [
        3,
        4
      ],
      [
        4,
        0
      ],
      [
        1,
        3
      ],
      [
        3,
        1
      ],
      [
        4,
        1
      ],
      [
        3,
        2
      ],
      [
        2,
        4
      ],
      [
        2,
        0
      ],
      [
        1,
        4
      ]
    ],
    "tree_counts_enum": [
      24,
      16,
      8,
      8,
      16
    ],
    "tree_counts_det": [
      24,
      16,
      8,
      8,
      16
    ],
    "tree_counts_match_det": true,
    "tree_enumeration_truncated": false,
    "max_trees_per_root": null,
    "n_trees_total_enum": 72,
    "rank_M": 12,
    "rank_D": 11,
    "rank_D_anchor": 11,
    "d_rel": 88,
    "effective_rank_D": 8.983904756751494,
    "condition_number_D": 3.759147664379092,
    "effective_rank_D_masked": 71.87123805401197,
    "condition_number_D_masked": 3.759147664379092,
    "singular_values_D_masked": [
      5.642091977044855,
      5.160388507702957,
      5.009873643906446,
      4.817491534186907,
      4.504534213856094,
      4.088230263264513,
      3.6125839205293326,
      3.2837060399985436,
      2.453109940090117,
      1.6698546387947515,
      1.500896607629478,
      7.917270948383448e-16,
      5.642091977044855,
      5.160388507702957,
      5.009873643906446,
      4.817491534186907,
      4.504534213856094,
      4.088230263264513,
      3.6125839205293326,
      3.2837060399985436,
      2.453109940090117,
      1.6698546387947515,
      1.500896607629478,
      7.917270948383448e-16,
      5.642091977044855,
      5.160388507702957,
      5.009873643906446,
      4.817491534186907,
      4.504534213856094,
      4.088230263264513,
      3.6125839205293326,
      3.2837060399985436,
      2.453109940090117,
      1.6698546387947515,
      1.500896607629478,
      7.917270948383448e-16,
      5.642091977044855,
      5.160388507702957,
      5.009873643906446,
      4.817491534186907,
      4.504534213856094,
      4.088230263264513,
      3.6125839205293326,
      3.2837060399985436,
      2.453109940090117,
      1.6698546387947515,
      1.500896607629478,
      7.917270948383448e-16,
      5.642091977044855,
      5.160388507702957,
      5.009873643906446,
      4.817491534186907,
      4.504534213856094,
      4.088230263264513,
      3.6125839205293326,
      3.2837060399985436,
      2.453109940090117,
      1.6698546387947515,
      1.500896607629478,
      7.917270948383448e-16,
      5.642091977044855,
      5.160388507702957,
      5.009873643906446,
      4.817491534186907,
      4.504534213856094,
      4.088230263264513,
      3.6125839205293326,
      3.2837060399985436,
      2.453109940090117,
      1.6698546387947515,
      1.500896607629478,
      7.917270948383448e-16,
      5.642091977044855,
      5.160388507702957,
      5.009873643906446,
      4.817491534186907,
      4.504534213856094,
      4.088230263264513,
      3.6125839205293326,
      3.2837060399985436,
      2.453109940090117,
      1.6698546387947515,
      1.500896607629478,
      7.917270948383448e-16,
      5.642091977044855,
      5.160388507702957,
      5.009873643906446,
      4.817491534186907,
      4.504534213856094,
      4.088230263264513,
      3.6125839205293326,
      3.2837060399985436,
      2.453109940090117,
      1.6698546387947515,
      1.500896607629478,
      7.917270948383448e-16
    ],
    "singular_values_D": [
      5.642091977044855,
      5.160388507702957,
      5.009873643906446,
      4.817491534186907,
      4.504534213856094,
      4.088230263264513,
      3.6125839205293326,
      3.2837060399985436,
      2.453109940090117,
      1.6698546387947515,
      1.500896607629478,
      7.917270948383448e-16
    ],
    "singular_values_D_anchor": [
      14.880041337607388,
      5.486680922486752,
      5.074122554491598,
      4.82319504761861,
      4.733201396926255,
      4.1304175149775855,
      3.6810503557701884,
      3.3519554527802873,
      2.453723034549499,
      1.716716130667564,
      1.5012060771032298,
      1.3509747068454698e-15
    ],
    "root_tree_count_cv": 0.41573970964154905,
    "root_tree_count_gini": 0.22222222222222232,
    "edge_participation": [
      0.6666666666666666,
      0.3055555555555556,
      0.2222222222222222,
      0.3611111111111111,
      0.5,
      0.25,
      0.25,
      0.2777777777777778,
      0.2777777777777778,
      0.3333333333333333,
      0.3333333333333333,
      0.2222222222222222
    ],
    "edge_participation_mean": 0.3333333333333333,
    "edge_participation_var": 0.015432098765432096,
    "edge_participation_gini": 0.18287037037037046,
    "bottleneck_edge_fraction_095": 0.0,
    "mean_shortest_path": 1.4,
    "comparison_branch_d_rel_values": [
      22,
      22,
      22
    ],
    "comparison_branch_d_rel_min": 22,
    "comparison_branch_d_rel_mean": 22.0,
    "comparison_branch_d_rel_max": 22,
    "comparison_branch_d_rel_gini": 0.0,
    "comparison_branch_common_d_rel_values": [
      22,
      22,
      22
    ],
    "comparison_branch_common_d_rel_min": 22,
    "comparison_branch_common_d_rel_mean": 22.0,
    "comparison_branch_common_d_rel_max": 22,
    "comparison_branch_common_d_rel_gini": 0.0,
    "comparison_branch_input_count_values": [
      24,
      24,
      24
    ],
    "comparison_branch_input_count_min": 24,
    "comparison_branch_input_count_mean": 24.0,
    "comparison_branch_input_count_max": 24,
    "comparison_branch_input_count_gini": 0.0,
    "comparison_branch_input_overlap_values": [
      24,
      24,
      24
    ],
    "comparison_branch_input_overlap_min": 24,
    "comparison_branch_input_overlap_mean": 24.0,
    "comparison_branch_input_overlap_max": 24,
    "comparison_branch_input_overlap_gini": 0.0,
    "in_degree": [
      2,
      3,
      2,
      2,
      3
    ],
    "out_degree": [
      1,
      3,
      3,
      3,
      2
    ],
    "in_degree_cv": 0.2041241452319315,
    "out_degree_cv": 0.33333333333333337
  }
}