{
  "name": "cycle_chords_n5_m12_seed26",
  "family": "cycle_chords",
  "seed": 26,
  "n_nodes": 5,
  "edges": [
    [
      0,
      1
    ],
    [
      1,
      2
    ],
    [
      2,
      3
    ],
    [
      3,
      4
    ],
    [
      4,
      0
    ],
    [
      1,
      3
    ],
    [
      1,
      4
    ],
    [
      0,
      4
    ],
    [
      4,
      1
    ],
    [
      2,
      1
    ],
    [
      4,
      3
    ],
    [
      0,
      3
    ]
  ],
  "metrics": {
    "n_nodes": 5,
    "n_edges": 12,
    "p": 8,
    "strongly_connected": true,
    "edges": [
      [
        0,
        1
      ],
      [
        1,
        2
      ],
      [
        2,
        3
      ],
      [
        3,
        4
      ],
      [
        4,
        0
      ],
      [
        1,
        3
      ],
      [
        1,
        4
      ],
      [
        0,
        4
      ],
      [
        4,
        1
      ],
      [
        2,
        1
      ],
      [
        4,
        3
      ],
      [
        0,
        3
      ]
    ],
    "tree_counts_enum": [
      5,
      8,
      4,
      32,
      15
    ],
    "tree_counts_det": [
      5,
      8,
      4,
      32,
      15
    ],
    "tree_counts_match_det": true,
    "tree_enumeration_truncated": false,
    "max_trees_per_root": null,
    "n_trees_total_enum": 64,
    "rank_M": 12,
    "rank_D": 11,
    "rank_D_anchor": 11,
    "d_rel": 88,
    "effective_rank_D": 8.431907958373682,
    "condition_number_D": 5.187951407149406,
    "effective_rank_D_masked": 67.45526366698954,
    "condition_number_D_masked": 5.187951407149406,
    "singular_values_D_masked": [
      5.7206367663271855,
      5.022327964114629,
      4.682800567970754,
      4.6228589826878235,
      4.456855859706073,
      3.9353660169919222,
      3.3815547065347245,
      2.941041149844919,
      1.7187357675412458,
      1.365498176189653,
      1.1026773994921575,
      6.695605764251115e-16,
      5.7206367663271855,
      5.022327964114629,
      4.682800567970754,
      4.6228589826878235,
      4.456855859706073,
      3.9353660169919222,
      3.3815547065347245,
      2.941041149844919,
      1.7187357675412458,
      1.365498176189653,
      1.1026773994921575,
      6.695605764251115e-16,
      5.7206367663271855,
      5.022327964114629,
      4.682800567970754,
      4.6228589826878235,
      4.456855859706073,
      3.9353660169919222,
      3.3815547065347245,
      2.941041149844919,
      1.7187357675412458,
      1.365498176189653,
      1.1026773994921575,
      6.695605764251115e-16,
      5.7206367663271855,
      5.022327964114629,
      4.682800567970754,
      4.6228589826878235,
      4.456855859706073,
      3.9353660169919222,
      3.3815547065347245,
      2.941041149844919,
      1.7187357675412458,
      1.365498176189653,
      1.1026773994921575,
      6.695605764251115e-16,
      5.7206367663271855,
      5.022327964114629,
      4.682800567970754,
      4.6228589826878235,
      4.456855859706073,
      3.9353660169919222,
      3.3815547065347245,
      2.941041149844919,
      1.7187357675412458,
      1.365498176189653,
      1.1026773994921575,
      6.695605764251115e-16,
      5.7206367663271855,
      5.022327964114629,
      4.682800567970754,
      4.6228589826878235,
      4.456855859706073,
      3.9353660169919222,
      3.3815547065347245,
      2.941041149844919,
      1.7187357675412458,
      1.365498176189653,
      1.1026773994921575,
      6.695605764251115e-16,
      5.7206367663271855,
      5.022327964114629,
      4.682800567970754,
      4.6228589826878235,
      4.456855859706073,
      3.9353660169919222,
      3.3815547065347245,
      2.941041149844919,
      1.7187357675412458,
      1.365498176189653,
      1.1026773994921575,
      6.695605764251115e-16,
      5.7206367663271855,
      5.022327964114629,
      4.682800567970754,
      4.6228589826878235,
      4.456855859706073,
      3.9353660169919222,
      3.3815547065347245,
      2.941041149844919,
      1.7187357675412458,
      1.365498176189653,
      1.1026773994921575,
      6.695605764251115e-16
    ],
    "singular_values_D": [
      5.7206367663271855,
      5.022327964114629,
      4.682800567970754,
      4.6228589826878235,
      4.456855859706073,
      3.9353660169919222,
      3.3815547065347245,
      2.941041149844919,
      1.7187357675412458,
      1.365498176189653,
      1.1026773994921575,
      6.695605764251115e-16
    ],
    "singular_values_D_anchor": [
      13.087048726389963,
      5.3186755773163545,
      4.81887908205835,
      4.635408474601747,
      4.5112210590737805,
      4.130325353093331,
      3.769594331681279,
      2.9559247760602014,
      1.8571561296510628,
      1.4684782207691343,
      1.3299419364257248,
      7.413204013378128e-16
    ],
    "root_tree_count_cv": 0.8079802171154935,
    "root_tree_count_gini": 0.4125000000000001,
    "edge_participation": [
      0.34375,
      0.25,
      0.5625,
      0.5,
      0.25,
      0.375,
      0.25,
      0.25,
      0.28125,
      0.375,
      0.234375,
      0.328125
    ],
    "edge_participation_mean": 0.3333333333333333,
    "edge_participation_var": 0.010348849826388886,
    "edge_participation_gini": 0.16015625,
    "bottleneck_edge_fraction_095": 0.0,
    "mean_shortest_path": 1.5,
    "comparison_branch_d_rel_values": [
      22,
      22,
      22
    ],
    "comparison_branch_d_rel_min": 22,
    "comparison_branch_d_rel_mean": 22.0,
    "comparison_branch_d_rel_max": 22,
    "comparison_branch_d_rel_gini": 0.0,
    "comparison_branch_common_d_rel_values": [
      22,
      22,
      22
    ],
    "comparison_branch_common_d_rel_min": 22,
    "comparison_branch_common_d_rel_mean": 22.0,
    "comparison_branch_common_d_rel_max": 22,
    "comparison_branch_common_d_rel_gini": 0.0,
    "comparison_branch_input_count_values": [
      24,
      24,
      24
    ],
    "comparison_branch_input_count_min": 24,
    "comparison_branch_input_count_mean": 24.0,
    "comparison_branch_input_count_max": 24,
    "comparison_branch_input_count_gini": 0.0,
    "comparison_branch_input_overlap_values": [
      24,
      24,
      24
    ],
    "comparison_branch_input_overlap_min": 24,
    "comparison_branch_input_overlap_mean": 24.0,
    "comparison_branch_input_overlap_max": 24,
    "comparison_branch_input_overlap_gini": 0.0,
    "in_degree": [
      1,
      3,
      1,
      4,
      3
    ],
    "out_degree": [
      3,
      3,
      2,
      1,
      3
    ],
    "in_degree_cv": 0.5,
    "out_degree_cv": 0.33333333333333337
  }
}