{
  "name": "cycle_chords_n5_m12_seed28",
  "family": "cycle_chords",
  "seed": 28,
  "n_nodes": 5,
  "edges": [
    [
      0,
      1
    ],
    [
      1,
      2
    ],
    [
      2,
      3
    ],
    [
      3,
      4
    ],
    [
      4,
      0
    ],
    [
      1,
      3
    ],
    [
      2,
      1
    ],
    [
      0,
      2
    ],
    [
      4,
      3
    ],
    [
      2,
      0
    ],
    [
      4,
      2
    ],
    [
      1,
      4
    ]
  ],
  "metrics": {
    "n_nodes": 5,
    "n_edges": 12,
    "p": 8,
    "strongly_connected": true,
    "edges": [
      [
        0,
        1
      ],
      [
        1,
        2
      ],
      [
        2,
        3
      ],
      [
        3,
        4
      ],
      [
        4,
        0
      ],
      [
        1,
        3
      ],
      [
        2,
        1
      ],
      [
        0,
        2
      ],
      [
        4,
        3
      ],
      [
        2,
        0
      ],
      [
        4,
        2
      ],
      [
        1,
        4
      ]
    ],
    "tree_counts_enum": [
      11,
      7,
      10,
      29,
      12
    ],
    "tree_counts_det": [
      11,
      7,
      10,
      29,
      12
    ],
    "tree_counts_match_det": true,
    "tree_enumeration_truncated": false,
    "max_trees_per_root": null,
    "n_trees_total_enum": 69,
    "rank_M": 12,
    "rank_D": 11,
    "rank_D_anchor": 11,
    "d_rel": 88,
    "effective_rank_D": 8.686408128892232,
    "condition_number_D": 3.7245152127479373,
    "effective_rank_D_masked": 69.49126503113781,
    "condition_number_D_masked": 3.7245152127479373,
    "singular_values_D_masked": [
      5.6159974894096445,
      5.317724201245704,
      5.110733290929162,
      4.80026205131095,
      4.567300684663064,
      3.7206050333895124,
      3.4484709842962085,
      2.994689178397472,
      1.9864632995877376,
      1.6913216455086504,
      1.5078465702563681,
      8.279682904715543e-16,
      5.6159974894096445,
      5.317724201245704,
      5.110733290929162,
      4.80026205131095,
      4.567300684663064,
      3.7206050333895124,
      3.4484709842962085,
      2.994689178397472,
      1.9864632995877376,
      1.6913216455086504,
      1.5078465702563681,
      8.279682904715543e-16,
      5.6159974894096445,
      5.317724201245704,
      5.110733290929162,
      4.80026205131095,
      4.567300684663064,
      3.7206050333895124,
      3.4484709842962085,
      2.994689178397472,
      1.9864632995877376,
      1.6913216455086504,
      1.5078465702563681,
      8.279682904715543e-16,
      5.6159974894096445,
      5.317724201245704,
      5.110733290929162,
      4.80026205131095,
      4.567300684663064,
      3.7206050333895124,
      3.4484709842962085,
      2.994689178397472,
      1.9864632995877376,
      1.6913216455086504,
      1.5078465702563681,
      8.279682904715543e-16,
      5.6159974894096445,
      5.317724201245704,
      5.110733290929162,
      4.80026205131095,
      4.567300684663064,
      3.7206050333895124,
      3.4484709842962085,
      2.994689178397472,
      1.9864632995877376,
      1.6913216455086504,
      1.5078465702563681,
      8.279682904715543e-16,
      5.6159974894096445,
      5.317724201245704,
      5.110733290929162,
      4.80026205131095,
      4.567300684663064,
      3.7206050333895124,
      3.4484709842962085,
      2.994689178397472,
      1.9864632995877376,
      1.6913216455086504,
      1.5078465702563681,
      8.279682904715543e-16,
      5.6159974894096445,
      5.317724201245704,
      5.110733290929162,
      4.80026205131095,
      4.567300684663064,
      3.7206050333895124,
      3.4484709842962085,
      2.994689178397472,
      1.9864632995877376,
      1.6913216455086504,
      1.5078465702563681,
      8.279682904715543e-16,
      5.6159974894096445,
      5.317724201245704,
      5.110733290929162,
      4.80026205131095,
      4.567300684663064,
      3.7206050333895124,
      3.4484709842962085,
      2.994689178397472,
      1.9864632995877376,
      1.6913216455086504,
      1.5078465702563681,
      8.279682904715543e-16
    ],
    "singular_values_D": [
      5.6159974894096445,
      5.317724201245704,
      5.110733290929162,
      4.80026205131095,
      4.567300684663064,
      3.7206050333895124,
      3.4484709842962085,
      2.994689178397472,
      1.9864632995877376,
      1.6913216455086504,
      1.5078465702563681,
      8.279682904715543e-16
    ],
    "singular_values_D_anchor": [
      13.752229154484535,
      5.550916467002422,
      5.292140247304236,
      4.953913820157223,
      4.57999750206537,
      3.791403860028309,
      3.4486191194647686,
      3.0075574537613785,
      2.4601431162207885,
      1.7028154652401937,
      1.5080213677859413,
      6.859117390687266e-16
    ],
    "root_tree_count_cv": 0.5639152596621368,
    "root_tree_count_gini": 0.2666666666666666,
    "edge_participation": [
      0.463768115942029,
      0.21739130434782608,
      0.391304347826087,
      0.5797101449275363,
      0.34782608695652173,
      0.391304347826087,
      0.2608695652173913,
      0.37681159420289856,
      0.17391304347826086,
      0.2028985507246377,
      0.30434782608695654,
      0.2898550724637681
    ],
    "edge_participation_mean": 0.3333333333333333,
    "edge_participation_var": 0.012532381152418962,
    "edge_participation_gini": 0.18719806763285085,
    "bottleneck_edge_fraction_095": 0.0,
    "mean_shortest_path": 1.45,
    "comparison_branch_d_rel_values": [
      22,
      22,
      22
    ],
    "comparison_branch_d_rel_min": 22,
    "comparison_branch_d_rel_mean": 22.0,
    "comparison_branch_d_rel_max": 22,
    "comparison_branch_d_rel_gini": 0.0,
    "comparison_branch_common_d_rel_values": [
      22,
      22,
      22
    ],
    "comparison_branch_common_d_rel_min": 22,
    "comparison_branch_common_d_rel_mean": 22.0,
    "comparison_branch_common_d_rel_max": 22,
    "comparison_branch_common_d_rel_gini": 0.0,
    "comparison_branch_input_count_values": [
      24,
      24,
      24
    ],
    "comparison_branch_input_count_min": 24,
    "comparison_branch_input_count_mean": 24.0,
    "comparison_branch_input_count_max": 24,
    "comparison_branch_input_count_gini": 0.0,
    "comparison_branch_input_overlap_values": [
      24,
      24,
      24
    ],
    "comparison_branch_input_overlap_min": 24,
    "comparison_branch_input_overlap_mean": 24.0,
    "comparison_branch_input_overlap_max": 24,
    "comparison_branch_input_overlap_gini": 0.0,
    "in_degree": [
      2,
      2,
      3,
      3,
      2
    ],
    "out_degree": [
      2,
      3,
      3,
      1,
      3
    ],
    "in_degree_cv": 0.2041241452319315,
    "out_degree_cv": 0.33333333333333337
  }
}