{
  "name": "cycle_chords_n5_m12_seed33",
  "family": "cycle_chords",
  "seed": 33,
  "n_nodes": 5,
  "edges": [
    [
      0,
      1
    ],
    [
      1,
      2
    ],
    [
      2,
      3
    ],
    [
      3,
      4
    ],
    [
      4,
      0
    ],
    [
      0,
      2
    ],
    [
      0,
      3
    ],
    [
      3,
      2
    ],
    [
      4,
      3
    ],
    [
      2,
      0
    ],
    [
      4,
      1
    ],
    [
      1,
      4
    ]
  ],
  "metrics": {
    "n_nodes": 5,
    "n_edges": 12,
    "p": 8,
    "strongly_connected": true,
    "edges": [
      [
        0,
        1
      ],
      [
        1,
        2
      ],
      [
        2,
        3
      ],
      [
        3,
        4
      ],
      [
        4,
        0
      ],
      [
        0,
        2
      ],
      [
        0,
        3
      ],
      [
        3,
        2
      ],
      [
        4,
        3
      ],
      [
        2,
        0
      ],
      [
        4,
        1
      ],
      [
        1,
        4
      ]
    ],
    "tree_counts_enum": [
      10,
      10,
      20,
      20,
      10
    ],
    "tree_counts_det": [
      10,
      10,
      20,
      20,
      10
    ],
    "tree_counts_match_det": true,
    "tree_enumeration_truncated": false,
    "max_trees_per_root": null,
    "n_trees_total_enum": 70,
    "rank_M": 12,
    "rank_D": 11,
    "rank_D_anchor": 11,
    "d_rel": 88,
    "effective_rank_D": 8.638494612577869,
    "condition_number_D": 3.7139801534641523,
    "effective_rank_D_masked": 69.10795690062302,
    "condition_number_D_masked": 3.7139801534641523,
    "singular_values_D_masked": [
      5.93524014092972,
      5.5705875138113035,
      5.0899411443654605,
      4.759485541366019,
      4.699462094536793,
      3.9866119952264545,
      3.377662376333128,
      2.8125030903586365,
      2.0212883675842974,
      1.916659210774484,
      1.598080737021097,
      1.0090802159498416e-15,
      5.93524014092972,
      5.5705875138113035,
      5.0899411443654605,
      4.759485541366019,
      4.699462094536793,
      3.9866119952264545,
      3.377662376333128,
      2.8125030903586365,
      2.0212883675842974,
      1.916659210774484,
      1.598080737021097,
      1.0090802159498416e-15,
      5.93524014092972,
      5.5705875138113035,
      5.0899411443654605,
      4.759485541366019,
      4.699462094536793,
      3.9866119952264545,
      3.377662376333128,
      2.8125030903586365,
      2.0212883675842974,
      1.916659210774484,
      1.598080737021097,
      1.0090802159498416e-15,
      5.93524014092972,
      5.5705875138113035,
      5.0899411443654605,
      4.759485541366019,
      4.699462094536793,
      3.9866119952264545,
      3.377662376333128,
      2.8125030903586365,
      2.0212883675842974,
      1.916659210774484,
      1.598080737021097,
      1.0090802159498416e-15,
      5.93524014092972,
      5.5705875138113035,
      5.0899411443654605,
      4.759485541366019,
      4.699462094536793,
      3.9866119952264545,
      3.377662376333128,
      2.8125030903586365,
      2.0212883675842974,
      1.916659210774484,
      1.598080737021097,
      1.0090802159498416e-15,
      5.93524014092972,
      5.5705875138113035,
      5.0899411443654605,
      4.759485541366019,
      4.699462094536793,
      3.9866119952264545,
      3.377662376333128,
      2.8125030903586365,
      2.0212883675842974,
      1.916659210774484,
      1.598080737021097,
      1.0090802159498416e-15,
      5.93524014092972,
      5.5705875138113035,
      5.0899411443654605,
      4.759485541366019,
      4.699462094536793,
      3.9866119952264545,
      3.377662376333128,
      2.8125030903586365,
      2.0212883675842974,
      1.916659210774484,
      1.598080737021097,
      1.0090802159498416e-15,
      5.93524014092972,
      5.5705875138113035,
      5.0899411443654605,
      4.759485541366019,
      4.699462094536793,
      3.9866119952264545,
      3.377662376333128,
      2.8125030903586365,
      2.0212883675842974,
      1.916659210774484,
      1.598080737021097,
      1.0090802159498416e-15
    ],
    "singular_values_D": [
      5.93524014092972,
      5.5705875138113035,
      5.0899411443654605,
      4.759485541366019,
      4.699462094536793,
      3.9866119952264545,
      3.377662376333128,
      2.8125030903586365,
      2.0212883675842974,
      1.916659210774484,
      1.598080737021097,
      1.0090802159498416e-15
    ],
    "singular_values_D_anchor": [
      13.299041460971893,
      5.6076847600972375,
      5.141015923750512,
      5.081213828449505,
      4.757583805013043,
      4.185293853690063,
      3.4606419274068148,
      2.8596280856971035,
      2.518026187207001,
      1.924689975282602,
      1.7580950286988164,
      1.0866628514587764e-15
    ],
    "root_tree_count_cv": 0.34992710611188255,
    "root_tree_count_gini": 0.17142857142857149,
    "edge_participation": [
      0.3142857142857143,
      0.5142857142857142,
      0.37142857142857144,
      0.38571428571428573,
      0.34285714285714286,
      0.22857142857142856,
      0.3142857142857143,
      0.32857142857142857,
      0.2571428571428571,
      0.34285714285714286,
      0.2571428571428571,
      0.34285714285714286
    ],
    "edge_participation_mean": 0.3333333333333333,
    "edge_participation_var": 0.005045351473922903,
    "edge_participation_gini": 0.11130952380952408,
    "bottleneck_edge_fraction_095": 0.0,
    "mean_shortest_path": 1.4,
    "comparison_branch_d_rel_values": [
      22,
      22,
      22
    ],
    "comparison_branch_d_rel_min": 22,
    "comparison_branch_d_rel_mean": 22.0,
    "comparison_branch_d_rel_max": 22,
    "comparison_branch_d_rel_gini": 0.0,
    "comparison_branch_common_d_rel_values": [
      22,
      22,
      22
    ],
    "comparison_branch_common_d_rel_min": 22,
    "comparison_branch_common_d_rel_mean": 22.0,
    "comparison_branch_common_d_rel_max": 22,
    "comparison_branch_common_d_rel_gini": 0.0,
    "comparison_branch_input_count_values": [
      24,
      24,
      24
    ],
    "comparison_branch_input_count_min": 24,
    "comparison_branch_input_count_mean": 24.0,
    "comparison_branch_input_count_max": 24,
    "comparison_branch_input_count_gini": 0.0,
    "comparison_branch_input_overlap_values": [
      24,
      24,
      24
    ],
    "comparison_branch_input_overlap_min": 24,
    "comparison_branch_input_overlap_mean": 24.0,
    "comparison_branch_input_overlap_max": 24,
    "comparison_branch_input_overlap_gini": 0.0,
    "in_degree": [
      2,
      2,
      3,
      3,
      2
    ],
    "out_degree": [
      3,
      2,
      2,
      2,
      3
    ],
    "in_degree_cv": 0.2041241452319315,
    "out_degree_cv": 0.2041241452319315
  }
}