{
  "name": "cycle_chords_n5_m12_seed34",
  "family": "cycle_chords",
  "seed": 34,
  "n_nodes": 5,
  "edges": [
    [
      0,
      1
    ],
    [
      1,
      2
    ],
    [
      2,
      3
    ],
    [
      3,
      4
    ],
    [
      4,
      0
    ],
    [
      0,
      3
    ],
    [
      2,
      1
    ],
    [
      4,
      3
    ],
    [
      1,
      3
    ],
    [
      0,
      4
    ],
    [
      3,
      1
    ],
    [
      4,
      1
    ]
  ],
  "metrics": {
    "n_nodes": 5,
    "n_edges": 12,
    "p": 8,
    "strongly_connected": true,
    "edges": [
      [
        0,
        1
      ],
      [
        1,
        2
      ],
      [
        2,
        3
      ],
      [
        3,
        4
      ],
      [
        4,
        0
      ],
      [
        0,
        3
      ],
      [
        2,
        1
      ],
      [
        4,
        3
      ],
      [
        1,
        3
      ],
      [
        0,
        4
      ],
      [
        3,
        1
      ],
      [
        4,
        1
      ]
    ],
    "tree_counts_enum": [
      3,
      24,
      12,
      24,
      9
    ],
    "tree_counts_det": [
      3,
      24,
      12,
      24,
      9
    ],
    "tree_counts_match_det": true,
    "tree_enumeration_truncated": false,
    "max_trees_per_root": null,
    "n_trees_total_enum": 72,
    "rank_M": 12,
    "rank_D": 11,
    "rank_D_anchor": 11,
    "d_rel": 88,
    "effective_rank_D": 8.528886949187013,
    "condition_number_D": 5.845466503734141,
    "effective_rank_D_masked": 68.23109559349612,
    "condition_number_D_masked": 5.845466503734141,
    "singular_values_D_masked": [
      5.788218864302393,
      5.536306727103613,
      5.222360176383483,
      5.080745040027158,
      4.755727191240247,
      4.128457507233486,
      3.642930147430571,
      3.1883674922110377,
      2.1868072781615777,
      1.4657589961183757,
      0.9902064891835104,
      1.0428962274178754e-15,
      5.788218864302393,
      5.536306727103613,
      5.222360176383483,
      5.080745040027158,
      4.755727191240247,
      4.128457507233486,
      3.642930147430571,
      3.1883674922110377,
      2.1868072781615777,
      1.4657589961183757,
      0.9902064891835104,
      1.0428962274178754e-15,
      5.788218864302393,
      5.536306727103613,
      5.222360176383483,
      5.080745040027158,
      4.755727191240247,
      4.128457507233486,
      3.642930147430571,
      3.1883674922110377,
      2.1868072781615777,
      1.4657589961183757,
      0.9902064891835104,
      1.0428962274178754e-15,
      5.788218864302393,
      5.536306727103613,
      5.222360176383483,
      5.080745040027158,
      4.755727191240247,
      4.128457507233486,
      3.642930147430571,
      3.1883674922110377,
      2.1868072781615777,
      1.4657589961183757,
      0.9902064891835104,
      1.0428962274178754e-15,
      5.788218864302393,
      5.536306727103613,
      5.222360176383483,
      5.080745040027158,
      4.755727191240247,
      4.128457507233486,
      3.642930147430571,
      3.1883674922110377,
      2.1868072781615777,
      1.4657589961183757,
      0.9902064891835104,
      1.0428962274178754e-15,
      5.788218864302393,
      5.536306727103613,
      5.222360176383483,
      5.080745040027158,
      4.755727191240247,
      4.128457507233486,
      3.642930147430571,
      3.1883674922110377,
      2.1868072781615777,
      1.4657589961183757,
      0.9902064891835104,
      1.0428962274178754e-15,
      5.788218864302393,
      5.536306727103613,
      5.222360176383483,
      5.080745040027158,
      4.755727191240247,
      4.128457507233486,
      3.642930147430571,
      3.1883674922110377,
      2.1868072781615777,
      1.4657589961183757,
      0.9902064891835104,
      1.0428962274178754e-15,
      5.788218864302393,
      5.536306727103613,
      5.222360176383483,
      5.080745040027158,
      4.755727191240247,
      4.128457507233486,
      3.642930147430571,
      3.1883674922110377,
      2.1868072781615777,
      1.4657589961183757,
      0.9902064891835104,
      1.0428962274178754e-15
    ],
    "singular_values_D": [
      5.788218864302393,
      5.536306727103613,
      5.222360176383483,
      5.080745040027158,
      4.755727191240247,
      4.128457507233486,
      3.642930147430571,
      3.1883674922110377,
      2.1868072781615777,
      1.4657589961183757,
      0.9902064891835104,
      1.0428962274178754e-15
    ],
    "singular_values_D_anchor": [
      14.39739107703708,
      5.690792908244823,
      5.253300551047933,
      5.08099914533465,
      4.943258317383443,
      4.5037631080650105,
      3.7112971057212008,
      3.1886741454471355,
      2.2914570934290794,
      1.7097897845799732,
      1.4425937053049183,
      6.545614382096468e-16
    ],
    "root_tree_count_cv": 0.5803495115493383,
    "root_tree_count_gini": 0.31666666666666665,
    "edge_participation": [
      0.375,
      0.3333333333333333,
      0.5,
      0.3333333333333333,
      0.25,
      0.3333333333333333,
      0.3333333333333333,
      0.25,
      0.3333333333333333,
      0.25,
      0.3333333333333333,
      0.375
    ],
    "edge_participation_mean": 0.3333333333333333,
    "edge_participation_var": 0.004340277777777777,
    "edge_participation_gini": 0.09895833333333348,
    "bottleneck_edge_fraction_095": 0.0,
    "mean_shortest_path": 1.5,
    "comparison_branch_d_rel_values": [
      22,
      22,
      22
    ],
    "comparison_branch_d_rel_min": 22,
    "comparison_branch_d_rel_mean": 22.0,
    "comparison_branch_d_rel_max": 22,
    "comparison_branch_d_rel_gini": 0.0,
    "comparison_branch_common_d_rel_values": [
      22,
      22,
      22
    ],
    "comparison_branch_common_d_rel_min": 22,
    "comparison_branch_common_d_rel_mean": 22.0,
    "comparison_branch_common_d_rel_max": 22,
    "comparison_branch_common_d_rel_gini": 0.0,
    "comparison_branch_input_count_values": [
      24,
      24,
      24
    ],
    "comparison_branch_input_count_min": 24,
    "comparison_branch_input_count_mean": 24.0,
    "comparison_branch_input_count_max": 24,
    "comparison_branch_input_count_gini": 0.0,
    "comparison_branch_input_overlap_values": [
      24,
      24,
      24
    ],
    "comparison_branch_input_overlap_min": 24,
    "comparison_branch_input_overlap_mean": 24.0,
    "comparison_branch_input_overlap_max": 24,
    "comparison_branch_input_overlap_gini": 0.0,
    "in_degree": [
      1,
      4,
      1,
      4,
      2
    ],
    "out_degree": [
      3,
      2,
      2,
      2,
      3
    ],
    "in_degree_cv": 0.5651941652604391,
    "out_degree_cv": 0.2041241452319315
  }
}