{
  "name": "cycle_chords_n5_m12_seed31",
  "family": "cycle_chords",
  "seed": 31,
  "n_nodes": 5,
  "edges": [
    [
      0,
      1
    ],
    [
      1,
      2
    ],
    [
      2,
      3
    ],
    [
      3,
      4
    ],
    [
      4,
      0
    ],
    [
      1,
      0
    ],
    [
      3,
      0
    ],
    [
      2,
      4
    ],
    [
      3,
      2
    ],
    [
      1,
      4
    ],
    [
      4,
      2
    ],
    [
      1,
      3
    ]
  ],
  "metrics": {
    "n_nodes": 5,
    "n_edges": 12,
    "p": 8,
    "strongly_connected": true,
    "edges": [
      [
        0,
        1
      ],
      [
        1,
        2
      ],
      [
        2,
        3
      ],
      [
        3,
        4
      ],
      [
        4,
        0
      ],
      [
        1,
        0
      ],
      [
        3,
        0
      ],
      [
        2,
        4
      ],
      [
        3,
        2
      ],
      [
        1,
        4
      ],
      [
        4,
        2
      ],
      [
        1,
        3
      ]
    ],
    "tree_counts_enum": [
      24,
      6,
      12,
      6,
      12
    ],
    "tree_counts_det": [
      24,
      6,
      12,
      6,
      12
    ],
    "tree_counts_match_det": true,
    "tree_enumeration_truncated": false,
    "max_trees_per_root": null,
    "n_trees_total_enum": 60,
    "rank_M": 12,
    "rank_D": 11,
    "rank_D_anchor": 11,
    "d_rel": 88,
    "effective_rank_D": 8.44922160217982,
    "condition_number_D": 4.753403614879105,
    "effective_rank_D_masked": 67.59377281743858,
    "condition_number_D_masked": 4.753403614879105,
    "singular_values_D_masked": [
      5.679326835450585,
      5.136244470703973,
      4.538530615339219,
      4.154008271504007,
      3.9548065800733525,
      3.272834158156078,
      3.087176819848984,
      2.4494897427831774,
      2.286491660522119,
      1.582832122189902,
      1.1947916262934533,
      5.888869997921937e-16,
      5.679326835450585,
      5.136244470703973,
      4.538530615339219,
      4.154008271504007,
      3.9548065800733525,
      3.272834158156078,
      3.087176819848984,
      2.4494897427831774,
      2.286491660522119,
      1.582832122189902,
      1.1947916262934533,
      5.888869997921937e-16,
      5.679326835450585,
      5.136244470703973,
      4.538530615339219,
      4.154008271504007,
      3.9548065800733525,
      3.272834158156078,
      3.087176819848984,
      2.4494897427831774,
      2.286491660522119,
      1.582832122189902,
      1.1947916262934533,
      5.888869997921937e-16,
      5.679326835450585,
      5.136244470703973,
      4.538530615339219,
      4.154008271504007,
      3.9548065800733525,
      3.272834158156078,
      3.087176819848984,
      2.4494897427831774,
      2.286491660522119,
      1.582832122189902,
      1.1947916262934533,
      5.888869997921937e-16,
      5.679326835450585,
      5.136244470703973,
      4.538530615339219,
      4.154008271504007,
      3.9548065800733525,
      3.272834158156078,
      3.087176819848984,
      2.4494897427831774,
      2.286491660522119,
      1.582832122189902,
      1.1947916262934533,
      5.888869997921937e-16,
      5.679326835450585,
      5.136244470703973,
      4.538530615339219,
      4.154008271504007,
      3.9548065800733525,
      3.272834158156078,
      3.087176819848984,
      2.4494897427831774,
      2.286491660522119,
      1.582832122189902,
      1.1947916262934533,
      5.888869997921937e-16,
      5.679326835450585,
      5.136244470703973,
      4.538530615339219,
      4.154008271504007,
      3.9548065800733525,
      3.272834158156078,
      3.087176819848984,
      2.4494897427831774,
      2.286491660522119,
      1.582832122189902,
      1.1947916262934533,
      5.888869997921937e-16,
      5.679326835450585,
      5.136244470703973,
      4.538530615339219,
      4.154008271504007,
      3.9548065800733525,
      3.272834158156078,
      3.087176819848984,
      2.4494897427831774,
      2.286491660522119,
      1.582832122189902,
      1.1947916262934533,
      5.888869997921937e-16
    ],
    "singular_values_D": [
      5.679326835450585,
      5.136244470703973,
      4.538530615339219,
      4.154008271504007,
      3.9548065800733525,
      3.272834158156078,
      3.087176819848984,
      2.4494897427831774,
      2.286491660522119,
      1.582832122189902,
      1.1947916262934533,
      5.888869997921937e-16
    ],
    "singular_values_D_anchor": [
      12.804181187606419,
      5.674675744957841,
      4.993952703280563,
      4.292143623359509,
      3.9623988452951986,
      3.354680577992452,
      3.115167164244585,
      2.5698737618439167,
      2.293358568561208,
      1.5837034408493091,
      1.2076111556602425,
      7.420588821845738e-16
    ],
    "root_tree_count_cv": 0.5477225575051662,
    "root_tree_count_gini": 0.28,
    "edge_participation": [
      0.6,
      0.3,
      0.4,
      0.3333333333333333,
      0.5333333333333333,
      0.1,
      0.35,
      0.4,
      0.21666666666666667,
      0.25,
      0.26666666666666666,
      0.25
    ],
    "edge_participation_mean": 0.3333333333333333,
    "edge_participation_var": 0.017314814814814814,
    "edge_participation_gini": 0.21736111111111134,
    "bottleneck_edge_fraction_095": 0.0,
    "mean_shortest_path": 1.45,
    "comparison_branch_d_rel_values": [
      22,
      22,
      22
    ],
    "comparison_branch_d_rel_min": 22,
    "comparison_branch_d_rel_mean": 22.0,
    "comparison_branch_d_rel_max": 22,
    "comparison_branch_d_rel_gini": 0.0,
    "comparison_branch_common_d_rel_values": [
      22,
      22,
      22
    ],
    "comparison_branch_common_d_rel_min": 22,
    "comparison_branch_common_d_rel_mean": 22.0,
    "comparison_branch_common_d_rel_max": 22,
    "comparison_branch_common_d_rel_gini": 0.0,
    "comparison_branch_input_count_values": [
      24,
      24,
      24
    ],
    "comparison_branch_input_count_min": 24,
    "comparison_branch_input_count_mean": 24.0,
    "comparison_branch_input_count_max": 24,
    "comparison_branch_input_count_gini": 0.0,
    "comparison_branch_input_overlap_values": [
      24,
      24,
      24
    ],
    "comparison_branch_input_overlap_min": 24,
    "comparison_branch_input_overlap_mean": 24.0,
    "comparison_branch_input_overlap_max": 24,
    "comparison_branch_input_overlap_gini": 0.0,
    "in_degree": [
      3,
      1,
      3,
      2,
      3
    ],
    "out_degree": [
      1,
      4,
      2,
      3,
      2
    ],
    "in_degree_cv": 0.33333333333333337,
    "out_degree_cv": 0.4249182927993988
  }
}