{
  "name": "cycle_chords_n5_m12_seed49",
  "family": "cycle_chords",
  "seed": 49,
  "n_nodes": 5,
  "edges": [
    [
      0,
      1
    ],
    [
      1,
      2
    ],
    [
      2,
      3
    ],
    [
      3,
      4
    ],
    [
      4,
      0
    ],
    [
      1,
      3
    ],
    [
      4,
      1
    ],
    [
      1,
      0
    ],
    [
      3,
      2
    ],
    [
      0,
      4
    ],
    [
      2,
      1
    ],
    [
      3,
      1
    ]
  ],
  "metrics": {
    "n_nodes": 5,
    "n_edges": 12,
    "p": 8,
    "strongly_connected": true,
    "edges": [
      [
        0,
        1
      ],
      [
        1,
        2
      ],
      [
        2,
        3
      ],
      [
        3,
        4
      ],
      [
        4,
        0
      ],
      [
        1,
        3
      ],
      [
        4,
        1
      ],
      [
        1,
        0
      ],
      [
        3,
        2
      ],
      [
        0,
        4
      ],
      [
        2,
        1
      ],
      [
        3,
        1
      ]
    ],
    "tree_counts_enum": [
      13,
      15,
      12,
      9,
      11
    ],
    "tree_counts_det": [
      13,
      15,
      12,
      9,
      11
    ],
    "tree_counts_match_det": true,
    "tree_enumeration_truncated": false,
    "max_trees_per_root": null,
    "n_trees_total_enum": 60,
    "rank_M": 12,
    "rank_D": 11,
    "rank_D_anchor": 11,
    "d_rel": 88,
    "effective_rank_D": 8.3906963739165,
    "condition_number_D": 4.658898220909043,
    "effective_rank_D_masked": 67.12557099133208,
    "condition_number_D_masked": 4.658898220909043,
    "singular_values_D_masked": [
      5.593465800868592,
      5.216870600209616,
      4.977840555059941,
      4.458876453916921,
      3.7737150340589323,
      3.599377774023918,
      3.1670933753503956,
      2.2416127704244015,
      2.083233614294093,
      1.7617812114489988,
      1.2005984109644698,
      5.767782598563508e-16,
      5.593465800868592,
      5.216870600209616,
      4.977840555059941,
      4.458876453916921,
      3.7737150340589323,
      3.599377774023918,
      3.1670933753503956,
      2.2416127704244015,
      2.083233614294093,
      1.7617812114489988,
      1.2005984109644698,
      5.767782598563508e-16,
      5.593465800868592,
      5.216870600209616,
      4.977840555059941,
      4.458876453916921,
      3.7737150340589323,
      3.599377774023918,
      3.1670933753503956,
      2.2416127704244015,
      2.083233614294093,
      1.7617812114489988,
      1.2005984109644698,
      5.767782598563508e-16,
      5.593465800868592,
      5.216870600209616,
      4.977840555059941,
      4.458876453916921,
      3.7737150340589323,
      3.599377774023918,
      3.1670933753503956,
      2.2416127704244015,
      2.083233614294093,
      1.7617812114489988,
      1.2005984109644698,
      5.767782598563508e-16,
      5.593465800868592,
      5.216870600209616,
      4.977840555059941,
      4.458876453916921,
      3.7737150340589323,
      3.599377774023918,
      3.1670933753503956,
      2.2416127704244015,
      2.083233614294093,
      1.7617812114489988,
      1.2005984109644698,
      5.767782598563508e-16,
      5.593465800868592,
      5.216870600209616,
      4.977840555059941,
      4.458876453916921,
      3.7737150340589323,
      3.599377774023918,
      3.1670933753503956,
      2.2416127704244015,
      2.083233614294093,
      1.7617812114489988,
      1.2005984109644698,
      5.767782598563508e-16,
      5.593465800868592,
      5.216870600209616,
      4.977840555059941,
      4.458876453916921,
      3.7737150340589323,
      3.599377774023918,
      3.1670933753503956,
      2.2416127704244015,
      2.083233614294093,
      1.7617812114489988,
      1.2005984109644698,
      5.767782598563508e-16,
      5.593465800868592,
      5.216870600209616,
      4.977840555059941,
      4.458876453916921,
      3.7737150340589323,
      3.599377774023918,
      3.1670933753503956,
      2.2416127704244015,
      2.083233614294093,
      1.7617812114489988,
      1.2005984109644698,
      5.767782598563508e-16
    ],
    "singular_values_D": [
      5.593465800868592,
      5.216870600209616,
      4.977840555059941,
      4.458876453916921,
      3.7737150340589323,
      3.599377774023918,
      3.1670933753503956,
      2.2416127704244015,
      2.083233614294093,
      1.7617812114489988,
      1.2005984109644698,
      5.767782598563508e-16
    ],
    "singular_values_D_anchor": [
      13.48607303821861,
      5.399003588744559,
      5.077844440014713,
      4.463505395946669,
      4.174457972416795,
      3.616300680750905,
      3.1678029979370694,
      2.6264996888441323,
      2.133025587640167,
      1.799473889448224,
      1.4297198387371115,
      8.268215039659899e-16
    ],
    "root_tree_count_cv": 0.16666666666666666,
    "root_tree_count_gini": 0.09333333333333327,
    "edge_participation": [
      0.45,
      0.25,
      0.4,
      0.4,
      0.3333333333333333,
      0.25,
      0.48333333333333334,
      0.25,
      0.2,
      0.3333333333333333,
      0.4,
      0.25
    ],
    "edge_participation_mean": 0.3333333333333333,
    "edge_participation_var": 0.007916666666666667,
    "edge_participation_gini": 0.1493055555555558,
    "bottleneck_edge_fraction_095": 0.0,
    "mean_shortest_path": 1.4,
    "comparison_branch_d_rel_values": [
      22,
      22,
      22
    ],
    "comparison_branch_d_rel_min": 22,
    "comparison_branch_d_rel_mean": 22.0,
    "comparison_branch_d_rel_max": 22,
    "comparison_branch_d_rel_gini": 0.0,
    "comparison_branch_common_d_rel_values": [
      22,
      22,
      22
    ],
    "comparison_branch_common_d_rel_min": 22,
    "comparison_branch_common_d_rel_mean": 22.0,
    "comparison_branch_common_d_rel_max": 22,
    "comparison_branch_common_d_rel_gini": 0.0,
    "comparison_branch_input_count_values": [
      24,
      24,
      24
    ],
    "comparison_branch_input_count_min": 24,
    "comparison_branch_input_count_mean": 24.0,
    "comparison_branch_input_count_max": 24,
    "comparison_branch_input_count_gini": 0.0,
    "comparison_branch_input_overlap_values": [
      24,
      24,
      24
    ],
    "comparison_branch_input_overlap_min": 24,
    "comparison_branch_input_overlap_mean": 24.0,
    "comparison_branch_input_overlap_max": 24,
    "comparison_branch_input_overlap_gini": 0.0,
    "in_degree": [
      2,
      4,
      2,
      2,
      2
    ],
    "out_degree": [
      2,
      3,
      2,
      3,
      2
    ],
    "in_degree_cv": 0.3333333333333334,
    "out_degree_cv": 0.2041241452319315
  }
}