{
  "name": "cycle_chords_n5_m12_seed48",
  "family": "cycle_chords",
  "seed": 48,
  "n_nodes": 5,
  "edges": [
    [
      0,
      1
    ],
    [
      1,
      2
    ],
    [
      2,
      3
    ],
    [
      3,
      4
    ],
    [
      4,
      0
    ],
    [
      2,
      0
    ],
    [
      0,
      2
    ],
    [
      4,
      1
    ],
    [
      3,
      0
    ],
    [
      0,
      3
    ],
    [
      2,
      1
    ],
    [
      4,
      2
    ]
  ],
  "metrics": {
    "n_nodes": 5,
    "n_edges": 12,
    "p": 8,
    "strongly_connected": true,
    "edges": [
      [
        0,
        1
      ],
      [
        1,
        2
      ],
      [
        2,
        3
      ],
      [
        3,
        4
      ],
      [
        4,
        0
      ],
      [
        2,
        0
      ],
      [
        0,
        2
      ],
      [
        4,
        1
      ],
      [
        3,
        0
      ],
      [
        0,
        3
      ],
      [
        2,
        1
      ],
      [
        4,
        2
      ]
    ],
    "tree_counts_enum": [
      10,
      28,
      14,
      12,
      4
    ],
    "tree_counts_det": [
      10,
      28,
      14,
      12,
      4
    ],
    "tree_counts_match_det": true,
    "tree_enumeration_truncated": false,
    "max_trees_per_root": null,
    "n_trees_total_enum": 68,
    "rank_M": 12,
    "rank_D": 11,
    "rank_D_anchor": 11,
    "d_rel": 88,
    "effective_rank_D": 8.649567421220649,
    "condition_number_D": 4.705140759790786,
    "effective_rank_D_masked": 69.1965393697652,
    "condition_number_D_masked": 4.705140759790786,
    "singular_values_D_masked": [
      5.5829818230737045,
      5.3367799066474255,
      4.716817756945067,
      4.697211535831521,
      4.612801252065017,
      4.31175242121255,
      3.452570623807131,
      2.769188841773248,
      2.0347821697359016,
      1.7239551266299613,
      1.1865706273412215,
      6.744615930140316e-16,
      5.5829818230737045,
      5.3367799066474255,
      4.716817756945067,
      4.697211535831521,
      4.612801252065017,
      4.31175242121255,
      3.452570623807131,
      2.769188841773248,
      2.0347821697359016,
      1.7239551266299613,
      1.1865706273412215,
      6.744615930140316e-16,
      5.5829818230737045,
      5.3367799066474255,
      4.716817756945067,
      4.697211535831521,
      4.612801252065017,
      4.31175242121255,
      3.452570623807131,
      2.769188841773248,
      2.0347821697359016,
      1.7239551266299613,
      1.1865706273412215,
      6.744615930140316e-16,
      5.5829818230737045,
      5.3367799066474255,
      4.716817756945067,
      4.697211535831521,
      4.612801252065017,
      4.31175242121255,
      3.452570623807131,
      2.769188841773248,
      2.0347821697359016,
      1.7239551266299613,
      1.1865706273412215,
      6.744615930140316e-16,
      5.5829818230737045,
      5.3367799066474255,
      4.716817756945067,
      4.697211535831521,
      4.612801252065017,
      4.31175242121255,
      3.452570623807131,
      2.769188841773248,
      2.0347821697359016,
      1.7239551266299613,
      1.1865706273412215,
      6.744615930140316e-16,
      5.5829818230737045,
      5.3367799066474255,
      4.716817756945067,
      4.697211535831521,
      4.612801252065017,
      4.31175242121255,
      3.452570623807131,
      2.769188841773248,
      2.0347821697359016,
      1.7239551266299613,
      1.1865706273412215,
      6.744615930140316e-16,
      5.5829818230737045,
      5.3367799066474255,
      4.716817756945067,
      4.697211535831521,
      4.612801252065017,
      4.31175242121255,
      3.452570623807131,
      2.769188841773248,
      2.0347821697359016,
      1.7239551266299613,
      1.1865706273412215,
      6.744615930140316e-16,
      5.5829818230737045,
      5.3367799066474255,
      4.716817756945067,
      4.697211535831521,
      4.612801252065017,
      4.31175242121255,
      3.452570623807131,
      2.769188841773248,
      2.0347821697359016,
      1.7239551266299613,
      1.1865706273412215,
      6.744615930140316e-16
    ],
    "singular_values_D": [
      5.5829818230737045,
      5.3367799066474255,
      4.716817756945067,
      4.697211535831521,
      4.612801252065017,
      4.31175242121255,
      3.452570623807131,
      2.769188841773248,
      2.0347821697359016,
      1.7239551266299613,
      1.1865706273412215,
      6.744615930140316e-16
    ],
    "singular_values_D_anchor": [
      12.781480294401412,
      5.479713784291243,
      5.169553194139353,
      4.715870388910835,
      4.688769478773163,
      4.312636366974378,
      3.4525812049198987,
      2.7864857354763064,
      2.541219148382112,
      1.8346037335454506,
      1.2453945420580406,
      6.700677520552975e-16
    ],
    "root_tree_count_cv": 0.5838068600376238,
    "root_tree_count_gini": 0.3058823529411765,
    "edge_participation": [
      0.39705882352941174,
      0.5882352941176471,
      0.3382352941176471,
      0.47058823529411764,
      0.29411764705882354,
      0.25,
      0.25,
      0.35294117647058826,
      0.35294117647058826,
      0.20588235294117646,
      0.20588235294117646,
      0.29411764705882354
    ],
    "edge_participation_mean": 0.3333333333333334,
    "edge_participation_var": 0.011509996155324874,
    "edge_participation_gini": 0.17401960784313708,
    "bottleneck_edge_fraction_095": 0.0,
    "mean_shortest_path": 1.45,
    "comparison_branch_d_rel_values": [
      22,
      22,
      22
    ],
    "comparison_branch_d_rel_min": 22,
    "comparison_branch_d_rel_mean": 22.0,
    "comparison_branch_d_rel_max": 22,
    "comparison_branch_d_rel_gini": 0.0,
    "comparison_branch_common_d_rel_values": [
      22,
      22,
      22
    ],
    "comparison_branch_common_d_rel_min": 22,
    "comparison_branch_common_d_rel_mean": 22.0,
    "comparison_branch_common_d_rel_max": 22,
    "comparison_branch_common_d_rel_gini": 0.0,
    "comparison_branch_input_count_values": [
      24,
      24,
      24
    ],
    "comparison_branch_input_count_min": 24,
    "comparison_branch_input_count_mean": 24.0,
    "comparison_branch_input_count_max": 24,
    "comparison_branch_input_count_gini": 0.0,
    "comparison_branch_input_overlap_values": [
      24,
      24,
      24
    ],
    "comparison_branch_input_overlap_min": 24,
    "comparison_branch_input_overlap_mean": 24.0,
    "comparison_branch_input_overlap_max": 24,
    "comparison_branch_input_overlap_gini": 0.0,
    "in_degree": [
      3,
      3,
      3,
      2,
      1
    ],
    "out_degree": [
      3,
      1,
      3,
      2,
      3
    ],
    "in_degree_cv": 0.33333333333333337,
    "out_degree_cv": 0.33333333333333337
  }
}