{
  "name": "cycle_chords_n5_m12_seed57",
  "family": "cycle_chords",
  "seed": 57,
  "n_nodes": 5,
  "edges": [
    [
      0,
      1
    ],
    [
      1,
      2
    ],
    [
      2,
      3
    ],
    [
      3,
      4
    ],
    [
      4,
      0
    ],
    [
      0,
      3
    ],
    [
      2,
      1
    ],
    [
      3,
      1
    ],
    [
      1,
      3
    ],
    [
      2,
      0
    ],
    [
      0,
      4
    ],
    [
      3,
      2
    ]
  ],
  "metrics": {
    "n_nodes": 5,
    "n_edges": 12,
    "p": 8,
    "strongly_connected": true,
    "edges": [
      [
        0,
        1
      ],
      [
        1,
        2
      ],
      [
        2,
        3
      ],
      [
        3,
        4
      ],
      [
        4,
        0
      ],
      [
        0,
        3
      ],
      [
        2,
        1
      ],
      [
        3,
        1
      ],
      [
        1,
        3
      ],
      [
        2,
        0
      ],
      [
        0,
        4
      ],
      [
        3,
        2
      ]
    ],
    "tree_counts_enum": [
      8,
      12,
      7,
      9,
      17
    ],
    "tree_counts_det": [
      8,
      12,
      7,
      9,
      17
    ],
    "tree_counts_match_det": true,
    "tree_enumeration_truncated": false,
    "max_trees_per_root": null,
    "n_trees_total_enum": 53,
    "rank_M": 12,
    "rank_D": 11,
    "rank_D_anchor": 11,
    "d_rel": 88,
    "effective_rank_D": 8.451185151833252,
    "condition_number_D": 4.296900457063675,
    "effective_rank_D_masked": 67.60948121466609,
    "condition_number_D_masked": 4.296900457063675,
    "singular_values_D_masked": [
      5.1549449901235835,
      4.756283961075549,
      4.4485590793759195,
      4.243534221058663,
      3.2690520117111315,
      3.2134293133777083,
      2.8970673980351256,
      2.2597013469112013,
      1.9622825277878646,
      1.5410938452916485,
      1.1996891809884422,
      4.696652422160969e-16,
      5.1549449901235835,
      4.756283961075549,
      4.4485590793759195,
      4.243534221058663,
      3.2690520117111315,
      3.2134293133777083,
      2.8970673980351256,
      2.2597013469112013,
      1.9622825277878646,
      1.5410938452916485,
      1.1996891809884422,
      4.696652422160969e-16,
      5.1549449901235835,
      4.756283961075549,
      4.4485590793759195,
      4.243534221058663,
      3.2690520117111315,
      3.2134293133777083,
      2.8970673980351256,
      2.2597013469112013,
      1.9622825277878646,
      1.5410938452916485,
      1.1996891809884422,
      4.696652422160969e-16,
      5.1549449901235835,
      4.756283961075549,
      4.4485590793759195,
      4.243534221058663,
      3.2690520117111315,
      3.2134293133777083,
      2.8970673980351256,
      2.2597013469112013,
      1.9622825277878646,
      1.5410938452916485,
      1.1996891809884422,
      4.696652422160969e-16,
      5.1549449901235835,
      4.756283961075549,
      4.4485590793759195,
      4.243534221058663,
      3.2690520117111315,
      3.2134293133777083,
      2.8970673980351256,
      2.2597013469112013,
      1.9622825277878646,
      1.5410938452916485,
      1.1996891809884422,
      4.696652422160969e-16,
      5.1549449901235835,
      4.756283961075549,
      4.4485590793759195,
      4.243534221058663,
      3.2690520117111315,
      3.2134293133777083,
      2.8970673980351256,
      2.2597013469112013,
      1.9622825277878646,
      1.5410938452916485,
      1.1996891809884422,
      4.696652422160969e-16,
      5.1549449901235835,
      4.756283961075549,
      4.4485590793759195,
      4.243534221058663,
      3.2690520117111315,
      3.2134293133777083,
      2.8970673980351256,
      2.2597013469112013,
      1.9622825277878646,
      1.5410938452916485,
      1.1996891809884422,
      4.696652422160969e-16,
      5.1549449901235835,
      4.756283961075549,
      4.4485590793759195,
      4.243534221058663,
      3.2690520117111315,
      3.2134293133777083,
      2.8970673980351256,
      2.2597013469112013,
      1.9622825277878646,
      1.5410938452916485,
      1.1996891809884422,
      4.696652422160969e-16
    ],
    "singular_values_D": [
      5.1549449901235835,
      4.756283961075549,
      4.4485590793759195,
      4.243534221058663,
      3.2690520117111315,
      3.2134293133777083,
      2.8970673980351256,
      2.2597013469112013,
      1.9622825277878646,
      1.5410938452916485,
      1.1996891809884422,
      4.696652422160969e-16
    ],
    "singular_values_D_anchor": [
      11.169843907232647,
      5.150763334243422,
      4.714147408214128,
      4.258105752960386,
      3.401428421403098,
      3.2174460950703065,
      3.0898661138203027,
      2.6554895234873275,
      1.9699860663536923,
      1.548555540889166,
      1.2450431786732903,
      6.468868641347129e-16
    ],
    "root_tree_count_cv": 0.3406692468918451,
    "root_tree_count_gini": 0.18113207547169807,
    "edge_participation": [
      0.37735849056603776,
      0.3584905660377358,
      0.2830188679245283,
      0.4339622641509434,
      0.6792452830188679,
      0.32075471698113206,
      0.20754716981132076,
      0.18867924528301888,
      0.41509433962264153,
      0.37735849056603776,
      0.1509433962264151,
      0.20754716981132076
    ],
    "edge_participation_mean": 0.3333333333333333,
    "edge_participation_var": 0.019125034610972664,
    "edge_participation_gini": 0.2216981132075473,
    "bottleneck_edge_fraction_095": 0.0,
    "mean_shortest_path": 1.45,
    "comparison_branch_d_rel_values": [
      22,
      22,
      22
    ],
    "comparison_branch_d_rel_min": 22,
    "comparison_branch_d_rel_mean": 22.0,
    "comparison_branch_d_rel_max": 22,
    "comparison_branch_d_rel_gini": 0.0,
    "comparison_branch_common_d_rel_values": [
      22,
      22,
      22
    ],
    "comparison_branch_common_d_rel_min": 22,
    "comparison_branch_common_d_rel_mean": 22.0,
    "comparison_branch_common_d_rel_max": 22,
    "comparison_branch_common_d_rel_gini": 0.0,
    "comparison_branch_input_count_values": [
      24,
      24,
      24
    ],
    "comparison_branch_input_count_min": 24,
    "comparison_branch_input_count_mean": 24.0,
    "comparison_branch_input_count_max": 24,
    "comparison_branch_input_count_gini": 0.0,
    "comparison_branch_input_overlap_values": [
      24,
      24,
      24
    ],
    "comparison_branch_input_overlap_min": 24,
    "comparison_branch_input_overlap_mean": 24.0,
    "comparison_branch_input_overlap_max": 24,
    "comparison_branch_input_overlap_gini": 0.0,
    "in_degree": [
      2,
      3,
      2,
      3,
      2
    ],
    "out_degree": [
      3,
      2,
      3,
      3,
      1
    ],
    "in_degree_cv": 0.2041241452319315,
    "out_degree_cv": 0.33333333333333337
  }
}