{
  "name": "cycle_chords_n5_m12_seed56",
  "family": "cycle_chords",
  "seed": 56,
  "n_nodes": 5,
  "edges": [
    [
      0,
      1
    ],
    [
      1,
      2
    ],
    [
      2,
      3
    ],
    [
      3,
      4
    ],
    [
      4,
      0
    ],
    [
      3,
      2
    ],
    [
      3,
      0
    ],
    [
      1,
      0
    ],
    [
      0,
      4
    ],
    [
      4,
      1
    ],
    [
      0,
      3
    ],
    [
      1,
      4
    ]
  ],
  "metrics": {
    "n_nodes": 5,
    "n_edges": 12,
    "p": 8,
    "strongly_connected": true,
    "edges": [
      [
        0,
        1
      ],
      [
        1,
        2
      ],
      [
        2,
        3
      ],
      [
        3,
        4
      ],
      [
        4,
        0
      ],
      [
        3,
        2
      ],
      [
        3,
        0
      ],
      [
        1,
        0
      ],
      [
        0,
        4
      ],
      [
        4,
        1
      ],
      [
        0,
        3
      ],
      [
        1,
        4
      ]
    ],
    "tree_counts_enum": [
      9,
      7,
      15,
      8,
      12
    ],
    "tree_counts_det": [
      9,
      7,
      15,
      8,
      12
    ],
    "tree_counts_match_det": true,
    "tree_enumeration_truncated": false,
    "max_trees_per_root": null,
    "n_trees_total_enum": 51,
    "rank_M": 12,
    "rank_D": 11,
    "rank_D_anchor": 11,
    "d_rel": 88,
    "effective_rank_D": 8.448531470442726,
    "condition_number_D": 3.8955823383933033,
    "effective_rank_D_masked": 67.58825176354176,
    "condition_number_D_masked": 3.8955823383933033,
    "singular_values_D_masked": [
      4.972430590186732,
      4.636556733267489,
      4.433522326083205,
      4.13677912126096,
      3.347014894852146,
      3.0152839729622616,
      2.8571143424387744,
      2.0088578706072595,
      1.9668240563910486,
      1.4812024354891364,
      1.2764280557441803,
      5.140549911743952e-16,
      4.972430590186732,
      4.636556733267489,
      4.433522326083205,
      4.13677912126096,
      3.347014894852146,
      3.0152839729622616,
      2.8571143424387744,
      2.0088578706072595,
      1.9668240563910486,
      1.4812024354891364,
      1.2764280557441803,
      5.140549911743952e-16,
      4.972430590186732,
      4.636556733267489,
      4.433522326083205,
      4.13677912126096,
      3.347014894852146,
      3.0152839729622616,
      2.8571143424387744,
      2.0088578706072595,
      1.9668240563910486,
      1.4812024354891364,
      1.2764280557441803,
      5.140549911743952e-16,
      4.972430590186732,
      4.636556733267489,
      4.433522326083205,
      4.13677912126096,
      3.347014894852146,
      3.0152839729622616,
      2.8571143424387744,
      2.0088578706072595,
      1.9668240563910486,
      1.4812024354891364,
      1.2764280557441803,
      5.140549911743952e-16,
      4.972430590186732,
      4.636556733267489,
      4.433522326083205,
      4.13677912126096,
      3.347014894852146,
      3.0152839729622616,
      2.8571143424387744,
      2.0088578706072595,
      1.9668240563910486,
      1.4812024354891364,
      1.2764280557441803,
      5.140549911743952e-16,
      4.972430590186732,
      4.636556733267489,
      4.433522326083205,
      4.13677912126096,
      3.347014894852146,
      3.0152839729622616,
      2.8571143424387744,
      2.0088578706072595,
      1.9668240563910486,
      1.4812024354891364,
      1.2764280557441803,
      5.140549911743952e-16,
      4.972430590186732,
      4.636556733267489,
      4.433522326083205,
      4.13677912126096,
      3.347014894852146,
      3.0152839729622616,
      2.8571143424387744,
      2.0088578706072595,
      1.9668240563910486,
      1.4812024354891364,
      1.2764280557441803,
      5.140549911743952e-16,
      4.972430590186732,
      4.636556733267489,
      4.433522326083205,
      4.13677912126096,
      3.347014894852146,
      3.0152839729622616,
      2.8571143424387744,
      2.0088578706072595,
      1.9668240563910486,
      1.4812024354891364,
      1.2764280557441803,
      5.140549911743952e-16
    ],
    "singular_values_D": [
      4.972430590186732,
      4.636556733267489,
      4.433522326083205,
      4.13677912126096,
      3.347014894852146,
      3.0152839729622616,
      2.8571143424387744,
      2.0088578706072595,
      1.9668240563910486,
      1.4812024354891364,
      1.2764280557441803,
      5.140549911743952e-16
    ],
    "singular_values_D_anchor": [
      10.109743361054313,
      4.927012095479708,
      4.583594108342011,
      4.418328559842932,
      3.67545842458417,
      3.2110586550675126,
      2.868967928689367,
      2.1740416056511216,
      1.9930251261443404,
      1.585637517246819,
      1.3126145992785976,
      7.662457788173142e-16
    ],
    "root_tree_count_cv": 0.2868380164377999,
    "root_tree_count_gini": 0.15686274509803932,
    "edge_participation": [
      0.29411764705882354,
      0.47058823529411764,
      0.7058823529411765,
      0.39215686274509803,
      0.35294117647058826,
      0.1568627450980392,
      0.29411764705882354,
      0.21568627450980393,
      0.23529411764705882,
      0.4117647058823529,
      0.29411764705882354,
      0.17647058823529413
    ],
    "edge_participation_mean": 0.3333333333333333,
    "edge_participation_var": 0.020953479430988086,
    "edge_participation_gini": 0.22957516339869288,
    "bottleneck_edge_fraction_095": 0.0,
    "mean_shortest_path": 1.45,
    "comparison_branch_d_rel_values": [
      22,
      22,
      22
    ],
    "comparison_branch_d_rel_min": 22,
    "comparison_branch_d_rel_mean": 22.0,
    "comparison_branch_d_rel_max": 22,
    "comparison_branch_d_rel_gini": 0.0,
    "comparison_branch_common_d_rel_values": [
      22,
      22,
      22
    ],
    "comparison_branch_common_d_rel_min": 22,
    "comparison_branch_common_d_rel_mean": 22.0,
    "comparison_branch_common_d_rel_max": 22,
    "comparison_branch_common_d_rel_gini": 0.0,
    "comparison_branch_input_count_values": [
      24,
      24,
      24
    ],
    "comparison_branch_input_count_min": 24,
    "comparison_branch_input_count_mean": 24.0,
    "comparison_branch_input_count_max": 24,
    "comparison_branch_input_count_gini": 0.0,
    "comparison_branch_input_overlap_values": [
      24,
      24,
      24
    ],
    "comparison_branch_input_overlap_min": 24,
    "comparison_branch_input_overlap_mean": 24.0,
    "comparison_branch_input_overlap_max": 24,
    "comparison_branch_input_overlap_gini": 0.0,
    "in_degree": [
      3,
      2,
      2,
      2,
      3
    ],
    "out_degree": [
      3,
      3,
      1,
      3,
      2
    ],
    "in_degree_cv": 0.2041241452319315,
    "out_degree_cv": 0.33333333333333337
  }
}