{
  "name": "cycle_chords_n5_m12_seed55",
  "family": "cycle_chords",
  "seed": 55,
  "n_nodes": 5,
  "edges": [
    [
      0,
      1
    ],
    [
      1,
      2
    ],
    [
      2,
      3
    ],
    [
      3,
      4
    ],
    [
      4,
      0
    ],
    [
      2,
      0
    ],
    [
      1,
      4
    ],
    [
      3,
      0
    ],
    [
      2,
      1
    ],
    [
      4,
      2
    ],
    [
      2,
      4
    ],
    [
      0,
      2
    ]
  ],
  "metrics": {
    "n_nodes": 5,
    "n_edges": 12,
    "p": 8,
    "strongly_connected": true,
    "edges": [
      [
        0,
        1
      ],
      [
        1,
        2
      ],
      [
        2,
        3
      ],
      [
        3,
        4
      ],
      [
        4,
        0
      ],
      [
        2,
        0
      ],
      [
        1,
        4
      ],
      [
        3,
        0
      ],
      [
        2,
        1
      ],
      [
        4,
        2
      ],
      [
        2,
        4
      ],
      [
        0,
        2
      ]
    ],
    "tree_counts_enum": [
      20,
      17,
      14,
      7,
      19
    ],
    "tree_counts_det": [
      20,
      17,
      14,
      7,
      19
    ],
    "tree_counts_match_det": true,
    "tree_enumeration_truncated": false,
    "max_trees_per_root": null,
    "n_trees_total_enum": 77,
    "rank_M": 12,
    "rank_D": 11,
    "rank_D_anchor": 11,
    "d_rel": 88,
    "effective_rank_D": 8.723796656636958,
    "condition_number_D": 3.750485417537047,
    "effective_rank_D_masked": 69.79037325309562,
    "condition_number_D_masked": 3.750485417537047,
    "singular_values_D_masked": [
      5.973176382893691,
      5.600609480284845,
      5.440935589396629,
      5.3441373074856005,
      4.404423985552393,
      3.9818135187521904,
      3.948605621540057,
      2.5447058689025495,
      2.451320156844701,
      2.0613465730677563,
      1.592640876555198,
      7.726138135582895e-16,
      5.973176382893691,
      5.600609480284845,
      5.440935589396629,
      5.3441373074856005,
      4.404423985552393,
      3.9818135187521904,
      3.948605621540057,
      2.5447058689025495,
      2.451320156844701,
      2.0613465730677563,
      1.592640876555198,
      7.726138135582895e-16,
      5.973176382893691,
      5.600609480284845,
      5.440935589396629,
      5.3441373074856005,
      4.404423985552393,
      3.9818135187521904,
      3.948605621540057,
      2.5447058689025495,
      2.451320156844701,
      2.0613465730677563,
      1.592640876555198,
      7.726138135582895e-16,
      5.973176382893691,
      5.600609480284845,
      5.440935589396629,
      5.3441373074856005,
      4.404423985552393,
      3.9818135187521904,
      3.948605621540057,
      2.5447058689025495,
      2.451320156844701,
      2.0613465730677563,
      1.592640876555198,
      7.726138135582895e-16,
      5.973176382893691,
      5.600609480284845,
      5.440935589396629,
      5.3441373074856005,
      4.404423985552393,
      3.9818135187521904,
      3.948605621540057,
      2.5447058689025495,
      2.451320156844701,
      2.0613465730677563,
      1.592640876555198,
      7.726138135582895e-16,
      5.973176382893691,
      5.600609480284845,
      5.440935589396629,
      5.3441373074856005,
      4.404423985552393,
      3.9818135187521904,
      3.948605621540057,
      2.5447058689025495,
      2.451320156844701,
      2.0613465730677563,
      1.592640876555198,
      7.726138135582895e-16,
      5.973176382893691,
      5.600609480284845,
      5.440935589396629,
      5.3441373074856005,
      4.404423985552393,
      3.9818135187521904,
      3.948605621540057,
      2.5447058689025495,
      2.451320156844701,
      2.0613465730677563,
      1.592640876555198,
      7.726138135582895e-16,
      5.973176382893691,
      5.600609480284845,
      5.440935589396629,
      5.3441373074856005,
      4.404423985552393,
      3.9818135187521904,
      3.948605621540057,
      2.5447058689025495,
      2.451320156844701,
      2.0613465730677563,
      1.592640876555198,
      7.726138135582895e-16
    ],
    "singular_values_D": [
      5.973176382893691,
      5.600609480284845,
      5.440935589396629,
      5.3441373074856005,
      4.404423985552393,
      3.9818135187521904,
      3.948605621540057,
      2.5447058689025495,
      2.451320156844701,
      2.0613465730677563,
      1.592640876555198,
      7.726138135582895e-16
    ],
    "singular_values_D_anchor": [
      14.718979197860163,
      5.799087812433033,
      5.447563457556273,
      5.344729149834281,
      4.7452442630887735,
      4.025538023084288,
      3.9523594197552536,
      2.798468900222471,
      2.489285604273998,
      2.082355581884286,
      1.6650928977971513,
      6.160547497195168e-16
    ],
    "root_tree_count_cv": 0.3034628946895564,
    "root_tree_count_gini": 0.1610389610389611,
    "edge_participation": [
      0.42857142857142855,
      0.35064935064935066,
      0.2727272727272727,
      0.45454545454545453,
      0.42857142857142855,
      0.18181818181818182,
      0.42857142857142855,
      0.45454545454545453,
      0.18181818181818182,
      0.3246753246753247,
      0.18181818181818182,
      0.3116883116883117
    ],
    "edge_participation_mean": 0.3333333333333333,
    "edge_participation_var": 0.010831880961751089,
    "edge_participation_gini": 0.1737012987012987,
    "bottleneck_edge_fraction_095": 0.0,
    "mean_shortest_path": 1.4,
    "comparison_branch_d_rel_values": [
      22,
      22,
      22
    ],
    "comparison_branch_d_rel_min": 22,
    "comparison_branch_d_rel_mean": 22.0,
    "comparison_branch_d_rel_max": 22,
    "comparison_branch_d_rel_gini": 0.0,
    "comparison_branch_common_d_rel_values": [
      22,
      22,
      22
    ],
    "comparison_branch_common_d_rel_min": 22,
    "comparison_branch_common_d_rel_mean": 22.0,
    "comparison_branch_common_d_rel_max": 22,
    "comparison_branch_common_d_rel_gini": 0.0,
    "comparison_branch_input_count_values": [
      24,
      24,
      24
    ],
    "comparison_branch_input_count_min": 24,
    "comparison_branch_input_count_mean": 24.0,
    "comparison_branch_input_count_max": 24,
    "comparison_branch_input_count_gini": 0.0,
    "comparison_branch_input_overlap_values": [
      24,
      24,
      24
    ],
    "comparison_branch_input_overlap_min": 24,
    "comparison_branch_input_overlap_mean": 24.0,
    "comparison_branch_input_overlap_max": 24,
    "comparison_branch_input_overlap_gini": 0.0,
    "in_degree": [
      3,
      2,
      3,
      1,
      3
    ],
    "out_degree": [
      2,
      2,
      4,
      2,
      2
    ],
    "in_degree_cv": 0.33333333333333337,
    "out_degree_cv": 0.33333333333333337
  }
}