{
  "name": "cycle_chords_n5_m12_seed70",
  "family": "cycle_chords",
  "seed": 70,
  "n_nodes": 5,
  "edges": [
    [
      0,
      1
    ],
    [
      1,
      2
    ],
    [
      2,
      3
    ],
    [
      3,
      4
    ],
    [
      4,
      0
    ],
    [
      2,
      0
    ],
    [
      1,
      0
    ],
    [
      2,
      4
    ],
    [
      3,
      0
    ],
    [
      4,
      1
    ],
    [
      4,
      2
    ],
    [
      0,
      2
    ]
  ],
  "metrics": {
    "n_nodes": 5,
    "n_edges": 12,
    "p": 8,
    "strongly_connected": true,
    "edges": [
      [
        0,
        1
      ],
      [
        1,
        2
      ],
      [
        2,
        3
      ],
      [
        3,
        4
      ],
      [
        4,
        0
      ],
      [
        2,
        0
      ],
      [
        1,
        0
      ],
      [
        2,
        4
      ],
      [
        3,
        0
      ],
      [
        4,
        1
      ],
      [
        4,
        2
      ],
      [
        0,
        2
      ]
    ],
    "tree_counts_enum": [
      27,
      18,
      18,
      9,
      9
    ],
    "tree_counts_det": [
      27,
      18,
      18,
      9,
      9
    ],
    "tree_counts_match_det": true,
    "tree_enumeration_truncated": false,
    "max_trees_per_root": null,
    "n_trees_total_enum": 81,
    "rank_M": 12,
    "rank_D": 11,
    "rank_D_anchor": 11,
    "d_rel": 88,
    "effective_rank_D": 8.760418806738283,
    "condition_number_D": 3.7014184157476966,
    "effective_rank_D_masked": 70.08335045390625,
    "condition_number_D_masked": 3.7014184157476966,
    "singular_values_D_masked": [
      6.107961764064171,
      5.9611106470540784,
      5.314531192113432,
      5.196152422706632,
      4.799099166833546,
      4.740294462875894,
      3.973935744525497,
      3.047519959200494,
      2.2555558756232563,
      1.876658523335401,
      1.6501678756656712,
      1.4389400303754979e-15,
      6.107961764064171,
      5.9611106470540784,
      5.314531192113432,
      5.196152422706632,
      4.799099166833546,
      4.740294462875894,
      3.973935744525497,
      3.047519959200494,
      2.2555558756232563,
      1.876658523335401,
      1.6501678756656712,
      1.4389400303754979e-15,
      6.107961764064171,
      5.9611106470540784,
      5.314531192113432,
      5.196152422706632,
      4.799099166833546,
      4.740294462875894,
      3.973935744525497,
      3.047519959200494,
      2.2555558756232563,
      1.876658523335401,
      1.6501678756656712,
      1.4389400303754979e-15,
      6.107961764064171,
      5.9611106470540784,
      5.314531192113432,
      5.196152422706632,
      4.799099166833546,
      4.740294462875894,
      3.973935744525497,
      3.047519959200494,
      2.2555558756232563,
      1.876658523335401,
      1.6501678756656712,
      1.4389400303754979e-15,
      6.107961764064171,
      5.9611106470540784,
      5.314531192113432,
      5.196152422706632,
      4.799099166833546,
      4.740294462875894,
      3.973935744525497,
      3.047519959200494,
      2.2555558756232563,
      1.876658523335401,
      1.6501678756656712,
      1.4389400303754979e-15,
      6.107961764064171,
      5.9611106470540784,
      5.314531192113432,
      5.196152422706632,
      4.799099166833546,
      4.740294462875894,
      3.973935744525497,
      3.047519959200494,
      2.2555558756232563,
      1.876658523335401,
      1.6501678756656712,
      1.4389400303754979e-15,
      6.107961764064171,
      5.9611106470540784,
      5.314531192113432,
      5.196152422706632,
      4.799099166833546,
      4.740294462875894,
      3.973935744525497,
      3.047519959200494,
      2.2555558756232563,
      1.876658523335401,
      1.6501678756656712,
      1.4389400303754979e-15,
      6.107961764064171,
      5.9611106470540784,
      5.314531192113432,
      5.196152422706632,
      4.799099166833546,
      4.740294462875894,
      3.973935744525497,
      3.047519959200494,
      2.2555558756232563,
      1.876658523335401,
      1.6501678756656712,
      1.4389400303754979e-15
    ],
    "singular_values_D": [
      6.107961764064171,
      5.9611106470540784,
      5.314531192113432,
      5.196152422706632,
      4.799099166833546,
      4.740294462875894,
      3.973935744525497,
      3.047519959200494,
      2.2555558756232563,
      1.876658523335401,
      1.6501678756656712,
      1.4389400303754979e-15
    ],
    "singular_values_D_anchor": [
      14.590579511517987,
      6.104292699115682,
      5.614373741011414,
      5.273357158422263,
      4.852223198996429,
      4.794266979876138,
      4.1547625097190775,
      3.274619706085162,
      2.2655918110659647,
      2.037362888453139,
      1.6507896792381487,
      8.703715525346801e-16
    ],
    "root_tree_count_cv": 0.41573970964154905,
    "root_tree_count_gini": 0.22222222222222232,
    "edge_participation": [
      0.3333333333333333,
      0.4444444444444444,
      0.3333333333333333,
      0.4444444444444444,
      0.3333333333333333,
      0.2222222222222222,
      0.3333333333333333,
      0.2222222222222222,
      0.4444444444444444,
      0.3333333333333333,
      0.2222222222222222,
      0.3333333333333333
    ],
    "edge_participation_mean": 0.3333333333333333,
    "edge_participation_var": 0.006172839506172839,
    "edge_participation_gini": 0.125,
    "bottleneck_edge_fraction_095": 0.0,
    "mean_shortest_path": 1.4,
    "comparison_branch_d_rel_values": [
      22,
      22,
      22
    ],
    "comparison_branch_d_rel_min": 22,
    "comparison_branch_d_rel_mean": 22.0,
    "comparison_branch_d_rel_max": 22,
    "comparison_branch_d_rel_gini": 0.0,
    "comparison_branch_common_d_rel_values": [
      22,
      22,
      22
    ],
    "comparison_branch_common_d_rel_min": 22,
    "comparison_branch_common_d_rel_mean": 22.0,
    "comparison_branch_common_d_rel_max": 22,
    "comparison_branch_common_d_rel_gini": 0.0,
    "comparison_branch_input_count_values": [
      24,
      24,
      24
    ],
    "comparison_branch_input_count_min": 24,
    "comparison_branch_input_count_mean": 24.0,
    "comparison_branch_input_count_max": 24,
    "comparison_branch_input_count_gini": 0.0,
    "comparison_branch_input_overlap_values": [
      24,
      24,
      24
    ],
    "comparison_branch_input_overlap_min": 24,
    "comparison_branch_input_overlap_mean": 24.0,
    "comparison_branch_input_overlap_max": 24,
    "comparison_branch_input_overlap_gini": 0.0,
    "in_degree": [
      4,
      2,
      3,
      1,
      2
    ],
    "out_degree": [
      2,
      2,
      3,
      2,
      3
    ],
    "in_degree_cv": 0.4249182927993988,
    "out_degree_cv": 0.2041241452319315
  }
}