{
  "name": "cycle_chords_n5_m12_seed61",
  "family": "cycle_chords",
  "seed": 61,
  "n_nodes": 5,
  "edges": [
    [
      0,
      1
    ],
    [
      1,
      2
    ],
    [
      2,
      3
    ],
    [
      3,
      4
    ],
    [
      4,
      0
    ],
    [
      2,
      0
    ],
    [
      3,
      0
    ],
    [
      0,
      3
    ],
    [
      4,
      3
    ],
    [
      4,
      1
    ],
    [
      4,
      2
    ],
    [
      3,
      2
    ]
  ],
  "metrics": {
    "n_nodes": 5,
    "n_edges": 12,
    "p": 8,
    "strongly_connected": true,
    "edges": [
      [
        0,
        1
      ],
      [
        1,
        2
      ],
      [
        2,
        3
      ],
      [
        3,
        4
      ],
      [
        4,
        0
      ],
      [
        2,
        0
      ],
      [
        3,
        0
      ],
      [
        0,
        3
      ],
      [
        4,
        3
      ],
      [
        4,
        1
      ],
      [
        4,
        2
      ],
      [
        3,
        2
      ]
    ],
    "tree_counts_enum": [
      16,
      19,
      17,
      12,
      3
    ],
    "tree_counts_det": [
      16,
      19,
      17,
      12,
      3
    ],
    "tree_counts_match_det": true,
    "tree_enumeration_truncated": false,
    "max_trees_per_root": null,
    "n_trees_total_enum": 67,
    "rank_M": 12,
    "rank_D": 11,
    "rank_D_anchor": 11,
    "d_rel": 88,
    "effective_rank_D": 8.929885184895765,
    "condition_number_D": 5.807714269233529,
    "effective_rank_D_masked": 71.43908147916613,
    "condition_number_D_masked": 5.807714269233529,
    "singular_values_D_masked": [
      5.546746633960734,
      5.2052723406886185,
      4.685852217737644,
      4.220883752300276,
      4.0484136660059935,
      4.018158062906659,
      3.403040002552484,
      3.1218459762151123,
      2.5165644908795914,
      2.0012101337372976,
      0.9550653453019762,
      6.691427382488973e-16,
      5.546746633960734,
      5.2052723406886185,
      4.685852217737644,
      4.220883752300276,
      4.0484136660059935,
      4.018158062906659,
      3.403040002552484,
      3.1218459762151123,
      2.5165644908795914,
      2.0012101337372976,
      0.9550653453019762,
      6.691427382488973e-16,
      5.546746633960734,
      5.2052723406886185,
      4.685852217737644,
      4.220883752300276,
      4.0484136660059935,
      4.018158062906659,
      3.403040002552484,
      3.1218459762151123,
      2.5165644908795914,
      2.0012101337372976,
      0.9550653453019762,
      6.691427382488973e-16,
      5.546746633960734,
      5.2052723406886185,
      4.685852217737644,
      4.220883752300276,
      4.0484136660059935,
      4.018158062906659,
      3.403040002552484,
      3.1218459762151123,
      2.5165644908795914,
      2.0012101337372976,
      0.9550653453019762,
      6.691427382488973e-16,
      5.546746633960734,
      5.2052723406886185,
      4.685852217737644,
      4.220883752300276,
      4.0484136660059935,
      4.018158062906659,
      3.403040002552484,
      3.1218459762151123,
      2.5165644908795914,
      2.0012101337372976,
      0.9550653453019762,
      6.691427382488973e-16,
      5.546746633960734,
      5.2052723406886185,
      4.685852217737644,
      4.220883752300276,
      4.0484136660059935,
      4.018158062906659,
      3.403040002552484,
      3.1218459762151123,
      2.5165644908795914,
      2.0012101337372976,
      0.9550653453019762,
      6.691427382488973e-16,
      5.546746633960734,
      5.2052723406886185,
      4.685852217737644,
      4.220883752300276,
      4.0484136660059935,
      4.018158062906659,
      3.403040002552484,
      3.1218459762151123,
      2.5165644908795914,
      2.0012101337372976,
      0.9550653453019762,
      6.691427382488973e-16,
      5.546746633960734,
      5.2052723406886185,
      4.685852217737644,
      4.220883752300276,
      4.0484136660059935,
      4.018158062906659,
      3.403040002552484,
      3.1218459762151123,
      2.5165644908795914,
      2.0012101337372976,
      0.9550653453019762,
      6.691427382488973e-16
    ],
    "singular_values_D": [
      5.546746633960734,
      5.2052723406886185,
      4.685852217737644,
      4.220883752300276,
      4.0484136660059935,
      4.018158062906659,
      3.403040002552484,
      3.1218459762151123,
      2.5165644908795914,
      2.0012101337372976,
      0.9550653453019762,
      6.691427382488973e-16
    ],
    "singular_values_D_anchor": [
      13.443386982668358,
      5.526585834090596,
      4.871157036628697,
      4.612085819627426,
      4.078776785111374,
      4.02655979537845,
      3.4045528764213495,
      3.1844847141296055,
      2.8049903229793816,
      2.0747594146273287,
      0.9892242402802887,
      1.0655335778545491e-15
    ],
    "root_tree_count_cv": 0.42373341989786234,
    "root_tree_count_gini": 0.22089552238805976,
    "edge_participation": [
      0.4925373134328358,
      0.7164179104477612,
      0.3283582089552239,
      0.2835820895522388,
      0.2537313432835821,
      0.417910447761194,
      0.29850746268656714,
      0.26865671641791045,
      0.1791044776119403,
      0.2835820895522388,
      0.23880597014925373,
      0.23880597014925373
    ],
    "edge_participation_mean": 0.3333333333333333,
    "edge_participation_var": 0.019801490062127173,
    "edge_participation_gini": 0.20646766169154263,
    "bottleneck_edge_fraction_095": 0.0,
    "mean_shortest_path": 1.45,
    "comparison_branch_d_rel_values": [
      22,
      22,
      22
    ],
    "comparison_branch_d_rel_min": 22,
    "comparison_branch_d_rel_mean": 22.0,
    "comparison_branch_d_rel_max": 22,
    "comparison_branch_d_rel_gini": 0.0,
    "comparison_branch_common_d_rel_values": [
      22,
      22,
      22
    ],
    "comparison_branch_common_d_rel_min": 22,
    "comparison_branch_common_d_rel_mean": 22.0,
    "comparison_branch_common_d_rel_max": 22,
    "comparison_branch_common_d_rel_gini": 0.0,
    "comparison_branch_input_count_values": [
      24,
      24,
      24
    ],
    "comparison_branch_input_count_min": 24,
    "comparison_branch_input_count_mean": 24.0,
    "comparison_branch_input_count_max": 24,
    "comparison_branch_input_count_gini": 0.0,
    "comparison_branch_input_overlap_values": [
      24,
      24,
      24
    ],
    "comparison_branch_input_overlap_min": 24,
    "comparison_branch_input_overlap_mean": 24.0,
    "comparison_branch_input_overlap_max": 24,
    "comparison_branch_input_overlap_gini": 0.0,
    "in_degree": [
      3,
      2,
      3,
      3,
      1
    ],
    "out_degree": [
      2,
      1,
      2,
      3,
      4
    ],
    "in_degree_cv": 0.33333333333333337,
    "out_degree_cv": 0.4249182927993988
  }
}