{
  "name": "cycle_chords_n5_m12_seed64",
  "family": "cycle_chords",
  "seed": 64,
  "n_nodes": 5,
  "edges": [
    [
      0,
      1
    ],
    [
      1,
      2
    ],
    [
      2,
      3
    ],
    [
      3,
      4
    ],
    [
      4,
      0
    ],
    [
      4,
      1
    ],
    [
      4,
      3
    ],
    [
      3,
      2
    ],
    [
      1,
      3
    ],
    [
      4,
      2
    ],
    [
      1,
      4
    ],
    [
      0,
      4
    ]
  ],
  "metrics": {
    "n_nodes": 5,
    "n_edges": 12,
    "p": 8,
    "strongly_connected": true,
    "edges": [
      [
        0,
        1
      ],
      [
        1,
        2
      ],
      [
        2,
        3
      ],
      [
        3,
        4
      ],
      [
        4,
        0
      ],
      [
        4,
        1
      ],
      [
        4,
        3
      ],
      [
        3,
        2
      ],
      [
        1,
        3
      ],
      [
        4,
        2
      ],
      [
        1,
        4
      ],
      [
        0,
        4
      ]
    ],
    "tree_counts_enum": [
      3,
      3,
      27,
      18,
      6
    ],
    "tree_counts_det": [
      3,
      3,
      27,
      18,
      6
    ],
    "tree_counts_match_det": true,
    "tree_enumeration_truncated": false,
    "max_trees_per_root": null,
    "n_trees_total_enum": 57,
    "rank_M": 12,
    "rank_D": 11,
    "rank_D_anchor": 11,
    "d_rel": 88,
    "effective_rank_D": 8.12990031778754,
    "condition_number_D": 5.302092020108558,
    "effective_rank_D_masked": 65.03920254230025,
    "condition_number_D_masked": 5.302092020108558,
    "singular_values_D_masked": [
      5.304678917451585,
      5.150798503217049,
      4.600696615552799,
      4.294758830507126,
      3.9975217407602393,
      3.3726998884702146,
      3.1481250213909577,
      2.6860714545500115,
      1.44131652253851,
      1.0518255791647084,
      1.000487901253546,
      7.885723399955417e-16,
      5.304678917451585,
      5.150798503217049,
      4.600696615552799,
      4.294758830507126,
      3.9975217407602393,
      3.3726998884702146,
      3.1481250213909577,
      2.6860714545500115,
      1.44131652253851,
      1.0518255791647084,
      1.000487901253546,
      7.885723399955417e-16,
      5.304678917451585,
      5.150798503217049,
      4.600696615552799,
      4.294758830507126,
      3.9975217407602393,
      3.3726998884702146,
      3.1481250213909577,
      2.6860714545500115,
      1.44131652253851,
      1.0518255791647084,
      1.000487901253546,
      7.885723399955417e-16,
      5.304678917451585,
      5.150798503217049,
      4.600696615552799,
      4.294758830507126,
      3.9975217407602393,
      3.3726998884702146,
      3.1481250213909577,
      2.6860714545500115,
      1.44131652253851,
      1.0518255791647084,
      1.000487901253546,
      7.885723399955417e-16,
      5.304678917451585,
      5.150798503217049,
      4.600696615552799,
      4.294758830507126,
      3.9975217407602393,
      3.3726998884702146,
      3.1481250213909577,
      2.6860714545500115,
      1.44131652253851,
      1.0518255791647084,
      1.000487901253546,
      7.885723399955417e-16,
      5.304678917451585,
      5.150798503217049,
      4.600696615552799,
      4.294758830507126,
      3.9975217407602393,
      3.3726998884702146,
      3.1481250213909577,
      2.6860714545500115,
      1.44131652253851,
      1.0518255791647084,
      1.000487901253546,
      7.885723399955417e-16,
      5.304678917451585,
      5.150798503217049,
      4.600696615552799,
      4.294758830507126,
      3.9975217407602393,
      3.3726998884702146,
      3.1481250213909577,
      2.6860714545500115,
      1.44131652253851,
      1.0518255791647084,
      1.000487901253546,
      7.885723399955417e-16,
      5.304678917451585,
      5.150798503217049,
      4.600696615552799,
      4.294758830507126,
      3.9975217407602393,
      3.3726998884702146,
      3.1481250213909577,
      2.6860714545500115,
      1.44131652253851,
      1.0518255791647084,
      1.000487901253546,
      7.885723399955417e-16
    ],
    "singular_values_D": [
      5.304678917451585,
      5.150798503217049,
      4.600696615552799,
      4.294758830507126,
      3.9975217407602393,
      3.3726998884702146,
      3.1481250213909577,
      2.6860714545500115,
      1.44131652253851,
      1.0518255791647084,
      1.000487901253546,
      7.885723399955417e-16
    ],
    "singular_values_D_anchor": [
      12.956349635996725,
      5.248136155189715,
      4.799550444391344,
      4.30134728736947,
      4.001757949309204,
      3.857914268016771,
      3.349863833817583,
      2.7752068536808343,
      1.478969035681592,
      1.4180782860395915,
      1.0166477500468651,
      4.770564410446666e-16
    ],
    "root_tree_count_cv": 0.8388093395004856,
    "root_tree_count_gini": 0.4421052631578948,
    "edge_participation": [
      0.5263157894736842,
      0.38596491228070173,
      0.5263157894736842,
      0.3684210526315789,
      0.15789473684210525,
      0.21052631578947367,
      0.21052631578947367,
      0.3157894736842105,
      0.3333333333333333,
      0.3157894736842105,
      0.22807017543859648,
      0.42105263157894735
    ],
    "edge_participation_mean": 0.3333333333333333,
    "edge_participation_var": 0.013234841489689135,
    "edge_participation_gini": 0.19444444444444464,
    "bottleneck_edge_fraction_095": 0.0,
    "mean_shortest_path": 1.5,
    "comparison_branch_d_rel_values": [
      22,
      22,
      22
    ],
    "comparison_branch_d_rel_min": 22,
    "comparison_branch_d_rel_mean": 22.0,
    "comparison_branch_d_rel_max": 22,
    "comparison_branch_d_rel_gini": 0.0,
    "comparison_branch_common_d_rel_values": [
      22,
      22,
      22
    ],
    "comparison_branch_common_d_rel_min": 22,
    "comparison_branch_common_d_rel_mean": 22.0,
    "comparison_branch_common_d_rel_max": 22,
    "comparison_branch_common_d_rel_gini": 0.0,
    "comparison_branch_input_count_values": [
      24,
      24,
      24
    ],
    "comparison_branch_input_count_min": 24,
    "comparison_branch_input_count_mean": 24.0,
    "comparison_branch_input_count_max": 24,
    "comparison_branch_input_count_gini": 0.0,
    "comparison_branch_input_overlap_values": [
      24,
      24,
      24
    ],
    "comparison_branch_input_overlap_min": 24,
    "comparison_branch_input_overlap_mean": 24.0,
    "comparison_branch_input_overlap_max": 24,
    "comparison_branch_input_overlap_gini": 0.0,
    "in_degree": [
      1,
      2,
      3,
      3,
      3
    ],
    "out_degree": [
      2,
      3,
      1,
      2,
      4
    ],
    "in_degree_cv": 0.33333333333333337,
    "out_degree_cv": 0.4249182927993988
  }
}