{
  "name": "cycle_chords_n5_m12_seed78",
  "family": "cycle_chords",
  "seed": 78,
  "n_nodes": 5,
  "edges": [
    [
      0,
      1
    ],
    [
      1,
      2
    ],
    [
      2,
      3
    ],
    [
      3,
      4
    ],
    [
      4,
      0
    ],
    [
      2,
      1
    ],
    [
      3,
      0
    ],
    [
      0,
      4
    ],
    [
      2,
      4
    ],
    [
      4,
      3
    ],
    [
      4,
      1
    ],
    [
      1,
      4
    ]
  ],
  "metrics": {
    "n_nodes": 5,
    "n_edges": 12,
    "p": 8,
    "strongly_connected": true,
    "edges": [
      [
        0,
        1
      ],
      [
        1,
        2
      ],
      [
        2,
        3
      ],
      [
        3,
        4
      ],
      [
        4,
        0
      ],
      [
        2,
        1
      ],
      [
        3,
        0
      ],
      [
        0,
        4
      ],
      [
        2,
        4
      ],
      [
        4,
        3
      ],
      [
        4,
        1
      ],
      [
        1,
        4
      ]
    ],
    "tree_counts_enum": [
      16,
      21,
      7,
      13,
      19
    ],
    "tree_counts_det": [
      16,
      21,
      7,
      13,
      19
    ],
    "tree_counts_match_det": true,
    "tree_enumeration_truncated": false,
    "max_trees_per_root": null,
    "n_trees_total_enum": 76,
    "rank_M": 12,
    "rank_D": 11,
    "rank_D_anchor": 11,
    "d_rel": 88,
    "effective_rank_D": 8.704487858216499,
    "condition_number_D": 4.071625813902338,
    "effective_rank_D_masked": 69.63590286573198,
    "condition_number_D_masked": 4.071625813902338,
    "singular_values_D_masked": [
      5.823900132562278,
      5.6466452033389105,
      5.573183764679465,
      5.089776702585424,
      4.702614673367506,
      4.3925187307852305,
      3.7246534927119814,
      2.6273755257051588,
      2.340598439372871,
      2.044501651043387,
      1.4303623168604782,
      7.884717398009816e-16,
      5.823900132562278,
      5.6466452033389105,
      5.573183764679465,
      5.089776702585424,
      4.702614673367506,
      4.3925187307852305,
      3.7246534927119814,
      2.6273755257051588,
      2.340598439372871,
      2.044501651043387,
      1.4303623168604782,
      7.884717398009816e-16,
      5.823900132562278,
      5.6466452033389105,
      5.573183764679465,
      5.089776702585424,
      4.702614673367506,
      4.3925187307852305,
      3.7246534927119814,
      2.6273755257051588,
      2.340598439372871,
      2.044501651043387,
      1.4303623168604782,
      7.884717398009816e-16,
      5.823900132562278,
      5.6466452033389105,
      5.573183764679465,
      5.089776702585424,
      4.702614673367506,
      4.3925187307852305,
      3.7246534927119814,
      2.6273755257051588,
      2.340598439372871,
      2.044501651043387,
      1.4303623168604782,
      7.884717398009816e-16,
      5.823900132562278,
      5.6466452033389105,
      5.573183764679465,
      5.089776702585424,
      4.702614673367506,
      4.3925187307852305,
      3.7246534927119814,
      2.6273755257051588,
      2.340598439372871,
      2.044501651043387,
      1.4303623168604782,
      7.884717398009816e-16,
      5.823900132562278,
      5.6466452033389105,
      5.573183764679465,
      5.089776702585424,
      4.702614673367506,
      4.3925187307852305,
      3.7246534927119814,
      2.6273755257051588,
      2.340598439372871,
      2.044501651043387,
      1.4303623168604782,
      7.884717398009816e-16,
      5.823900132562278,
      5.6466452033389105,
      5.573183764679465,
      5.089776702585424,
      4.702614673367506,
      4.3925187307852305,
      3.7246534927119814,
      2.6273755257051588,
      2.340598439372871,
      2.044501651043387,
      1.4303623168604782,
      7.884717398009816e-16,
      5.823900132562278,
      5.6466452033389105,
      5.573183764679465,
      5.089776702585424,
      4.702614673367506,
      4.3925187307852305,
      3.7246534927119814,
      2.6273755257051588,
      2.340598439372871,
      2.044501651043387,
      1.4303623168604782,
      7.884717398009816e-16
    ],
    "singular_values_D": [
      5.823900132562278,
      5.6466452033389105,
      5.573183764679465,
      5.089776702585424,
      4.702614673367506,
      4.3925187307852305,
      3.7246534927119814,
      2.6273755257051588,
      2.340598439372871,
      2.044501651043387,
      1.4303623168604782,
      7.884717398009816e-16
    ],
    "singular_values_D_anchor": [
      15.291426448674894,
      5.648944573371086,
      5.578396152949502,
      5.31834059051829,
      4.97616339648179,
      4.504882055255765,
      3.789996689709635,
      2.6774365534553133,
      2.4148749950399244,
      2.080597166961853,
      1.45225355805149,
      8.203176844910731e-16
    ],
    "root_tree_count_cv": 0.32337383493275024,
    "root_tree_count_gini": 0.17894736842105274,
    "edge_participation": [
      0.47368421052631576,
      0.3684210526315789,
      0.3684210526315789,
      0.35526315789473684,
      0.25,
      0.21052631578947367,
      0.47368421052631576,
      0.3157894736842105,
      0.32894736842105265,
      0.25,
      0.25,
      0.35526315789473684
    ],
    "edge_participation_mean": 0.3333333333333333,
    "edge_participation_var": 0.006588565712526931,
    "edge_participation_gini": 0.13486842105263164,
    "bottleneck_edge_fraction_095": 0.0,
    "mean_shortest_path": 1.45,
    "comparison_branch_d_rel_values": [
      22,
      22,
      22
    ],
    "comparison_branch_d_rel_min": 22,
    "comparison_branch_d_rel_mean": 22.0,
    "comparison_branch_d_rel_max": 22,
    "comparison_branch_d_rel_gini": 0.0,
    "comparison_branch_common_d_rel_values": [
      22,
      22,
      22
    ],
    "comparison_branch_common_d_rel_min": 22,
    "comparison_branch_common_d_rel_mean": 22.0,
    "comparison_branch_common_d_rel_max": 22,
    "comparison_branch_common_d_rel_gini": 0.0,
    "comparison_branch_input_count_values": [
      24,
      24,
      24
    ],
    "comparison_branch_input_count_min": 24,
    "comparison_branch_input_count_mean": 24.0,
    "comparison_branch_input_count_max": 24,
    "comparison_branch_input_count_gini": 0.0,
    "comparison_branch_input_overlap_values": [
      24,
      24,
      24
    ],
    "comparison_branch_input_overlap_min": 24,
    "comparison_branch_input_overlap_mean": 24.0,
    "comparison_branch_input_overlap_max": 24,
    "comparison_branch_input_overlap_gini": 0.0,
    "in_degree": [
      2,
      3,
      1,
      2,
      4
    ],
    "out_degree": [
      2,
      2,
      3,
      2,
      3
    ],
    "in_degree_cv": 0.4249182927993988,
    "out_degree_cv": 0.2041241452319315
  }
}