{
  "name": "cycle_chords_n5_m12_seed71",
  "family": "cycle_chords",
  "seed": 71,
  "n_nodes": 5,
  "edges": [
    [
      0,
      1
    ],
    [
      1,
      2
    ],
    [
      2,
      3
    ],
    [
      3,
      4
    ],
    [
      4,
      0
    ],
    [
      4,
      3
    ],
    [
      4,
      2
    ],
    [
      4,
      1
    ],
    [
      2,
      0
    ],
    [
      2,
      1
    ],
    [
      0,
      3
    ],
    [
      3,
      2
    ]
  ],
  "metrics": {
    "n_nodes": 5,
    "n_edges": 12,
    "p": 8,
    "strongly_connected": true,
    "edges": [
      [
        0,
        1
      ],
      [
        1,
        2
      ],
      [
        2,
        3
      ],
      [
        3,
        4
      ],
      [
        4,
        0
      ],
      [
        4,
        3
      ],
      [
        4,
        2
      ],
      [
        4,
        1
      ],
      [
        2,
        0
      ],
      [
        2,
        1
      ],
      [
        0,
        3
      ],
      [
        3,
        2
      ]
    ],
    "tree_counts_enum": [
      8,
      24,
      13,
      12,
      3
    ],
    "tree_counts_det": [
      8,
      24,
      13,
      12,
      3
    ],
    "tree_counts_match_det": true,
    "tree_enumeration_truncated": false,
    "max_trees_per_root": null,
    "n_trees_total_enum": 60,
    "rank_M": 12,
    "rank_D": 11,
    "rank_D_anchor": 11,
    "d_rel": 88,
    "effective_rank_D": 8.451807650295,
    "condition_number_D": 5.706419972379002,
    "effective_rank_D_masked": 67.61446120236003,
    "condition_number_D_masked": 5.706419972379002,
    "singular_values_D_masked": [
      5.426254809104355,
      5.195940565898581,
      4.635458527914002,
      4.248410644706226,
      4.008165467310679,
      3.782218338016281,
      2.993260292255212,
      2.5975872573135326,
      1.826640708055115,
      1.7989881790445121,
      0.9509035148778499,
      5.283567421461019e-16,
      5.426254809104355,
      5.195940565898581,
      4.635458527914002,
      4.248410644706226,
      4.008165467310679,
      3.782218338016281,
      2.993260292255212,
      2.5975872573135326,
      1.826640708055115,
      1.7989881790445121,
      0.9509035148778499,
      5.283567421461019e-16,
      5.426254809104355,
      5.195940565898581,
      4.635458527914002,
      4.248410644706226,
      4.008165467310679,
      3.782218338016281,
      2.993260292255212,
      2.5975872573135326,
      1.826640708055115,
      1.7989881790445121,
      0.9509035148778499,
      5.283567421461019e-16,
      5.426254809104355,
      5.195940565898581,
      4.635458527914002,
      4.248410644706226,
      4.008165467310679,
      3.782218338016281,
      2.993260292255212,
      2.5975872573135326,
      1.826640708055115,
      1.7989881790445121,
      0.9509035148778499,
      5.283567421461019e-16,
      5.426254809104355,
      5.195940565898581,
      4.635458527914002,
      4.248410644706226,
      4.008165467310679,
      3.782218338016281,
      2.993260292255212,
      2.5975872573135326,
      1.826640708055115,
      1.7989881790445121,
      0.9509035148778499,
      5.283567421461019e-16,
      5.426254809104355,
      5.195940565898581,
      4.635458527914002,
      4.248410644706226,
      4.008165467310679,
      3.782218338016281,
      2.993260292255212,
      2.5975872573135326,
      1.826640708055115,
      1.7989881790445121,
      0.9509035148778499,
      5.283567421461019e-16,
      5.426254809104355,
      5.195940565898581,
      4.635458527914002,
      4.248410644706226,
      4.008165467310679,
      3.782218338016281,
      2.993260292255212,
      2.5975872573135326,
      1.826640708055115,
      1.7989881790445121,
      0.9509035148778499,
      5.283567421461019e-16,
      5.426254809104355,
      5.195940565898581,
      4.635458527914002,
      4.248410644706226,
      4.008165467310679,
      3.782218338016281,
      2.993260292255212,
      2.5975872573135326,
      1.826640708055115,
      1.7989881790445121,
      0.9509035148778499,
      5.283567421461019e-16
    ],
    "singular_values_D": [
      5.426254809104355,
      5.195940565898581,
      4.635458527914002,
      4.248410644706226,
      4.008165467310679,
      3.782218338016281,
      2.993260292255212,
      2.5975872573135326,
      1.826640708055115,
      1.7989881790445121,
      0.9509035148778499,
      5.283567421461019e-16
    ],
    "singular_values_D_anchor": [
      13.09851818150552,
      5.3671783455401,
      4.860614315789866,
      4.427745706523328,
      4.026019911167453,
      3.979272636787165,
      3.016500991725857,
      2.6389386316977728,
      2.460322817824242,
      1.8068037842069853,
      0.9834957178129846,
      1.102423259145808e-15
    ],
    "root_tree_count_cv": 0.5797509043642028,
    "root_tree_count_gini": 0.31333333333333346,
    "edge_participation": [
      0.4666666666666667,
      0.6,
      0.23333333333333334,
      0.4,
      0.25,
      0.15,
      0.25,
      0.3,
      0.3333333333333333,
      0.21666666666666667,
      0.4,
      0.4
    ],
    "edge_participation_mean": 0.3333333333333333,
    "edge_participation_var": 0.014537037037037036,
    "edge_participation_gini": 0.19999999999999996,
    "bottleneck_edge_fraction_095": 0.0,
    "mean_shortest_path": 1.45,
    "comparison_branch_d_rel_values": [
      22,
      22,
      22
    ],
    "comparison_branch_d_rel_min": 22,
    "comparison_branch_d_rel_mean": 22.0,
    "comparison_branch_d_rel_max": 22,
    "comparison_branch_d_rel_gini": 0.0,
    "comparison_branch_common_d_rel_values": [
      22,
      22,
      22
    ],
    "comparison_branch_common_d_rel_min": 22,
    "comparison_branch_common_d_rel_mean": 22.0,
    "comparison_branch_common_d_rel_max": 22,
    "comparison_branch_common_d_rel_gini": 0.0,
    "comparison_branch_input_count_values": [
      24,
      24,
      24
    ],
    "comparison_branch_input_count_min": 24,
    "comparison_branch_input_count_mean": 24.0,
    "comparison_branch_input_count_max": 24,
    "comparison_branch_input_count_gini": 0.0,
    "comparison_branch_input_overlap_values": [
      24,
      24,
      24
    ],
    "comparison_branch_input_overlap_min": 24,
    "comparison_branch_input_overlap_mean": 24.0,
    "comparison_branch_input_overlap_max": 24,
    "comparison_branch_input_overlap_gini": 0.0,
    "in_degree": [
      2,
      3,
      3,
      3,
      1
    ],
    "out_degree": [
      2,
      1,
      3,
      2,
      4
    ],
    "in_degree_cv": 0.33333333333333337,
    "out_degree_cv": 0.4249182927993988
  }
}