{
  "name": "cycle_chords_n5_m12_seed73",
  "family": "cycle_chords",
  "seed": 73,
  "n_nodes": 5,
  "edges": [
    [
      0,
      1
    ],
    [
      1,
      2
    ],
    [
      2,
      3
    ],
    [
      3,
      4
    ],
    [
      4,
      0
    ],
    [
      4,
      2
    ],
    [
      1,
      4
    ],
    [
      3,
      1
    ],
    [
      2,
      0
    ],
    [
      1,
      0
    ],
    [
      0,
      2
    ],
    [
      4,
      1
    ]
  ],
  "metrics": {
    "n_nodes": 5,
    "n_edges": 12,
    "p": 8,
    "strongly_connected": true,
    "edges": [
      [
        0,
        1
      ],
      [
        1,
        2
      ],
      [
        2,
        3
      ],
      [
        3,
        4
      ],
      [
        4,
        0
      ],
      [
        4,
        2
      ],
      [
        1,
        4
      ],
      [
        3,
        1
      ],
      [
        2,
        0
      ],
      [
        1,
        0
      ],
      [
        0,
        2
      ],
      [
        4,
        1
      ]
    ],
    "tree_counts_enum": [
      24,
      15,
      24,
      12,
      9
    ],
    "tree_counts_det": [
      24,
      15,
      24,
      12,
      9
    ],
    "tree_counts_match_det": true,
    "tree_enumeration_truncated": false,
    "max_trees_per_root": null,
    "n_trees_total_enum": 84,
    "rank_M": 12,
    "rank_D": 11,
    "rank_D_anchor": 11,
    "d_rel": 88,
    "effective_rank_D": 8.847779634357716,
    "condition_number_D": 3.6050772254201475,
    "effective_rank_D_masked": 70.78223707486168,
    "condition_number_D_masked": 3.6050772254201475,
    "singular_values_D_masked": [
      6.166875833917237,
      6.058050565618569,
      5.3530443583269465,
      5.2454299354511535,
      5.203484185960489,
      4.785072543403985,
      4.005251337887335,
      3.1582732543844863,
      2.3303117277413485,
      2.068194088085778,
      1.7106085246755092,
      9.65475720601923e-16,
      6.166875833917237,
      6.058050565618569,
      5.3530443583269465,
      5.2454299354511535,
      5.203484185960489,
      4.785072543403985,
      4.005251337887335,
      3.1582732543844863,
      2.3303117277413485,
      2.068194088085778,
      1.7106085246755092,
      9.65475720601923e-16,
      6.166875833917237,
      6.058050565618569,
      5.3530443583269465,
      5.2454299354511535,
      5.203484185960489,
      4.785072543403985,
      4.005251337887335,
      3.1582732543844863,
      2.3303117277413485,
      2.068194088085778,
      1.7106085246755092,
      9.65475720601923e-16,
      6.166875833917237,
      6.058050565618569,
      5.3530443583269465,
      5.2454299354511535,
      5.203484185960489,
      4.785072543403985,
      4.005251337887335,
      3.1582732543844863,
      2.3303117277413485,
      2.068194088085778,
      1.7106085246755092,
      9.65475720601923e-16,
      6.166875833917237,
      6.058050565618569,
      5.3530443583269465,
      5.2454299354511535,
      5.203484185960489,
      4.785072543403985,
      4.005251337887335,
      3.1582732543844863,
      2.3303117277413485,
      2.068194088085778,
      1.7106085246755092,
      9.65475720601923e-16,
      6.166875833917237,
      6.058050565618569,
      5.3530443583269465,
      5.2454299354511535,
      5.203484185960489,
      4.785072543403985,
      4.005251337887335,
      3.1582732543844863,
      2.3303117277413485,
      2.068194088085778,
      1.7106085246755092,
      9.65475720601923e-16,
      6.166875833917237,
      6.058050565618569,
      5.3530443583269465,
      5.2454299354511535,
      5.203484185960489,
      4.785072543403985,
      4.005251337887335,
      3.1582732543844863,
      2.3303117277413485,
      2.068194088085778,
      1.7106085246755092,
      9.65475720601923e-16,
      6.166875833917237,
      6.058050565618569,
      5.3530443583269465,
      5.2454299354511535,
      5.203484185960489,
      4.785072543403985,
      4.005251337887335,
      3.1582732543844863,
      2.3303117277413485,
      2.068194088085778,
      1.7106085246755092,
      9.65475720601923e-16
    ],
    "singular_values_D": [
      6.166875833917237,
      6.058050565618569,
      5.3530443583269465,
      5.2454299354511535,
      5.203484185960489,
      4.785072543403985,
      4.005251337887335,
      3.1582732543844863,
      2.3303117277413485,
      2.068194088085778,
      1.7106085246755092,
      9.65475720601923e-16
    ],
    "singular_values_D_anchor": [
      14.996211718747286,
      6.15633302512282,
      5.666943413861622,
      5.3041531016770875,
      5.245229149655387,
      4.888370226326454,
      4.201351830643061,
      3.453398216451604,
      2.535854602517375,
      2.13500394037461,
      1.7292197227525299,
      5.848611405106355e-16
    ],
    "root_tree_count_cv": 0.3677010764638214,
    "root_tree_count_gini": 0.19999999999999996,
    "edge_participation": [
      0.3333333333333333,
      0.32142857142857145,
      0.42857142857142855,
      0.42857142857142855,
      0.3333333333333333,
      0.30952380952380953,
      0.25,
      0.42857142857142855,
      0.2857142857142857,
      0.25,
      0.38095238095238093,
      0.25
    ],
    "edge_participation_mean": 0.3333333333333333,
    "edge_participation_var": 0.004440665154950867,
    "edge_participation_gini": 0.1121031746031751,
    "bottleneck_edge_fraction_095": 0.0,
    "mean_shortest_path": 1.4,
    "comparison_branch_d_rel_values": [
      22,
      22,
      22
    ],
    "comparison_branch_d_rel_min": 22,
    "comparison_branch_d_rel_mean": 22.0,
    "comparison_branch_d_rel_max": 22,
    "comparison_branch_d_rel_gini": 0.0,
    "comparison_branch_common_d_rel_values": [
      22,
      22,
      22
    ],
    "comparison_branch_common_d_rel_min": 22,
    "comparison_branch_common_d_rel_mean": 22.0,
    "comparison_branch_common_d_rel_max": 22,
    "comparison_branch_common_d_rel_gini": 0.0,
    "comparison_branch_input_count_values": [
      24,
      24,
      24
    ],
    "comparison_branch_input_count_min": 24,
    "comparison_branch_input_count_mean": 24.0,
    "comparison_branch_input_count_max": 24,
    "comparison_branch_input_count_gini": 0.0,
    "comparison_branch_input_overlap_values": [
      24,
      24,
      24
    ],
    "comparison_branch_input_overlap_min": 24,
    "comparison_branch_input_overlap_mean": 24.0,
    "comparison_branch_input_overlap_max": 24,
    "comparison_branch_input_overlap_gini": 0.0,
    "in_degree": [
      3,
      3,
      3,
      1,
      2
    ],
    "out_degree": [
      2,
      3,
      2,
      2,
      3
    ],
    "in_degree_cv": 0.33333333333333337,
    "out_degree_cv": 0.2041241452319315
  }
}