{
  "name": "cycle_chords_n5_m12_seed80",
  "family": "cycle_chords",
  "seed": 80,
  "n_nodes": 5,
  "edges": [
    [
      0,
      1
    ],
    [
      1,
      2
    ],
    [
      2,
      3
    ],
    [
      3,
      4
    ],
    [
      4,
      0
    ],
    [
      0,
      3
    ],
    [
      2,
      1
    ],
    [
      4,
      1
    ],
    [
      1,
      0
    ],
    [
      4,
      3
    ],
    [
      0,
      2
    ],
    [
      0,
      4
    ]
  ],
  "metrics": {
    "n_nodes": 5,
    "n_edges": 12,
    "p": 8,
    "strongly_connected": true,
    "edges": [
      [
        0,
        1
      ],
      [
        1,
        2
      ],
      [
        2,
        3
      ],
      [
        3,
        4
      ],
      [
        4,
        0
      ],
      [
        0,
        3
      ],
      [
        2,
        1
      ],
      [
        4,
        1
      ],
      [
        1,
        0
      ],
      [
        4,
        3
      ],
      [
        0,
        2
      ],
      [
        0,
        4
      ]
    ],
    "tree_counts_enum": [
      5,
      11,
      8,
      22,
      9
    ],
    "tree_counts_det": [
      5,
      11,
      8,
      22,
      9
    ],
    "tree_counts_match_det": true,
    "tree_enumeration_truncated": false,
    "max_trees_per_root": null,
    "n_trees_total_enum": 55,
    "rank_M": 12,
    "rank_D": 11,
    "rank_D_anchor": 11,
    "d_rel": 88,
    "effective_rank_D": 8.503680631176353,
    "condition_number_D": 4.514063099301584,
    "effective_rank_D_masked": 68.02944504941087,
    "condition_number_D_masked": 4.514063099301584,
    "singular_values_D_masked": [
      5.370855237790961,
      4.91636116377708,
      4.312464852935233,
      3.8969441977062544,
      3.5418463168534675,
      3.3280367227663055,
      2.904408572790482,
      2.493310264957483,
      2.0604654466354053,
      1.5233129002162025,
      1.1898050868234296,
      6.078671234162909e-16,
      5.370855237790961,
      4.91636116377708,
      4.312464852935233,
      3.8969441977062544,
      3.5418463168534675,
      3.3280367227663055,
      2.904408572790482,
      2.493310264957483,
      2.0604654466354053,
      1.5233129002162025,
      1.1898050868234296,
      6.078671234162909e-16,
      5.370855237790961,
      4.91636116377708,
      4.312464852935233,
      3.8969441977062544,
      3.5418463168534675,
      3.3280367227663055,
      2.904408572790482,
      2.493310264957483,
      2.0604654466354053,
      1.5233129002162025,
      1.1898050868234296,
      6.078671234162909e-16,
      5.370855237790961,
      4.91636116377708,
      4.312464852935233,
      3.8969441977062544,
      3.5418463168534675,
      3.3280367227663055,
      2.904408572790482,
      2.493310264957483,
      2.0604654466354053,
      1.5233129002162025,
      1.1898050868234296,
      6.078671234162909e-16,
      5.370855237790961,
      4.91636116377708,
      4.312464852935233,
      3.8969441977062544,
      3.5418463168534675,
      3.3280367227663055,
      2.904408572790482,
      2.493310264957483,
      2.0604654466354053,
      1.5233129002162025,
      1.1898050868234296,
      6.078671234162909e-16,
      5.370855237790961,
      4.91636116377708,
      4.312464852935233,
      3.8969441977062544,
      3.5418463168534675,
      3.3280367227663055,
      2.904408572790482,
      2.493310264957483,
      2.0604654466354053,
      1.5233129002162025,
      1.1898050868234296,
      6.078671234162909e-16,
      5.370855237790961,
      4.91636116377708,
      4.312464852935233,
      3.8969441977062544,
      3.5418463168534675,
      3.3280367227663055,
      2.904408572790482,
      2.493310264957483,
      2.0604654466354053,
      1.5233129002162025,
      1.1898050868234296,
      6.078671234162909e-16,
      5.370855237790961,
      4.91636116377708,
      4.312464852935233,
      3.8969441977062544,
      3.5418463168534675,
      3.3280367227663055,
      2.904408572790482,
      2.493310264957483,
      2.0604654466354053,
      1.5233129002162025,
      1.1898050868234296,
      6.078671234162909e-16
    ],
    "singular_values_D": [
      5.370855237790961,
      4.91636116377708,
      4.312464852935233,
      3.8969441977062544,
      3.5418463168534675,
      3.3280367227663055,
      2.904408572790482,
      2.493310264957483,
      2.0604654466354053,
      1.5233129002162025,
      1.1898050868234296,
      6.078671234162909e-16
    ],
    "singular_values_D_anchor": [
      10.913406796662835,
      5.047896304330664,
      4.810517862595899,
      3.939670180768171,
      3.557659427475831,
      3.509572745980892,
      3.098074740626695,
      2.5314636358827367,
      2.072039833092228,
      1.7776290623372948,
      1.523312475809782,
      6.674679723436632e-16
    ],
    "root_tree_count_cv": 0.5300865358950273,
    "root_tree_count_gini": 0.26909090909090905,
    "edge_participation": [
      0.18181818181818182,
      0.4,
      0.6,
      0.6,
      0.2727272727272727,
      0.2727272727272727,
      0.2545454545454545,
      0.4,
      0.4,
      0.16363636363636364,
      0.2727272727272727,
      0.18181818181818182
    ],
    "edge_participation_mean": 0.33333333333333326,
    "edge_participation_var": 0.020624426078971535,
    "edge_participation_gini": 0.2333333333333334,
    "bottleneck_edge_fraction_095": 0.0,
    "mean_shortest_path": 1.45,
    "comparison_branch_d_rel_values": [
      22,
      22,
      22
    ],
    "comparison_branch_d_rel_min": 22,
    "comparison_branch_d_rel_mean": 22.0,
    "comparison_branch_d_rel_max": 22,
    "comparison_branch_d_rel_gini": 0.0,
    "comparison_branch_common_d_rel_values": [
      22,
      22,
      22
    ],
    "comparison_branch_common_d_rel_min": 22,
    "comparison_branch_common_d_rel_mean": 22.0,
    "comparison_branch_common_d_rel_max": 22,
    "comparison_branch_common_d_rel_gini": 0.0,
    "comparison_branch_input_count_values": [
      24,
      24,
      24
    ],
    "comparison_branch_input_count_min": 24,
    "comparison_branch_input_count_mean": 24.0,
    "comparison_branch_input_count_max": 24,
    "comparison_branch_input_count_gini": 0.0,
    "comparison_branch_input_overlap_values": [
      24,
      24,
      24
    ],
    "comparison_branch_input_overlap_min": 24,
    "comparison_branch_input_overlap_mean": 24.0,
    "comparison_branch_input_overlap_max": 24,
    "comparison_branch_input_overlap_gini": 0.0,
    "in_degree": [
      2,
      3,
      2,
      3,
      2
    ],
    "out_degree": [
      4,
      2,
      2,
      1,
      3
    ],
    "in_degree_cv": 0.2041241452319315,
    "out_degree_cv": 0.4249182927993988
  }
}