{
  "name": "cycle_chords_n5_m12_seed85",
  "family": "cycle_chords",
  "seed": 85,
  "n_nodes": 5,
  "edges": [
    [
      0,
      1
    ],
    [
      1,
      2
    ],
    [
      2,
      3
    ],
    [
      3,
      4
    ],
    [
      4,
      0
    ],
    [
      0,
      2
    ],
    [
      2,
      4
    ],
    [
      3,
      1
    ],
    [
      4,
      2
    ],
    [
      1,
      3
    ],
    [
      0,
      4
    ],
    [
      2,
      0
    ]
  ],
  "metrics": {
    "n_nodes": 5,
    "n_edges": 12,
    "p": 8,
    "strongly_connected": true,
    "edges": [
      [
        0,
        1
      ],
      [
        1,
        2
      ],
      [
        2,
        3
      ],
      [
        3,
        4
      ],
      [
        4,
        0
      ],
      [
        0,
        2
      ],
      [
        2,
        4
      ],
      [
        3,
        1
      ],
      [
        4,
        2
      ],
      [
        1,
        3
      ],
      [
        0,
        4
      ],
      [
        2,
        0
      ]
    ],
    "tree_counts_enum": [
      11,
      12,
      14,
      13,
      19
    ],
    "tree_counts_det": [
      11,
      12,
      14,
      13,
      19
    ],
    "tree_counts_match_det": true,
    "tree_enumeration_truncated": false,
    "max_trees_per_root": null,
    "n_trees_total_enum": 69,
    "rank_M": 12,
    "rank_D": 11,
    "rank_D_anchor": 11,
    "d_rel": 88,
    "effective_rank_D": 8.728825179828156,
    "condition_number_D": 3.553695465602618,
    "effective_rank_D_masked": 69.83060143862528,
    "condition_number_D_masked": 3.553695465602618,
    "singular_values_D_masked": [
      5.889140879787786,
      5.353571641665356,
      5.136859227471691,
      4.867428576373686,
      4.027782973543442,
      3.8561062972825546,
      3.690718974471003,
      2.4795101300762603,
      2.354291965668329,
      1.9128669862287695,
      1.6571878307499077,
      5.659812384126526e-16,
      5.889140879787786,
      5.353571641665356,
      5.136859227471691,
      4.867428576373686,
      4.027782973543442,
      3.8561062972825546,
      3.690718974471003,
      2.4795101300762603,
      2.354291965668329,
      1.9128669862287695,
      1.6571878307499077,
      5.659812384126526e-16,
      5.889140879787786,
      5.353571641665356,
      5.136859227471691,
      4.867428576373686,
      4.027782973543442,
      3.8561062972825546,
      3.690718974471003,
      2.4795101300762603,
      2.354291965668329,
      1.9128669862287695,
      1.6571878307499077,
      5.659812384126526e-16,
      5.889140879787786,
      5.353571641665356,
      5.136859227471691,
      4.867428576373686,
      4.027782973543442,
      3.8561062972825546,
      3.690718974471003,
      2.4795101300762603,
      2.354291965668329,
      1.9128669862287695,
      1.6571878307499077,
      5.659812384126526e-16,
      5.889140879787786,
      5.353571641665356,
      5.136859227471691,
      4.867428576373686,
      4.027782973543442,
      3.8561062972825546,
      3.690718974471003,
      2.4795101300762603,
      2.354291965668329,
      1.9128669862287695,
      1.6571878307499077,
      5.659812384126526e-16,
      5.889140879787786,
      5.353571641665356,
      5.136859227471691,
      4.867428576373686,
      4.027782973543442,
      3.8561062972825546,
      3.690718974471003,
      2.4795101300762603,
      2.354291965668329,
      1.9128669862287695,
      1.6571878307499077,
      5.659812384126526e-16,
      5.889140879787786,
      5.353571641665356,
      5.136859227471691,
      4.867428576373686,
      4.027782973543442,
      3.8561062972825546,
      3.690718974471003,
      2.4795101300762603,
      2.354291965668329,
      1.9128669862287695,
      1.6571878307499077,
      5.659812384126526e-16,
      5.889140879787786,
      5.353571641665356,
      5.136859227471691,
      4.867428576373686,
      4.027782973543442,
      3.8561062972825546,
      3.690718974471003,
      2.4795101300762603,
      2.354291965668329,
      1.9128669862287695,
      1.6571878307499077,
      5.659812384126526e-16
    ],
    "singular_values_D": [
      5.889140879787786,
      5.353571641665356,
      5.136859227471691,
      4.867428576373686,
      4.027782973543442,
      3.8561062972825546,
      3.690718974471003,
      2.4795101300762603,
      2.354291965668329,
      1.9128669862287695,
      1.6571878307499077,
      5.659812384126526e-16
    ],
    "singular_values_D_anchor": [
      12.493900463583172,
      5.8880474331206765,
      5.323451040570565,
      5.058229162428898,
      4.519446622782559,
      3.891159209923767,
      3.7382022120272906,
      2.5504736039308202,
      2.3962616985190137,
      2.073459396111437,
      1.794893378387232,
      4.759563569196404e-16
    ],
    "root_tree_count_cv": 0.20186069966933504,
    "root_tree_count_gini": 0.10434782608695659,
    "edge_participation": [
      0.391304347826087,
      0.4782608695652174,
      0.34782608695652173,
      0.5217391304347826,
      0.37681159420289856,
      0.2463768115942029,
      0.21739130434782608,
      0.2898550724637681,
      0.34782608695652173,
      0.34782608695652173,
      0.2028985507246377,
      0.2318840579710145
    ],
    "edge_participation_mean": 0.3333333333333333,
    "edge_participation_var": 0.009381782538682349,
    "edge_participation_gini": 0.16243961352657,
    "bottleneck_edge_fraction_095": 0.0,
    "mean_shortest_path": 1.4,
    "comparison_branch_d_rel_values": [
      22,
      22,
      22
    ],
    "comparison_branch_d_rel_min": 22,
    "comparison_branch_d_rel_mean": 22.0,
    "comparison_branch_d_rel_max": 22,
    "comparison_branch_d_rel_gini": 0.0,
    "comparison_branch_common_d_rel_values": [
      22,
      22,
      22
    ],
    "comparison_branch_common_d_rel_min": 22,
    "comparison_branch_common_d_rel_mean": 22.0,
    "comparison_branch_common_d_rel_max": 22,
    "comparison_branch_common_d_rel_gini": 0.0,
    "comparison_branch_input_count_values": [
      24,
      24,
      24
    ],
    "comparison_branch_input_count_min": 24,
    "comparison_branch_input_count_mean": 24.0,
    "comparison_branch_input_count_max": 24,
    "comparison_branch_input_count_gini": 0.0,
    "comparison_branch_input_overlap_values": [
      24,
      24,
      24
    ],
    "comparison_branch_input_overlap_min": 24,
    "comparison_branch_input_overlap_mean": 24.0,
    "comparison_branch_input_overlap_max": 24,
    "comparison_branch_input_overlap_gini": 0.0,
    "in_degree": [
      2,
      2,
      3,
      2,
      3
    ],
    "out_degree": [
      3,
      2,
      3,
      2,
      2
    ],
    "in_degree_cv": 0.2041241452319315,
    "out_degree_cv": 0.2041241452319315
  }
}