{
  "name": "cycle_chords_n5_m12_seed88",
  "family": "cycle_chords",
  "seed": 88,
  "n_nodes": 5,
  "edges": [
    [
      0,
      1
    ],
    [
      1,
      2
    ],
    [
      2,
      3
    ],
    [
      3,
      4
    ],
    [
      4,
      0
    ],
    [
      1,
      3
    ],
    [
      4,
      1
    ],
    [
      2,
      1
    ],
    [
      0,
      3
    ],
    [
      4,
      2
    ],
    [
      3,
      2
    ],
    [
      4,
      3
    ]
  ],
  "metrics": {
    "n_nodes": 5,
    "n_edges": 12,
    "p": 8,
    "strongly_connected": true,
    "edges": [
      [
        0,
        1
      ],
      [
        1,
        2
      ],
      [
        2,
        3
      ],
      [
        3,
        4
      ],
      [
        4,
        0
      ],
      [
        1,
        3
      ],
      [
        4,
        1
      ],
      [
        2,
        1
      ],
      [
        0,
        3
      ],
      [
        4,
        2
      ],
      [
        3,
        2
      ],
      [
        4,
        3
      ]
    ],
    "tree_counts_enum": [
      3,
      16,
      23,
      24,
      6
    ],
    "tree_counts_det": [
      3,
      16,
      23,
      24,
      6
    ],
    "tree_counts_match_det": true,
    "tree_enumeration_truncated": false,
    "max_trees_per_root": null,
    "n_trees_total_enum": 72,
    "rank_M": 12,
    "rank_D": 11,
    "rank_D_anchor": 11,
    "d_rel": 88,
    "effective_rank_D": 8.474374149302113,
    "condition_number_D": 5.142167397522587,
    "effective_rank_D_masked": 67.79499319441686,
    "condition_number_D_masked": 5.142167397522587,
    "singular_values_D_masked": [
      5.93920719405689,
      5.735727233689856,
      5.28514528606348,
      4.685229820071754,
      4.2637284510339,
      4.205863902831769,
      3.4976041419417845,
      3.047297578626184,
      2.437344268000753,
      1.3239076694894072,
      1.1550007486956384,
      9.537491391393071e-16,
      5.93920719405689,
      5.735727233689856,
      5.28514528606348,
      4.685229820071754,
      4.2637284510339,
      4.205863902831769,
      3.4976041419417845,
      3.047297578626184,
      2.437344268000753,
      1.3239076694894072,
      1.1550007486956384,
      9.537491391393071e-16,
      5.93920719405689,
      5.735727233689856,
      5.28514528606348,
      4.685229820071754,
      4.2637284510339,
      4.205863902831769,
      3.4976041419417845,
      3.047297578626184,
      2.437344268000753,
      1.3239076694894072,
      1.1550007486956384,
      9.537491391393071e-16,
      5.93920719405689,
      5.735727233689856,
      5.28514528606348,
      4.685229820071754,
      4.2637284510339,
      4.205863902831769,
      3.4976041419417845,
      3.047297578626184,
      2.437344268000753,
      1.3239076694894072,
      1.1550007486956384,
      9.537491391393071e-16,
      5.93920719405689,
      5.735727233689856,
      5.28514528606348,
      4.685229820071754,
      4.2637284510339,
      4.205863902831769,
      3.4976041419417845,
      3.047297578626184,
      2.437344268000753,
      1.3239076694894072,
      1.1550007486956384,
      9.537491391393071e-16,
      5.93920719405689,
      5.735727233689856,
      5.28514528606348,
      4.685229820071754,
      4.2637284510339,
      4.205863902831769,
      3.4976041419417845,
      3.047297578626184,
      2.437344268000753,
      1.3239076694894072,
      1.1550007486956384,
      9.537491391393071e-16,
      5.93920719405689,
      5.735727233689856,
      5.28514528606348,
      4.685229820071754,
      4.2637284510339,
      4.205863902831769,
      3.4976041419417845,
      3.047297578626184,
      2.437344268000753,
      1.3239076694894072,
      1.1550007486956384,
      9.537491391393071e-16,
      5.93920719405689,
      5.735727233689856,
      5.28514528606348,
      4.685229820071754,
      4.2637284510339,
      4.205863902831769,
      3.4976041419417845,
      3.047297578626184,
      2.437344268000753,
      1.3239076694894072,
      1.1550007486956384,
      9.537491391393071e-16
    ],
    "singular_values_D": [
      5.93920719405689,
      5.735727233689856,
      5.28514528606348,
      4.685229820071754,
      4.2637284510339,
      4.205863902831769,
      3.4976041419417845,
      3.047297578626184,
      2.437344268000753,
      1.3239076694894072,
      1.1550007486956384,
      9.537491391393071e-16
    ],
    "singular_values_D_anchor": [
      15.3270586088296,
      5.890500999129942,
      5.316618084275322,
      4.803729740386621,
      4.650621182387351,
      4.2631552687117535,
      3.4976041624985323,
      3.057819841842433,
      2.4528537381523723,
      1.9836332628589322,
      1.3051687384540762,
      1.010415505504451e-15
    ],
    "root_tree_count_cv": 0.5967375294150232,
    "root_tree_count_gini": 0.3277777777777777,
    "edge_participation": [
      0.5,
      0.3333333333333333,
      0.3472222222222222,
      0.3333333333333333,
      0.25,
      0.4444444444444444,
      0.25,
      0.3333333333333333,
      0.4583333333333333,
      0.25,
      0.3333333333333333,
      0.16666666666666666
    ],
    "edge_participation_mean": 0.3333333333333333,
    "edge_participation_var": 0.008712705761316874,
    "edge_participation_gini": 0.15393518518518512,
    "bottleneck_edge_fraction_095": 0.0,
    "mean_shortest_path": 1.5,
    "comparison_branch_d_rel_values": [
      22,
      22,
      22
    ],
    "comparison_branch_d_rel_min": 22,
    "comparison_branch_d_rel_mean": 22.0,
    "comparison_branch_d_rel_max": 22,
    "comparison_branch_d_rel_gini": 0.0,
    "comparison_branch_common_d_rel_values": [
      22,
      22,
      22
    ],
    "comparison_branch_common_d_rel_min": 22,
    "comparison_branch_common_d_rel_mean": 22.0,
    "comparison_branch_common_d_rel_max": 22,
    "comparison_branch_common_d_rel_gini": 0.0,
    "comparison_branch_input_count_values": [
      24,
      24,
      24
    ],
    "comparison_branch_input_count_min": 24,
    "comparison_branch_input_count_mean": 24.0,
    "comparison_branch_input_count_max": 24,
    "comparison_branch_input_count_gini": 0.0,
    "comparison_branch_input_overlap_values": [
      24,
      24,
      24
    ],
    "comparison_branch_input_overlap_min": 24,
    "comparison_branch_input_overlap_mean": 24.0,
    "comparison_branch_input_overlap_max": 24,
    "comparison_branch_input_overlap_gini": 0.0,
    "in_degree": [
      1,
      3,
      3,
      4,
      1
    ],
    "out_degree": [
      2,
      2,
      2,
      2,
      4
    ],
    "in_degree_cv": 0.5,
    "out_degree_cv": 0.33333333333333337
  }
}