{
  "name": "cycle_chords_n5_m12_seed90",
  "family": "cycle_chords",
  "seed": 90,
  "n_nodes": 5,
  "edges": [
    [
      0,
      1
    ],
    [
      1,
      2
    ],
    [
      2,
      3
    ],
    [
      3,
      4
    ],
    [
      4,
      0
    ],
    [
      0,
      2
    ],
    [
      4,
      2
    ],
    [
      4,
      1
    ],
    [
      0,
      4
    ],
    [
      2,
      4
    ],
    [
      4,
      3
    ],
    [
      2,
      0
    ]
  ],
  "metrics": {
    "n_nodes": 5,
    "n_edges": 12,
    "p": 8,
    "strongly_connected": true,
    "edges": [
      [
        0,
        1
      ],
      [
        1,
        2
      ],
      [
        2,
        3
      ],
      [
        3,
        4
      ],
      [
        4,
        0
      ],
      [
        0,
        2
      ],
      [
        4,
        2
      ],
      [
        4,
        1
      ],
      [
        0,
        4
      ],
      [
        2,
        4
      ],
      [
        4,
        3
      ],
      [
        2,
        0
      ]
    ],
    "tree_counts_enum": [
      5,
      12,
      8,
      15,
      7
    ],
    "tree_counts_det": [
      5,
      12,
      8,
      15,
      7
    ],
    "tree_counts_match_det": true,
    "tree_enumeration_truncated": false,
    "max_trees_per_root": null,
    "n_trees_total_enum": 47,
    "rank_M": 12,
    "rank_D": 11,
    "rank_D_anchor": 11,
    "d_rel": 88,
    "effective_rank_D": 8.694986493774762,
    "condition_number_D": 4.26906246463239,
    "effective_rank_D_masked": 69.55989195019818,
    "condition_number_D_masked": 4.26906246463239,
    "singular_values_D_masked": [
      4.708865260675037,
      4.096871437278562,
      3.8303097124911543,
      3.6282252887295607,
      3.4410142207811703,
      2.933197213467869,
      2.665315896444438,
      2.2965308587258284,
      1.7829695355500246,
      1.4253670472699935,
      1.1030209325083087,
      4.7624835908693245e-16,
      4.708865260675037,
      4.096871437278562,
      3.8303097124911543,
      3.6282252887295607,
      3.4410142207811703,
      2.933197213467869,
      2.665315896444438,
      2.2965308587258284,
      1.7829695355500246,
      1.4253670472699935,
      1.1030209325083087,
      4.7624835908693245e-16,
      4.708865260675037,
      4.096871437278562,
      3.8303097124911543,
      3.6282252887295607,
      3.4410142207811703,
      2.933197213467869,
      2.665315896444438,
      2.2965308587258284,
      1.7829695355500246,
      1.4253670472699935,
      1.1030209325083087,
      4.7624835908693245e-16,
      4.708865260675037,
      4.096871437278562,
      3.8303097124911543,
      3.6282252887295607,
      3.4410142207811703,
      2.933197213467869,
      2.665315896444438,
      2.2965308587258284,
      1.7829695355500246,
      1.4253670472699935,
      1.1030209325083087,
      4.7624835908693245e-16,
      4.708865260675037,
      4.096871437278562,
      3.8303097124911543,
      3.6282252887295607,
      3.4410142207811703,
      2.933197213467869,
      2.665315896444438,
      2.2965308587258284,
      1.7829695355500246,
      1.4253670472699935,
      1.1030209325083087,
      4.7624835908693245e-16,
      4.708865260675037,
      4.096871437278562,
      3.8303097124911543,
      3.6282252887295607,
      3.4410142207811703,
      2.933197213467869,
      2.665315896444438,
      2.2965308587258284,
      1.7829695355500246,
      1.4253670472699935,
      1.1030209325083087,
      4.7624835908693245e-16,
      4.708865260675037,
      4.096871437278562,
      3.8303097124911543,
      3.6282252887295607,
      3.4410142207811703,
      2.933197213467869,
      2.665315896444438,
      2.2965308587258284,
      1.7829695355500246,
      1.4253670472699935,
      1.1030209325083087,
      4.7624835908693245e-16,
      4.708865260675037,
      4.096871437278562,
      3.8303097124911543,
      3.6282252887295607,
      3.4410142207811703,
      2.933197213467869,
      2.665315896444438,
      2.2965308587258284,
      1.7829695355500246,
      1.4253670472699935,
      1.1030209325083087,
      4.7624835908693245e-16
    ],
    "singular_values_D": [
      4.708865260675037,
      4.096871437278562,
      3.8303097124911543,
      3.6282252887295607,
      3.4410142207811703,
      2.933197213467869,
      2.665315896444438,
      2.2965308587258284,
      1.7829695355500246,
      1.4253670472699935,
      1.1030209325083087,
      4.7624835908693245e-16
    ],
    "singular_values_D_anchor": [
      9.390472548714948,
      4.662897158488431,
      3.9293432591166075,
      3.829224957886057,
      3.6218126026890207,
      3.3005773800402203,
      2.6733801603313796,
      2.309183061912063,
      1.7943866375598336,
      1.5817463755928654,
      1.3271558716553509,
      6.136541472312183e-16
    ],
    "root_tree_count_cv": 0.384158937984421,
    "root_tree_count_gini": 0.2127659574468086,
    "edge_participation": [
      0.3617021276595745,
      0.7446808510638298,
      0.40425531914893614,
      0.6808510638297872,
      0.2127659574468085,
      0.2553191489361702,
      0.1702127659574468,
      0.3191489361702128,
      0.2765957446808511,
      0.23404255319148937,
      0.14893617021276595,
      0.19148936170212766
    ],
    "edge_participation_mean": 0.3333333333333334,
    "edge_participation_var": 0.03420351088979427,
    "edge_participation_gini": 0.28457446808510656,
    "bottleneck_edge_fraction_095": 0.0,
    "mean_shortest_path": 1.4,
    "comparison_branch_d_rel_values": [
      22,
      22,
      22
    ],
    "comparison_branch_d_rel_min": 22,
    "comparison_branch_d_rel_mean": 22.0,
    "comparison_branch_d_rel_max": 22,
    "comparison_branch_d_rel_gini": 0.0,
    "comparison_branch_common_d_rel_values": [
      22,
      22,
      22
    ],
    "comparison_branch_common_d_rel_min": 22,
    "comparison_branch_common_d_rel_mean": 22.0,
    "comparison_branch_common_d_rel_max": 22,
    "comparison_branch_common_d_rel_gini": 0.0,
    "comparison_branch_input_count_values": [
      24,
      24,
      24
    ],
    "comparison_branch_input_count_min": 24,
    "comparison_branch_input_count_mean": 24.0,
    "comparison_branch_input_count_max": 24,
    "comparison_branch_input_count_gini": 0.0,
    "comparison_branch_input_overlap_values": [
      24,
      24,
      24
    ],
    "comparison_branch_input_overlap_min": 24,
    "comparison_branch_input_overlap_mean": 24.0,
    "comparison_branch_input_overlap_max": 24,
    "comparison_branch_input_overlap_gini": 0.0,
    "in_degree": [
      2,
      2,
      3,
      2,
      3
    ],
    "out_degree": [
      3,
      1,
      3,
      1,
      4
    ],
    "in_degree_cv": 0.2041241452319315,
    "out_degree_cv": 0.5
  }
}