{
  "name": "random_sc_n5_m12_seed3",
  "family": "random_sc",
  "seed": 3,
  "n_nodes": 5,
  "edges": [
    [
      0,
      1
    ],
    [
      1,
      2
    ],
    [
      2,
      3
    ],
    [
      3,
      4
    ],
    [
      4,
      0
    ],
    [
      1,
      0
    ],
    [
      3,
      0
    ],
    [
      2,
      4
    ],
    [
      0,
      4
    ],
    [
      1,
      4
    ],
    [
      4,
      2
    ],
    [
      2,
      1
    ]
  ],
  "metrics": {
    "n_nodes": 5,
    "n_edges": 12,
    "p": 8,
    "strongly_connected": true,
    "edges": [
      [
        0,
        1
      ],
      [
        1,
        2
      ],
      [
        2,
        3
      ],
      [
        3,
        4
      ],
      [
        4,
        0
      ],
      [
        1,
        0
      ],
      [
        3,
        0
      ],
      [
        2,
        4
      ],
      [
        0,
        4
      ],
      [
        1,
        4
      ],
      [
        4,
        2
      ],
      [
        2,
        1
      ]
    ],
    "tree_counts_enum": [
      21,
      11,
      12,
      6,
      25
    ],
    "tree_counts_det": [
      21,
      11,
      12,
      6,
      25
    ],
    "tree_counts_match_det": true,
    "tree_enumeration_truncated": false,
    "max_trees_per_root": null,
    "n_trees_total_enum": 75,
    "rank_M": 12,
    "rank_D": 11,
    "rank_D_anchor": 11,
    "d_rel": 88,
    "effective_rank_D": 8.625602657015468,
    "condition_number_D": 3.892942663214342,
    "effective_rank_D_masked": 69.00482125612376,
    "condition_number_D_masked": 3.892942663214342,
    "singular_values_D_masked": [
      5.994951703726172,
      5.7933780482916,
      5.241877434785001,
      5.018986035904732,
      4.59997892980599,
      4.559951742206043,
      3.4504281306876323,
      3.0406217186771896,
      2.09170734382266,
      1.7830667452287847,
      1.5399537630940174,
      9.793363706147064e-16,
      5.994951703726172,
      5.7933780482916,
      5.241877434785001,
      5.018986035904732,
      4.59997892980599,
      4.559951742206043,
      3.4504281306876323,
      3.0406217186771896,
      2.09170734382266,
      1.7830667452287847,
      1.5399537630940174,
      9.793363706147064e-16,
      5.994951703726172,
      5.7933780482916,
      5.241877434785001,
      5.018986035904732,
      4.59997892980599,
      4.559951742206043,
      3.4504281306876323,
      3.0406217186771896,
      2.09170734382266,
      1.7830667452287847,
      1.5399537630940174,
      9.793363706147064e-16,
      5.994951703726172,
      5.7933780482916,
      5.241877434785001,
      5.018986035904732,
      4.59997892980599,
      4.559951742206043,
      3.4504281306876323,
      3.0406217186771896,
      2.09170734382266,
      1.7830667452287847,
      1.5399537630940174,
      9.793363706147064e-16,
      5.994951703726172,
      5.7933780482916,
      5.241877434785001,
      5.018986035904732,
      4.59997892980599,
      4.559951742206043,
      3.4504281306876323,
      3.0406217186771896,
      2.09170734382266,
      1.7830667452287847,
      1.5399537630940174,
      9.793363706147064e-16,
      5.994951703726172,
      5.7933780482916,
      5.241877434785001,
      5.018986035904732,
      4.59997892980599,
      4.559951742206043,
      3.4504281306876323,
      3.0406217186771896,
      2.09170734382266,
      1.7830667452287847,
      1.5399537630940174,
      9.793363706147064e-16,
      5.994951703726172,
      5.7933780482916,
      5.241877434785001,
      5.018986035904732,
      4.59997892980599,
      4.559951742206043,
      3.4504281306876323,
      3.0406217186771896,
      2.09170734382266,
      1.7830667452287847,
      1.5399537630940174,
      9.793363706147064e-16,
      5.994951703726172,
      5.7933780482916,
      5.241877434785001,
      5.018986035904732,
      4.59997892980599,
      4.559951742206043,
      3.4504281306876323,
      3.0406217186771896,
      2.09170734382266,
      1.7830667452287847,
      1.5399537630940174,
      9.793363706147064e-16
    ],
    "singular_values_D": [
      5.994951703726172,
      5.7933780482916,
      5.241877434785001,
      5.018986035904732,
      4.59997892980599,
      4.559951742206043,
      3.4504281306876323,
      3.0406217186771896,
      2.09170734382266,
      1.7830667452287847,
      1.5399537630940174,
      9.793363706147064e-16
    ],
    "singular_values_D_anchor": [
      14.797996988243153,
      5.798118768635127,
      5.64963951626501,
      5.190534551772626,
      4.667527746614837,
      4.598792136963531,
      3.708430896846862,
      3.0997675173623906,
      2.140625275124585,
      1.7830746251389045,
      1.5759675865138887,
      9.165126340661655e-16
    ],
    "root_tree_count_cv": 0.46380072349136225,
    "root_tree_count_gini": 0.256,
    "edge_participation": [
      0.36,
      0.28,
      0.36,
      0.44,
      0.3333333333333333,
      0.24,
      0.48,
      0.24,
      0.36,
      0.3333333333333333,
      0.3333333333333333,
      0.24
    ],
    "edge_participation_mean": 0.3333333333333333,
    "edge_participation_var": 0.005333333333333333,
    "edge_participation_gini": 0.12000000000000033,
    "bottleneck_edge_fraction_095": 0.0,
    "mean_shortest_path": 1.45,
    "comparison_branch_d_rel_values": [
      22,
      22,
      22
    ],
    "comparison_branch_d_rel_min": 22,
    "comparison_branch_d_rel_mean": 22.0,
    "comparison_branch_d_rel_max": 22,
    "comparison_branch_d_rel_gini": 0.0,
    "comparison_branch_common_d_rel_values": [
      22,
      22,
      22
    ],
    "comparison_branch_common_d_rel_min": 22,
    "comparison_branch_common_d_rel_mean": 22.0,
    "comparison_branch_common_d_rel_max": 22,
    "comparison_branch_common_d_rel_gini": 0.0,
    "comparison_branch_input_count_values": [
      24,
      24,
      24
    ],
    "comparison_branch_input_count_min": 24,
    "comparison_branch_input_count_mean": 24.0,
    "comparison_branch_input_count_max": 24,
    "comparison_branch_input_count_gini": 0.0,
    "comparison_branch_input_overlap_values": [
      24,
      24,
      24
    ],
    "comparison_branch_input_overlap_min": 24,
    "comparison_branch_input_overlap_mean": 24.0,
    "comparison_branch_input_overlap_max": 24,
    "comparison_branch_input_overlap_gini": 0.0,
    "in_degree": [
      3,
      2,
      2,
      1,
      4
    ],
    "out_degree": [
      2,
      3,
      3,
      2,
      2
    ],
    "in_degree_cv": 0.4249182927993988,
    "out_degree_cv": 0.2041241452319315
  }
}