{
  "name": "cycle_chords_n5_m12_seed91",
  "family": "cycle_chords",
  "seed": 91,
  "n_nodes": 5,
  "edges": [
    [
      0,
      1
    ],
    [
      1,
      2
    ],
    [
      2,
      3
    ],
    [
      3,
      4
    ],
    [
      4,
      0
    ],
    [
      0,
      2
    ],
    [
      4,
      2
    ],
    [
      4,
      3
    ],
    [
      1,
      3
    ],
    [
      1,
      0
    ],
    [
      1,
      4
    ],
    [
      2,
      4
    ]
  ],
  "metrics": {
    "n_nodes": 5,
    "n_edges": 12,
    "p": 8,
    "strongly_connected": true,
    "edges": [
      [
        0,
        1
      ],
      [
        1,
        2
      ],
      [
        2,
        3
      ],
      [
        3,
        4
      ],
      [
        4,
        0
      ],
      [
        0,
        2
      ],
      [
        4,
        2
      ],
      [
        4,
        3
      ],
      [
        1,
        3
      ],
      [
        1,
        0
      ],
      [
        1,
        4
      ],
      [
        2,
        4
      ]
    ],
    "tree_counts_enum": [
      8,
      2,
      12,
      28,
      14
    ],
    "tree_counts_det": [
      8,
      2,
      12,
      28,
      14
    ],
    "tree_counts_match_det": true,
    "tree_enumeration_truncated": false,
    "max_trees_per_root": null,
    "n_trees_total_enum": 64,
    "rank_M": 12,
    "rank_D": 11,
    "rank_D_anchor": 11,
    "d_rel": 88,
    "effective_rank_D": 8.494628938133808,
    "condition_number_D": 6.901916493354324,
    "effective_rank_D_masked": 67.95703150507036,
    "condition_number_D_masked": 6.901916493354324,
    "singular_values_D_masked": [
      5.472969720546344,
      5.282689778341278,
      4.898728908193238,
      4.273171713004717,
      4.2029937361361025,
      4.002489350396572,
      3.101456131933719,
      2.807317425531016,
      2.0621853284531997,
      1.7148502144676134,
      0.7929637696741368,
      7.181221224917623e-16,
      5.472969720546344,
      5.282689778341278,
      4.898728908193238,
      4.273171713004717,
      4.2029937361361025,
      4.002489350396572,
      3.101456131933719,
      2.807317425531016,
      2.0621853284531997,
      1.7148502144676134,
      0.7929637696741368,
      7.181221224917623e-16,
      5.472969720546344,
      5.282689778341278,
      4.898728908193238,
      4.273171713004717,
      4.2029937361361025,
      4.002489350396572,
      3.101456131933719,
      2.807317425531016,
      2.0621853284531997,
      1.7148502144676134,
      0.7929637696741368,
      7.181221224917623e-16,
      5.472969720546344,
      5.282689778341278,
      4.898728908193238,
      4.273171713004717,
      4.2029937361361025,
      4.002489350396572,
      3.101456131933719,
      2.807317425531016,
      2.0621853284531997,
      1.7148502144676134,
      0.7929637696741368,
      7.181221224917623e-16,
      5.472969720546344,
      5.282689778341278,
      4.898728908193238,
      4.273171713004717,
      4.2029937361361025,
      4.002489350396572,
      3.101456131933719,
      2.807317425531016,
      2.0621853284531997,
      1.7148502144676134,
      0.7929637696741368,
      7.181221224917623e-16,
      5.472969720546344,
      5.282689778341278,
      4.898728908193238,
      4.273171713004717,
      4.2029937361361025,
      4.002489350396572,
      3.101456131933719,
      2.807317425531016,
      2.0621853284531997,
      1.7148502144676134,
      0.7929637696741368,
      7.181221224917623e-16,
      5.472969720546344,
      5.282689778341278,
      4.898728908193238,
      4.273171713004717,
      4.2029937361361025,
      4.002489350396572,
      3.101456131933719,
      2.807317425531016,
      2.0621853284531997,
      1.7148502144676134,
      0.7929637696741368,
      7.181221224917623e-16,
      5.472969720546344,
      5.282689778341278,
      4.898728908193238,
      4.273171713004717,
      4.2029937361361025,
      4.002489350396572,
      3.101456131933719,
      2.807317425531016,
      2.0621853284531997,
      1.7148502144676134,
      0.7929637696741368,
      7.181221224917623e-16
    ],
    "singular_values_D": [
      5.472969720546344,
      5.282689778341278,
      4.898728908193238,
      4.273171713004717,
      4.2029937361361025,
      4.002489350396572,
      3.101456131933719,
      2.807317425531016,
      2.0621853284531997,
      1.7148502144676134,
      0.7929637696741368,
      7.181221224917623e-16
    ],
    "singular_values_D_anchor": [
      12.498805092826306,
      5.464365423426795,
      5.281873598658805,
      4.488104621841617,
      4.2726892057109005,
      4.003100660380233,
      3.1671995344834785,
      2.839425824729088,
      2.172299586952972,
      2.038874510284775,
      0.7932435607812375,
      7.653018539490674e-16
    ],
    "root_tree_count_cv": 0.6745947857788407,
    "root_tree_count_gini": 0.36250000000000004,
    "edge_participation": [
      0.375,
      0.28125,
      0.5,
      0.5625,
      0.34375,
      0.5,
      0.21875,
      0.21875,
      0.28125,
      0.15625,
      0.25,
      0.3125
    ],
    "edge_participation_mean": 0.3333333333333333,
    "edge_participation_var": 0.015028211805555558,
    "edge_participation_gini": 0.20442708333333348,
    "bottleneck_edge_fraction_095": 0.0,
    "mean_shortest_path": 1.5,
    "comparison_branch_d_rel_values": [
      22,
      22,
      22
    ],
    "comparison_branch_d_rel_min": 22,
    "comparison_branch_d_rel_mean": 22.0,
    "comparison_branch_d_rel_max": 22,
    "comparison_branch_d_rel_gini": 0.0,
    "comparison_branch_common_d_rel_values": [
      22,
      22,
      22
    ],
    "comparison_branch_common_d_rel_min": 22,
    "comparison_branch_common_d_rel_mean": 22.0,
    "comparison_branch_common_d_rel_max": 22,
    "comparison_branch_common_d_rel_gini": 0.0,
    "comparison_branch_input_count_values": [
      24,
      24,
      24
    ],
    "comparison_branch_input_count_min": 24,
    "comparison_branch_input_count_mean": 24.0,
    "comparison_branch_input_count_max": 24,
    "comparison_branch_input_count_gini": 0.0,
    "comparison_branch_input_overlap_values": [
      24,
      24,
      24
    ],
    "comparison_branch_input_overlap_min": 24,
    "comparison_branch_input_overlap_mean": 24.0,
    "comparison_branch_input_overlap_max": 24,
    "comparison_branch_input_overlap_gini": 0.0,
    "in_degree": [
      2,
      1,
      3,
      3,
      3
    ],
    "out_degree": [
      2,
      4,
      2,
      1,
      3
    ],
    "in_degree_cv": 0.33333333333333337,
    "out_degree_cv": 0.4249182927993988
  }
}