{
  "name": "cycle_chords_n5_m12_seed95",
  "family": "cycle_chords",
  "seed": 95,
  "n_nodes": 5,
  "edges": [
    [
      0,
      1
    ],
    [
      1,
      2
    ],
    [
      2,
      3
    ],
    [
      3,
      4
    ],
    [
      4,
      0
    ],
    [
      1,
      0
    ],
    [
      2,
      0
    ],
    [
      3,
      0
    ],
    [
      1,
      4
    ],
    [
      1,
      3
    ],
    [
      3,
      1
    ],
    [
      0,
      3
    ]
  ],
  "metrics": {
    "n_nodes": 5,
    "n_edges": 12,
    "p": 8,
    "strongly_connected": true,
    "edges": [
      [
        0,
        1
      ],
      [
        1,
        2
      ],
      [
        2,
        3
      ],
      [
        3,
        4
      ],
      [
        4,
        0
      ],
      [
        1,
        0
      ],
      [
        2,
        0
      ],
      [
        3,
        0
      ],
      [
        1,
        4
      ],
      [
        1,
        3
      ],
      [
        3,
        1
      ],
      [
        0,
        3
      ]
    ],
    "tree_counts_enum": [
      21,
      8,
      4,
      11,
      19
    ],
    "tree_counts_det": [
      21,
      8,
      4,
      11,
      19
    ],
    "tree_counts_match_det": true,
    "tree_enumeration_truncated": false,
    "max_trees_per_root": null,
    "n_trees_total_enum": 63,
    "rank_M": 12,
    "rank_D": 11,
    "rank_D_anchor": 11,
    "d_rel": 88,
    "effective_rank_D": 8.69039023970265,
    "condition_number_D": 4.322617346137397,
    "effective_rank_D_masked": 69.5231219176212,
    "condition_number_D_masked": 4.322617346137397,
    "singular_values_D_masked": [
      5.459264005793835,
      4.998722150488304,
      4.670634655121423,
      4.496289611546377,
      3.8596755330276853,
      3.4570473291041264,
      3.3007219374147057,
      2.8772859890126106,
      2.2500978574082775,
      1.4658634818002974,
      1.2629533379058229,
      1.0269754749516073e-15,
      5.459264005793835,
      4.998722150488304,
      4.670634655121423,
      4.496289611546377,
      3.8596755330276853,
      3.4570473291041264,
      3.3007219374147057,
      2.8772859890126106,
      2.2500978574082775,
      1.4658634818002974,
      1.2629533379058229,
      1.0269754749516073e-15,
      5.459264005793835,
      4.998722150488304,
      4.670634655121423,
      4.496289611546377,
      3.8596755330276853,
      3.4570473291041264,
      3.3007219374147057,
      2.8772859890126106,
      2.2500978574082775,
      1.4658634818002974,
      1.2629533379058229,
      1.0269754749516073e-15,
      5.459264005793835,
      4.998722150488304,
      4.670634655121423,
      4.496289611546377,
      3.8596755330276853,
      3.4570473291041264,
      3.3007219374147057,
      2.8772859890126106,
      2.2500978574082775,
      1.4658634818002974,
      1.2629533379058229,
      1.0269754749516073e-15,
      5.459264005793835,
      4.998722150488304,
      4.670634655121423,
      4.496289611546377,
      3.8596755330276853,
      3.4570473291041264,
      3.3007219374147057,
      2.8772859890126106,
      2.2500978574082775,
      1.4658634818002974,
      1.2629533379058229,
      1.0269754749516073e-15,
      5.459264005793835,
      4.998722150488304,
      4.670634655121423,
      4.496289611546377,
      3.8596755330276853,
      3.4570473291041264,
      3.3007219374147057,
      2.8772859890126106,
      2.2500978574082775,
      1.4658634818002974,
      1.2629533379058229,
      1.0269754749516073e-15,
      5.459264005793835,
      4.998722150488304,
      4.670634655121423,
      4.496289611546377,
      3.8596755330276853,
      3.4570473291041264,
      3.3007219374147057,
      2.8772859890126106,
      2.2500978574082775,
      1.4658634818002974,
      1.2629533379058229,
      1.0269754749516073e-15,
      5.459264005793835,
      4.998722150488304,
      4.670634655121423,
      4.496289611546377,
      3.8596755330276853,
      3.4570473291041264,
      3.3007219374147057,
      2.8772859890126106,
      2.2500978574082775,
      1.4658634818002974,
      1.2629533379058229,
      1.0269754749516073e-15
    ],
    "singular_values_D": [
      5.459264005793835,
      4.998722150488304,
      4.670634655121423,
      4.496289611546377,
      3.8596755330276853,
      3.4570473291041264,
      3.3007219374147057,
      2.8772859890126106,
      2.2500978574082775,
      1.4658634818002974,
      1.2629533379058229,
      1.0269754749516073e-15
    ],
    "singular_values_D_anchor": [
      12.070023955323434,
      5.097142802117261,
      4.994679565363154,
      4.665808805453477,
      4.1007302390291525,
      3.609777248839477,
      3.34683258936352,
      3.076176454493634,
      2.284518500622056,
      1.4679203678240007,
      1.316288713447073,
      7.410356605713756e-16
    ],
    "root_tree_count_cv": 0.5133638612316264,
    "root_tree_count_gini": 0.2857142857142858,
    "edge_participation": [
      0.3333333333333333,
      0.23809523809523808,
      0.47619047619047616,
      0.38095238095238093,
      0.6984126984126984,
      0.15873015873015872,
      0.4603174603174603,
      0.20634920634920634,
      0.2857142857142857,
      0.19047619047619047,
      0.23809523809523808,
      0.3333333333333333
    ],
    "edge_participation_mean": 0.3333333333333333,
    "edge_participation_var": 0.02162593432434702,
    "edge_participation_gini": 0.23611111111111116,
    "bottleneck_edge_fraction_095": 0.0,
    "mean_shortest_path": 1.45,
    "comparison_branch_d_rel_values": [
      22,
      22,
      22
    ],
    "comparison_branch_d_rel_min": 22,
    "comparison_branch_d_rel_mean": 22.0,
    "comparison_branch_d_rel_max": 22,
    "comparison_branch_d_rel_gini": 0.0,
    "comparison_branch_common_d_rel_values": [
      22,
      22,
      22
    ],
    "comparison_branch_common_d_rel_min": 22,
    "comparison_branch_common_d_rel_mean": 22.0,
    "comparison_branch_common_d_rel_max": 22,
    "comparison_branch_common_d_rel_gini": 0.0,
    "comparison_branch_input_count_values": [
      24,
      24,
      24
    ],
    "comparison_branch_input_count_min": 24,
    "comparison_branch_input_count_mean": 24.0,
    "comparison_branch_input_count_max": 24,
    "comparison_branch_input_count_gini": 0.0,
    "comparison_branch_input_overlap_values": [
      24,
      24,
      24
    ],
    "comparison_branch_input_overlap_min": 24,
    "comparison_branch_input_overlap_mean": 24.0,
    "comparison_branch_input_overlap_max": 24,
    "comparison_branch_input_overlap_gini": 0.0,
    "in_degree": [
      4,
      2,
      1,
      3,
      2
    ],
    "out_degree": [
      2,
      4,
      2,
      3,
      1
    ],
    "in_degree_cv": 0.4249182927993988,
    "out_degree_cv": 0.4249182927993988
  }
}