{
  "name": "cycle_chords_n5_m12_seed92",
  "family": "cycle_chords",
  "seed": 92,
  "n_nodes": 5,
  "edges": [
    [
      0,
      1
    ],
    [
      1,
      2
    ],
    [
      2,
      3
    ],
    [
      3,
      4
    ],
    [
      4,
      0
    ],
    [
      0,
      4
    ],
    [
      1,
      4
    ],
    [
      0,
      2
    ],
    [
      2,
      1
    ],
    [
      1,
      0
    ],
    [
      4,
      3
    ],
    [
      3,
      1
    ]
  ],
  "metrics": {
    "n_nodes": 5,
    "n_edges": 12,
    "p": 8,
    "strongly_connected": true,
    "edges": [
      [
        0,
        1
      ],
      [
        1,
        2
      ],
      [
        2,
        3
      ],
      [
        3,
        4
      ],
      [
        4,
        0
      ],
      [
        0,
        4
      ],
      [
        1,
        4
      ],
      [
        0,
        2
      ],
      [
        2,
        1
      ],
      [
        1,
        0
      ],
      [
        4,
        3
      ],
      [
        3,
        1
      ]
    ],
    "tree_counts_enum": [
      11,
      13,
      12,
      16,
      20
    ],
    "tree_counts_det": [
      11,
      13,
      12,
      16,
      20
    ],
    "tree_counts_match_det": true,
    "tree_enumeration_truncated": false,
    "max_trees_per_root": null,
    "n_trees_total_enum": 72,
    "rank_M": 12,
    "rank_D": 11,
    "rank_D_anchor": 11,
    "d_rel": 88,
    "effective_rank_D": 8.728062978166108,
    "condition_number_D": 3.414983835491122,
    "effective_rank_D_masked": 69.82450382532879,
    "condition_number_D_masked": 3.414983835491122,
    "singular_values_D_masked": [
      5.95846581183925,
      5.594843043602951,
      5.18416680892011,
      4.787443459817298,
      4.619649044612194,
      4.163044395401014,
      3.4603532058209243,
      2.7556250596990757,
      2.1218167846240514,
      1.9654950581374147,
      1.744800590244182,
      7.619717249300468e-16,
      5.95846581183925,
      5.594843043602951,
      5.18416680892011,
      4.787443459817298,
      4.619649044612194,
      4.163044395401014,
      3.4603532058209243,
      2.7556250596990757,
      2.1218167846240514,
      1.9654950581374147,
      1.744800590244182,
      7.619717249300468e-16,
      5.95846581183925,
      5.594843043602951,
      5.18416680892011,
      4.787443459817298,
      4.619649044612194,
      4.163044395401014,
      3.4603532058209243,
      2.7556250596990757,
      2.1218167846240514,
      1.9654950581374147,
      1.744800590244182,
      7.619717249300468e-16,
      5.95846581183925,
      5.594843043602951,
      5.18416680892011,
      4.787443459817298,
      4.619649044612194,
      4.163044395401014,
      3.4603532058209243,
      2.7556250596990757,
      2.1218167846240514,
      1.9654950581374147,
      1.744800590244182,
      7.619717249300468e-16,
      5.95846581183925,
      5.594843043602951,
      5.18416680892011,
      4.787443459817298,
      4.619649044612194,
      4.163044395401014,
      3.4603532058209243,
      2.7556250596990757,
      2.1218167846240514,
      1.9654950581374147,
      1.744800590244182,
      7.619717249300468e-16,
      5.95846581183925,
      5.594843043602951,
      5.18416680892011,
      4.787443459817298,
      4.619649044612194,
      4.163044395401014,
      3.4603532058209243,
      2.7556250596990757,
      2.1218167846240514,
      1.9654950581374147,
      1.744800590244182,
      7.619717249300468e-16,
      5.95846581183925,
      5.594843043602951,
      5.18416680892011,
      4.787443459817298,
      4.619649044612194,
      4.163044395401014,
      3.4603532058209243,
      2.7556250596990757,
      2.1218167846240514,
      1.9654950581374147,
      1.744800590244182,
      7.619717249300468e-16,
      5.95846581183925,
      5.594843043602951,
      5.18416680892011,
      4.787443459817298,
      4.619649044612194,
      4.163044395401014,
      3.4603532058209243,
      2.7556250596990757,
      2.1218167846240514,
      1.9654950581374147,
      1.744800590244182,
      7.619717249300468e-16
    ],
    "singular_values_D": [
      5.95846581183925,
      5.594843043602951,
      5.18416680892011,
      4.787443459817298,
      4.619649044612194,
      4.163044395401014,
      3.4603532058209243,
      2.7556250596990757,
      2.1218167846240514,
      1.9654950581374147,
      1.744800590244182,
      7.619717249300468e-16
    ],
    "singular_values_D_anchor": [
      14.480707987039246,
      5.6276533866351945,
      5.18464091914852,
      4.8834960833347,
      4.749218494030568,
      4.188207879057881,
      3.724153659896756,
      2.87919757454616,
      2.360048979753994,
      2.0856520489202213,
      1.9324962466960438,
      1.2883031316844281e-15
    ],
    "root_tree_count_cv": 0.22652092264305682,
    "root_tree_count_gini": 0.12222222222222223,
    "edge_participation": [
      0.25,
      0.2222222222222222,
      0.5,
      0.3333333333333333,
      0.3888888888888889,
      0.2361111111111111,
      0.3472222222222222,
      0.3611111111111111,
      0.3333333333333333,
      0.25,
      0.3333333333333333,
      0.4444444444444444
    ],
    "edge_participation_mean": 0.3333333333333333,
    "edge_participation_var": 0.0066550925925925935,
    "edge_participation_gini": 0.13541666666666674,
    "bottleneck_edge_fraction_095": 0.0,
    "mean_shortest_path": 1.4,
    "comparison_branch_d_rel_values": [
      22,
      22,
      22
    ],
    "comparison_branch_d_rel_min": 22,
    "comparison_branch_d_rel_mean": 22.0,
    "comparison_branch_d_rel_max": 22,
    "comparison_branch_d_rel_gini": 0.0,
    "comparison_branch_common_d_rel_values": [
      22,
      22,
      22
    ],
    "comparison_branch_common_d_rel_min": 22,
    "comparison_branch_common_d_rel_mean": 22.0,
    "comparison_branch_common_d_rel_max": 22,
    "comparison_branch_common_d_rel_gini": 0.0,
    "comparison_branch_input_count_values": [
      24,
      24,
      24
    ],
    "comparison_branch_input_count_min": 24,
    "comparison_branch_input_count_mean": 24.0,
    "comparison_branch_input_count_max": 24,
    "comparison_branch_input_count_gini": 0.0,
    "comparison_branch_input_overlap_values": [
      24,
      24,
      24
    ],
    "comparison_branch_input_overlap_min": 24,
    "comparison_branch_input_overlap_mean": 24.0,
    "comparison_branch_input_overlap_max": 24,
    "comparison_branch_input_overlap_gini": 0.0,
    "in_degree": [
      2,
      3,
      2,
      2,
      3
    ],
    "out_degree": [
      3,
      3,
      2,
      2,
      2
    ],
    "in_degree_cv": 0.2041241452319315,
    "out_degree_cv": 0.2041241452319315
  }
}