{
  "name": "cycle_chords_n5_m12_seed93",
  "family": "cycle_chords",
  "seed": 93,
  "n_nodes": 5,
  "edges": [
    [
      0,
      1
    ],
    [
      1,
      2
    ],
    [
      2,
      3
    ],
    [
      3,
      4
    ],
    [
      4,
      0
    ],
    [
      4,
      1
    ],
    [
      0,
      4
    ],
    [
      1,
      3
    ],
    [
      0,
      2
    ],
    [
      1,
      0
    ],
    [
      2,
      0
    ],
    [
      2,
      4
    ]
  ],
  "metrics": {
    "n_nodes": 5,
    "n_edges": 12,
    "p": 8,
    "strongly_connected": true,
    "edges": [
      [
        0,
        1
      ],
      [
        1,
        2
      ],
      [
        2,
        3
      ],
      [
        3,
        4
      ],
      [
        4,
        0
      ],
      [
        4,
        1
      ],
      [
        0,
        4
      ],
      [
        1,
        3
      ],
      [
        0,
        2
      ],
      [
        1,
        0
      ],
      [
        2,
        0
      ],
      [
        2,
        4
      ]
    ],
    "tree_counts_enum": [
      13,
      11,
      8,
      19,
      20
    ],
    "tree_counts_det": [
      13,
      11,
      8,
      19,
      20
    ],
    "tree_counts_match_det": true,
    "tree_enumeration_truncated": false,
    "max_trees_per_root": null,
    "n_trees_total_enum": 71,
    "rank_M": 12,
    "rank_D": 11,
    "rank_D_anchor": 11,
    "d_rel": 88,
    "effective_rank_D": 9.05980814858112,
    "condition_number_D": 3.3467481426746355,
    "effective_rank_D_masked": 72.47846518864901,
    "condition_number_D_masked": 3.3467481426746355,
    "singular_values_D_masked": [
      5.279514899618918,
      5.274942704723406,
      5.2108142622549884,
      4.690826362214463,
      4.322470957955561,
      3.9572593825453706,
      3.6722733265704695,
      3.140627622327137,
      2.4069310732600533,
      1.8274699635263356,
      1.5775058876703116,
      8.829984158017029e-16,
      5.279514899618918,
      5.274942704723406,
      5.2108142622549884,
      4.690826362214463,
      4.322470957955561,
      3.9572593825453706,
      3.6722733265704695,
      3.140627622327137,
      2.4069310732600533,
      1.8274699635263356,
      1.5775058876703116,
      8.829984158017029e-16,
      5.279514899618918,
      5.274942704723406,
      5.2108142622549884,
      4.690826362214463,
      4.322470957955561,
      3.9572593825453706,
      3.6722733265704695,
      3.140627622327137,
      2.4069310732600533,
      1.8274699635263356,
      1.5775058876703116,
      8.829984158017029e-16,
      5.279514899618918,
      5.274942704723406,
      5.2108142622549884,
      4.690826362214463,
      4.322470957955561,
      3.9572593825453706,
      3.6722733265704695,
      3.140627622327137,
      2.4069310732600533,
      1.8274699635263356,
      1.5775058876703116,
      8.829984158017029e-16,
      5.279514899618918,
      5.274942704723406,
      5.2108142622549884,
      4.690826362214463,
      4.322470957955561,
      3.9572593825453706,
      3.6722733265704695,
      3.140627622327137,
      2.4069310732600533,
      1.8274699635263356,
      1.5775058876703116,
      8.829984158017029e-16,
      5.279514899618918,
      5.274942704723406,
      5.2108142622549884,
      4.690826362214463,
      4.322470957955561,
      3.9572593825453706,
      3.6722733265704695,
      3.140627622327137,
      2.4069310732600533,
      1.8274699635263356,
      1.5775058876703116,
      8.829984158017029e-16,
      5.279514899618918,
      5.274942704723406,
      5.2108142622549884,
      4.690826362214463,
      4.322470957955561,
      3.9572593825453706,
      3.6722733265704695,
      3.140627622327137,
      2.4069310732600533,
      1.8274699635263356,
      1.5775058876703116,
      8.829984158017029e-16,
      5.279514899618918,
      5.274942704723406,
      5.2108142622549884,
      4.690826362214463,
      4.322470957955561,
      3.9572593825453706,
      3.6722733265704695,
      3.140627622327137,
      2.4069310732600533,
      1.8274699635263356,
      1.5775058876703116,
      8.829984158017029e-16
    ],
    "singular_values_D": [
      5.279514899618918,
      5.274942704723406,
      5.2108142622549884,
      4.690826362214463,
      4.322470957955561,
      3.9572593825453706,
      3.6722733265704695,
      3.140627622327137,
      2.4069310732600533,
      1.8274699635263356,
      1.5775058876703116,
      8.829984158017029e-16
    ],
    "singular_values_D_anchor": [
      12.982419483904453,
      5.274987286577647,
      5.217627587515568,
      4.844250944185346,
      4.323724710719304,
      4.079232400098029,
      3.6736871183767654,
      3.166399228288109,
      2.7635268057938838,
      1.9787975625255427,
      1.5910295263176464,
      6.002451972558182e-16
    ],
    "root_tree_count_cv": 0.3254709861490519,
    "root_tree_count_gini": 0.18028169014084505,
    "edge_participation": [
      0.29577464788732394,
      0.29577464788732394,
      0.39436619718309857,
      0.7323943661971831,
      0.323943661971831,
      0.39436619718309857,
      0.23943661971830985,
      0.3380281690140845,
      0.28169014084507044,
      0.2112676056338028,
      0.2112676056338028,
      0.28169014084507044
    ],
    "edge_participation_mean": 0.3333333333333333,
    "edge_participation_var": 0.017798496770922878,
    "edge_participation_gini": 0.1848591549295775,
    "bottleneck_edge_fraction_095": 0.0,
    "mean_shortest_path": 1.45,
    "comparison_branch_d_rel_values": [
      22,
      22,
      22
    ],
    "comparison_branch_d_rel_min": 22,
    "comparison_branch_d_rel_mean": 22.0,
    "comparison_branch_d_rel_max": 22,
    "comparison_branch_d_rel_gini": 0.0,
    "comparison_branch_common_d_rel_values": [
      22,
      22,
      22
    ],
    "comparison_branch_common_d_rel_min": 22,
    "comparison_branch_common_d_rel_mean": 22.0,
    "comparison_branch_common_d_rel_max": 22,
    "comparison_branch_common_d_rel_gini": 0.0,
    "comparison_branch_input_count_values": [
      24,
      24,
      24
    ],
    "comparison_branch_input_count_min": 24,
    "comparison_branch_input_count_mean": 24.0,
    "comparison_branch_input_count_max": 24,
    "comparison_branch_input_count_gini": 0.0,
    "comparison_branch_input_overlap_values": [
      24,
      24,
      24
    ],
    "comparison_branch_input_overlap_min": 24,
    "comparison_branch_input_overlap_mean": 24.0,
    "comparison_branch_input_overlap_max": 24,
    "comparison_branch_input_overlap_gini": 0.0,
    "in_degree": [
      3,
      2,
      2,
      2,
      3
    ],
    "out_degree": [
      3,
      3,
      3,
      1,
      2
    ],
    "in_degree_cv": 0.2041241452319315,
    "out_degree_cv": 0.33333333333333337
  }
}