{
  "name": "random_sc_n5_m12_seed12",
  "family": "random_sc",
  "seed": 12,
  "n_nodes": 5,
  "edges": [
    [
      0,
      1
    ],
    [
      1,
      2
    ],
    [
      2,
      3
    ],
    [
      3,
      4
    ],
    [
      4,
      0
    ],
    [
      2,
      1
    ],
    [
      1,
      3
    ],
    [
      3,
      1
    ],
    [
      2,
      4
    ],
    [
      4,
      1
    ],
    [
      1,
      4
    ],
    [
      0,
      4
    ]
  ],
  "metrics": {
    "n_nodes": 5,
    "n_edges": 12,
    "p": 8,
    "strongly_connected": true,
    "edges": [
      [
        0,
        1
      ],
      [
        1,
        2
      ],
      [
        2,
        3
      ],
      [
        3,
        4
      ],
      [
        4,
        0
      ],
      [
        2,
        1
      ],
      [
        1,
        3
      ],
      [
        3,
        1
      ],
      [
        2,
        4
      ],
      [
        4,
        1
      ],
      [
        1,
        4
      ],
      [
        0,
        4
      ]
    ],
    "tree_counts_enum": [
      12,
      18,
      6,
      12,
      24
    ],
    "tree_counts_det": [
      12,
      18,
      6,
      12,
      24
    ],
    "tree_counts_match_det": true,
    "tree_enumeration_truncated": false,
    "max_trees_per_root": null,
    "n_trees_total_enum": 72,
    "rank_M": 12,
    "rank_D": 11,
    "rank_D_anchor": 11,
    "d_rel": 88,
    "effective_rank_D": 8.626115403534822,
    "condition_number_D": 4.529547585116184,
    "effective_rank_D_masked": 69.00892322827853,
    "condition_number_D_masked": 4.529547585116184,
    "singular_values_D_masked": [
      5.782321307710221,
      5.588639100877673,
      5.173644868042252,
      4.834052078418114,
      4.780909151758228,
      4.033517186392295,
      3.8434995674714654,
      2.846072886056154,
      2.175708711451725,
      1.6837100385458867,
      1.2765781127259983,
      1.003816641456258e-15,
      5.782321307710221,
      5.588639100877673,
      5.173644868042252,
      4.834052078418114,
      4.780909151758228,
      4.033517186392295,
      3.8434995674714654,
      2.846072886056154,
      2.175708711451725,
      1.6837100385458867,
      1.2765781127259983,
      1.003816641456258e-15,
      5.782321307710221,
      5.588639100877673,
      5.173644868042252,
      4.834052078418114,
      4.780909151758228,
      4.033517186392295,
      3.8434995674714654,
      2.846072886056154,
      2.175708711451725,
      1.6837100385458867,
      1.2765781127259983,
      1.003816641456258e-15,
      5.782321307710221,
      5.588639100877673,
      5.173644868042252,
      4.834052078418114,
      4.780909151758228,
      4.033517186392295,
      3.8434995674714654,
      2.846072886056154,
      2.175708711451725,
      1.6837100385458867,
      1.2765781127259983,
      1.003816641456258e-15,
      5.782321307710221,
      5.588639100877673,
      5.173644868042252,
      4.834052078418114,
      4.780909151758228,
      4.033517186392295,
      3.8434995674714654,
      2.846072886056154,
      2.175708711451725,
      1.6837100385458867,
      1.2765781127259983,
      1.003816641456258e-15,
      5.782321307710221,
      5.588639100877673,
      5.173644868042252,
      4.834052078418114,
      4.780909151758228,
      4.033517186392295,
      3.8434995674714654,
      2.846072886056154,
      2.175708711451725,
      1.6837100385458867,
      1.2765781127259983,
      1.003816641456258e-15,
      5.782321307710221,
      5.588639100877673,
      5.173644868042252,
      4.834052078418114,
      4.780909151758228,
      4.033517186392295,
      3.8434995674714654,
      2.846072886056154,
      2.175708711451725,
      1.6837100385458867,
      1.2765781127259983,
      1.003816641456258e-15,
      5.782321307710221,
      5.588639100877673,
      5.173644868042252,
      4.834052078418114,
      4.780909151758228,
      4.033517186392295,
      3.8434995674714654,
      2.846072886056154,
      2.175708711451725,
      1.6837100385458867,
      1.2765781127259983,
      1.003816641456258e-15
    ],
    "singular_values_D": [
      5.782321307710221,
      5.588639100877673,
      5.173644868042252,
      4.834052078418114,
      4.780909151758228,
      4.033517186392295,
      3.8434995674714654,
      2.846072886056154,
      2.175708711451725,
      1.6837100385458867,
      1.2765781127259983,
      1.003816641456258e-15
    ],
    "singular_values_D_anchor": [
      14.451515458540923,
      5.740068544916072,
      5.380559279049953,
      5.173018037885277,
      4.830856195745979,
      4.10120672533117,
      4.029806290540035,
      2.8658034523971145,
      2.1879919012270395,
      1.781819714332363,
      1.3868503403093295,
      9.51423690426061e-16
    ],
    "root_tree_count_cv": 0.42491829279939874,
    "root_tree_count_gini": 0.2333333333333334,
    "edge_participation": [
      0.5,
      0.25,
      0.3333333333333333,
      0.5,
      0.3333333333333333,
      0.25,
      0.25,
      0.3333333333333333,
      0.3333333333333333,
      0.3333333333333333,
      0.25,
      0.3333333333333333
    ],
    "edge_participation_mean": 0.3333333333333333,
    "edge_participation_var": 0.006944444444444444,
    "edge_participation_gini": 0.125,
    "bottleneck_edge_fraction_095": 0.0,
    "mean_shortest_path": 1.4,
    "comparison_branch_d_rel_values": [
      22,
      22,
      22
    ],
    "comparison_branch_d_rel_min": 22,
    "comparison_branch_d_rel_mean": 22.0,
    "comparison_branch_d_rel_max": 22,
    "comparison_branch_d_rel_gini": 0.0,
    "comparison_branch_common_d_rel_values": [
      22,
      22,
      22
    ],
    "comparison_branch_common_d_rel_min": 22,
    "comparison_branch_common_d_rel_mean": 22.0,
    "comparison_branch_common_d_rel_max": 22,
    "comparison_branch_common_d_rel_gini": 0.0,
    "comparison_branch_input_count_values": [
      24,
      24,
      24
    ],
    "comparison_branch_input_count_min": 24,
    "comparison_branch_input_count_mean": 24.0,
    "comparison_branch_input_count_max": 24,
    "comparison_branch_input_count_gini": 0.0,
    "comparison_branch_input_overlap_values": [
      24,
      24,
      24
    ],
    "comparison_branch_input_overlap_min": 24,
    "comparison_branch_input_overlap_mean": 24.0,
    "comparison_branch_input_overlap_max": 24,
    "comparison_branch_input_overlap_gini": 0.0,
    "in_degree": [
      1,
      4,
      1,
      2,
      4
    ],
    "out_degree": [
      2,
      3,
      3,
      2,
      2
    ],
    "in_degree_cv": 0.5651941652604391,
    "out_degree_cv": 0.2041241452319315
  }
}