{
  "name": "random_sc_n5_m12_seed14",
  "family": "random_sc",
  "seed": 14,
  "n_nodes": 5,
  "edges": [
    [
      0,
      1
    ],
    [
      1,
      2
    ],
    [
      2,
      3
    ],
    [
      3,
      4
    ],
    [
      4,
      0
    ],
    [
      0,
      3
    ],
    [
      3,
      0
    ],
    [
      3,
      2
    ],
    [
      3,
      1
    ],
    [
      2,
      4
    ],
    [
      1,
      0
    ],
    [
      1,
      3
    ]
  ],
  "metrics": {
    "n_nodes": 5,
    "n_edges": 12,
    "p": 8,
    "strongly_connected": true,
    "edges": [
      [
        0,
        1
      ],
      [
        1,
        2
      ],
      [
        2,
        3
      ],
      [
        3,
        4
      ],
      [
        4,
        0
      ],
      [
        0,
        3
      ],
      [
        3,
        0
      ],
      [
        3,
        2
      ],
      [
        3,
        1
      ],
      [
        2,
        4
      ],
      [
        1,
        0
      ],
      [
        1,
        3
      ]
    ],
    "tree_counts_enum": [
      18,
      9,
      9,
      9,
      18
    ],
    "tree_counts_det": [
      18,
      9,
      9,
      9,
      18
    ],
    "tree_counts_match_det": true,
    "tree_enumeration_truncated": false,
    "max_trees_per_root": null,
    "n_trees_total_enum": 63,
    "rank_M": 12,
    "rank_D": 11,
    "rank_D_anchor": 11,
    "d_rel": 88,
    "effective_rank_D": 8.852013923831349,
    "condition_number_D": 3.6082459971991603,
    "effective_rank_D_masked": 70.81611139065079,
    "condition_number_D_masked": 3.6082459971991603,
    "singular_values_D_masked": [
      5.354270336023374,
      5.042941039814327,
      4.57718747863285,
      4.543761624745943,
      3.8702084506187946,
      3.3069270050647943,
      3.268418743988735,
      2.903066478701792,
      2.195877366918591,
      1.7279499843834631,
      1.483898365072541,
      5.163778081255731e-16,
      5.354270336023374,
      5.042941039814327,
      4.57718747863285,
      4.543761624745943,
      3.8702084506187946,
      3.3069270050647943,
      3.268418743988735,
      2.903066478701792,
      2.195877366918591,
      1.7279499843834631,
      1.483898365072541,
      5.163778081255731e-16,
      5.354270336023374,
      5.042941039814327,
      4.57718747863285,
      4.543761624745943,
      3.8702084506187946,
      3.3069270050647943,
      3.268418743988735,
      2.903066478701792,
      2.195877366918591,
      1.7279499843834631,
      1.483898365072541,
      5.163778081255731e-16,
      5.354270336023374,
      5.042941039814327,
      4.57718747863285,
      4.543761624745943,
      3.8702084506187946,
      3.3069270050647943,
      3.268418743988735,
      2.903066478701792,
      2.195877366918591,
      1.7279499843834631,
      1.483898365072541,
      5.163778081255731e-16,
      5.354270336023374,
      5.042941039814327,
      4.57718747863285,
      4.543761624745943,
      3.8702084506187946,
      3.3069270050647943,
      3.268418743988735,
      2.903066478701792,
      2.195877366918591,
      1.7279499843834631,
      1.483898365072541,
      5.163778081255731e-16,
      5.354270336023374,
      5.042941039814327,
      4.57718747863285,
      4.543761624745943,
      3.8702084506187946,
      3.3069270050647943,
      3.268418743988735,
      2.903066478701792,
      2.195877366918591,
      1.7279499843834631,
      1.483898365072541,
      5.163778081255731e-16,
      5.354270336023374,
      5.042941039814327,
      4.57718747863285,
      4.543761624745943,
      3.8702084506187946,
      3.3069270050647943,
      3.268418743988735,
      2.903066478701792,
      2.195877366918591,
      1.7279499843834631,
      1.483898365072541,
      5.163778081255731e-16,
      5.354270336023374,
      5.042941039814327,
      4.57718747863285,
      4.543761624745943,
      3.8702084506187946,
      3.3069270050647943,
      3.268418743988735,
      2.903066478701792,
      2.195877366918591,
      1.7279499843834631,
      1.483898365072541,
      5.163778081255731e-16
    ],
    "singular_values_D": [
      5.354270336023374,
      5.042941039814327,
      4.57718747863285,
      4.543761624745943,
      3.8702084506187946,
      3.3069270050647943,
      3.268418743988735,
      2.903066478701792,
      2.195877366918591,
      1.7279499843834631,
      1.483898365072541,
      5.163778081255731e-16
    ],
    "singular_values_D_anchor": [
      12.471942811747649,
      5.059417696197777,
      4.869714241660898,
      4.576618113886399,
      3.9075505735656457,
      3.68898161642944,
      3.300523167536897,
      3.13633297142343,
      2.2978982785970716,
      1.7554856534298675,
      1.4912223186092133,
      6.44885799599585e-16
    ],
    "root_tree_count_cv": 0.3499271061118826,
    "root_tree_count_gini": 0.17142857142857149,
    "edge_participation": [
      0.36507936507936506,
      0.38095238095238093,
      0.3333333333333333,
      0.30158730158730157,
      0.7142857142857143,
      0.3492063492063492,
      0.15873015873015872,
      0.2222222222222222,
      0.1746031746031746,
      0.5238095238095238,
      0.20634920634920634,
      0.2698412698412698
    ],
    "edge_participation_mean": 0.3333333333333333,
    "edge_participation_var": 0.022843705383387924,
    "edge_participation_gini": 0.23875661375661372,
    "bottleneck_edge_fraction_095": 0.0,
    "mean_shortest_path": 1.45,
    "comparison_branch_d_rel_values": [
      22,
      22,
      22
    ],
    "comparison_branch_d_rel_min": 22,
    "comparison_branch_d_rel_mean": 22.0,
    "comparison_branch_d_rel_max": 22,
    "comparison_branch_d_rel_gini": 0.0,
    "comparison_branch_common_d_rel_values": [
      22,
      22,
      22
    ],
    "comparison_branch_common_d_rel_min": 22,
    "comparison_branch_common_d_rel_mean": 22.0,
    "comparison_branch_common_d_rel_max": 22,
    "comparison_branch_common_d_rel_gini": 0.0,
    "comparison_branch_input_count_values": [
      24,
      24,
      24
    ],
    "comparison_branch_input_count_min": 24,
    "comparison_branch_input_count_mean": 24.0,
    "comparison_branch_input_count_max": 24,
    "comparison_branch_input_count_gini": 0.0,
    "comparison_branch_input_overlap_values": [
      24,
      24,
      24
    ],
    "comparison_branch_input_overlap_min": 24,
    "comparison_branch_input_overlap_mean": 24.0,
    "comparison_branch_input_overlap_max": 24,
    "comparison_branch_input_overlap_gini": 0.0,
    "in_degree": [
      3,
      2,
      2,
      3,
      2
    ],
    "out_degree": [
      2,
      3,
      2,
      4,
      1
    ],
    "in_degree_cv": 0.2041241452319315,
    "out_degree_cv": 0.4249182927993988
  }
}