{
  "name": "random_sc_n5_m12_seed10",
  "family": "random_sc",
  "seed": 10,
  "n_nodes": 5,
  "edges": [
    [
      0,
      1
    ],
    [
      1,
      2
    ],
    [
      2,
      3
    ],
    [
      3,
      4
    ],
    [
      4,
      0
    ],
    [
      3,
      0
    ],
    [
      0,
      2
    ],
    [
      2,
      0
    ],
    [
      2,
      1
    ],
    [
      4,
      3
    ],
    [
      4,
      2
    ],
    [
      1,
      0
    ]
  ],
  "metrics": {
    "n_nodes": 5,
    "n_edges": 12,
    "p": 8,
    "strongly_connected": true,
    "edges": [
      [
        0,
        1
      ],
      [
        1,
        2
      ],
      [
        2,
        3
      ],
      [
        3,
        4
      ],
      [
        4,
        0
      ],
      [
        3,
        0
      ],
      [
        0,
        2
      ],
      [
        2,
        0
      ],
      [
        2,
        1
      ],
      [
        4,
        3
      ],
      [
        4,
        2
      ],
      [
        1,
        0
      ]
    ],
    "tree_counts_enum": [
      23,
      19,
      15,
      9,
      3
    ],
    "tree_counts_det": [
      23,
      19,
      15,
      9,
      3
    ],
    "tree_counts_match_det": true,
    "tree_enumeration_truncated": false,
    "max_trees_per_root": null,
    "n_trees_total_enum": 69,
    "rank_M": 12,
    "rank_D": 11,
    "rank_D_anchor": 11,
    "d_rel": 88,
    "effective_rank_D": 8.517238696453681,
    "condition_number_D": 5.833676770600292,
    "effective_rank_D_masked": 68.13790957162946,
    "condition_number_D_masked": 5.833676770600292,
    "singular_values_D_masked": [
      5.7613363198056,
      5.490562632129062,
      5.1157795628191085,
      5.018585302954478,
      4.121986554862714,
      4.095573452705786,
      3.6650245405404256,
      2.7470011281615534,
      2.199929382516025,
      1.7338509606159571,
      0.9875995099421239,
      7.624795823449936e-16,
      5.7613363198056,
      5.490562632129062,
      5.1157795628191085,
      5.018585302954478,
      4.121986554862714,
      4.095573452705786,
      3.6650245405404256,
      2.7470011281615534,
      2.199929382516025,
      1.7338509606159571,
      0.9875995099421239,
      7.624795823449936e-16,
      5.7613363198056,
      5.490562632129062,
      5.1157795628191085,
      5.018585302954478,
      4.121986554862714,
      4.095573452705786,
      3.6650245405404256,
      2.7470011281615534,
      2.199929382516025,
      1.7338509606159571,
      0.9875995099421239,
      7.624795823449936e-16,
      5.7613363198056,
      5.490562632129062,
      5.1157795628191085,
      5.018585302954478,
      4.121986554862714,
      4.095573452705786,
      3.6650245405404256,
      2.7470011281615534,
      2.199929382516025,
      1.7338509606159571,
      0.9875995099421239,
      7.624795823449936e-16,
      5.7613363198056,
      5.490562632129062,
      5.1157795628191085,
      5.018585302954478,
      4.121986554862714,
      4.095573452705786,
      3.6650245405404256,
      2.7470011281615534,
      2.199929382516025,
      1.7338509606159571,
      0.9875995099421239,
      7.624795823449936e-16,
      5.7613363198056,
      5.490562632129062,
      5.1157795628191085,
      5.018585302954478,
      4.121986554862714,
      4.095573452705786,
      3.6650245405404256,
      2.7470011281615534,
      2.199929382516025,
      1.7338509606159571,
      0.9875995099421239,
      7.624795823449936e-16,
      5.7613363198056,
      5.490562632129062,
      5.1157795628191085,
      5.018585302954478,
      4.121986554862714,
      4.095573452705786,
      3.6650245405404256,
      2.7470011281615534,
      2.199929382516025,
      1.7338509606159571,
      0.9875995099421239,
      7.624795823449936e-16,
      5.7613363198056,
      5.490562632129062,
      5.1157795628191085,
      5.018585302954478,
      4.121986554862714,
      4.095573452705786,
      3.6650245405404256,
      2.7470011281615534,
      2.199929382516025,
      1.7338509606159571,
      0.9875995099421239,
      7.624795823449936e-16
    ],
    "singular_values_D": [
      5.7613363198056,
      5.490562632129062,
      5.1157795628191085,
      5.018585302954478,
      4.121986554862714,
      4.095573452705786,
      3.6650245405404256,
      2.7470011281615534,
      2.199929382516025,
      1.7338509606159571,
      0.9875995099421239,
      7.624795823449936e-16
    ],
    "singular_values_D_anchor": [
      14.025327358539277,
      5.567915518064015,
      5.209137131567211,
      5.036609430213109,
      4.148947581447692,
      4.110507601552283,
      3.68888545284574,
      3.2510833326520965,
      2.2348165515103906,
      1.8388974478795548,
      1.0595087176234748,
      9.28958151977515e-16
    ],
    "root_tree_count_cv": 0.5152576473806137,
    "root_tree_count_gini": 0.28985507246376807,
    "edge_participation": [
      0.3333333333333333,
      0.391304347826087,
      0.34782608695652173,
      0.34782608695652173,
      0.391304347826087,
      0.5217391304347826,
      0.3333333333333333,
      0.21739130434782608,
      0.21739130434782608,
      0.21739130434782608,
      0.34782608695652173,
      0.3333333333333333
    ],
    "edge_participation_mean": 0.3333333333333333,
    "edge_participation_var": 0.006931316950220541,
    "edge_participation_gini": 0.1304347826086958,
    "bottleneck_edge_fraction_095": 0.0,
    "mean_shortest_path": 1.5,
    "comparison_branch_d_rel_values": [
      22,
      22,
      22
    ],
    "comparison_branch_d_rel_min": 22,
    "comparison_branch_d_rel_mean": 22.0,
    "comparison_branch_d_rel_max": 22,
    "comparison_branch_d_rel_gini": 0.0,
    "comparison_branch_common_d_rel_values": [
      22,
      22,
      22
    ],
    "comparison_branch_common_d_rel_min": 22,
    "comparison_branch_common_d_rel_mean": 22.0,
    "comparison_branch_common_d_rel_max": 22,
    "comparison_branch_common_d_rel_gini": 0.0,
    "comparison_branch_input_count_values": [
      24,
      24,
      24
    ],
    "comparison_branch_input_count_min": 24,
    "comparison_branch_input_count_mean": 24.0,
    "comparison_branch_input_count_max": 24,
    "comparison_branch_input_count_gini": 0.0,
    "comparison_branch_input_overlap_values": [
      24,
      24,
      24
    ],
    "comparison_branch_input_overlap_min": 24,
    "comparison_branch_input_overlap_mean": 24.0,
    "comparison_branch_input_overlap_max": 24,
    "comparison_branch_input_overlap_gini": 0.0,
    "in_degree": [
      4,
      2,
      3,
      2,
      1
    ],
    "out_degree": [
      2,
      2,
      3,
      2,
      3
    ],
    "in_degree_cv": 0.4249182927993988,
    "out_degree_cv": 0.2041241452319315
  }
}