{
  "name": "random_sc_n5_m12_seed5",
  "family": "random_sc",
  "seed": 5,
  "n_nodes": 5,
  "edges": [
    [
      0,
      1
    ],
    [
      1,
      2
    ],
    [
      2,
      3
    ],
    [
      3,
      4
    ],
    [
      4,
      0
    ],
    [
      3,
      0
    ],
    [
      1,
      3
    ],
    [
      3,
      2
    ],
    [
      1,
      4
    ],
    [
      3,
      1
    ],
    [
      2,
      4
    ],
    [
      0,
      2
    ]
  ],
  "metrics": {
    "n_nodes": 5,
    "n_edges": 12,
    "p": 8,
    "strongly_connected": true,
    "edges": [
      [
        0,
        1
      ],
      [
        1,
        2
      ],
      [
        2,
        3
      ],
      [
        3,
        4
      ],
      [
        4,
        0
      ],
      [
        3,
        0
      ],
      [
        1,
        3
      ],
      [
        3,
        2
      ],
      [
        1,
        4
      ],
      [
        3,
        1
      ],
      [
        2,
        4
      ],
      [
        0,
        2
      ]
    ],
    "tree_counts_enum": [
      18,
      8,
      16,
      6,
      30
    ],
    "tree_counts_det": [
      18,
      8,
      16,
      6,
      30
    ],
    "tree_counts_match_det": true,
    "tree_enumeration_truncated": false,
    "max_trees_per_root": null,
    "n_trees_total_enum": 78,
    "rank_M": 12,
    "rank_D": 11,
    "rank_D_anchor": 11,
    "d_rel": 88,
    "effective_rank_D": 8.974990526418958,
    "condition_number_D": 4.506572358811827,
    "effective_rank_D_masked": 71.79992421135168,
    "condition_number_D_masked": 4.506572358811827,
    "singular_values_D_masked": [
      5.865791217990812,
      5.553205343070893,
      5.171527113233422,
      4.90499736725543,
      4.766857840719268,
      4.0903907329822315,
      3.8549876442164503,
      3.5295867151215825,
      2.7218965991269064,
      1.8110199326547105,
      1.3016081294071018,
      7.879467271419241e-16,
      5.865791217990812,
      5.553205343070893,
      5.171527113233422,
      4.90499736725543,
      4.766857840719268,
      4.0903907329822315,
      3.8549876442164503,
      3.5295867151215825,
      2.7218965991269064,
      1.8110199326547105,
      1.3016081294071018,
      7.879467271419241e-16,
      5.865791217990812,
      5.553205343070893,
      5.171527113233422,
      4.90499736725543,
      4.766857840719268,
      4.0903907329822315,
      3.8549876442164503,
      3.5295867151215825,
      2.7218965991269064,
      1.8110199326547105,
      1.3016081294071018,
      7.879467271419241e-16,
      5.865791217990812,
      5.553205343070893,
      5.171527113233422,
      4.90499736725543,
      4.766857840719268,
      4.0903907329822315,
      3.8549876442164503,
      3.5295867151215825,
      2.7218965991269064,
      1.8110199326547105,
      1.3016081294071018,
      7.879467271419241e-16,
      5.865791217990812,
      5.553205343070893,
      5.171527113233422,
      4.90499736725543,
      4.766857840719268,
      4.0903907329822315,
      3.8549876442164503,
      3.5295867151215825,
      2.7218965991269064,
      1.8110199326547105,
      1.3016081294071018,
      7.879467271419241e-16,
      5.865791217990812,
      5.553205343070893,
      5.171527113233422,
      4.90499736725543,
      4.766857840719268,
      4.0903907329822315,
      3.8549876442164503,
      3.5295867151215825,
      2.7218965991269064,
      1.8110199326547105,
      1.3016081294071018,
      7.879467271419241e-16,
      5.865791217990812,
      5.553205343070893,
      5.171527113233422,
      4.90499736725543,
      4.766857840719268,
      4.0903907329822315,
      3.8549876442164503,
      3.5295867151215825,
      2.7218965991269064,
      1.8110199326547105,
      1.3016081294071018,
      7.879467271419241e-16,
      5.865791217990812,
      5.553205343070893,
      5.171527113233422,
      4.90499736725543,
      4.766857840719268,
      4.0903907329822315,
      3.8549876442164503,
      3.5295867151215825,
      2.7218965991269064,
      1.8110199326547105,
      1.3016081294071018,
      7.879467271419241e-16
    ],
    "singular_values_D": [
      5.865791217990812,
      5.553205343070893,
      5.171527113233422,
      4.90499736725543,
      4.766857840719268,
      4.0903907329822315,
      3.8549876442164503,
      3.5295867151215825,
      2.7218965991269064,
      1.8110199326547105,
      1.3016081294071018,
      7.879467271419241e-16
    ],
    "singular_values_D_anchor": [
      14.433479582798698,
      5.681870490796933,
      5.319707705178882,
      5.014853203811298,
      4.865195710547104,
      4.094608129901913,
      4.089956039157716,
      3.545829363312055,
      3.0243709529646194,
      1.825209470811469,
      1.314599385972289,
      8.664421300348099e-16
    ],
    "root_tree_count_cv": 0.5463404039144235,
    "root_tree_count_gini": 0.2974358974358975,
    "edge_participation": [
      0.38461538461538464,
      0.3333333333333333,
      0.32051282051282054,
      0.3076923076923077,
      0.6153846153846154,
      0.23076923076923078,
      0.24358974358974358,
      0.19230769230769232,
      0.32051282051282054,
      0.19230769230769232,
      0.47435897435897434,
      0.38461538461538464
    ],
    "edge_participation_mean": 0.3333333333333334,
    "edge_participation_var": 0.013669734823580979,
    "edge_participation_gini": 0.1885683760683763,
    "bottleneck_edge_fraction_095": 0.0,
    "mean_shortest_path": 1.45,
    "comparison_branch_d_rel_values": [
      22,
      22,
      22
    ],
    "comparison_branch_d_rel_min": 22,
    "comparison_branch_d_rel_mean": 22.0,
    "comparison_branch_d_rel_max": 22,
    "comparison_branch_d_rel_gini": 0.0,
    "comparison_branch_common_d_rel_values": [
      22,
      22,
      22
    ],
    "comparison_branch_common_d_rel_min": 22,
    "comparison_branch_common_d_rel_mean": 22.0,
    "comparison_branch_common_d_rel_max": 22,
    "comparison_branch_common_d_rel_gini": 0.0,
    "comparison_branch_input_count_values": [
      24,
      24,
      24
    ],
    "comparison_branch_input_count_min": 24,
    "comparison_branch_input_count_mean": 24.0,
    "comparison_branch_input_count_max": 24,
    "comparison_branch_input_count_gini": 0.0,
    "comparison_branch_input_overlap_values": [
      24,
      24,
      24
    ],
    "comparison_branch_input_overlap_min": 24,
    "comparison_branch_input_overlap_mean": 24.0,
    "comparison_branch_input_overlap_max": 24,
    "comparison_branch_input_overlap_gini": 0.0,
    "in_degree": [
      2,
      2,
      3,
      2,
      3
    ],
    "out_degree": [
      2,
      3,
      2,
      4,
      1
    ],
    "in_degree_cv": 0.2041241452319315,
    "out_degree_cv": 0.4249182927993988
  }
}