{
  "name": "random_sc_n5_m12_seed6",
  "family": "random_sc",
  "seed": 6,
  "n_nodes": 5,
  "edges": [
    [
      0,
      1
    ],
    [
      1,
      2
    ],
    [
      2,
      3
    ],
    [
      3,
      4
    ],
    [
      4,
      0
    ],
    [
      4,
      1
    ],
    [
      3,
      0
    ],
    [
      0,
      3
    ],
    [
      2,
      1
    ],
    [
      1,
      3
    ],
    [
      0,
      2
    ],
    [
      4,
      2
    ]
  ],
  "metrics": {
    "n_nodes": 5,
    "n_edges": 12,
    "p": 8,
    "strongly_connected": true,
    "edges": [
      [
        0,
        1
      ],
      [
        1,
        2
      ],
      [
        2,
        3
      ],
      [
        3,
        4
      ],
      [
        4,
        0
      ],
      [
        4,
        1
      ],
      [
        3,
        0
      ],
      [
        0,
        3
      ],
      [
        2,
        1
      ],
      [
        1,
        3
      ],
      [
        0,
        2
      ],
      [
        4,
        2
      ]
    ],
    "tree_counts_enum": [
      12,
      21,
      21,
      27,
      9
    ],
    "tree_counts_det": [
      12,
      21,
      21,
      27,
      9
    ],
    "tree_counts_match_det": true,
    "tree_enumeration_truncated": false,
    "max_trees_per_root": null,
    "n_trees_total_enum": 90,
    "rank_M": 12,
    "rank_D": 11,
    "rank_D_anchor": 11,
    "d_rel": 88,
    "effective_rank_D": 8.963935459875898,
    "condition_number_D": 4.08534052181324,
    "effective_rank_D_masked": 71.71148367900717,
    "condition_number_D_masked": 4.08534052181324,
    "singular_values_D_masked": [
      6.601281766481291,
      5.764709827906337,
      5.520728304005473,
      5.477225575051662,
      5.22748078049714,
      5.205015066813788,
      4.255764443564629,
      3.0996715853844687,
      3.0546517303553857,
      2.1053908321084416,
      1.6158461531503803,
      1.0046637537697613e-15,
      6.601281766481291,
      5.764709827906337,
      5.520728304005473,
      5.477225575051662,
      5.22748078049714,
      5.205015066813788,
      4.255764443564629,
      3.0996715853844687,
      3.0546517303553857,
      2.1053908321084416,
      1.6158461531503803,
      1.0046637537697613e-15,
      6.601281766481291,
      5.764709827906337,
      5.520728304005473,
      5.477225575051662,
      5.22748078049714,
      5.205015066813788,
      4.255764443564629,
      3.0996715853844687,
      3.0546517303553857,
      2.1053908321084416,
      1.6158461531503803,
      1.0046637537697613e-15,
      6.601281766481291,
      5.764709827906337,
      5.520728304005473,
      5.477225575051662,
      5.22748078049714,
      5.205015066813788,
      4.255764443564629,
      3.0996715853844687,
      3.0546517303553857,
      2.1053908321084416,
      1.6158461531503803,
      1.0046637537697613e-15,
      6.601281766481291,
      5.764709827906337,
      5.520728304005473,
      5.477225575051662,
      5.22748078049714,
      5.205015066813788,
      4.255764443564629,
      3.0996715853844687,
      3.0546517303553857,
      2.1053908321084416,
      1.6158461531503803,
      1.0046637537697613e-15,
      6.601281766481291,
      5.764709827906337,
      5.520728304005473,
      5.477225575051662,
      5.22748078049714,
      5.205015066813788,
      4.255764443564629,
      3.0996715853844687,
      3.0546517303553857,
      2.1053908321084416,
      1.6158461531503803,
      1.0046637537697613e-15,
      6.601281766481291,
      5.764709827906337,
      5.520728304005473,
      5.477225575051662,
      5.22748078049714,
      5.205015066813788,
      4.255764443564629,
      3.0996715853844687,
      3.0546517303553857,
      2.1053908321084416,
      1.6158461531503803,
      1.0046637537697613e-15,
      6.601281766481291,
      5.764709827906337,
      5.520728304005473,
      5.477225575051662,
      5.22748078049714,
      5.205015066813788,
      4.255764443564629,
      3.0996715853844687,
      3.0546517303553857,
      2.1053908321084416,
      1.6158461531503803,
      1.0046637537697613e-15
    ],
    "singular_values_D": [
      6.601281766481291,
      5.764709827906337,
      5.520728304005473,
      5.477225575051662,
      5.22748078049714,
      5.205015066813788,
      4.255764443564629,
      3.0996715853844687,
      3.0546517303553857,
      2.1053908321084416,
      1.6158461531503803,
      1.0046637537697613e-15
    ],
    "singular_values_D_anchor": [
      15.862425068636576,
      6.101696134801903,
      5.63256170960905,
      5.508208450462221,
      5.4598345020759975,
      5.20526502627345,
      4.29048216848591,
      3.2146323046114675,
      3.0674657779860537,
      2.6161840693842486,
      1.784999499822963,
      9.548937618502972e-16
    ],
    "root_tree_count_cv": 0.36514837167011077,
    "root_tree_count_gini": 0.19999999999999996,
    "edge_participation": [
      0.3333333333333333,
      0.3333333333333333,
      0.43333333333333335,
      0.4,
      0.3,
      0.3,
      0.3,
      0.2,
      0.3333333333333333,
      0.43333333333333335,
      0.3333333333333333,
      0.3
    ],
    "edge_participation_mean": 0.3333333333333334,
    "edge_participation_var": 0.0038888888888888896,
    "edge_participation_gini": 0.09861111111111098,
    "bottleneck_edge_fraction_095": 0.0,
    "mean_shortest_path": 1.4,
    "comparison_branch_d_rel_values": [
      22,
      22,
      22
    ],
    "comparison_branch_d_rel_min": 22,
    "comparison_branch_d_rel_mean": 22.0,
    "comparison_branch_d_rel_max": 22,
    "comparison_branch_d_rel_gini": 0.0,
    "comparison_branch_common_d_rel_values": [
      22,
      22,
      22
    ],
    "comparison_branch_common_d_rel_min": 22,
    "comparison_branch_common_d_rel_mean": 22.0,
    "comparison_branch_common_d_rel_max": 22,
    "comparison_branch_common_d_rel_gini": 0.0,
    "comparison_branch_input_count_values": [
      24,
      24,
      24
    ],
    "comparison_branch_input_count_min": 24,
    "comparison_branch_input_count_mean": 24.0,
    "comparison_branch_input_count_max": 24,
    "comparison_branch_input_count_gini": 0.0,
    "comparison_branch_input_overlap_values": [
      24,
      24,
      24
    ],
    "comparison_branch_input_overlap_min": 24,
    "comparison_branch_input_overlap_mean": 24.0,
    "comparison_branch_input_overlap_max": 24,
    "comparison_branch_input_overlap_gini": 0.0,
    "in_degree": [
      2,
      3,
      3,
      3,
      1
    ],
    "out_degree": [
      3,
      2,
      2,
      2,
      3
    ],
    "in_degree_cv": 0.33333333333333337,
    "out_degree_cv": 0.2041241452319315
  }
}