{
  "name": "random_sc_n5_m12_seed20",
  "family": "random_sc",
  "seed": 20,
  "n_nodes": 5,
  "edges": [
    [
      0,
      1
    ],
    [
      1,
      2
    ],
    [
      2,
      3
    ],
    [
      3,
      4
    ],
    [
      4,
      0
    ],
    [
      4,
      3
    ],
    [
      3,
      2
    ],
    [
      3,
      1
    ],
    [
      0,
      4
    ],
    [
      1,
      3
    ],
    [
      0,
      3
    ],
    [
      1,
      4
    ]
  ],
  "metrics": {
    "n_nodes": 5,
    "n_edges": 12,
    "p": 8,
    "strongly_connected": true,
    "edges": [
      [
        0,
        1
      ],
      [
        1,
        2
      ],
      [
        2,
        3
      ],
      [
        3,
        4
      ],
      [
        4,
        0
      ],
      [
        4,
        3
      ],
      [
        3,
        2
      ],
      [
        3,
        1
      ],
      [
        0,
        4
      ],
      [
        1,
        3
      ],
      [
        0,
        3
      ],
      [
        1,
        4
      ]
    ],
    "tree_counts_enum": [
      4,
      6,
      20,
      14,
      12
    ],
    "tree_counts_det": [
      4,
      6,
      20,
      14,
      12
    ],
    "tree_counts_match_det": true,
    "tree_enumeration_truncated": false,
    "max_trees_per_root": null,
    "n_trees_total_enum": 56,
    "rank_M": 12,
    "rank_D": 11,
    "rank_D_anchor": 11,
    "d_rel": 88,
    "effective_rank_D": 8.325345473186974,
    "condition_number_D": 5.273590069839987,
    "effective_rank_D_masked": 66.60276378549581,
    "condition_number_D_masked": 5.273590069839987,
    "singular_values_D_masked": [
      5.338170284714689,
      4.851392911279978,
      4.551964723957707,
      4.267936284286322,
      3.909145589480048,
      3.5895579483997184,
      3.2276292495188974,
      2.4189887141420976,
      1.5857861907225765,
      1.3836916186727632,
      1.012245967930659,
      6.323898808484793e-16,
      5.338170284714689,
      4.851392911279978,
      4.551964723957707,
      4.267936284286322,
      3.909145589480048,
      3.5895579483997184,
      3.2276292495188974,
      2.4189887141420976,
      1.5857861907225765,
      1.3836916186727632,
      1.012245967930659,
      6.323898808484793e-16,
      5.338170284714689,
      4.851392911279978,
      4.551964723957707,
      4.267936284286322,
      3.909145589480048,
      3.5895579483997184,
      3.2276292495188974,
      2.4189887141420976,
      1.5857861907225765,
      1.3836916186727632,
      1.012245967930659,
      6.323898808484793e-16,
      5.338170284714689,
      4.851392911279978,
      4.551964723957707,
      4.267936284286322,
      3.909145589480048,
      3.5895579483997184,
      3.2276292495188974,
      2.4189887141420976,
      1.5857861907225765,
      1.3836916186727632,
      1.012245967930659,
      6.323898808484793e-16,
      5.338170284714689,
      4.851392911279978,
      4.551964723957707,
      4.267936284286322,
      3.909145589480048,
      3.5895579483997184,
      3.2276292495188974,
      2.4189887141420976,
      1.5857861907225765,
      1.3836916186727632,
      1.012245967930659,
      6.323898808484793e-16,
      5.338170284714689,
      4.851392911279978,
      4.551964723957707,
      4.267936284286322,
      3.909145589480048,
      3.5895579483997184,
      3.2276292495188974,
      2.4189887141420976,
      1.5857861907225765,
      1.3836916186727632,
      1.012245967930659,
      6.323898808484793e-16,
      5.338170284714689,
      4.851392911279978,
      4.551964723957707,
      4.267936284286322,
      3.909145589480048,
      3.5895579483997184,
      3.2276292495188974,
      2.4189887141420976,
      1.5857861907225765,
      1.3836916186727632,
      1.012245967930659,
      6.323898808484793e-16,
      5.338170284714689,
      4.851392911279978,
      4.551964723957707,
      4.267936284286322,
      3.909145589480048,
      3.5895579483997184,
      3.2276292495188974,
      2.4189887141420976,
      1.5857861907225765,
      1.3836916186727632,
      1.012245967930659,
      6.323898808484793e-16
    ],
    "singular_values_D": [
      5.338170284714689,
      4.851392911279978,
      4.551964723957707,
      4.267936284286322,
      3.909145589480048,
      3.5895579483997184,
      3.2276292495188974,
      2.4189887141420976,
      1.5857861907225765,
      1.3836916186727632,
      1.012245967930659,
      6.323898808484793e-16
    ],
    "singular_values_D_anchor": [
      12.116577278364916,
      5.022256887160246,
      4.583320569777662,
      4.447450699320854,
      4.1963745032034625,
      3.6675291462981816,
      3.228427174972292,
      2.524528535740571,
      1.9869509971890813,
      1.3888566424069975,
      1.2023448956960607,
      4.438218253314104e-16
    ],
    "root_tree_count_cv": 0.5125964319431188,
    "root_tree_count_gini": 0.2857142857142858,
    "edge_participation": [
      0.35714285714285715,
      0.35714285714285715,
      0.6428571428571429,
      0.25,
      0.35714285714285715,
      0.42857142857142855,
      0.25,
      0.25,
      0.21428571428571427,
      0.25,
      0.35714285714285715,
      0.2857142857142857
    ],
    "edge_participation_mean": 0.3333333333333333,
    "edge_participation_var": 0.012613378684807263,
    "edge_participation_gini": 0.16666666666666696,
    "bottleneck_edge_fraction_095": 0.0,
    "mean_shortest_path": 1.45,
    "comparison_branch_d_rel_values": [
      22,
      22,
      22
    ],
    "comparison_branch_d_rel_min": 22,
    "comparison_branch_d_rel_mean": 22.0,
    "comparison_branch_d_rel_max": 22,
    "comparison_branch_d_rel_gini": 0.0,
    "comparison_branch_common_d_rel_values": [
      22,
      22,
      22
    ],
    "comparison_branch_common_d_rel_min": 22,
    "comparison_branch_common_d_rel_mean": 22.0,
    "comparison_branch_common_d_rel_max": 22,
    "comparison_branch_common_d_rel_gini": 0.0,
    "comparison_branch_input_count_values": [
      24,
      24,
      24
    ],
    "comparison_branch_input_count_min": 24,
    "comparison_branch_input_count_mean": 24.0,
    "comparison_branch_input_count_max": 24,
    "comparison_branch_input_count_gini": 0.0,
    "comparison_branch_input_overlap_values": [
      24,
      24,
      24
    ],
    "comparison_branch_input_overlap_min": 24,
    "comparison_branch_input_overlap_mean": 24.0,
    "comparison_branch_input_overlap_max": 24,
    "comparison_branch_input_overlap_gini": 0.0,
    "in_degree": [
      1,
      2,
      2,
      4,
      3
    ],
    "out_degree": [
      3,
      3,
      1,
      3,
      2
    ],
    "in_degree_cv": 0.4249182927993988,
    "out_degree_cv": 0.33333333333333337
  }
}