{
  "name": "random_sc_n5_m12_seed19",
  "family": "random_sc",
  "seed": 19,
  "n_nodes": 5,
  "edges": [
    [
      0,
      1
    ],
    [
      1,
      2
    ],
    [
      2,
      3
    ],
    [
      3,
      4
    ],
    [
      4,
      0
    ],
    [
      3,
      1
    ],
    [
      0,
      2
    ],
    [
      4,
      1
    ],
    [
      2,
      4
    ],
    [
      0,
      3
    ],
    [
      3,
      2
    ],
    [
      1,
      0
    ]
  ],
  "metrics": {
    "n_nodes": 5,
    "n_edges": 12,
    "p": 8,
    "strongly_connected": true,
    "edges": [
      [
        0,
        1
      ],
      [
        1,
        2
      ],
      [
        2,
        3
      ],
      [
        3,
        4
      ],
      [
        4,
        0
      ],
      [
        3,
        1
      ],
      [
        0,
        2
      ],
      [
        4,
        1
      ],
      [
        2,
        4
      ],
      [
        0,
        3
      ],
      [
        3,
        2
      ],
      [
        1,
        0
      ]
    ],
    "tree_counts_enum": [
      14,
      23,
      25,
      13,
      19
    ],
    "tree_counts_det": [
      14,
      23,
      25,
      13,
      19
    ],
    "tree_counts_match_det": true,
    "tree_enumeration_truncated": false,
    "max_trees_per_root": null,
    "n_trees_total_enum": 94,
    "rank_M": 12,
    "rank_D": 11,
    "rank_D_anchor": 11,
    "d_rel": 88,
    "effective_rank_D": 9.049335963335391,
    "condition_number_D": 3.353413289109833,
    "effective_rank_D_masked": 72.39468770668314,
    "condition_number_D_masked": 3.353413289109833,
    "singular_values_D_masked": [
      6.405812557360181,
      6.2033173189210675,
      5.982640156081227,
      5.438199009616651,
      5.369802951191627,
      4.981050256400372,
      4.521407724729627,
      3.123241411062144,
      2.90175026203133,
      2.336916531009346,
      1.9102365277083428,
      1.0097157563479455e-15,
      6.405812557360181,
      6.2033173189210675,
      5.982640156081227,
      5.438199009616651,
      5.369802951191627,
      4.981050256400372,
      4.521407724729627,
      3.123241411062144,
      2.90175026203133,
      2.336916531009346,
      1.9102365277083428,
      1.0097157563479455e-15,
      6.405812557360181,
      6.2033173189210675,
      5.982640156081227,
      5.438199009616651,
      5.369802951191627,
      4.981050256400372,
      4.521407724729627,
      3.123241411062144,
      2.90175026203133,
      2.336916531009346,
      1.9102365277083428,
      1.0097157563479455e-15,
      6.405812557360181,
      6.2033173189210675,
      5.982640156081227,
      5.438199009616651,
      5.369802951191627,
      4.981050256400372,
      4.521407724729627,
      3.123241411062144,
      2.90175026203133,
      2.336916531009346,
      1.9102365277083428,
      1.0097157563479455e-15,
      6.405812557360181,
      6.2033173189210675,
      5.982640156081227,
      5.438199009616651,
      5.369802951191627,
      4.981050256400372,
      4.521407724729627,
      3.123241411062144,
      2.90175026203133,
      2.336916531009346,
      1.9102365277083428,
      1.0097157563479455e-15,
      6.405812557360181,
      6.2033173189210675,
      5.982640156081227,
      5.438199009616651,
      5.369802951191627,
      4.981050256400372,
      4.521407724729627,
      3.123241411062144,
      2.90175026203133,
      2.336916531009346,
      1.9102365277083428,
      1.0097157563479455e-15,
      6.405812557360181,
      6.2033173189210675,
      5.982640156081227,
      5.438199009616651,
      5.369802951191627,
      4.981050256400372,
      4.521407724729627,
      3.123241411062144,
      2.90175026203133,
      2.336916531009346,
      1.9102365277083428,
      1.0097157563479455e-15,
      6.405812557360181,
      6.2033173189210675,
      5.982640156081227,
      5.438199009616651,
      5.369802951191627,
      4.981050256400372,
      4.521407724729627,
      3.123241411062144,
      2.90175026203133,
      2.336916531009346,
      1.9102365277083428,
      1.0097157563479455e-15
    ],
    "singular_values_D": [
      6.405812557360181,
      6.2033173189210675,
      5.982640156081227,
      5.438199009616651,
      5.369802951191627,
      4.981050256400372,
      4.521407724729627,
      3.123241411062144,
      2.90175026203133,
      2.336916531009346,
      1.9102365277083428,
      1.0097157563479455e-15
    ],
    "singular_values_D_anchor": [
      16.270961118432346,
      6.342049546691939,
      5.998019196144902,
      5.580005508824269,
      5.377003415279322,
      4.982477421458873,
      4.536122512440758,
      3.1475865070107885,
      3.0023602373762945,
      2.877611693106417,
      2.098991370252228,
      6.626809775637996e-16
    ],
    "root_tree_count_cv": 0.25264557631995566,
    "root_tree_count_gini": 0.1404255319148937,
    "edge_participation": [
      0.23404255319148937,
      0.425531914893617,
      0.3191489361702128,
      0.32978723404255317,
      0.3829787234042553,
      0.2978723404255319,
      0.3191489361702128,
      0.4148936170212766,
      0.4148936170212766,
      0.2978723404255319,
      0.23404255319148937,
      0.32978723404255317
    ],
    "edge_participation_mean": 0.3333333333333333,
    "edge_participation_var": 0.003910769076002213,
    "edge_participation_gini": 0.10460992907801425,
    "bottleneck_edge_fraction_095": 0.0,
    "mean_shortest_path": 1.4,
    "comparison_branch_d_rel_values": [
      22,
      22,
      22
    ],
    "comparison_branch_d_rel_min": 22,
    "comparison_branch_d_rel_mean": 22.0,
    "comparison_branch_d_rel_max": 22,
    "comparison_branch_d_rel_gini": 0.0,
    "comparison_branch_common_d_rel_values": [
      22,
      22,
      22
    ],
    "comparison_branch_common_d_rel_min": 22,
    "comparison_branch_common_d_rel_mean": 22.0,
    "comparison_branch_common_d_rel_max": 22,
    "comparison_branch_common_d_rel_gini": 0.0,
    "comparison_branch_input_count_values": [
      24,
      24,
      24
    ],
    "comparison_branch_input_count_min": 24,
    "comparison_branch_input_count_mean": 24.0,
    "comparison_branch_input_count_max": 24,
    "comparison_branch_input_count_gini": 0.0,
    "comparison_branch_input_overlap_values": [
      24,
      24,
      24
    ],
    "comparison_branch_input_overlap_min": 24,
    "comparison_branch_input_overlap_mean": 24.0,
    "comparison_branch_input_overlap_max": 24,
    "comparison_branch_input_overlap_gini": 0.0,
    "in_degree": [
      2,
      3,
      3,
      2,
      2
    ],
    "out_degree": [
      3,
      2,
      2,
      3,
      2
    ],
    "in_degree_cv": 0.2041241452319315,
    "out_degree_cv": 0.2041241452319315
  }
}