{
  "name": "random_sc_n5_m12_seed15",
  "family": "random_sc",
  "seed": 15,
  "n_nodes": 5,
  "edges": [
    [
      0,
      1
    ],
    [
      1,
      2
    ],
    [
      2,
      3
    ],
    [
      3,
      4
    ],
    [
      4,
      0
    ],
    [
      1,
      0
    ],
    [
      0,
      2
    ],
    [
      2,
      4
    ],
    [
      3,
      2
    ],
    [
      4,
      2
    ],
    [
      0,
      4
    ],
    [
      4,
      3
    ]
  ],
  "metrics": {
    "n_nodes": 5,
    "n_edges": 12,
    "p": 8,
    "strongly_connected": true,
    "edges": [
      [
        0,
        1
      ],
      [
        1,
        2
      ],
      [
        2,
        3
      ],
      [
        3,
        4
      ],
      [
        4,
        0
      ],
      [
        1,
        0
      ],
      [
        0,
        2
      ],
      [
        2,
        4
      ],
      [
        3,
        2
      ],
      [
        4,
        2
      ],
      [
        0,
        4
      ],
      [
        4,
        3
      ]
    ],
    "tree_counts_enum": [
      6,
      3,
      21,
      18,
      15
    ],
    "tree_counts_det": [
      6,
      3,
      21,
      18,
      15
    ],
    "tree_counts_match_det": true,
    "tree_enumeration_truncated": false,
    "max_trees_per_root": null,
    "n_trees_total_enum": 63,
    "rank_M": 12,
    "rank_D": 11,
    "rank_D_anchor": 11,
    "d_rel": 88,
    "effective_rank_D": 8.34170041193309,
    "condition_number_D": 5.262601333905914,
    "effective_rank_D_masked": 66.7336032954647,
    "condition_number_D_masked": 5.262601333905914,
    "singular_values_D_masked": [
      5.721831085164743,
      5.239613556227662,
      4.905446973504414,
      4.64647205609935,
      4.062259589445075,
      3.924147946232274,
      3.1520537959979777,
      2.628726484138791,
      2.140183232849906,
      1.2825463958730146,
      1.0872628804884195,
      1.002324215382461e-15,
      5.721831085164743,
      5.239613556227662,
      4.905446973504414,
      4.64647205609935,
      4.062259589445075,
      3.924147946232274,
      3.1520537959979777,
      2.628726484138791,
      2.140183232849906,
      1.2825463958730146,
      1.0872628804884195,
      1.002324215382461e-15,
      5.721831085164743,
      5.239613556227662,
      4.905446973504414,
      4.64647205609935,
      4.062259589445075,
      3.924147946232274,
      3.1520537959979777,
      2.628726484138791,
      2.140183232849906,
      1.2825463958730146,
      1.0872628804884195,
      1.002324215382461e-15,
      5.721831085164743,
      5.239613556227662,
      4.905446973504414,
      4.64647205609935,
      4.062259589445075,
      3.924147946232274,
      3.1520537959979777,
      2.628726484138791,
      2.140183232849906,
      1.2825463958730146,
      1.0872628804884195,
      1.002324215382461e-15,
      5.721831085164743,
      5.239613556227662,
      4.905446973504414,
      4.64647205609935,
      4.062259589445075,
      3.924147946232274,
      3.1520537959979777,
      2.628726484138791,
      2.140183232849906,
      1.2825463958730146,
      1.0872628804884195,
      1.002324215382461e-15,
      5.721831085164743,
      5.239613556227662,
      4.905446973504414,
      4.64647205609935,
      4.062259589445075,
      3.924147946232274,
      3.1520537959979777,
      2.628726484138791,
      2.140183232849906,
      1.2825463958730146,
      1.0872628804884195,
      1.002324215382461e-15,
      5.721831085164743,
      5.239613556227662,
      4.905446973504414,
      4.64647205609935,
      4.062259589445075,
      3.924147946232274,
      3.1520537959979777,
      2.628726484138791,
      2.140183232849906,
      1.2825463958730146,
      1.0872628804884195,
      1.002324215382461e-15,
      5.721831085164743,
      5.239613556227662,
      4.905446973504414,
      4.64647205609935,
      4.062259589445075,
      3.924147946232274,
      3.1520537959979777,
      2.628726484138791,
      2.140183232849906,
      1.2825463958730146,
      1.0872628804884195,
      1.002324215382461e-15
    ],
    "singular_values_D": [
      5.721831085164743,
      5.239613556227662,
      4.905446973504414,
      4.64647205609935,
      4.062259589445075,
      3.924147946232274,
      3.1520537959979777,
      2.628726484138791,
      2.140183232849906,
      1.2825463958730146,
      1.0872628804884195,
      1.002324215382461e-15
    ],
    "singular_values_D_anchor": [
      12.922732140355299,
      5.591664776224693,
      4.915465432771473,
      4.648050835090412,
      4.1451302922668285,
      3.987361722645829,
      3.6350189957523953,
      2.6333408582586677,
      2.1402068258553384,
      1.7189950426994367,
      1.0980287045395465,
      6.900657600361684e-16
    ],
    "root_tree_count_cv": 0.5512303287042964,
    "root_tree_count_gini": 0.3047619047619048,
    "edge_participation": [
      0.23809523809523808,
      0.5714285714285714,
      0.3333333333333333,
      0.38095238095238093,
      0.2857142857142857,
      0.38095238095238093,
      0.38095238095238093,
      0.3333333333333333,
      0.3333333333333333,
      0.23809523809523808,
      0.2857142857142857,
      0.23809523809523808
    ],
    "edge_participation_mean": 0.3333333333333333,
    "edge_participation_var": 0.007936507936507936,
    "edge_participation_gini": 0.13690476190476186,
    "bottleneck_edge_fraction_095": 0.0,
    "mean_shortest_path": 1.5,
    "comparison_branch_d_rel_values": [
      22,
      22,
      22
    ],
    "comparison_branch_d_rel_min": 22,
    "comparison_branch_d_rel_mean": 22.0,
    "comparison_branch_d_rel_max": 22,
    "comparison_branch_d_rel_gini": 0.0,
    "comparison_branch_common_d_rel_values": [
      22,
      22,
      22
    ],
    "comparison_branch_common_d_rel_min": 22,
    "comparison_branch_common_d_rel_mean": 22.0,
    "comparison_branch_common_d_rel_max": 22,
    "comparison_branch_common_d_rel_gini": 0.0,
    "comparison_branch_input_count_values": [
      24,
      24,
      24
    ],
    "comparison_branch_input_count_min": 24,
    "comparison_branch_input_count_mean": 24.0,
    "comparison_branch_input_count_max": 24,
    "comparison_branch_input_count_gini": 0.0,
    "comparison_branch_input_overlap_values": [
      24,
      24,
      24
    ],
    "comparison_branch_input_overlap_min": 24,
    "comparison_branch_input_overlap_mean": 24.0,
    "comparison_branch_input_overlap_max": 24,
    "comparison_branch_input_overlap_gini": 0.0,
    "in_degree": [
      2,
      1,
      4,
      2,
      3
    ],
    "out_degree": [
      3,
      2,
      2,
      2,
      3
    ],
    "in_degree_cv": 0.4249182927993988,
    "out_degree_cv": 0.2041241452319315
  }
}