{
  "name": "random_sc_n5_m12_seed16",
  "family": "random_sc",
  "seed": 16,
  "n_nodes": 5,
  "edges": [
    [
      0,
      1
    ],
    [
      1,
      2
    ],
    [
      2,
      3
    ],
    [
      3,
      4
    ],
    [
      4,
      0
    ],
    [
      1,
      4
    ],
    [
      2,
      1
    ],
    [
      4,
      2
    ],
    [
      1,
      3
    ],
    [
      2,
      0
    ],
    [
      1,
      0
    ],
    [
      4,
      1
    ]
  ],
  "metrics": {
    "n_nodes": 5,
    "n_edges": 12,
    "p": 8,
    "strongly_connected": true,
    "edges": [
      [
        0,
        1
      ],
      [
        1,
        2
      ],
      [
        2,
        3
      ],
      [
        3,
        4
      ],
      [
        4,
        0
      ],
      [
        1,
        4
      ],
      [
        2,
        1
      ],
      [
        4,
        2
      ],
      [
        1,
        3
      ],
      [
        2,
        0
      ],
      [
        1,
        0
      ],
      [
        4,
        1
      ]
    ],
    "tree_counts_enum": [
      20,
      8,
      5,
      13,
      7
    ],
    "tree_counts_det": [
      20,
      8,
      5,
      13,
      7
    ],
    "tree_counts_match_det": true,
    "tree_enumeration_truncated": false,
    "max_trees_per_root": null,
    "n_trees_total_enum": 53,
    "rank_M": 12,
    "rank_D": 11,
    "rank_D_anchor": 11,
    "d_rel": 88,
    "effective_rank_D": 8.7941564966387,
    "condition_number_D": 4.032127149845341,
    "effective_rank_D_masked": 70.35325197310958,
    "condition_number_D_masked": 4.032127149845341,
    "singular_values_D_masked": [
      4.940103768777388,
      4.414777025719821,
      4.097592005403088,
      3.862582229196157,
      3.6977768226927847,
      3.2005584620194965,
      3.012097660500728,
      2.367942478092333,
      2.1589089713508525,
      1.3785820643995268,
      1.225185512556784,
      6.487779727060106e-16,
      4.940103768777388,
      4.414777025719821,
      4.097592005403088,
      3.862582229196157,
      3.6977768226927847,
      3.2005584620194965,
      3.012097660500728,
      2.367942478092333,
      2.1589089713508525,
      1.3785820643995268,
      1.225185512556784,
      6.487779727060106e-16,
      4.940103768777388,
      4.414777025719821,
      4.097592005403088,
      3.862582229196157,
      3.6977768226927847,
      3.2005584620194965,
      3.012097660500728,
      2.367942478092333,
      2.1589089713508525,
      1.3785820643995268,
      1.225185512556784,
      6.487779727060106e-16,
      4.940103768777388,
      4.414777025719821,
      4.097592005403088,
      3.862582229196157,
      3.6977768226927847,
      3.2005584620194965,
      3.012097660500728,
      2.367942478092333,
      2.1589089713508525,
      1.3785820643995268,
      1.225185512556784,
      6.487779727060106e-16,
      4.940103768777388,
      4.414777025719821,
      4.097592005403088,
      3.862582229196157,
      3.6977768226927847,
      3.2005584620194965,
      3.012097660500728,
      2.367942478092333,
      2.1589089713508525,
      1.3785820643995268,
      1.225185512556784,
      6.487779727060106e-16,
      4.940103768777388,
      4.414777025719821,
      4.097592005403088,
      3.862582229196157,
      3.6977768226927847,
      3.2005584620194965,
      3.012097660500728,
      2.367942478092333,
      2.1589089713508525,
      1.3785820643995268,
      1.225185512556784,
      6.487779727060106e-16,
      4.940103768777388,
      4.414777025719821,
      4.097592005403088,
      3.862582229196157,
      3.6977768226927847,
      3.2005584620194965,
      3.012097660500728,
      2.367942478092333,
      2.1589089713508525,
      1.3785820643995268,
      1.225185512556784,
      6.487779727060106e-16,
      4.940103768777388,
      4.414777025719821,
      4.097592005403088,
      3.862582229196157,
      3.6977768226927847,
      3.2005584620194965,
      3.012097660500728,
      2.367942478092333,
      2.1589089713508525,
      1.3785820643995268,
      1.225185512556784,
      6.487779727060106e-16
    ],
    "singular_values_D": [
      4.940103768777388,
      4.414777025719821,
      4.097592005403088,
      3.862582229196157,
      3.6977768226927847,
      3.2005584620194965,
      3.012097660500728,
      2.367942478092333,
      2.1589089713508525,
      1.3785820643995268,
      1.225185512556784,
      6.487779727060106e-16
    ],
    "singular_values_D_anchor": [
      12.040807130793254,
      4.892997462351612,
      4.135865751433303,
      3.904425317196316,
      3.703000387900759,
      3.2437539354819482,
      3.1740966085435725,
      2.3989295477329025,
      2.2760466372695003,
      1.3817569786476738,
      1.2546204748239718,
      9.541215449054841e-16
    ],
    "root_tree_count_cv": 0.5083846635965087,
    "root_tree_count_gini": 0.2716981132075471,
    "edge_participation": [
      0.6226415094339622,
      0.20754716981132076,
      0.32075471698113206,
      0.7547169811320755,
      0.3584905660377358,
      0.16981132075471697,
      0.24528301886792453,
      0.2830188679245283,
      0.32075471698113206,
      0.33962264150943394,
      0.1509433962264151,
      0.22641509433962265
    ],
    "edge_participation_mean": 0.3333333333333333,
    "edge_participation_var": 0.029982991179146396,
    "edge_participation_gini": 0.2625786163522015,
    "bottleneck_edge_fraction_095": 0.0,
    "mean_shortest_path": 1.4,
    "comparison_branch_d_rel_values": [
      22,
      22,
      22
    ],
    "comparison_branch_d_rel_min": 22,
    "comparison_branch_d_rel_mean": 22.0,
    "comparison_branch_d_rel_max": 22,
    "comparison_branch_d_rel_gini": 0.0,
    "comparison_branch_common_d_rel_values": [
      22,
      22,
      22
    ],
    "comparison_branch_common_d_rel_min": 22,
    "comparison_branch_common_d_rel_mean": 22.0,
    "comparison_branch_common_d_rel_max": 22,
    "comparison_branch_common_d_rel_gini": 0.0,
    "comparison_branch_input_count_values": [
      24,
      24,
      24
    ],
    "comparison_branch_input_count_min": 24,
    "comparison_branch_input_count_mean": 24.0,
    "comparison_branch_input_count_max": 24,
    "comparison_branch_input_count_gini": 0.0,
    "comparison_branch_input_overlap_values": [
      24,
      24,
      24
    ],
    "comparison_branch_input_overlap_min": 24,
    "comparison_branch_input_overlap_mean": 24.0,
    "comparison_branch_input_overlap_max": 24,
    "comparison_branch_input_overlap_gini": 0.0,
    "in_degree": [
      3,
      3,
      2,
      2,
      2
    ],
    "out_degree": [
      1,
      4,
      3,
      1,
      3
    ],
    "in_degree_cv": 0.2041241452319315,
    "out_degree_cv": 0.5000000000000001
  }
}