{
  "name": "random_sc_n5_m12_seed24",
  "family": "random_sc",
  "seed": 24,
  "n_nodes": 5,
  "edges": [
    [
      0,
      1
    ],
    [
      1,
      2
    ],
    [
      2,
      3
    ],
    [
      3,
      4
    ],
    [
      4,
      0
    ],
    [
      3,
      2
    ],
    [
      2,
      0
    ],
    [
      3,
      0
    ],
    [
      0,
      4
    ],
    [
      1,
      0
    ],
    [
      4,
      3
    ],
    [
      3,
      1
    ]
  ],
  "metrics": {
    "n_nodes": 5,
    "n_edges": 12,
    "p": 8,
    "strongly_connected": true,
    "edges": [
      [
        0,
        1
      ],
      [
        1,
        2
      ],
      [
        2,
        3
      ],
      [
        3,
        4
      ],
      [
        4,
        0
      ],
      [
        3,
        2
      ],
      [
        2,
        0
      ],
      [
        3,
        0
      ],
      [
        0,
        4
      ],
      [
        1,
        0
      ],
      [
        4,
        3
      ],
      [
        3,
        1
      ]
    ],
    "tree_counts_enum": [
      22,
      14,
      10,
      6,
      14
    ],
    "tree_counts_det": [
      22,
      14,
      10,
      6,
      14
    ],
    "tree_counts_match_det": true,
    "tree_enumeration_truncated": false,
    "max_trees_per_root": null,
    "n_trees_total_enum": 66,
    "rank_M": 12,
    "rank_D": 11,
    "rank_D_anchor": 11,
    "d_rel": 88,
    "effective_rank_D": 8.457663063366319,
    "condition_number_D": 4.446073457485623,
    "effective_rank_D_masked": 67.6613045069305,
    "condition_number_D_masked": 4.446073457485623,
    "singular_values_D_masked": [
      5.866081438209225,
      5.35487967718968,
      5.239480207161257,
      4.559136028558022,
      4.219993812764134,
      3.6401163638990472,
      3.1219097003355776,
      2.894576553279454,
      2.0892182517772397,
      1.6767298415887055,
      1.3193847322366679,
      8.971514369151714e-16,
      5.866081438209225,
      5.35487967718968,
      5.239480207161257,
      4.559136028558022,
      4.219993812764134,
      3.6401163638990472,
      3.1219097003355776,
      2.894576553279454,
      2.0892182517772397,
      1.6767298415887055,
      1.3193847322366679,
      8.971514369151714e-16,
      5.866081438209225,
      5.35487967718968,
      5.239480207161257,
      4.559136028558022,
      4.219993812764134,
      3.6401163638990472,
      3.1219097003355776,
      2.894576553279454,
      2.0892182517772397,
      1.6767298415887055,
      1.3193847322366679,
      8.971514369151714e-16,
      5.866081438209225,
      5.35487967718968,
      5.239480207161257,
      4.559136028558022,
      4.219993812764134,
      3.6401163638990472,
      3.1219097003355776,
      2.894576553279454,
      2.0892182517772397,
      1.6767298415887055,
      1.3193847322366679,
      8.971514369151714e-16,
      5.866081438209225,
      5.35487967718968,
      5.239480207161257,
      4.559136028558022,
      4.219993812764134,
      3.6401163638990472,
      3.1219097003355776,
      2.894576553279454,
      2.0892182517772397,
      1.6767298415887055,
      1.3193847322366679,
      8.971514369151714e-16,
      5.866081438209225,
      5.35487967718968,
      5.239480207161257,
      4.559136028558022,
      4.219993812764134,
      3.6401163638990472,
      3.1219097003355776,
      2.894576553279454,
      2.0892182517772397,
      1.6767298415887055,
      1.3193847322366679,
      8.971514369151714e-16,
      5.866081438209225,
      5.35487967718968,
      5.239480207161257,
      4.559136028558022,
      4.219993812764134,
      3.6401163638990472,
      3.1219097003355776,
      2.894576553279454,
      2.0892182517772397,
      1.6767298415887055,
      1.3193847322366679,
      8.971514369151714e-16,
      5.866081438209225,
      5.35487967718968,
      5.239480207161257,
      4.559136028558022,
      4.219993812764134,
      3.6401163638990472,
      3.1219097003355776,
      2.894576553279454,
      2.0892182517772397,
      1.6767298415887055,
      1.3193847322366679,
      8.971514369151714e-16
    ],
    "singular_values_D": [
      5.866081438209225,
      5.35487967718968,
      5.239480207161257,
      4.559136028558022,
      4.219993812764134,
      3.6401163638990472,
      3.1219097003355776,
      2.894576553279454,
      2.0892182517772397,
      1.6767298415887055,
      1.3193847322366679,
      8.971514369151714e-16
    ],
    "singular_values_D_anchor": [
      14.186331692431201,
      5.470888478981334,
      5.288292702322876,
      5.005452397853042,
      4.268424788268696,
      3.6615778098986627,
      3.3489731820848236,
      3.1141107462230115,
      2.138879387466292,
      1.6902825524320528,
      1.3509291113744215,
      1.091608408706272e-15
    ],
    "root_tree_count_cv": 0.4020151261036849,
    "root_tree_count_gini": 0.21818181818181825,
    "edge_participation": [
      0.3333333333333333,
      0.45454545454545453,
      0.36363636363636365,
      0.18181818181818182,
      0.3787878787878788,
      0.18181818181818182,
      0.48484848484848486,
      0.2727272727272727,
      0.3333333333333333,
      0.3333333333333333,
      0.4090909090909091,
      0.2727272727272727
    ],
    "edge_participation_mean": 0.3333333333333333,
    "edge_participation_var": 0.008302724211815122,
    "edge_participation_gini": 0.15340909090909083,
    "bottleneck_edge_fraction_095": 0.0,
    "mean_shortest_path": 1.4,
    "comparison_branch_d_rel_values": [
      22,
      22,
      22
    ],
    "comparison_branch_d_rel_min": 22,
    "comparison_branch_d_rel_mean": 22.0,
    "comparison_branch_d_rel_max": 22,
    "comparison_branch_d_rel_gini": 0.0,
    "comparison_branch_common_d_rel_values": [
      22,
      22,
      22
    ],
    "comparison_branch_common_d_rel_min": 22,
    "comparison_branch_common_d_rel_mean": 22.0,
    "comparison_branch_common_d_rel_max": 22,
    "comparison_branch_common_d_rel_gini": 0.0,
    "comparison_branch_input_count_values": [
      24,
      24,
      24
    ],
    "comparison_branch_input_count_min": 24,
    "comparison_branch_input_count_mean": 24.0,
    "comparison_branch_input_count_max": 24,
    "comparison_branch_input_count_gini": 0.0,
    "comparison_branch_input_overlap_values": [
      24,
      24,
      24
    ],
    "comparison_branch_input_overlap_min": 24,
    "comparison_branch_input_overlap_mean": 24.0,
    "comparison_branch_input_overlap_max": 24,
    "comparison_branch_input_overlap_gini": 0.0,
    "in_degree": [
      4,
      2,
      2,
      2,
      2
    ],
    "out_degree": [
      2,
      2,
      2,
      4,
      2
    ],
    "in_degree_cv": 0.3333333333333334,
    "out_degree_cv": 0.33333333333333337
  }
}