{
  "name": "random_sc_n5_m12_seed22",
  "family": "random_sc",
  "seed": 22,
  "n_nodes": 5,
  "edges": [
    [
      0,
      1
    ],
    [
      1,
      2
    ],
    [
      2,
      3
    ],
    [
      3,
      4
    ],
    [
      4,
      0
    ],
    [
      4,
      3
    ],
    [
      0,
      4
    ],
    [
      1,
      0
    ],
    [
      0,
      2
    ],
    [
      3,
      0
    ],
    [
      2,
      1
    ],
    [
      4,
      2
    ]
  ],
  "metrics": {
    "n_nodes": 5,
    "n_edges": 12,
    "p": 8,
    "strongly_connected": true,
    "edges": [
      [
        0,
        1
      ],
      [
        1,
        2
      ],
      [
        2,
        3
      ],
      [
        3,
        4
      ],
      [
        4,
        0
      ],
      [
        4,
        3
      ],
      [
        0,
        4
      ],
      [
        1,
        0
      ],
      [
        0,
        2
      ],
      [
        3,
        0
      ],
      [
        2,
        1
      ],
      [
        4,
        2
      ]
    ],
    "tree_counts_enum": [
      13,
      16,
      19,
      14,
      9
    ],
    "tree_counts_det": [
      13,
      16,
      19,
      14,
      9
    ],
    "tree_counts_match_det": true,
    "tree_enumeration_truncated": false,
    "max_trees_per_root": null,
    "n_trees_total_enum": 71,
    "rank_M": 12,
    "rank_D": 11,
    "rank_D_anchor": 11,
    "d_rel": 88,
    "effective_rank_D": 8.677365648430975,
    "condition_number_D": 3.929894706976152,
    "effective_rank_D_masked": 69.41892518744778,
    "condition_number_D_masked": 3.929894706976152,
    "singular_values_D_masked": [
      5.914320870541377,
      5.4987607002428405,
      5.164099430698091,
      5.09171561001794,
      4.538647334876665,
      3.8341671626591305,
      3.5188777367733572,
      2.7548153587488593,
      2.153550112798373,
      2.052752711149865,
      1.5049565730202825,
      6.334844890025773e-16,
      5.914320870541377,
      5.4987607002428405,
      5.164099430698091,
      5.09171561001794,
      4.538647334876665,
      3.8341671626591305,
      3.5188777367733572,
      2.7548153587488593,
      2.153550112798373,
      2.052752711149865,
      1.5049565730202825,
      6.334844890025773e-16,
      5.914320870541377,
      5.4987607002428405,
      5.164099430698091,
      5.09171561001794,
      4.538647334876665,
      3.8341671626591305,
      3.5188777367733572,
      2.7548153587488593,
      2.153550112798373,
      2.052752711149865,
      1.5049565730202825,
      6.334844890025773e-16,
      5.914320870541377,
      5.4987607002428405,
      5.164099430698091,
      5.09171561001794,
      4.538647334876665,
      3.8341671626591305,
      3.5188777367733572,
      2.7548153587488593,
      2.153550112798373,
      2.052752711149865,
      1.5049565730202825,
      6.334844890025773e-16,
      5.914320870541377,
      5.4987607002428405,
      5.164099430698091,
      5.09171561001794,
      4.538647334876665,
      3.8341671626591305,
      3.5188777367733572,
      2.7548153587488593,
      2.153550112798373,
      2.052752711149865,
      1.5049565730202825,
      6.334844890025773e-16,
      5.914320870541377,
      5.4987607002428405,
      5.164099430698091,
      5.09171561001794,
      4.538647334876665,
      3.8341671626591305,
      3.5188777367733572,
      2.7548153587488593,
      2.153550112798373,
      2.052752711149865,
      1.5049565730202825,
      6.334844890025773e-16,
      5.914320870541377,
      5.4987607002428405,
      5.164099430698091,
      5.09171561001794,
      4.538647334876665,
      3.8341671626591305,
      3.5188777367733572,
      2.7548153587488593,
      2.153550112798373,
      2.052752711149865,
      1.5049565730202825,
      6.334844890025773e-16,
      5.914320870541377,
      5.4987607002428405,
      5.164099430698091,
      5.09171561001794,
      4.538647334876665,
      3.8341671626591305,
      3.5188777367733572,
      2.7548153587488593,
      2.153550112798373,
      2.052752711149865,
      1.5049565730202825,
      6.334844890025773e-16
    ],
    "singular_values_D": [
      5.914320870541377,
      5.4987607002428405,
      5.164099430698091,
      5.09171561001794,
      4.538647334876665,
      3.8341671626591305,
      3.5188777367733572,
      2.7548153587488593,
      2.153550112798373,
      2.052752711149865,
      1.5049565730202825,
      6.334844890025773e-16
    ],
    "singular_values_D_anchor": [
      14.186126578610743,
      5.6711517745858115,
      5.173401398442828,
      5.139588346807756,
      4.5946461489714725,
      3.888084340004657,
      3.696652995549275,
      2.8022887621739967,
      2.5864168241091097,
      2.1067073582315814,
      1.593296336082559,
      9.26107767529645e-16
    ],
    "root_tree_count_cv": 0.23314007545418097,
    "root_tree_count_gini": 0.12957746478873244,
    "edge_participation": [
      0.2535211267605634,
      0.39436619718309857,
      0.4507042253521127,
      0.3380281690140845,
      0.29577464788732394,
      0.2112676056338028,
      0.23943661971830985,
      0.38028169014084506,
      0.323943661971831,
      0.4647887323943662,
      0.28169014084507044,
      0.36619718309859156
    ],
    "edge_participation_mean": 0.3333333333333333,
    "edge_participation_var": 0.0060283453459410614,
    "edge_participation_gini": 0.13321596244131495,
    "bottleneck_edge_fraction_095": 0.0,
    "mean_shortest_path": 1.4,
    "comparison_branch_d_rel_values": [
      22,
      22,
      22
    ],
    "comparison_branch_d_rel_min": 22,
    "comparison_branch_d_rel_mean": 22.0,
    "comparison_branch_d_rel_max": 22,
    "comparison_branch_d_rel_gini": 0.0,
    "comparison_branch_common_d_rel_values": [
      22,
      22,
      22
    ],
    "comparison_branch_common_d_rel_min": 22,
    "comparison_branch_common_d_rel_mean": 22.0,
    "comparison_branch_common_d_rel_max": 22,
    "comparison_branch_common_d_rel_gini": 0.0,
    "comparison_branch_input_count_values": [
      24,
      24,
      24
    ],
    "comparison_branch_input_count_min": 24,
    "comparison_branch_input_count_mean": 24.0,
    "comparison_branch_input_count_max": 24,
    "comparison_branch_input_count_gini": 0.0,
    "comparison_branch_input_overlap_values": [
      24,
      24,
      24
    ],
    "comparison_branch_input_overlap_min": 24,
    "comparison_branch_input_overlap_mean": 24.0,
    "comparison_branch_input_overlap_max": 24,
    "comparison_branch_input_overlap_gini": 0.0,
    "in_degree": [
      3,
      2,
      3,
      2,
      2
    ],
    "out_degree": [
      3,
      2,
      2,
      2,
      3
    ],
    "in_degree_cv": 0.2041241452319315,
    "out_degree_cv": 0.2041241452319315
  }
}