{
  "name": "random_sc_n5_m12_seed17",
  "family": "random_sc",
  "seed": 17,
  "n_nodes": 5,
  "edges": [
    [
      0,
      1
    ],
    [
      1,
      2
    ],
    [
      2,
      3
    ],
    [
      3,
      4
    ],
    [
      4,
      0
    ],
    [
      2,
      4
    ],
    [
      2,
      0
    ],
    [
      4,
      1
    ],
    [
      1,
      3
    ],
    [
      1,
      4
    ],
    [
      3,
      2
    ],
    [
      0,
      4
    ]
  ],
  "metrics": {
    "n_nodes": 5,
    "n_edges": 12,
    "p": 8,
    "strongly_connected": true,
    "edges": [
      [
        0,
        1
      ],
      [
        1,
        2
      ],
      [
        2,
        3
      ],
      [
        3,
        4
      ],
      [
        4,
        0
      ],
      [
        2,
        4
      ],
      [
        2,
        0
      ],
      [
        4,
        1
      ],
      [
        1,
        3
      ],
      [
        1,
        4
      ],
      [
        3,
        2
      ],
      [
        0,
        4
      ]
    ],
    "tree_counts_enum": [
      18,
      15,
      9,
      12,
      27
    ],
    "tree_counts_det": [
      18,
      15,
      9,
      12,
      27
    ],
    "tree_counts_match_det": true,
    "tree_enumeration_truncated": false,
    "max_trees_per_root": null,
    "n_trees_total_enum": 81,
    "rank_M": 12,
    "rank_D": 11,
    "rank_D_anchor": 11,
    "d_rel": 88,
    "effective_rank_D": 8.77023329005286,
    "condition_number_D": 3.635931547885512,
    "effective_rank_D_masked": 70.16186632042283,
    "condition_number_D_masked": 3.635931547885512,
    "singular_values_D_masked": [
      6.206789532807627,
      5.981339566239513,
      5.280238474906009,
      5.196152422706632,
      5.0338876746017345,
      4.349735997342654,
      3.891342336644763,
      3.1076476381709774,
      2.168021053650627,
      2.0894961164090153,
      1.707069962969244,
      1.1385114327743169e-15,
      6.206789532807627,
      5.981339566239513,
      5.280238474906009,
      5.196152422706632,
      5.0338876746017345,
      4.349735997342654,
      3.891342336644763,
      3.1076476381709774,
      2.168021053650627,
      2.0894961164090153,
      1.707069962969244,
      1.1385114327743169e-15,
      6.206789532807627,
      5.981339566239513,
      5.280238474906009,
      5.196152422706632,
      5.0338876746017345,
      4.349735997342654,
      3.891342336644763,
      3.1076476381709774,
      2.168021053650627,
      2.0894961164090153,
      1.707069962969244,
      1.1385114327743169e-15,
      6.206789532807627,
      5.981339566239513,
      5.280238474906009,
      5.196152422706632,
      5.0338876746017345,
      4.349735997342654,
      3.891342336644763,
      3.1076476381709774,
      2.168021053650627,
      2.0894961164090153,
      1.707069962969244,
      1.1385114327743169e-15,
      6.206789532807627,
      5.981339566239513,
      5.280238474906009,
      5.196152422706632,
      5.0338876746017345,
      4.349735997342654,
      3.891342336644763,
      3.1076476381709774,
      2.168021053650627,
      2.0894961164090153,
      1.707069962969244,
      1.1385114327743169e-15,
      6.206789532807627,
      5.981339566239513,
      5.280238474906009,
      5.196152422706632,
      5.0338876746017345,
      4.349735997342654,
      3.891342336644763,
      3.1076476381709774,
      2.168021053650627,
      2.0894961164090153,
      1.707069962969244,
      1.1385114327743169e-15,
      6.206789532807627,
      5.981339566239513,
      5.280238474906009,
      5.196152422706632,
      5.0338876746017345,
      4.349735997342654,
      3.891342336644763,
      3.1076476381709774,
      2.168021053650627,
      2.0894961164090153,
      1.707069962969244,
      1.1385114327743169e-15,
      6.206789532807627,
      5.981339566239513,
      5.280238474906009,
      5.196152422706632,
      5.0338876746017345,
      4.349735997342654,
      3.891342336644763,
      3.1076476381709774,
      2.168021053650627,
      2.0894961164090153,
      1.707069962969244,
      1.1385114327743169e-15
    ],
    "singular_values_D": [
      6.206789532807627,
      5.981339566239513,
      5.280238474906009,
      5.196152422706632,
      5.0338876746017345,
      4.349735997342654,
      3.891342336644763,
      3.1076476381709774,
      2.168021053650627,
      2.0894961164090153,
      1.707069962969244,
      1.1385114327743169e-15
    ],
    "singular_values_D_anchor": [
      15.835467976495293,
      5.985924090710062,
      5.5678168378984685,
      5.2279089788495225,
      5.170533882650014,
      4.767127344572081,
      3.899176300143662,
      3.1468769197844995,
      2.2172407753882255,
      2.130937955143216,
      1.7469009618580473,
      7.4261933760192265e-16
    ],
    "root_tree_count_cv": 0.38131963485137044,
    "root_tree_count_gini": 0.20740740740740748,
    "edge_participation": [
      0.4444444444444444,
      0.2962962962962963,
      0.2222222222222222,
      0.48148148148148145,
      0.3333333333333333,
      0.3333333333333333,
      0.3333333333333333,
      0.3333333333333333,
      0.3333333333333333,
      0.18518518518518517,
      0.37037037037037035,
      0.3333333333333333
    ],
    "edge_participation_mean": 0.3333333333333333,
    "edge_participation_var": 0.00594421582075903,
    "edge_participation_gini": 0.12037037037037068,
    "bottleneck_edge_fraction_095": 0.0,
    "mean_shortest_path": 1.4,
    "comparison_branch_d_rel_values": [
      22,
      22,
      22
    ],
    "comparison_branch_d_rel_min": 22,
    "comparison_branch_d_rel_mean": 22.0,
    "comparison_branch_d_rel_max": 22,
    "comparison_branch_d_rel_gini": 0.0,
    "comparison_branch_common_d_rel_values": [
      22,
      22,
      22
    ],
    "comparison_branch_common_d_rel_min": 22,
    "comparison_branch_common_d_rel_mean": 22.0,
    "comparison_branch_common_d_rel_max": 22,
    "comparison_branch_common_d_rel_gini": 0.0,
    "comparison_branch_input_count_values": [
      24,
      24,
      24
    ],
    "comparison_branch_input_count_min": 24,
    "comparison_branch_input_count_mean": 24.0,
    "comparison_branch_input_count_max": 24,
    "comparison_branch_input_count_gini": 0.0,
    "comparison_branch_input_overlap_values": [
      24,
      24,
      24
    ],
    "comparison_branch_input_overlap_min": 24,
    "comparison_branch_input_overlap_mean": 24.0,
    "comparison_branch_input_overlap_max": 24,
    "comparison_branch_input_overlap_gini": 0.0,
    "in_degree": [
      2,
      2,
      2,
      2,
      4
    ],
    "out_degree": [
      2,
      3,
      3,
      2,
      2
    ],
    "in_degree_cv": 0.33333333333333337,
    "out_degree_cv": 0.2041241452319315
  }
}