{
  "name": "random_sc_n5_m12_seed33",
  "family": "random_sc",
  "seed": 33,
  "n_nodes": 5,
  "edges": [
    [
      0,
      1
    ],
    [
      1,
      2
    ],
    [
      2,
      3
    ],
    [
      3,
      4
    ],
    [
      4,
      0
    ],
    [
      3,
      0
    ],
    [
      0,
      4
    ],
    [
      3,
      1
    ],
    [
      1,
      0
    ],
    [
      1,
      3
    ],
    [
      2,
      1
    ],
    [
      2,
      4
    ]
  ],
  "metrics": {
    "n_nodes": 5,
    "n_edges": 12,
    "p": 8,
    "strongly_connected": true,
    "edges": [
      [
        0,
        1
      ],
      [
        1,
        2
      ],
      [
        2,
        3
      ],
      [
        3,
        4
      ],
      [
        4,
        0
      ],
      [
        3,
        0
      ],
      [
        0,
        4
      ],
      [
        3,
        1
      ],
      [
        1,
        0
      ],
      [
        1,
        3
      ],
      [
        2,
        1
      ],
      [
        2,
        4
      ]
    ],
    "tree_counts_enum": [
      20,
      9,
      3,
      4,
      27
    ],
    "tree_counts_det": [
      20,
      9,
      3,
      4,
      27
    ],
    "tree_counts_match_det": true,
    "tree_enumeration_truncated": false,
    "max_trees_per_root": null,
    "n_trees_total_enum": 63,
    "rank_M": 12,
    "rank_D": 11,
    "rank_D_anchor": 11,
    "d_rel": 88,
    "effective_rank_D": 8.317567823077608,
    "condition_number_D": 5.78453385632097,
    "effective_rank_D_masked": 66.54054258462088,
    "condition_number_D_masked": 5.78453385632097,
    "singular_values_D_masked": [
      5.656304679889521,
      5.0234567865956965,
      4.935758853249117,
      4.55421807361452,
      4.477791367006311,
      3.7415686635905803,
      3.4410361368996525,
      2.906678630937751,
      1.6341870937243013,
      1.2801577519578062,
      0.9778324097297264,
      9.873608941781254e-16,
      5.656304679889521,
      5.0234567865956965,
      4.935758853249117,
      4.55421807361452,
      4.477791367006311,
      3.7415686635905803,
      3.4410361368996525,
      2.906678630937751,
      1.6341870937243013,
      1.2801577519578062,
      0.9778324097297264,
      9.873608941781254e-16,
      5.656304679889521,
      5.0234567865956965,
      4.935758853249117,
      4.55421807361452,
      4.477791367006311,
      3.7415686635905803,
      3.4410361368996525,
      2.906678630937751,
      1.6341870937243013,
      1.2801577519578062,
      0.9778324097297264,
      9.873608941781254e-16,
      5.656304679889521,
      5.0234567865956965,
      4.935758853249117,
      4.55421807361452,
      4.477791367006311,
      3.7415686635905803,
      3.4410361368996525,
      2.906678630937751,
      1.6341870937243013,
      1.2801577519578062,
      0.9778324097297264,
      9.873608941781254e-16,
      5.656304679889521,
      5.0234567865956965,
      4.935758853249117,
      4.55421807361452,
      4.477791367006311,
      3.7415686635905803,
      3.4410361368996525,
      2.906678630937751,
      1.6341870937243013,
      1.2801577519578062,
      0.9778324097297264,
      9.873608941781254e-16,
      5.656304679889521,
      5.0234567865956965,
      4.935758853249117,
      4.55421807361452,
      4.477791367006311,
      3.7415686635905803,
      3.4410361368996525,
      2.906678630937751,
      1.6341870937243013,
      1.2801577519578062,
      0.9778324097297264,
      9.873608941781254e-16,
      5.656304679889521,
      5.0234567865956965,
      4.935758853249117,
      4.55421807361452,
      4.477791367006311,
      3.7415686635905803,
      3.4410361368996525,
      2.906678630937751,
      1.6341870937243013,
      1.2801577519578062,
      0.9778324097297264,
      9.873608941781254e-16,
      5.656304679889521,
      5.0234567865956965,
      4.935758853249117,
      4.55421807361452,
      4.477791367006311,
      3.7415686635905803,
      3.4410361368996525,
      2.906678630937751,
      1.6341870937243013,
      1.2801577519578062,
      0.9778324097297264,
      9.873608941781254e-16
    ],
    "singular_values_D": [
      5.656304679889521,
      5.0234567865956965,
      4.935758853249117,
      4.55421807361452,
      4.477791367006311,
      3.7415686635905803,
      3.4410361368996525,
      2.906678630937751,
      1.6341870937243013,
      1.2801577519578062,
      0.9778324097297264,
      9.873608941781254e-16
    ],
    "singular_values_D_anchor": [
      12.696650599344043,
      5.5341903489665425,
      4.979833821273147,
      4.87500348187749,
      4.511861555023528,
      3.9302987394446594,
      3.5765375140440923,
      3.110464261305656,
      1.6344455842530057,
      1.2909872567248457,
      0.9972888526673254,
      7.260767848194187e-16
    ],
    "root_tree_count_cv": 0.7455249883058653,
    "root_tree_count_gini": 0.40634920634920646,
    "edge_participation": [
      0.36507936507936506,
      0.2857142857142857,
      0.3333333333333333,
      0.3968253968253968,
      0.5714285714285714,
      0.3333333333333333,
      0.31746031746031744,
      0.20634920634920634,
      0.2857142857142857,
      0.2857142857142857,
      0.23809523809523808,
      0.38095238095238093
    ],
    "edge_participation_mean": 0.3333333333333333,
    "edge_participation_var": 0.008020492147476273,
    "edge_participation_gini": 0.13888888888888884,
    "bottleneck_edge_fraction_095": 0.0,
    "mean_shortest_path": 1.5,
    "comparison_branch_d_rel_values": [
      22,
      22,
      22
    ],
    "comparison_branch_d_rel_min": 22,
    "comparison_branch_d_rel_mean": 22.0,
    "comparison_branch_d_rel_max": 22,
    "comparison_branch_d_rel_gini": 0.0,
    "comparison_branch_common_d_rel_values": [
      22,
      22,
      22
    ],
    "comparison_branch_common_d_rel_min": 22,
    "comparison_branch_common_d_rel_mean": 22.0,
    "comparison_branch_common_d_rel_max": 22,
    "comparison_branch_common_d_rel_gini": 0.0,
    "comparison_branch_input_count_values": [
      24,
      24,
      24
    ],
    "comparison_branch_input_count_min": 24,
    "comparison_branch_input_count_mean": 24.0,
    "comparison_branch_input_count_max": 24,
    "comparison_branch_input_count_gini": 0.0,
    "comparison_branch_input_overlap_values": [
      24,
      24,
      24
    ],
    "comparison_branch_input_overlap_min": 24,
    "comparison_branch_input_overlap_mean": 24.0,
    "comparison_branch_input_overlap_max": 24,
    "comparison_branch_input_overlap_gini": 0.0,
    "in_degree": [
      3,
      3,
      1,
      2,
      3
    ],
    "out_degree": [
      2,
      3,
      3,
      3,
      1
    ],
    "in_degree_cv": 0.33333333333333337,
    "out_degree_cv": 0.33333333333333337
  }
}