{
  "name": "random_sc_n5_m12_seed29",
  "family": "random_sc",
  "seed": 29,
  "n_nodes": 5,
  "edges": [
    [
      0,
      1
    ],
    [
      1,
      2
    ],
    [
      2,
      3
    ],
    [
      3,
      4
    ],
    [
      4,
      0
    ],
    [
      2,
      4
    ],
    [
      0,
      3
    ],
    [
      1,
      4
    ],
    [
      3,
      0
    ],
    [
      3,
      2
    ],
    [
      1,
      3
    ],
    [
      4,
      2
    ]
  ],
  "metrics": {
    "n_nodes": 5,
    "n_edges": 12,
    "p": 8,
    "strongly_connected": true,
    "edges": [
      [
        0,
        1
      ],
      [
        1,
        2
      ],
      [
        2,
        3
      ],
      [
        3,
        4
      ],
      [
        4,
        0
      ],
      [
        2,
        4
      ],
      [
        0,
        3
      ],
      [
        1,
        4
      ],
      [
        3,
        0
      ],
      [
        3,
        2
      ],
      [
        1,
        3
      ],
      [
        4,
        2
      ]
    ],
    "tree_counts_enum": [
      18,
      6,
      21,
      15,
      21
    ],
    "tree_counts_det": [
      18,
      6,
      21,
      15,
      21
    ],
    "tree_counts_match_det": true,
    "tree_enumeration_truncated": false,
    "max_trees_per_root": null,
    "n_trees_total_enum": 81,
    "rank_M": 12,
    "rank_D": 11,
    "rank_D_anchor": 11,
    "d_rel": 88,
    "effective_rank_D": 8.817662066359851,
    "condition_number_D": 4.334104341704787,
    "effective_rank_D_masked": 70.5412965308788,
    "condition_number_D_masked": 4.334104341704787,
    "singular_values_D_masked": [
      6.214064930538744,
      5.765228754059983,
      5.3850477716347696,
      5.070343342535771,
      4.963165596997788,
      4.928583652479498,
      3.8461579895626725,
      3.0082659452922482,
      2.41938418911776,
      2.1828378874719965,
      1.4337598822308206,
      1.1357037108555236e-15,
      6.214064930538744,
      5.765228754059983,
      5.3850477716347696,
      5.070343342535771,
      4.963165596997788,
      4.928583652479498,
      3.8461579895626725,
      3.0082659452922482,
      2.41938418911776,
      2.1828378874719965,
      1.4337598822308206,
      1.1357037108555236e-15,
      6.214064930538744,
      5.765228754059983,
      5.3850477716347696,
      5.070343342535771,
      4.963165596997788,
      4.928583652479498,
      3.8461579895626725,
      3.0082659452922482,
      2.41938418911776,
      2.1828378874719965,
      1.4337598822308206,
      1.1357037108555236e-15,
      6.214064930538744,
      5.765228754059983,
      5.3850477716347696,
      5.070343342535771,
      4.963165596997788,
      4.928583652479498,
      3.8461579895626725,
      3.0082659452922482,
      2.41938418911776,
      2.1828378874719965,
      1.4337598822308206,
      1.1357037108555236e-15,
      6.214064930538744,
      5.765228754059983,
      5.3850477716347696,
      5.070343342535771,
      4.963165596997788,
      4.928583652479498,
      3.8461579895626725,
      3.0082659452922482,
      2.41938418911776,
      2.1828378874719965,
      1.4337598822308206,
      1.1357037108555236e-15,
      6.214064930538744,
      5.765228754059983,
      5.3850477716347696,
      5.070343342535771,
      4.963165596997788,
      4.928583652479498,
      3.8461579895626725,
      3.0082659452922482,
      2.41938418911776,
      2.1828378874719965,
      1.4337598822308206,
      1.1357037108555236e-15,
      6.214064930538744,
      5.765228754059983,
      5.3850477716347696,
      5.070343342535771,
      4.963165596997788,
      4.928583652479498,
      3.8461579895626725,
      3.0082659452922482,
      2.41938418911776,
      2.1828378874719965,
      1.4337598822308206,
      1.1357037108555236e-15,
      6.214064930538744,
      5.765228754059983,
      5.3850477716347696,
      5.070343342535771,
      4.963165596997788,
      4.928583652479498,
      3.8461579895626725,
      3.0082659452922482,
      2.41938418911776,
      2.1828378874719965,
      1.4337598822308206,
      1.1357037108555236e-15
    ],
    "singular_values_D": [
      6.214064930538744,
      5.765228754059983,
      5.3850477716347696,
      5.070343342535771,
      4.963165596997788,
      4.928583652479498,
      3.8461579895626725,
      3.0082659452922482,
      2.41938418911776,
      2.1828378874719965,
      1.4337598822308206,
      1.1357037108555236e-15
    ],
    "singular_values_D_anchor": [
      14.852467143789022,
      6.200454556514992,
      5.757946728482893,
      5.195015204211891,
      4.986976614572648,
      4.939909308998798,
      3.9751329137068496,
      3.0833115751170834,
      2.7195681908128404,
      2.187139082185888,
      1.4337675333193098,
      1.456601397559506e-15
    ],
    "root_tree_count_cv": 0.3434673516850261,
    "root_tree_count_gini": 0.1777777777777778,
    "edge_participation": [
      0.4444444444444444,
      0.3333333333333333,
      0.37037037037037035,
      0.3333333333333333,
      0.4444444444444444,
      0.37037037037037035,
      0.3333333333333333,
      0.2962962962962963,
      0.2222222222222222,
      0.25925925925925924,
      0.2962962962962963,
      0.2962962962962963
    ],
    "edge_participation_mean": 0.3333333333333333,
    "edge_participation_var": 0.004115226337448559,
    "edge_participation_gini": 0.1064814814814814,
    "bottleneck_edge_fraction_095": 0.0,
    "mean_shortest_path": 1.45,
    "comparison_branch_d_rel_values": [
      22,
      22,
      22
    ],
    "comparison_branch_d_rel_min": 22,
    "comparison_branch_d_rel_mean": 22.0,
    "comparison_branch_d_rel_max": 22,
    "comparison_branch_d_rel_gini": 0.0,
    "comparison_branch_common_d_rel_values": [
      22,
      22,
      22
    ],
    "comparison_branch_common_d_rel_min": 22,
    "comparison_branch_common_d_rel_mean": 22.0,
    "comparison_branch_common_d_rel_max": 22,
    "comparison_branch_common_d_rel_gini": 0.0,
    "comparison_branch_input_count_values": [
      24,
      24,
      24
    ],
    "comparison_branch_input_count_min": 24,
    "comparison_branch_input_count_mean": 24.0,
    "comparison_branch_input_count_max": 24,
    "comparison_branch_input_count_gini": 0.0,
    "comparison_branch_input_overlap_values": [
      24,
      24,
      24
    ],
    "comparison_branch_input_overlap_min": 24,
    "comparison_branch_input_overlap_mean": 24.0,
    "comparison_branch_input_overlap_max": 24,
    "comparison_branch_input_overlap_gini": 0.0,
    "in_degree": [
      2,
      1,
      3,
      3,
      3
    ],
    "out_degree": [
      2,
      3,
      2,
      3,
      2
    ],
    "in_degree_cv": 0.33333333333333337,
    "out_degree_cv": 0.2041241452319315
  }
}