{
  "name": "random_sc_n5_m12_seed27",
  "family": "random_sc",
  "seed": 27,
  "n_nodes": 5,
  "edges": [
    [
      0,
      1
    ],
    [
      1,
      2
    ],
    [
      2,
      3
    ],
    [
      3,
      4
    ],
    [
      4,
      0
    ],
    [
      3,
      1
    ],
    [
      2,
      1
    ],
    [
      3,
      2
    ],
    [
      1,
      3
    ],
    [
      4,
      1
    ],
    [
      1,
      0
    ],
    [
      0,
      3
    ]
  ],
  "metrics": {
    "n_nodes": 5,
    "n_edges": 12,
    "p": 8,
    "strongly_connected": true,
    "edges": [
      [
        0,
        1
      ],
      [
        1,
        2
      ],
      [
        2,
        3
      ],
      [
        3,
        4
      ],
      [
        4,
        0
      ],
      [
        3,
        1
      ],
      [
        2,
        1
      ],
      [
        3,
        2
      ],
      [
        1,
        3
      ],
      [
        4,
        1
      ],
      [
        1,
        0
      ],
      [
        0,
        3
      ]
    ],
    "tree_counts_enum": [
      13,
      18,
      17,
      16,
      8
    ],
    "tree_counts_det": [
      13,
      18,
      17,
      16,
      8
    ],
    "tree_counts_match_det": true,
    "tree_enumeration_truncated": false,
    "max_trees_per_root": null,
    "n_trees_total_enum": 72,
    "rank_M": 12,
    "rank_D": 11,
    "rank_D_anchor": 11,
    "d_rel": 88,
    "effective_rank_D": 8.608484620741143,
    "condition_number_D": 3.6248478844707637,
    "effective_rank_D_masked": 68.86787696592916,
    "condition_number_D_masked": 3.6248478844707637,
    "singular_values_D_masked": [
      5.819673331840574,
      5.609485654651053,
      5.424622075001244,
      4.845308582814112,
      4.518664971131414,
      4.041938100022986,
      3.739626161193274,
      2.368831807235286,
      2.212103506702289,
      1.8767224695611395,
      1.6054944972374363,
      1.4802102066873508e-15,
      5.819673331840574,
      5.609485654651053,
      5.424622075001244,
      4.845308582814112,
      4.518664971131414,
      4.041938100022986,
      3.739626161193274,
      2.368831807235286,
      2.212103506702289,
      1.8767224695611395,
      1.6054944972374363,
      1.4802102066873508e-15,
      5.819673331840574,
      5.609485654651053,
      5.424622075001244,
      4.845308582814112,
      4.518664971131414,
      4.041938100022986,
      3.739626161193274,
      2.368831807235286,
      2.212103506702289,
      1.8767224695611395,
      1.6054944972374363,
      1.4802102066873508e-15,
      5.819673331840574,
      5.609485654651053,
      5.424622075001244,
      4.845308582814112,
      4.518664971131414,
      4.041938100022986,
      3.739626161193274,
      2.368831807235286,
      2.212103506702289,
      1.8767224695611395,
      1.6054944972374363,
      1.4802102066873508e-15,
      5.819673331840574,
      5.609485654651053,
      5.424622075001244,
      4.845308582814112,
      4.518664971131414,
      4.041938100022986,
      3.739626161193274,
      2.368831807235286,
      2.212103506702289,
      1.8767224695611395,
      1.6054944972374363,
      1.4802102066873508e-15,
      5.819673331840574,
      5.609485654651053,
      5.424622075001244,
      4.845308582814112,
      4.518664971131414,
      4.041938100022986,
      3.739626161193274,
      2.368831807235286,
      2.212103506702289,
      1.8767224695611395,
      1.6054944972374363,
      1.4802102066873508e-15,
      5.819673331840574,
      5.609485654651053,
      5.424622075001244,
      4.845308582814112,
      4.518664971131414,
      4.041938100022986,
      3.739626161193274,
      2.368831807235286,
      2.212103506702289,
      1.8767224695611395,
      1.6054944972374363,
      1.4802102066873508e-15,
      5.819673331840574,
      5.609485654651053,
      5.424622075001244,
      4.845308582814112,
      4.518664971131414,
      4.041938100022986,
      3.739626161193274,
      2.368831807235286,
      2.212103506702289,
      1.8767224695611395,
      1.6054944972374363,
      1.4802102066873508e-15
    ],
    "singular_values_D": [
      5.819673331840574,
      5.609485654651053,
      5.424622075001244,
      4.845308582814112,
      4.518664971131414,
      4.041938100022986,
      3.739626161193274,
      2.368831807235286,
      2.212103506702289,
      1.8767224695611395,
      1.6054944972374363,
      1.4802102066873508e-15
    ],
    "singular_values_D_anchor": [
      14.533330661371712,
      5.6311012181672915,
      5.555546108886313,
      4.861656551406867,
      4.549874551364607,
      4.452854896724633,
      3.7417604063373475,
      2.6675416098797626,
      2.334063549353468,
      2.1971132665424125,
      1.6285632515925677,
      1.133312533805341e-15
    ],
    "root_tree_count_cv": 0.2507704178509415,
    "root_tree_count_gini": 0.1333333333333333,
    "edge_participation": [
      0.375,
      0.25,
      0.3888888888888889,
      0.3333333333333333,
      0.4444444444444444,
      0.2222222222222222,
      0.375,
      0.2222222222222222,
      0.25,
      0.4444444444444444,
      0.25,
      0.4444444444444444
    ],
    "edge_participation_mean": 0.3333333333333333,
    "edge_participation_var": 0.007426697530864198,
    "edge_participation_gini": 0.14409722222222232,
    "bottleneck_edge_fraction_095": 0.0,
    "mean_shortest_path": 1.4,
    "comparison_branch_d_rel_values": [
      22,
      22,
      22
    ],
    "comparison_branch_d_rel_min": 22,
    "comparison_branch_d_rel_mean": 22.0,
    "comparison_branch_d_rel_max": 22,
    "comparison_branch_d_rel_gini": 0.0,
    "comparison_branch_common_d_rel_values": [
      22,
      22,
      22
    ],
    "comparison_branch_common_d_rel_min": 22,
    "comparison_branch_common_d_rel_mean": 22.0,
    "comparison_branch_common_d_rel_max": 22,
    "comparison_branch_common_d_rel_gini": 0.0,
    "comparison_branch_input_count_values": [
      24,
      24,
      24
    ],
    "comparison_branch_input_count_min": 24,
    "comparison_branch_input_count_mean": 24.0,
    "comparison_branch_input_count_max": 24,
    "comparison_branch_input_count_gini": 0.0,
    "comparison_branch_input_overlap_values": [
      24,
      24,
      24
    ],
    "comparison_branch_input_overlap_min": 24,
    "comparison_branch_input_overlap_mean": 24.0,
    "comparison_branch_input_overlap_max": 24,
    "comparison_branch_input_overlap_gini": 0.0,
    "in_degree": [
      2,
      4,
      2,
      3,
      1
    ],
    "out_degree": [
      2,
      3,
      2,
      3,
      2
    ],
    "in_degree_cv": 0.4249182927993988,
    "out_degree_cv": 0.2041241452319315
  }
}