{
  "name": "random_sc_n5_m12_seed34",
  "family": "random_sc",
  "seed": 34,
  "n_nodes": 5,
  "edges": [
    [
      0,
      1
    ],
    [
      1,
      2
    ],
    [
      2,
      3
    ],
    [
      3,
      4
    ],
    [
      4,
      0
    ],
    [
      2,
      4
    ],
    [
      1,
      4
    ],
    [
      3,
      0
    ],
    [
      0,
      2
    ],
    [
      1,
      0
    ],
    [
      3,
      2
    ],
    [
      2,
      0
    ]
  ],
  "metrics": {
    "n_nodes": 5,
    "n_edges": 12,
    "p": 8,
    "strongly_connected": true,
    "edges": [
      [
        0,
        1
      ],
      [
        1,
        2
      ],
      [
        2,
        3
      ],
      [
        3,
        4
      ],
      [
        4,
        0
      ],
      [
        2,
        4
      ],
      [
        1,
        4
      ],
      [
        3,
        0
      ],
      [
        0,
        2
      ],
      [
        1,
        0
      ],
      [
        3,
        2
      ],
      [
        2,
        0
      ]
    ],
    "tree_counts_enum": [
      24,
      8,
      12,
      4,
      24
    ],
    "tree_counts_det": [
      24,
      8,
      12,
      4,
      24
    ],
    "tree_counts_match_det": true,
    "tree_enumeration_truncated": false,
    "max_trees_per_root": null,
    "n_trees_total_enum": 72,
    "rank_M": 12,
    "rank_D": 11,
    "rank_D_anchor": 11,
    "d_rel": 88,
    "effective_rank_D": 8.873870511435294,
    "condition_number_D": 4.900932589152289,
    "effective_rank_D_masked": 70.99096409148237,
    "condition_number_D_masked": 4.900932589152289,
    "singular_values_D_masked": [
      5.338355223384208,
      5.312059599583176,
      5.163861699346358,
      4.944436386050382,
      4.633384486662268,
      4.073134784114539,
      3.640363060001748,
      3.3875615248831443,
      2.5627362006616488,
      1.5338532699727294,
      1.0892529383489398,
      1.0541032181955946e-15,
      5.338355223384208,
      5.312059599583176,
      5.163861699346358,
      4.944436386050382,
      4.633384486662268,
      4.073134784114539,
      3.640363060001748,
      3.3875615248831443,
      2.5627362006616488,
      1.5338532699727294,
      1.0892529383489398,
      1.0541032181955946e-15,
      5.338355223384208,
      5.312059599583176,
      5.163861699346358,
      4.944436386050382,
      4.633384486662268,
      4.073134784114539,
      3.640363060001748,
      3.3875615248831443,
      2.5627362006616488,
      1.5338532699727294,
      1.0892529383489398,
      1.0541032181955946e-15,
      5.338355223384208,
      5.312059599583176,
      5.163861699346358,
      4.944436386050382,
      4.633384486662268,
      4.073134784114539,
      3.640363060001748,
      3.3875615248831443,
      2.5627362006616488,
      1.5338532699727294,
      1.0892529383489398,
      1.0541032181955946e-15,
      5.338355223384208,
      5.312059599583176,
      5.163861699346358,
      4.944436386050382,
      4.633384486662268,
      4.073134784114539,
      3.640363060001748,
      3.3875615248831443,
      2.5627362006616488,
      1.5338532699727294,
      1.0892529383489398,
      1.0541032181955946e-15,
      5.338355223384208,
      5.312059599583176,
      5.163861699346358,
      4.944436386050382,
      4.633384486662268,
      4.073134784114539,
      3.640363060001748,
      3.3875615248831443,
      2.5627362006616488,
      1.5338532699727294,
      1.0892529383489398,
      1.0541032181955946e-15,
      5.338355223384208,
      5.312059599583176,
      5.163861699346358,
      4.944436386050382,
      4.633384486662268,
      4.073134784114539,
      3.640363060001748,
      3.3875615248831443,
      2.5627362006616488,
      1.5338532699727294,
      1.0892529383489398,
      1.0541032181955946e-15,
      5.338355223384208,
      5.312059599583176,
      5.163861699346358,
      4.944436386050382,
      4.633384486662268,
      4.073134784114539,
      3.640363060001748,
      3.3875615248831443,
      2.5627362006616488,
      1.5338532699727294,
      1.0892529383489398,
      1.0541032181955946e-15
    ],
    "singular_values_D": [
      5.338355223384208,
      5.312059599583176,
      5.163861699346358,
      4.944436386050382,
      4.633384486662268,
      4.073134784114539,
      3.640363060001748,
      3.3875615248831443,
      2.5627362006616488,
      1.5338532699727294,
      1.0892529383489398,
      1.0541032181955946e-15
    ],
    "singular_values_D_anchor": [
      13.620836417081588,
      5.331636815055784,
      5.1803572085487515,
      5.030556350082182,
      4.637472109764978,
      4.106020111388999,
      3.674679180026544,
      3.569406362675507,
      2.7638257564974325,
      1.5356399953844335,
      1.1390634671606004,
      9.599343682983207e-16
    ],
    "root_tree_count_cv": 0.5719794522770555,
    "root_tree_count_gini": 0.3111111111111111,
    "edge_participation": [
      0.3333333333333333,
      0.3333333333333333,
      0.25,
      0.375,
      0.6666666666666666,
      0.375,
      0.3333333333333333,
      0.3194444444444444,
      0.3333333333333333,
      0.2222222222222222,
      0.25,
      0.20833333333333334
    ],
    "edge_participation_mean": 0.3333333333333333,
    "edge_participation_var": 0.01305298353909465,
    "edge_participation_gini": 0.16145833333333348,
    "bottleneck_edge_fraction_095": 0.0,
    "mean_shortest_path": 1.45,
    "comparison_branch_d_rel_values": [
      22,
      22,
      22
    ],
    "comparison_branch_d_rel_min": 22,
    "comparison_branch_d_rel_mean": 22.0,
    "comparison_branch_d_rel_max": 22,
    "comparison_branch_d_rel_gini": 0.0,
    "comparison_branch_common_d_rel_values": [
      22,
      22,
      22
    ],
    "comparison_branch_common_d_rel_min": 22,
    "comparison_branch_common_d_rel_mean": 22.0,
    "comparison_branch_common_d_rel_max": 22,
    "comparison_branch_common_d_rel_gini": 0.0,
    "comparison_branch_input_count_values": [
      24,
      24,
      24
    ],
    "comparison_branch_input_count_min": 24,
    "comparison_branch_input_count_mean": 24.0,
    "comparison_branch_input_count_max": 24,
    "comparison_branch_input_count_gini": 0.0,
    "comparison_branch_input_overlap_values": [
      24,
      24,
      24
    ],
    "comparison_branch_input_overlap_min": 24,
    "comparison_branch_input_overlap_mean": 24.0,
    "comparison_branch_input_overlap_max": 24,
    "comparison_branch_input_overlap_gini": 0.0,
    "in_degree": [
      4,
      1,
      3,
      1,
      3
    ],
    "out_degree": [
      2,
      3,
      3,
      3,
      1
    ],
    "in_degree_cv": 0.5000000000000001,
    "out_degree_cv": 0.33333333333333337
  }
}