{
  "name": "random_sc_n5_m12_seed35",
  "family": "random_sc",
  "seed": 35,
  "n_nodes": 5,
  "edges": [
    [
      0,
      1
    ],
    [
      1,
      2
    ],
    [
      2,
      3
    ],
    [
      3,
      4
    ],
    [
      4,
      0
    ],
    [
      2,
      4
    ],
    [
      1,
      4
    ],
    [
      4,
      1
    ],
    [
      0,
      4
    ],
    [
      4,
      2
    ],
    [
      3,
      2
    ],
    [
      1,
      3
    ]
  ],
  "metrics": {
    "n_nodes": 5,
    "n_edges": 12,
    "p": 8,
    "strongly_connected": true,
    "edges": [
      [
        0,
        1
      ],
      [
        1,
        2
      ],
      [
        2,
        3
      ],
      [
        3,
        4
      ],
      [
        4,
        0
      ],
      [
        2,
        4
      ],
      [
        1,
        4
      ],
      [
        4,
        1
      ],
      [
        0,
        4
      ],
      [
        4,
        2
      ],
      [
        3,
        2
      ],
      [
        1,
        3
      ]
    ],
    "tree_counts_enum": [
      9,
      9,
      21,
      15,
      18
    ],
    "tree_counts_det": [
      9,
      9,
      21,
      15,
      18
    ],
    "tree_counts_match_det": true,
    "tree_enumeration_truncated": false,
    "max_trees_per_root": null,
    "n_trees_total_enum": 72,
    "rank_M": 12,
    "rank_D": 11,
    "rank_D_anchor": 11,
    "d_rel": 88,
    "effective_rank_D": 8.596710616668974,
    "condition_number_D": 3.9434064967174227,
    "effective_rank_D_masked": 68.77368493335183,
    "condition_number_D_masked": 3.9434064967174227,
    "singular_values_D_masked": [
      5.857907249225713,
      5.721244363916106,
      5.140974935648317,
      4.898979485566357,
      4.62154543432187,
      4.022109741629164,
      3.7058374606206304,
      2.712467820637306,
      2.2256216513491536,
      1.6540301633085146,
      1.4854941417026022,
      8.830911315200767e-16,
      5.857907249225713,
      5.721244363916106,
      5.140974935648317,
      4.898979485566357,
      4.62154543432187,
      4.022109741629164,
      3.7058374606206304,
      2.712467820637306,
      2.2256216513491536,
      1.6540301633085146,
      1.4854941417026022,
      8.830911315200767e-16,
      5.857907249225713,
      5.721244363916106,
      5.140974935648317,
      4.898979485566357,
      4.62154543432187,
      4.022109741629164,
      3.7058374606206304,
      2.712467820637306,
      2.2256216513491536,
      1.6540301633085146,
      1.4854941417026022,
      8.830911315200767e-16,
      5.857907249225713,
      5.721244363916106,
      5.140974935648317,
      4.898979485566357,
      4.62154543432187,
      4.022109741629164,
      3.7058374606206304,
      2.712467820637306,
      2.2256216513491536,
      1.6540301633085146,
      1.4854941417026022,
      8.830911315200767e-16,
      5.857907249225713,
      5.721244363916106,
      5.140974935648317,
      4.898979485566357,
      4.62154543432187,
      4.022109741629164,
      3.7058374606206304,
      2.712467820637306,
      2.2256216513491536,
      1.6540301633085146,
      1.4854941417026022,
      8.830911315200767e-16,
      5.857907249225713,
      5.721244363916106,
      5.140974935648317,
      4.898979485566357,
      4.62154543432187,
      4.022109741629164,
      3.7058374606206304,
      2.712467820637306,
      2.2256216513491536,
      1.6540301633085146,
      1.4854941417026022,
      8.830911315200767e-16,
      5.857907249225713,
      5.721244363916106,
      5.140974935648317,
      4.898979485566357,
      4.62154543432187,
      4.022109741629164,
      3.7058374606206304,
      2.712467820637306,
      2.2256216513491536,
      1.6540301633085146,
      1.4854941417026022,
      8.830911315200767e-16,
      5.857907249225713,
      5.721244363916106,
      5.140974935648317,
      4.898979485566357,
      4.62154543432187,
      4.022109741629164,
      3.7058374606206304,
      2.712467820637306,
      2.2256216513491536,
      1.6540301633085146,
      1.4854941417026022,
      8.830911315200767e-16
    ],
    "singular_values_D": [
      5.857907249225713,
      5.721244363916106,
      5.140974935648317,
      4.898979485566357,
      4.62154543432187,
      4.022109741629164,
      3.7058374606206304,
      2.712467820637306,
      2.2256216513491536,
      1.6540301633085146,
      1.4854941417026022,
      8.830911315200767e-16
    ],
    "singular_values_D_anchor": [
      14.70912843128631,
      5.788829559023558,
      5.340854269904005,
      5.041493870455508,
      4.677442329668266,
      4.512430812303318,
      3.7089468938166927,
      2.750139296904736,
      2.226129256741725,
      1.7142175216757127,
      1.6538933986920297,
      8.322460929524315e-16
    ],
    "root_tree_count_cv": 0.3333333333333333,
    "root_tree_count_gini": 0.18333333333333335,
    "edge_participation": [
      0.5,
      0.3333333333333333,
      0.3333333333333333,
      0.4583333333333333,
      0.25,
      0.375,
      0.20833333333333334,
      0.25,
      0.375,
      0.25,
      0.3333333333333333,
      0.3333333333333333
    ],
    "edge_participation_mean": 0.3333333333333333,
    "edge_participation_var": 0.006944444444444444,
    "edge_participation_gini": 0.13715277777777768,
    "bottleneck_edge_fraction_095": 0.0,
    "mean_shortest_path": 1.4,
    "comparison_branch_d_rel_values": [
      22,
      22,
      22
    ],
    "comparison_branch_d_rel_min": 22,
    "comparison_branch_d_rel_mean": 22.0,
    "comparison_branch_d_rel_max": 22,
    "comparison_branch_d_rel_gini": 0.0,
    "comparison_branch_common_d_rel_values": [
      22,
      22,
      22
    ],
    "comparison_branch_common_d_rel_min": 22,
    "comparison_branch_common_d_rel_mean": 22.0,
    "comparison_branch_common_d_rel_max": 22,
    "comparison_branch_common_d_rel_gini": 0.0,
    "comparison_branch_input_count_values": [
      24,
      24,
      24
    ],
    "comparison_branch_input_count_min": 24,
    "comparison_branch_input_count_mean": 24.0,
    "comparison_branch_input_count_max": 24,
    "comparison_branch_input_count_gini": 0.0,
    "comparison_branch_input_overlap_values": [
      24,
      24,
      24
    ],
    "comparison_branch_input_overlap_min": 24,
    "comparison_branch_input_overlap_mean": 24.0,
    "comparison_branch_input_overlap_max": 24,
    "comparison_branch_input_overlap_gini": 0.0,
    "in_degree": [
      1,
      2,
      3,
      2,
      4
    ],
    "out_degree": [
      2,
      3,
      2,
      2,
      3
    ],
    "in_degree_cv": 0.4249182927993988,
    "out_degree_cv": 0.2041241452319315
  }
}