{
  "name": "random_sc_n5_m12_seed40",
  "family": "random_sc",
  "seed": 40,
  "n_nodes": 5,
  "edges": [
    [
      0,
      1
    ],
    [
      1,
      2
    ],
    [
      2,
      3
    ],
    [
      3,
      4
    ],
    [
      4,
      0
    ],
    [
      2,
      1
    ],
    [
      3,
      0
    ],
    [
      2,
      4
    ],
    [
      0,
      2
    ],
    [
      1,
      0
    ],
    [
      1,
      3
    ],
    [
      3,
      1
    ]
  ],
  "metrics": {
    "n_nodes": 5,
    "n_edges": 12,
    "p": 8,
    "strongly_connected": true,
    "edges": [
      [
        0,
        1
      ],
      [
        1,
        2
      ],
      [
        2,
        3
      ],
      [
        3,
        4
      ],
      [
        4,
        0
      ],
      [
        2,
        1
      ],
      [
        3,
        0
      ],
      [
        2,
        4
      ],
      [
        0,
        2
      ],
      [
        1,
        0
      ],
      [
        1,
        3
      ],
      [
        3,
        1
      ]
    ],
    "tree_counts_enum": [
      20,
      13,
      11,
      8,
      19
    ],
    "tree_counts_det": [
      20,
      13,
      11,
      8,
      19
    ],
    "tree_counts_match_det": true,
    "tree_enumeration_truncated": false,
    "max_trees_per_root": null,
    "n_trees_total_enum": 71,
    "rank_M": 12,
    "rank_D": 11,
    "rank_D_anchor": 11,
    "d_rel": 88,
    "effective_rank_D": 9.059808148581116,
    "condition_number_D": 3.3467481426746373,
    "effective_rank_D_masked": 72.47846518864901,
    "condition_number_D_masked": 3.3467481426746373,
    "singular_values_D_masked": [
      5.27951489961892,
      5.274942704723407,
      5.210814262254987,
      4.690826362214464,
      4.322470957955559,
      3.9572593825453697,
      3.67227332657047,
      3.140627622327136,
      2.4069310732600533,
      1.827469963526336,
      1.5775058876703114,
      8.09659281837901e-16,
      5.27951489961892,
      5.274942704723407,
      5.210814262254987,
      4.690826362214464,
      4.322470957955559,
      3.9572593825453697,
      3.67227332657047,
      3.140627622327136,
      2.4069310732600533,
      1.827469963526336,
      1.5775058876703114,
      8.09659281837901e-16,
      5.27951489961892,
      5.274942704723407,
      5.210814262254987,
      4.690826362214464,
      4.322470957955559,
      3.9572593825453697,
      3.67227332657047,
      3.140627622327136,
      2.4069310732600533,
      1.827469963526336,
      1.5775058876703114,
      8.09659281837901e-16,
      5.27951489961892,
      5.274942704723407,
      5.210814262254987,
      4.690826362214464,
      4.322470957955559,
      3.9572593825453697,
      3.67227332657047,
      3.140627622327136,
      2.4069310732600533,
      1.827469963526336,
      1.5775058876703114,
      8.09659281837901e-16,
      5.27951489961892,
      5.274942704723407,
      5.210814262254987,
      4.690826362214464,
      4.322470957955559,
      3.9572593825453697,
      3.67227332657047,
      3.140627622327136,
      2.4069310732600533,
      1.827469963526336,
      1.5775058876703114,
      8.09659281837901e-16,
      5.27951489961892,
      5.274942704723407,
      5.210814262254987,
      4.690826362214464,
      4.322470957955559,
      3.9572593825453697,
      3.67227332657047,
      3.140627622327136,
      2.4069310732600533,
      1.827469963526336,
      1.5775058876703114,
      8.09659281837901e-16,
      5.27951489961892,
      5.274942704723407,
      5.210814262254987,
      4.690826362214464,
      4.322470957955559,
      3.9572593825453697,
      3.67227332657047,
      3.140627622327136,
      2.4069310732600533,
      1.827469963526336,
      1.5775058876703114,
      8.09659281837901e-16,
      5.27951489961892,
      5.274942704723407,
      5.210814262254987,
      4.690826362214464,
      4.322470957955559,
      3.9572593825453697,
      3.67227332657047,
      3.140627622327136,
      2.4069310732600533,
      1.827469963526336,
      1.5775058876703114,
      8.09659281837901e-16
    ],
    "singular_values_D": [
      5.27951489961892,
      5.274942704723407,
      5.210814262254987,
      4.690826362214464,
      4.322470957955559,
      3.9572593825453697,
      3.67227332657047,
      3.140627622327136,
      2.4069310732600533,
      1.827469963526336,
      1.5775058876703114,
      8.09659281837901e-16
    ],
    "singular_values_D_anchor": [
      13.007142059065716,
      5.275411750698172,
      5.210954395777167,
      5.157324301153628,
      4.365236100803638,
      3.9804688812679383,
      3.87021100332994,
      3.317636003746324,
      2.5338211238702977,
      1.854237795189725,
      1.5777004692612338,
      9.298526796058405e-16
    ],
    "root_tree_count_cv": 0.3254709861490519,
    "root_tree_count_gini": 0.18028169014084505,
    "edge_participation": [
      0.323943661971831,
      0.29577464788732394,
      0.29577464788732394,
      0.39436619718309857,
      0.7323943661971831,
      0.2112676056338028,
      0.28169014084507044,
      0.3380281690140845,
      0.39436619718309857,
      0.23943661971830985,
      0.28169014084507044,
      0.2112676056338028
    ],
    "edge_participation_mean": 0.3333333333333333,
    "edge_participation_var": 0.017798496770922878,
    "edge_participation_gini": 0.1848591549295775,
    "bottleneck_edge_fraction_095": 0.0,
    "mean_shortest_path": 1.45,
    "comparison_branch_d_rel_values": [
      22,
      22,
      22
    ],
    "comparison_branch_d_rel_min": 22,
    "comparison_branch_d_rel_mean": 22.0,
    "comparison_branch_d_rel_max": 22,
    "comparison_branch_d_rel_gini": 0.0,
    "comparison_branch_common_d_rel_values": [
      22,
      22,
      22
    ],
    "comparison_branch_common_d_rel_min": 22,
    "comparison_branch_common_d_rel_mean": 22.0,
    "comparison_branch_common_d_rel_max": 22,
    "comparison_branch_common_d_rel_gini": 0.0,
    "comparison_branch_input_count_values": [
      24,
      24,
      24
    ],
    "comparison_branch_input_count_min": 24,
    "comparison_branch_input_count_mean": 24.0,
    "comparison_branch_input_count_max": 24,
    "comparison_branch_input_count_gini": 0.0,
    "comparison_branch_input_overlap_values": [
      24,
      24,
      24
    ],
    "comparison_branch_input_overlap_min": 24,
    "comparison_branch_input_overlap_mean": 24.0,
    "comparison_branch_input_overlap_max": 24,
    "comparison_branch_input_overlap_gini": 0.0,
    "in_degree": [
      3,
      3,
      2,
      2,
      2
    ],
    "out_degree": [
      2,
      3,
      3,
      3,
      1
    ],
    "in_degree_cv": 0.2041241452319315,
    "out_degree_cv": 0.33333333333333337
  }
}