{
  "name": "random_sc_n5_m12_seed44",
  "family": "random_sc",
  "seed": 44,
  "n_nodes": 5,
  "edges": [
    [
      0,
      1
    ],
    [
      1,
      2
    ],
    [
      2,
      3
    ],
    [
      3,
      4
    ],
    [
      4,
      0
    ],
    [
      2,
      0
    ],
    [
      2,
      4
    ],
    [
      4,
      2
    ],
    [
      3,
      2
    ],
    [
      0,
      3
    ],
    [
      0,
      4
    ],
    [
      4,
      3
    ]
  ],
  "metrics": {
    "n_nodes": 5,
    "n_edges": 12,
    "p": 8,
    "strongly_connected": true,
    "edges": [
      [
        0,
        1
      ],
      [
        1,
        2
      ],
      [
        2,
        3
      ],
      [
        3,
        4
      ],
      [
        4,
        0
      ],
      [
        2,
        0
      ],
      [
        2,
        4
      ],
      [
        4,
        2
      ],
      [
        3,
        2
      ],
      [
        0,
        3
      ],
      [
        0,
        4
      ],
      [
        4,
        3
      ]
    ],
    "tree_counts_enum": [
      8,
      8,
      12,
      16,
      12
    ],
    "tree_counts_det": [
      8,
      8,
      12,
      16,
      12
    ],
    "tree_counts_match_det": true,
    "tree_enumeration_truncated": false,
    "max_trees_per_root": null,
    "n_trees_total_enum": 56,
    "rank_M": 12,
    "rank_D": 11,
    "rank_D_anchor": 11,
    "d_rel": 88,
    "effective_rank_D": 8.948992469251582,
    "condition_number_D": 3.282531859260696,
    "effective_rank_D_masked": 71.59193975401269,
    "condition_number_D_masked": 3.282531859260696,
    "singular_values_D_masked": [
      4.877385739394428,
      4.721400581115268,
      4.256312441787969,
      3.958704074589905,
      3.7342962378358426,
      3.516812270534258,
      3.2239401957765614,
      2.2126936069862437,
      2.01447219319692,
      1.7865893840776403,
      1.4858608989991435,
      5.247674357397417e-16,
      4.877385739394428,
      4.721400581115268,
      4.256312441787969,
      3.958704074589905,
      3.7342962378358426,
      3.516812270534258,
      3.2239401957765614,
      2.2126936069862437,
      2.01447219319692,
      1.7865893840776403,
      1.4858608989991435,
      5.247674357397417e-16,
      4.877385739394428,
      4.721400581115268,
      4.256312441787969,
      3.958704074589905,
      3.7342962378358426,
      3.516812270534258,
      3.2239401957765614,
      2.2126936069862437,
      2.01447219319692,
      1.7865893840776403,
      1.4858608989991435,
      5.247674357397417e-16,
      4.877385739394428,
      4.721400581115268,
      4.256312441787969,
      3.958704074589905,
      3.7342962378358426,
      3.516812270534258,
      3.2239401957765614,
      2.2126936069862437,
      2.01447219319692,
      1.7865893840776403,
      1.4858608989991435,
      5.247674357397417e-16,
      4.877385739394428,
      4.721400581115268,
      4.256312441787969,
      3.958704074589905,
      3.7342962378358426,
      3.516812270534258,
      3.2239401957765614,
      2.2126936069862437,
      2.01447219319692,
      1.7865893840776403,
      1.4858608989991435,
      5.247674357397417e-16,
      4.877385739394428,
      4.721400581115268,
      4.256312441787969,
      3.958704074589905,
      3.7342962378358426,
      3.516812270534258,
      3.2239401957765614,
      2.2126936069862437,
      2.01447219319692,
      1.7865893840776403,
      1.4858608989991435,
      5.247674357397417e-16,
      4.877385739394428,
      4.721400581115268,
      4.256312441787969,
      3.958704074589905,
      3.7342962378358426,
      3.516812270534258,
      3.2239401957765614,
      2.2126936069862437,
      2.01447219319692,
      1.7865893840776403,
      1.4858608989991435,
      5.247674357397417e-16,
      4.877385739394428,
      4.721400581115268,
      4.256312441787969,
      3.958704074589905,
      3.7342962378358426,
      3.516812270534258,
      3.2239401957765614,
      2.2126936069862437,
      2.01447219319692,
      1.7865893840776403,
      1.4858608989991435,
      5.247674357397417e-16
    ],
    "singular_values_D": [
      4.877385739394428,
      4.721400581115268,
      4.256312441787969,
      3.958704074589905,
      3.7342962378358426,
      3.516812270534258,
      3.2239401957765614,
      2.2126936069862437,
      2.01447219319692,
      1.7865893840776403,
      1.4858608989991435,
      5.247674357397417e-16
    ],
    "singular_values_D_anchor": [
      11.74279943367845,
      4.822924432813642,
      4.297299106378152,
      3.973040955383951,
      3.881389783247954,
      3.6862258628545246,
      3.462043630307623,
      2.327940455703617,
      2.0295431329377105,
      1.7962438491231467,
      1.786110134911035,
      6.594614765529738e-16
    ],
    "root_tree_count_cv": 0.2672612419124244,
    "root_tree_count_gini": 0.1428571428571428,
    "edge_participation": [
      0.35714285714285715,
      0.8571428571428571,
      0.23214285714285715,
      0.35714285714285715,
      0.30357142857142855,
      0.30357142857142855,
      0.25,
      0.25,
      0.35714285714285715,
      0.2857142857142857,
      0.21428571428571427,
      0.23214285714285715
    ],
    "edge_participation_mean": 0.3333333333333333,
    "edge_participation_var": 0.02738803854875282,
    "edge_participation_gini": 0.2038690476190479,
    "bottleneck_edge_fraction_095": 0.0,
    "mean_shortest_path": 1.45,
    "comparison_branch_d_rel_values": [
      22,
      22,
      22
    ],
    "comparison_branch_d_rel_min": 22,
    "comparison_branch_d_rel_mean": 22.0,
    "comparison_branch_d_rel_max": 22,
    "comparison_branch_d_rel_gini": 0.0,
    "comparison_branch_common_d_rel_values": [
      22,
      22,
      22
    ],
    "comparison_branch_common_d_rel_min": 22,
    "comparison_branch_common_d_rel_mean": 22.0,
    "comparison_branch_common_d_rel_max": 22,
    "comparison_branch_common_d_rel_gini": 0.0,
    "comparison_branch_input_count_values": [
      24,
      24,
      24
    ],
    "comparison_branch_input_count_min": 24,
    "comparison_branch_input_count_mean": 24.0,
    "comparison_branch_input_count_max": 24,
    "comparison_branch_input_count_gini": 0.0,
    "comparison_branch_input_overlap_values": [
      24,
      24,
      24
    ],
    "comparison_branch_input_overlap_min": 24,
    "comparison_branch_input_overlap_mean": 24.0,
    "comparison_branch_input_overlap_max": 24,
    "comparison_branch_input_overlap_gini": 0.0,
    "in_degree": [
      2,
      1,
      3,
      3,
      3
    ],
    "out_degree": [
      3,
      1,
      3,
      2,
      3
    ],
    "in_degree_cv": 0.33333333333333337,
    "out_degree_cv": 0.33333333333333337
  }
}