{
  "name": "random_sc_n5_m12_seed42",
  "family": "random_sc",
  "seed": 42,
  "n_nodes": 5,
  "edges": [
    [
      0,
      1
    ],
    [
      1,
      2
    ],
    [
      2,
      3
    ],
    [
      3,
      4
    ],
    [
      4,
      0
    ],
    [
      3,
      1
    ],
    [
      0,
      3
    ],
    [
      0,
      2
    ],
    [
      3,
      2
    ],
    [
      1,
      3
    ],
    [
      1,
      0
    ],
    [
      3,
      0
    ]
  ],
  "metrics": {
    "n_nodes": 5,
    "n_edges": 12,
    "p": 8,
    "strongly_connected": true,
    "edges": [
      [
        0,
        1
      ],
      [
        1,
        2
      ],
      [
        2,
        3
      ],
      [
        3,
        4
      ],
      [
        4,
        0
      ],
      [
        3,
        1
      ],
      [
        0,
        3
      ],
      [
        0,
        2
      ],
      [
        3,
        2
      ],
      [
        1,
        3
      ],
      [
        1,
        0
      ],
      [
        3,
        0
      ]
    ],
    "tree_counts_enum": [
      7,
      5,
      20,
      8,
      8
    ],
    "tree_counts_det": [
      7,
      5,
      20,
      8,
      8
    ],
    "tree_counts_match_det": true,
    "tree_enumeration_truncated": false,
    "max_trees_per_root": null,
    "n_trees_total_enum": 48,
    "rank_M": 12,
    "rank_D": 11,
    "rank_D_anchor": 11,
    "d_rel": 88,
    "effective_rank_D": 8.714244503740161,
    "condition_number_D": 3.8858832753447086,
    "effective_rank_D_masked": 69.71395602992132,
    "condition_number_D_masked": 3.8858832753447086,
    "singular_values_D_masked": [
      4.596389383928407,
      4.270117401746782,
      3.8226418893610776,
      3.698998690355762,
      3.4647796479067483,
      2.955709429808364,
      2.7868639084426894,
      2.1432641528623586,
      1.857920168272166,
      1.360279551101845,
      1.1828428849347439,
      5.792729585516409e-16,
      4.596389383928407,
      4.270117401746782,
      3.8226418893610776,
      3.698998690355762,
      3.4647796479067483,
      2.955709429808364,
      2.7868639084426894,
      2.1432641528623586,
      1.857920168272166,
      1.360279551101845,
      1.1828428849347439,
      5.792729585516409e-16,
      4.596389383928407,
      4.270117401746782,
      3.8226418893610776,
      3.698998690355762,
      3.4647796479067483,
      2.955709429808364,
      2.7868639084426894,
      2.1432641528623586,
      1.857920168272166,
      1.360279551101845,
      1.1828428849347439,
      5.792729585516409e-16,
      4.596389383928407,
      4.270117401746782,
      3.8226418893610776,
      3.698998690355762,
      3.4647796479067483,
      2.955709429808364,
      2.7868639084426894,
      2.1432641528623586,
      1.857920168272166,
      1.360279551101845,
      1.1828428849347439,
      5.792729585516409e-16,
      4.596389383928407,
      4.270117401746782,
      3.8226418893610776,
      3.698998690355762,
      3.4647796479067483,
      2.955709429808364,
      2.7868639084426894,
      2.1432641528623586,
      1.857920168272166,
      1.360279551101845,
      1.1828428849347439,
      5.792729585516409e-16,
      4.596389383928407,
      4.270117401746782,
      3.8226418893610776,
      3.698998690355762,
      3.4647796479067483,
      2.955709429808364,
      2.7868639084426894,
      2.1432641528623586,
      1.857920168272166,
      1.360279551101845,
      1.1828428849347439,
      5.792729585516409e-16,
      4.596389383928407,
      4.270117401746782,
      3.8226418893610776,
      3.698998690355762,
      3.4647796479067483,
      2.955709429808364,
      2.7868639084426894,
      2.1432641528623586,
      1.857920168272166,
      1.360279551101845,
      1.1828428849347439,
      5.792729585516409e-16,
      4.596389383928407,
      4.270117401746782,
      3.8226418893610776,
      3.698998690355762,
      3.4647796479067483,
      2.955709429808364,
      2.7868639084426894,
      2.1432641528623586,
      1.857920168272166,
      1.360279551101845,
      1.1828428849347439,
      5.792729585516409e-16
    ],
    "singular_values_D": [
      4.596389383928407,
      4.270117401746782,
      3.8226418893610776,
      3.698998690355762,
      3.4647796479067483,
      2.955709429808364,
      2.7868639084426894,
      2.1432641528623586,
      1.857920168272166,
      1.360279551101845,
      1.1828428849347439,
      5.792729585516409e-16
    ],
    "singular_values_D_anchor": [
      9.22366115246966,
      4.48422555257659,
      4.0586348334646365,
      3.709344784838868,
      3.471547647451383,
      3.0534528822426488,
      2.8682804140456506,
      2.6360301897807212,
      2.130281312637228,
      1.4476996102444013,
      1.1828790275044108,
      5.30463354891194e-16
    ],
    "root_tree_count_cv": 0.553555427316101,
    "root_tree_count_gini": 0.2583333333333333,
    "edge_participation": [
      0.25,
      0.375,
      0.5833333333333334,
      0.3333333333333333,
      0.8333333333333334,
      0.16666666666666666,
      0.22916666666666666,
      0.375,
      0.16666666666666666,
      0.2708333333333333,
      0.25,
      0.16666666666666666
    ],
    "edge_participation_mean": 0.3333333333333333,
    "edge_participation_var": 0.03566261574074075,
    "edge_participation_gini": 0.28211805555555536,
    "bottleneck_edge_fraction_095": 0.0,
    "mean_shortest_path": 1.4,
    "comparison_branch_d_rel_values": [
      22,
      22,
      22
    ],
    "comparison_branch_d_rel_min": 22,
    "comparison_branch_d_rel_mean": 22.0,
    "comparison_branch_d_rel_max": 22,
    "comparison_branch_d_rel_gini": 0.0,
    "comparison_branch_common_d_rel_values": [
      22,
      22,
      22
    ],
    "comparison_branch_common_d_rel_min": 22,
    "comparison_branch_common_d_rel_mean": 22.0,
    "comparison_branch_common_d_rel_max": 22,
    "comparison_branch_common_d_rel_gini": 0.0,
    "comparison_branch_input_count_values": [
      24,
      24,
      24
    ],
    "comparison_branch_input_count_min": 24,
    "comparison_branch_input_count_mean": 24.0,
    "comparison_branch_input_count_max": 24,
    "comparison_branch_input_count_gini": 0.0,
    "comparison_branch_input_overlap_values": [
      24,
      24,
      24
    ],
    "comparison_branch_input_overlap_min": 24,
    "comparison_branch_input_overlap_mean": 24.0,
    "comparison_branch_input_overlap_max": 24,
    "comparison_branch_input_overlap_gini": 0.0,
    "in_degree": [
      3,
      2,
      3,
      3,
      1
    ],
    "out_degree": [
      3,
      3,
      1,
      4,
      1
    ],
    "in_degree_cv": 0.33333333333333337,
    "out_degree_cv": 0.5
  }
}