{
  "name": "random_sc_n5_m12_seed36",
  "family": "random_sc",
  "seed": 36,
  "n_nodes": 5,
  "edges": [
    [
      0,
      1
    ],
    [
      1,
      2
    ],
    [
      2,
      3
    ],
    [
      3,
      4
    ],
    [
      4,
      0
    ],
    [
      1,
      4
    ],
    [
      0,
      2
    ],
    [
      4,
      2
    ],
    [
      1,
      3
    ],
    [
      0,
      3
    ],
    [
      4,
      1
    ],
    [
      2,
      4
    ]
  ],
  "metrics": {
    "n_nodes": 5,
    "n_edges": 12,
    "p": 8,
    "strongly_connected": true,
    "edges": [
      [
        0,
        1
      ],
      [
        1,
        2
      ],
      [
        2,
        3
      ],
      [
        3,
        4
      ],
      [
        4,
        0
      ],
      [
        1,
        4
      ],
      [
        0,
        2
      ],
      [
        4,
        2
      ],
      [
        1,
        3
      ],
      [
        0,
        3
      ],
      [
        4,
        1
      ],
      [
        2,
        4
      ]
    ],
    "tree_counts_enum": [
      6,
      8,
      16,
      30,
      18
    ],
    "tree_counts_det": [
      6,
      8,
      16,
      30,
      18
    ],
    "tree_counts_match_det": true,
    "tree_enumeration_truncated": false,
    "max_trees_per_root": null,
    "n_trees_total_enum": 78,
    "rank_M": 12,
    "rank_D": 11,
    "rank_D_anchor": 11,
    "d_rel": 88,
    "effective_rank_D": 9.004595761325456,
    "condition_number_D": 4.423117649448705,
    "effective_rank_D_masked": 72.03676609060363,
    "condition_number_D_masked": 4.423117649448705,
    "singular_values_D_masked": [
      5.8460813231758415,
      5.29513929094156,
      4.984471978754984,
      4.956050916007714,
      4.778095986430133,
      4.708523497835608,
      4.0023630529611545,
      3.6553153237156484,
      2.5015580444772514,
      1.6847073739387006,
      1.3217105640191356,
      1.160144130347018e-15,
      5.8460813231758415,
      5.29513929094156,
      4.984471978754984,
      4.956050916007714,
      4.778095986430133,
      4.708523497835608,
      4.0023630529611545,
      3.6553153237156484,
      2.5015580444772514,
      1.6847073739387006,
      1.3217105640191356,
      1.160144130347018e-15,
      5.8460813231758415,
      5.29513929094156,
      4.984471978754984,
      4.956050916007714,
      4.778095986430133,
      4.708523497835608,
      4.0023630529611545,
      3.6553153237156484,
      2.5015580444772514,
      1.6847073739387006,
      1.3217105640191356,
      1.160144130347018e-15,
      5.8460813231758415,
      5.29513929094156,
      4.984471978754984,
      4.956050916007714,
      4.778095986430133,
      4.708523497835608,
      4.0023630529611545,
      3.6553153237156484,
      2.5015580444772514,
      1.6847073739387006,
      1.3217105640191356,
      1.160144130347018e-15,
      5.8460813231758415,
      5.29513929094156,
      4.984471978754984,
      4.956050916007714,
      4.778095986430133,
      4.708523497835608,
      4.0023630529611545,
      3.6553153237156484,
      2.5015580444772514,
      1.6847073739387006,
      1.3217105640191356,
      1.160144130347018e-15,
      5.8460813231758415,
      5.29513929094156,
      4.984471978754984,
      4.956050916007714,
      4.778095986430133,
      4.708523497835608,
      4.0023630529611545,
      3.6553153237156484,
      2.5015580444772514,
      1.6847073739387006,
      1.3217105640191356,
      1.160144130347018e-15,
      5.8460813231758415,
      5.29513929094156,
      4.984471978754984,
      4.956050916007714,
      4.778095986430133,
      4.708523497835608,
      4.0023630529611545,
      3.6553153237156484,
      2.5015580444772514,
      1.6847073739387006,
      1.3217105640191356,
      1.160144130347018e-15,
      5.8460813231758415,
      5.29513929094156,
      4.984471978754984,
      4.956050916007714,
      4.778095986430133,
      4.708523497835608,
      4.0023630529611545,
      3.6553153237156484,
      2.5015580444772514,
      1.6847073739387006,
      1.3217105640191356,
      1.160144130347018e-15
    ],
    "singular_values_D": [
      5.8460813231758415,
      5.29513929094156,
      4.984471978754984,
      4.956050916007714,
      4.778095986430133,
      4.708523497835608,
      4.0023630529611545,
      3.6553153237156484,
      2.5015580444772514,
      1.6847073739387006,
      1.3217105640191356,
      1.160144130347018e-15
    ],
    "singular_values_D_anchor": [
      13.180146805773695,
      5.800866627043637,
      5.14692180282036,
      4.981477707731473,
      4.916726044277249,
      4.771584899179614,
      4.040106468077074,
      3.908336158351938,
      2.5022527551572944,
      2.049118806423943,
      1.5257215926788799,
      9.123958544625658e-16
    ],
    "root_tree_count_cv": 0.5463404039144235,
    "root_tree_count_gini": 0.2974358974358975,
    "edge_participation": [
      0.3076923076923077,
      0.3333333333333333,
      0.5,
      0.6153846153846154,
      0.3076923076923077,
      0.23076923076923078,
      0.3076923076923077,
      0.23076923076923078,
      0.3333333333333333,
      0.3076923076923077,
      0.23076923076923078,
      0.2948717948717949
    ],
    "edge_participation_mean": 0.3333333333333333,
    "edge_participation_var": 0.011916502301117687,
    "edge_participation_gini": 0.1575854700854702,
    "bottleneck_edge_fraction_095": 0.0,
    "mean_shortest_path": 1.4,
    "comparison_branch_d_rel_values": [
      22,
      22,
      22
    ],
    "comparison_branch_d_rel_min": 22,
    "comparison_branch_d_rel_mean": 22.0,
    "comparison_branch_d_rel_max": 22,
    "comparison_branch_d_rel_gini": 0.0,
    "comparison_branch_common_d_rel_values": [
      22,
      22,
      22
    ],
    "comparison_branch_common_d_rel_min": 22,
    "comparison_branch_common_d_rel_mean": 22.0,
    "comparison_branch_common_d_rel_max": 22,
    "comparison_branch_common_d_rel_gini": 0.0,
    "comparison_branch_input_count_values": [
      24,
      24,
      24
    ],
    "comparison_branch_input_count_min": 24,
    "comparison_branch_input_count_mean": 24.0,
    "comparison_branch_input_count_max": 24,
    "comparison_branch_input_count_gini": 0.0,
    "comparison_branch_input_overlap_values": [
      24,
      24,
      24
    ],
    "comparison_branch_input_overlap_min": 24,
    "comparison_branch_input_overlap_mean": 24.0,
    "comparison_branch_input_overlap_max": 24,
    "comparison_branch_input_overlap_gini": 0.0,
    "in_degree": [
      1,
      2,
      3,
      3,
      3
    ],
    "out_degree": [
      3,
      3,
      2,
      1,
      3
    ],
    "in_degree_cv": 0.33333333333333337,
    "out_degree_cv": 0.33333333333333337
  }
}