{
  "name": "random_sc_n5_m12_seed47",
  "family": "random_sc",
  "seed": 47,
  "n_nodes": 5,
  "edges": [
    [
      0,
      1
    ],
    [
      1,
      2
    ],
    [
      2,
      3
    ],
    [
      3,
      4
    ],
    [
      4,
      0
    ],
    [
      1,
      4
    ],
    [
      0,
      3
    ],
    [
      2,
      0
    ],
    [
      2,
      4
    ],
    [
      2,
      1
    ],
    [
      3,
      0
    ],
    [
      4,
      3
    ]
  ],
  "metrics": {
    "n_nodes": 5,
    "n_edges": 12,
    "p": 8,
    "strongly_connected": true,
    "edges": [
      [
        0,
        1
      ],
      [
        1,
        2
      ],
      [
        2,
        3
      ],
      [
        3,
        4
      ],
      [
        4,
        0
      ],
      [
        1,
        4
      ],
      [
        0,
        3
      ],
      [
        2,
        0
      ],
      [
        2,
        4
      ],
      [
        2,
        1
      ],
      [
        3,
        0
      ],
      [
        4,
        3
      ]
    ],
    "tree_counts_enum": [
      21,
      12,
      3,
      21,
      18
    ],
    "tree_counts_det": [
      21,
      12,
      3,
      21,
      18
    ],
    "tree_counts_match_det": true,
    "tree_enumeration_truncated": false,
    "max_trees_per_root": null,
    "n_trees_total_enum": 75,
    "rank_M": 12,
    "rank_D": 11,
    "rank_D_anchor": 11,
    "d_rel": 88,
    "effective_rank_D": 8.655012956542189,
    "condition_number_D": 6.253457335608053,
    "effective_rank_D_masked": 69.24010365233752,
    "condition_number_D_masked": 6.253457335608053,
    "singular_values_D_masked": [
      6.008294379720297,
      5.796285776930473,
      5.3806822160799115,
      4.738895830412184,
      4.584874943127286,
      4.248505004637546,
      3.437022567179332,
      3.0086842455363363,
      2.610164498839299,
      2.070989315675581,
      0.9607956138931717,
      8.631492462802133e-16,
      6.008294379720297,
      5.796285776930473,
      5.3806822160799115,
      4.738895830412184,
      4.584874943127286,
      4.248505004637546,
      3.437022567179332,
      3.0086842455363363,
      2.610164498839299,
      2.070989315675581,
      0.9607956138931717,
      8.631492462802133e-16,
      6.008294379720297,
      5.796285776930473,
      5.3806822160799115,
      4.738895830412184,
      4.584874943127286,
      4.248505004637546,
      3.437022567179332,
      3.0086842455363363,
      2.610164498839299,
      2.070989315675581,
      0.9607956138931717,
      8.631492462802133e-16,
      6.008294379720297,
      5.796285776930473,
      5.3806822160799115,
      4.738895830412184,
      4.584874943127286,
      4.248505004637546,
      3.437022567179332,
      3.0086842455363363,
      2.610164498839299,
      2.070989315675581,
      0.9607956138931717,
      8.631492462802133e-16,
      6.008294379720297,
      5.796285776930473,
      5.3806822160799115,
      4.738895830412184,
      4.584874943127286,
      4.248505004637546,
      3.437022567179332,
      3.0086842455363363,
      2.610164498839299,
      2.070989315675581,
      0.9607956138931717,
      8.631492462802133e-16,
      6.008294379720297,
      5.796285776930473,
      5.3806822160799115,
      4.738895830412184,
      4.584874943127286,
      4.248505004637546,
      3.437022567179332,
      3.0086842455363363,
      2.610164498839299,
      2.070989315675581,
      0.9607956138931717,
      8.631492462802133e-16,
      6.008294379720297,
      5.796285776930473,
      5.3806822160799115,
      4.738895830412184,
      4.584874943127286,
      4.248505004637546,
      3.437022567179332,
      3.0086842455363363,
      2.610164498839299,
      2.070989315675581,
      0.9607956138931717,
      8.631492462802133e-16,
      6.008294379720297,
      5.796285776930473,
      5.3806822160799115,
      4.738895830412184,
      4.584874943127286,
      4.248505004637546,
      3.437022567179332,
      3.0086842455363363,
      2.610164498839299,
      2.070989315675581,
      0.9607956138931717,
      8.631492462802133e-16
    ],
    "singular_values_D": [
      6.008294379720297,
      5.796285776930473,
      5.3806822160799115,
      4.738895830412184,
      4.584874943127286,
      4.248505004637546,
      3.437022567179332,
      3.0086842455363363,
      2.610164498839299,
      2.070989315675581,
      0.9607956138931717,
      8.631492462802133e-16
    ],
    "singular_values_D_anchor": [
      15.03467513265389,
      5.871743001170591,
      5.383870253891504,
      4.922474710062405,
      4.735734490055725,
      4.278116635836007,
      3.4488679371391533,
      3.285285229098951,
      2.7600266785020304,
      2.0714783660838174,
      0.9686792658783041,
      1.3877821591712599e-15
    ],
    "root_tree_count_cv": 0.45607017003965516,
    "root_tree_count_gini": 0.24,
    "edge_participation": [
      0.44,
      0.36,
      0.28,
      0.3333333333333333,
      0.4266666666666667,
      0.48,
      0.28,
      0.24,
      0.28,
      0.16,
      0.38666666666666666,
      0.3333333333333333
    ],
    "edge_participation_mean": 0.3333333333333333,
    "edge_participation_var": 0.007703703703703702,
    "edge_participation_gini": 0.14833333333333343,
    "bottleneck_edge_fraction_095": 0.0,
    "mean_shortest_path": 1.5,
    "comparison_branch_d_rel_values": [
      22,
      22,
      22
    ],
    "comparison_branch_d_rel_min": 22,
    "comparison_branch_d_rel_mean": 22.0,
    "comparison_branch_d_rel_max": 22,
    "comparison_branch_d_rel_gini": 0.0,
    "comparison_branch_common_d_rel_values": [
      22,
      22,
      22
    ],
    "comparison_branch_common_d_rel_min": 22,
    "comparison_branch_common_d_rel_mean": 22.0,
    "comparison_branch_common_d_rel_max": 22,
    "comparison_branch_common_d_rel_gini": 0.0,
    "comparison_branch_input_count_values": [
      24,
      24,
      24
    ],
    "comparison_branch_input_count_min": 24,
    "comparison_branch_input_count_mean": 24.0,
    "comparison_branch_input_count_max": 24,
    "comparison_branch_input_count_gini": 0.0,
    "comparison_branch_input_overlap_values": [
      24,
      24,
      24
    ],
    "comparison_branch_input_overlap_min": 24,
    "comparison_branch_input_overlap_mean": 24.0,
    "comparison_branch_input_overlap_max": 24,
    "comparison_branch_input_overlap_gini": 0.0,
    "in_degree": [
      3,
      2,
      1,
      3,
      3
    ],
    "out_degree": [
      2,
      2,
      4,
      2,
      2
    ],
    "in_degree_cv": 0.33333333333333337,
    "out_degree_cv": 0.33333333333333337
  }
}