{
  "name": "random_sc_n5_m12_seed45",
  "family": "random_sc",
  "seed": 45,
  "n_nodes": 5,
  "edges": [
    [
      0,
      1
    ],
    [
      1,
      2
    ],
    [
      2,
      3
    ],
    [
      3,
      4
    ],
    [
      4,
      0
    ],
    [
      1,
      3
    ],
    [
      2,
      0
    ],
    [
      2,
      1
    ],
    [
      4,
      3
    ],
    [
      0,
      3
    ],
    [
      3,
      2
    ],
    [
      1,
      4
    ]
  ],
  "metrics": {
    "n_nodes": 5,
    "n_edges": 12,
    "p": 8,
    "strongly_connected": true,
    "edges": [
      [
        0,
        1
      ],
      [
        1,
        2
      ],
      [
        2,
        3
      ],
      [
        3,
        4
      ],
      [
        4,
        0
      ],
      [
        1,
        3
      ],
      [
        2,
        0
      ],
      [
        2,
        1
      ],
      [
        4,
        3
      ],
      [
        0,
        3
      ],
      [
        3,
        2
      ],
      [
        1,
        4
      ]
    ],
    "tree_counts_enum": [
      15,
      9,
      12,
      27,
      18
    ],
    "tree_counts_det": [
      15,
      9,
      12,
      27,
      18
    ],
    "tree_counts_match_det": true,
    "tree_enumeration_truncated": false,
    "max_trees_per_root": null,
    "n_trees_total_enum": 81,
    "rank_M": 12,
    "rank_D": 11,
    "rank_D_anchor": 11,
    "d_rel": 88,
    "effective_rank_D": 8.82977134003632,
    "condition_number_D": 3.5591624447395764,
    "effective_rank_D_masked": 70.63817072029059,
    "condition_number_D_masked": 3.5591624447395764,
    "singular_values_D_masked": [
      6.1505289627836595,
      5.791047581907083,
      5.346412107411617,
      5.25064489757407,
      5.03362226719394,
      4.766471284796337,
      3.8141470681956227,
      3.1079224883842325,
      2.5245668534339614,
      1.7551006172751393,
      1.7280832381995122,
      7.802942580940624e-16,
      6.1505289627836595,
      5.791047581907083,
      5.346412107411617,
      5.25064489757407,
      5.03362226719394,
      4.766471284796337,
      3.8141470681956227,
      3.1079224883842325,
      2.5245668534339614,
      1.7551006172751393,
      1.7280832381995122,
      7.802942580940624e-16,
      6.1505289627836595,
      5.791047581907083,
      5.346412107411617,
      5.25064489757407,
      5.03362226719394,
      4.766471284796337,
      3.8141470681956227,
      3.1079224883842325,
      2.5245668534339614,
      1.7551006172751393,
      1.7280832381995122,
      7.802942580940624e-16,
      6.1505289627836595,
      5.791047581907083,
      5.346412107411617,
      5.25064489757407,
      5.03362226719394,
      4.766471284796337,
      3.8141470681956227,
      3.1079224883842325,
      2.5245668534339614,
      1.7551006172751393,
      1.7280832381995122,
      7.802942580940624e-16,
      6.1505289627836595,
      5.791047581907083,
      5.346412107411617,
      5.25064489757407,
      5.03362226719394,
      4.766471284796337,
      3.8141470681956227,
      3.1079224883842325,
      2.5245668534339614,
      1.7551006172751393,
      1.7280832381995122,
      7.802942580940624e-16,
      6.1505289627836595,
      5.791047581907083,
      5.346412107411617,
      5.25064489757407,
      5.03362226719394,
      4.766471284796337,
      3.8141470681956227,
      3.1079224883842325,
      2.5245668534339614,
      1.7551006172751393,
      1.7280832381995122,
      7.802942580940624e-16,
      6.1505289627836595,
      5.791047581907083,
      5.346412107411617,
      5.25064489757407,
      5.03362226719394,
      4.766471284796337,
      3.8141470681956227,
      3.1079224883842325,
      2.5245668534339614,
      1.7551006172751393,
      1.7280832381995122,
      7.802942580940624e-16,
      6.1505289627836595,
      5.791047581907083,
      5.346412107411617,
      5.25064489757407,
      5.03362226719394,
      4.766471284796337,
      3.8141470681956227,
      3.1079224883842325,
      2.5245668534339614,
      1.7551006172751393,
      1.7280832381995122,
      7.802942580940624e-16
    ],
    "singular_values_D": [
      6.1505289627836595,
      5.791047581907083,
      5.346412107411617,
      5.25064489757407,
      5.03362226719394,
      4.766471284796337,
      3.8141470681956227,
      3.1079224883842325,
      2.5245668534339614,
      1.7551006172751393,
      1.7280832381995122,
      7.802942580940624e-16
    ],
    "singular_values_D_anchor": [
      16.152679999069385,
      5.813415828532966,
      5.469959722443274,
      5.332856956833682,
      5.235111649163925,
      4.880639382569973,
      3.850729590215578,
      3.1557325786940846,
      2.9738576547554625,
      1.7581810898739663,
      1.7281409729501476,
      1.1063170262418285e-15
    ],
    "root_tree_count_cv": 0.38131963485137044,
    "root_tree_count_gini": 0.20740740740740748,
    "edge_participation": [
      0.4074074074074074,
      0.2222222222222222,
      0.25925925925925924,
      0.3333333333333333,
      0.4444444444444444,
      0.3333333333333333,
      0.3333333333333333,
      0.25925925925925924,
      0.3333333333333333,
      0.4074074074074074,
      0.3333333333333333,
      0.3333333333333333
    ],
    "edge_participation_mean": 0.3333333333333333,
    "edge_participation_var": 0.0038866026520347507,
    "edge_participation_gini": 0.10030864197530853,
    "bottleneck_edge_fraction_095": 0.0,
    "mean_shortest_path": 1.4,
    "comparison_branch_d_rel_values": [
      22,
      22,
      22
    ],
    "comparison_branch_d_rel_min": 22,
    "comparison_branch_d_rel_mean": 22.0,
    "comparison_branch_d_rel_max": 22,
    "comparison_branch_d_rel_gini": 0.0,
    "comparison_branch_common_d_rel_values": [
      22,
      22,
      22
    ],
    "comparison_branch_common_d_rel_min": 22,
    "comparison_branch_common_d_rel_mean": 22.0,
    "comparison_branch_common_d_rel_max": 22,
    "comparison_branch_common_d_rel_gini": 0.0,
    "comparison_branch_input_count_values": [
      24,
      24,
      24
    ],
    "comparison_branch_input_count_min": 24,
    "comparison_branch_input_count_mean": 24.0,
    "comparison_branch_input_count_max": 24,
    "comparison_branch_input_count_gini": 0.0,
    "comparison_branch_input_overlap_values": [
      24,
      24,
      24
    ],
    "comparison_branch_input_overlap_min": 24,
    "comparison_branch_input_overlap_mean": 24.0,
    "comparison_branch_input_overlap_max": 24,
    "comparison_branch_input_overlap_gini": 0.0,
    "in_degree": [
      2,
      2,
      2,
      4,
      2
    ],
    "out_degree": [
      2,
      3,
      3,
      2,
      2
    ],
    "in_degree_cv": 0.33333333333333337,
    "out_degree_cv": 0.2041241452319315
  }
}