{
  "name": "random_sc_n5_m12_seed53",
  "family": "random_sc",
  "seed": 53,
  "n_nodes": 5,
  "edges": [
    [
      0,
      1
    ],
    [
      1,
      2
    ],
    [
      2,
      3
    ],
    [
      3,
      4
    ],
    [
      4,
      0
    ],
    [
      3,
      0
    ],
    [
      4,
      2
    ],
    [
      1,
      0
    ],
    [
      2,
      1
    ],
    [
      2,
      4
    ],
    [
      3,
      2
    ],
    [
      3,
      1
    ]
  ],
  "metrics": {
    "n_nodes": 5,
    "n_edges": 12,
    "p": 8,
    "strongly_connected": true,
    "edges": [
      [
        0,
        1
      ],
      [
        1,
        2
      ],
      [
        2,
        3
      ],
      [
        3,
        4
      ],
      [
        4,
        0
      ],
      [
        3,
        0
      ],
      [
        4,
        2
      ],
      [
        1,
        0
      ],
      [
        2,
        1
      ],
      [
        2,
        4
      ],
      [
        3,
        2
      ],
      [
        3,
        1
      ]
    ],
    "tree_counts_enum": [
      24,
      17,
      8,
      2,
      5
    ],
    "tree_counts_det": [
      24,
      17,
      8,
      2,
      5
    ],
    "tree_counts_match_det": true,
    "tree_enumeration_truncated": false,
    "max_trees_per_root": null,
    "n_trees_total_enum": 56,
    "rank_M": 12,
    "rank_D": 11,
    "rank_D_anchor": 11,
    "d_rel": 88,
    "effective_rank_D": 8.242947830410094,
    "condition_number_D": 6.8402650207127635,
    "effective_rank_D_masked": 65.94358264328073,
    "condition_number_D_masked": 6.8402650207127635,
    "singular_values_D_masked": [
      5.369147042868919,
      5.2589454738377155,
      4.310479809936887,
      3.8517596834682397,
      3.765109052540353,
      3.668950047112448,
      3.0551219270442838,
      2.7178445468513313,
      1.5865839832566297,
      1.4884720403949394,
      0.7849326051857342,
      5.320244311603773e-16,
      5.369147042868919,
      5.2589454738377155,
      4.310479809936887,
      3.8517596834682397,
      3.765109052540353,
      3.668950047112448,
      3.0551219270442838,
      2.7178445468513313,
      1.5865839832566297,
      1.4884720403949394,
      0.7849326051857342,
      5.320244311603773e-16,
      5.369147042868919,
      5.2589454738377155,
      4.310479809936887,
      3.8517596834682397,
      3.765109052540353,
      3.668950047112448,
      3.0551219270442838,
      2.7178445468513313,
      1.5865839832566297,
      1.4884720403949394,
      0.7849326051857342,
      5.320244311603773e-16,
      5.369147042868919,
      5.2589454738377155,
      4.310479809936887,
      3.8517596834682397,
      3.765109052540353,
      3.668950047112448,
      3.0551219270442838,
      2.7178445468513313,
      1.5865839832566297,
      1.4884720403949394,
      0.7849326051857342,
      5.320244311603773e-16,
      5.369147042868919,
      5.2589454738377155,
      4.310479809936887,
      3.8517596834682397,
      3.765109052540353,
      3.668950047112448,
      3.0551219270442838,
      2.7178445468513313,
      1.5865839832566297,
      1.4884720403949394,
      0.7849326051857342,
      5.320244311603773e-16,
      5.369147042868919,
      5.2589454738377155,
      4.310479809936887,
      3.8517596834682397,
      3.765109052540353,
      3.668950047112448,
      3.0551219270442838,
      2.7178445468513313,
      1.5865839832566297,
      1.4884720403949394,
      0.7849326051857342,
      5.320244311603773e-16,
      5.369147042868919,
      5.2589454738377155,
      4.310479809936887,
      3.8517596834682397,
      3.765109052540353,
      3.668950047112448,
      3.0551219270442838,
      2.7178445468513313,
      1.5865839832566297,
      1.4884720403949394,
      0.7849326051857342,
      5.320244311603773e-16,
      5.369147042868919,
      5.2589454738377155,
      4.310479809936887,
      3.8517596834682397,
      3.765109052540353,
      3.668950047112448,
      3.0551219270442838,
      2.7178445468513313,
      1.5865839832566297,
      1.4884720403949394,
      0.7849326051857342,
      5.320244311603773e-16
    ],
    "singular_values_D": [
      5.369147042868919,
      5.2589454738377155,
      4.310479809936887,
      3.8517596834682397,
      3.765109052540353,
      3.668950047112448,
      3.0551219270442838,
      2.7178445468513313,
      1.5865839832566297,
      1.4884720403949394,
      0.7849326051857342,
      5.320244311603773e-16
    ],
    "singular_values_D_anchor": [
      12.436423782302642,
      5.323669019002726,
      5.088010123105566,
      4.1464263769369785,
      3.7959136679922207,
      3.7041041086069106,
      3.1188635126763042,
      2.8250561048303346,
      1.792538029673178,
      1.4887597295935437,
      0.8037508458651226,
      7.394260780449906e-16
    ],
    "root_tree_count_cv": 0.726239264559384,
    "root_tree_count_gini": 0.40000000000000013,
    "edge_participation": [
      0.5714285714285714,
      0.39285714285714285,
      0.2857142857142857,
      0.25,
      0.5892857142857143,
      0.2857142857142857,
      0.32142857142857145,
      0.30357142857142855,
      0.2857142857142857,
      0.2857142857142857,
      0.17857142857142858,
      0.25
    ],
    "edge_participation_mean": 0.3333333333333333,
    "edge_participation_var": 0.014473497732426307,
    "edge_participation_gini": 0.18005952380952372,
    "bottleneck_edge_fraction_095": 0.0,
    "mean_shortest_path": 1.5,
    "comparison_branch_d_rel_values": [
      22,
      22,
      22
    ],
    "comparison_branch_d_rel_min": 22,
    "comparison_branch_d_rel_mean": 22.0,
    "comparison_branch_d_rel_max": 22,
    "comparison_branch_d_rel_gini": 0.0,
    "comparison_branch_common_d_rel_values": [
      22,
      22,
      22
    ],
    "comparison_branch_common_d_rel_min": 22,
    "comparison_branch_common_d_rel_mean": 22.0,
    "comparison_branch_common_d_rel_max": 22,
    "comparison_branch_common_d_rel_gini": 0.0,
    "comparison_branch_input_count_values": [
      24,
      24,
      24
    ],
    "comparison_branch_input_count_min": 24,
    "comparison_branch_input_count_mean": 24.0,
    "comparison_branch_input_count_max": 24,
    "comparison_branch_input_count_gini": 0.0,
    "comparison_branch_input_overlap_values": [
      24,
      24,
      24
    ],
    "comparison_branch_input_overlap_min": 24,
    "comparison_branch_input_overlap_mean": 24.0,
    "comparison_branch_input_overlap_max": 24,
    "comparison_branch_input_overlap_gini": 0.0,
    "in_degree": [
      3,
      3,
      3,
      1,
      2
    ],
    "out_degree": [
      1,
      2,
      3,
      4,
      2
    ],
    "in_degree_cv": 0.33333333333333337,
    "out_degree_cv": 0.4249182927993988
  }
}