{
  "name": "random_sc_n5_m12_seed49",
  "family": "random_sc",
  "seed": 49,
  "n_nodes": 5,
  "edges": [
    [
      0,
      1
    ],
    [
      1,
      2
    ],
    [
      2,
      3
    ],
    [
      3,
      4
    ],
    [
      4,
      0
    ],
    [
      0,
      3
    ],
    [
      1,
      4
    ],
    [
      2,
      0
    ],
    [
      4,
      3
    ],
    [
      4,
      2
    ],
    [
      2,
      4
    ],
    [
      3,
      0
    ]
  ],
  "metrics": {
    "n_nodes": 5,
    "n_edges": 12,
    "p": 8,
    "strongly_connected": true,
    "edges": [
      [
        0,
        1
      ],
      [
        1,
        2
      ],
      [
        2,
        3
      ],
      [
        3,
        4
      ],
      [
        4,
        0
      ],
      [
        0,
        3
      ],
      [
        1,
        4
      ],
      [
        2,
        0
      ],
      [
        4,
        3
      ],
      [
        4,
        2
      ],
      [
        2,
        4
      ],
      [
        3,
        0
      ]
    ],
    "tree_counts_enum": [
      24,
      12,
      9,
      24,
      15
    ],
    "tree_counts_det": [
      24,
      12,
      9,
      24,
      15
    ],
    "tree_counts_match_det": true,
    "tree_enumeration_truncated": false,
    "max_trees_per_root": null,
    "n_trees_total_enum": 84,
    "rank_M": 12,
    "rank_D": 11,
    "rank_D_anchor": 11,
    "d_rel": 88,
    "effective_rank_D": 8.847779634357712,
    "condition_number_D": 3.6050772254201497,
    "effective_rank_D_masked": 70.78223707486174,
    "condition_number_D_masked": 3.6050772254201497,
    "singular_values_D_masked": [
      6.1668758339172385,
      6.058050565618572,
      5.353044358326946,
      5.245429935451154,
      5.2034841859604875,
      4.785072543403985,
      4.005251337887335,
      3.1582732543844854,
      2.330311727741347,
      2.068194088085777,
      1.7106085246755087,
      1.0436054697080842e-15,
      6.1668758339172385,
      6.058050565618572,
      5.353044358326946,
      5.245429935451154,
      5.2034841859604875,
      4.785072543403985,
      4.005251337887335,
      3.1582732543844854,
      2.330311727741347,
      2.068194088085777,
      1.7106085246755087,
      1.0436054697080842e-15,
      6.1668758339172385,
      6.058050565618572,
      5.353044358326946,
      5.245429935451154,
      5.2034841859604875,
      4.785072543403985,
      4.005251337887335,
      3.1582732543844854,
      2.330311727741347,
      2.068194088085777,
      1.7106085246755087,
      1.0436054697080842e-15,
      6.1668758339172385,
      6.058050565618572,
      5.353044358326946,
      5.245429935451154,
      5.2034841859604875,
      4.785072543403985,
      4.005251337887335,
      3.1582732543844854,
      2.330311727741347,
      2.068194088085777,
      1.7106085246755087,
      1.0436054697080842e-15,
      6.1668758339172385,
      6.058050565618572,
      5.353044358326946,
      5.245429935451154,
      5.2034841859604875,
      4.785072543403985,
      4.005251337887335,
      3.1582732543844854,
      2.330311727741347,
      2.068194088085777,
      1.7106085246755087,
      1.0436054697080842e-15,
      6.1668758339172385,
      6.058050565618572,
      5.353044358326946,
      5.245429935451154,
      5.2034841859604875,
      4.785072543403985,
      4.005251337887335,
      3.1582732543844854,
      2.330311727741347,
      2.068194088085777,
      1.7106085246755087,
      1.0436054697080842e-15,
      6.1668758339172385,
      6.058050565618572,
      5.353044358326946,
      5.245429935451154,
      5.2034841859604875,
      4.785072543403985,
      4.005251337887335,
      3.1582732543844854,
      2.330311727741347,
      2.068194088085777,
      1.7106085246755087,
      1.0436054697080842e-15,
      6.1668758339172385,
      6.058050565618572,
      5.353044358326946,
      5.245429935451154,
      5.2034841859604875,
      4.785072543403985,
      4.005251337887335,
      3.1582732543844854,
      2.330311727741347,
      2.068194088085777,
      1.7106085246755087,
      1.0436054697080842e-15
    ],
    "singular_values_D": [
      6.1668758339172385,
      6.058050565618572,
      5.353044358326946,
      5.245429935451154,
      5.2034841859604875,
      4.785072543403985,
      4.005251337887335,
      3.1582732543844854,
      2.330311727741347,
      2.068194088085777,
      1.7106085246755087,
      1.0436054697080842e-15
    ],
    "singular_values_D_anchor": [
      15.596237250644888,
      6.143165515765376,
      5.6108722560268545,
      5.293057431914437,
      5.245193611085096,
      4.9279025578221995,
      4.080436997918532,
      3.4842547524931806,
      2.3846873531188897,
      2.078034884055267,
      1.711524745255945,
      9.545063590148357e-16
    ],
    "root_tree_count_cv": 0.36770107646382144,
    "root_tree_count_gini": 0.19999999999999996,
    "edge_participation": [
      0.42857142857142855,
      0.42857142857142855,
      0.3333333333333333,
      0.3333333333333333,
      0.32142857142857145,
      0.2857142857142857,
      0.42857142857142855,
      0.30952380952380953,
      0.25,
      0.25,
      0.25,
      0.38095238095238093
    ],
    "edge_participation_mean": 0.3333333333333333,
    "edge_participation_var": 0.004440665154950867,
    "edge_participation_gini": 0.1121031746031751,
    "bottleneck_edge_fraction_095": 0.0,
    "mean_shortest_path": 1.4,
    "comparison_branch_d_rel_values": [
      22,
      22,
      22
    ],
    "comparison_branch_d_rel_min": 22,
    "comparison_branch_d_rel_mean": 22.0,
    "comparison_branch_d_rel_max": 22,
    "comparison_branch_d_rel_gini": 0.0,
    "comparison_branch_common_d_rel_values": [
      22,
      22,
      22
    ],
    "comparison_branch_common_d_rel_min": 22,
    "comparison_branch_common_d_rel_mean": 22.0,
    "comparison_branch_common_d_rel_max": 22,
    "comparison_branch_common_d_rel_gini": 0.0,
    "comparison_branch_input_count_values": [
      24,
      24,
      24
    ],
    "comparison_branch_input_count_min": 24,
    "comparison_branch_input_count_mean": 24.0,
    "comparison_branch_input_count_max": 24,
    "comparison_branch_input_count_gini": 0.0,
    "comparison_branch_input_overlap_values": [
      24,
      24,
      24
    ],
    "comparison_branch_input_overlap_min": 24,
    "comparison_branch_input_overlap_mean": 24.0,
    "comparison_branch_input_overlap_max": 24,
    "comparison_branch_input_overlap_gini": 0.0,
    "in_degree": [
      3,
      1,
      2,
      3,
      3
    ],
    "out_degree": [
      2,
      2,
      3,
      2,
      3
    ],
    "in_degree_cv": 0.33333333333333337,
    "out_degree_cv": 0.2041241452319315
  }
}