{
  "name": "random_sc_n5_m12_seed52",
  "family": "random_sc",
  "seed": 52,
  "n_nodes": 5,
  "edges": [
    [
      0,
      1
    ],
    [
      1,
      2
    ],
    [
      2,
      3
    ],
    [
      3,
      4
    ],
    [
      4,
      0
    ],
    [
      1,
      3
    ],
    [
      0,
      2
    ],
    [
      3,
      2
    ],
    [
      2,
      4
    ],
    [
      2,
      1
    ],
    [
      1,
      4
    ],
    [
      2,
      0
    ]
  ],
  "metrics": {
    "n_nodes": 5,
    "n_edges": 12,
    "p": 8,
    "strongly_connected": true,
    "edges": [
      [
        0,
        1
      ],
      [
        1,
        2
      ],
      [
        2,
        3
      ],
      [
        3,
        4
      ],
      [
        4,
        0
      ],
      [
        1,
        3
      ],
      [
        0,
        2
      ],
      [
        3,
        2
      ],
      [
        2,
        4
      ],
      [
        2,
        1
      ],
      [
        1,
        4
      ],
      [
        2,
        0
      ]
    ],
    "tree_counts_enum": [
      18,
      9,
      9,
      9,
      27
    ],
    "tree_counts_det": [
      18,
      9,
      9,
      9,
      27
    ],
    "tree_counts_match_det": true,
    "tree_enumeration_truncated": false,
    "max_trees_per_root": null,
    "n_trees_total_enum": 72,
    "rank_M": 12,
    "rank_D": 11,
    "rank_D_anchor": 11,
    "d_rel": 88,
    "effective_rank_D": 8.89005654643512,
    "condition_number_D": 3.7886000589697515,
    "effective_rank_D_masked": 71.12045237148102,
    "condition_number_D_masked": 3.7886000589697515,
    "singular_values_D_masked": [
      5.7398915994751505,
      5.309635795641702,
      4.982437032067613,
      4.6645889821662285,
      4.6011874117896525,
      3.8118221074681573,
      3.5815477233694235,
      3.2726780004748504,
      2.261883646868069,
      1.776465423108291,
      1.5150428945081158,
      1.0184050505052374e-15,
      5.7398915994751505,
      5.309635795641702,
      4.982437032067613,
      4.6645889821662285,
      4.6011874117896525,
      3.8118221074681573,
      3.5815477233694235,
      3.2726780004748504,
      2.261883646868069,
      1.776465423108291,
      1.5150428945081158,
      1.0184050505052374e-15,
      5.7398915994751505,
      5.309635795641702,
      4.982437032067613,
      4.6645889821662285,
      4.6011874117896525,
      3.8118221074681573,
      3.5815477233694235,
      3.2726780004748504,
      2.261883646868069,
      1.776465423108291,
      1.5150428945081158,
      1.0184050505052374e-15,
      5.7398915994751505,
      5.309635795641702,
      4.982437032067613,
      4.6645889821662285,
      4.6011874117896525,
      3.8118221074681573,
      3.5815477233694235,
      3.2726780004748504,
      2.261883646868069,
      1.776465423108291,
      1.5150428945081158,
      1.0184050505052374e-15,
      5.7398915994751505,
      5.309635795641702,
      4.982437032067613,
      4.6645889821662285,
      4.6011874117896525,
      3.8118221074681573,
      3.5815477233694235,
      3.2726780004748504,
      2.261883646868069,
      1.776465423108291,
      1.5150428945081158,
      1.0184050505052374e-15,
      5.7398915994751505,
      5.309635795641702,
      4.982437032067613,
      4.6645889821662285,
      4.6011874117896525,
      3.8118221074681573,
      3.5815477233694235,
      3.2726780004748504,
      2.261883646868069,
      1.776465423108291,
      1.5150428945081158,
      1.0184050505052374e-15,
      5.7398915994751505,
      5.309635795641702,
      4.982437032067613,
      4.6645889821662285,
      4.6011874117896525,
      3.8118221074681573,
      3.5815477233694235,
      3.2726780004748504,
      2.261883646868069,
      1.776465423108291,
      1.5150428945081158,
      1.0184050505052374e-15,
      5.7398915994751505,
      5.309635795641702,
      4.982437032067613,
      4.6645889821662285,
      4.6011874117896525,
      3.8118221074681573,
      3.5815477233694235,
      3.2726780004748504,
      2.261883646868069,
      1.776465423108291,
      1.5150428945081158,
      1.0184050505052374e-15
    ],
    "singular_values_D": [
      5.7398915994751505,
      5.309635795641702,
      4.982437032067613,
      4.6645889821662285,
      4.6011874117896525,
      3.8118221074681573,
      3.5815477233694235,
      3.2726780004748504,
      2.261883646868069,
      1.776465423108291,
      1.5150428945081158,
      1.0184050505052374e-15
    ],
    "singular_values_D_anchor": [
      13.81658949768457,
      5.479509914877194,
      5.308033229629707,
      4.92106672583171,
      4.658031805765892,
      3.8248424077249084,
      3.5816953692885387,
      3.3289730204041184,
      2.638952834072439,
      1.7838984451863198,
      1.5169254097277514,
      8.507889691643352e-16
    ],
    "root_tree_count_cv": 0.5,
    "root_tree_count_gini": 0.25,
    "edge_participation": [
      0.4166666666666667,
      0.2361111111111111,
      0.20833333333333334,
      0.5277777777777778,
      0.625,
      0.3333333333333333,
      0.3333333333333333,
      0.3472222222222222,
      0.2916666666666667,
      0.20833333333333334,
      0.3055555555555556,
      0.16666666666666666
    ],
    "edge_participation_mean": 0.3333333333333333,
    "edge_participation_var": 0.016750257201646093,
    "edge_participation_gini": 0.21006944444444486,
    "bottleneck_edge_fraction_095": 0.0,
    "mean_shortest_path": 1.45,
    "comparison_branch_d_rel_values": [
      22,
      22,
      22
    ],
    "comparison_branch_d_rel_min": 22,
    "comparison_branch_d_rel_mean": 22.0,
    "comparison_branch_d_rel_max": 22,
    "comparison_branch_d_rel_gini": 0.0,
    "comparison_branch_common_d_rel_values": [
      22,
      22,
      22
    ],
    "comparison_branch_common_d_rel_min": 22,
    "comparison_branch_common_d_rel_mean": 22.0,
    "comparison_branch_common_d_rel_max": 22,
    "comparison_branch_common_d_rel_gini": 0.0,
    "comparison_branch_input_count_values": [
      24,
      24,
      24
    ],
    "comparison_branch_input_count_min": 24,
    "comparison_branch_input_count_mean": 24.0,
    "comparison_branch_input_count_max": 24,
    "comparison_branch_input_count_gini": 0.0,
    "comparison_branch_input_overlap_values": [
      24,
      24,
      24
    ],
    "comparison_branch_input_overlap_min": 24,
    "comparison_branch_input_overlap_mean": 24.0,
    "comparison_branch_input_overlap_max": 24,
    "comparison_branch_input_overlap_gini": 0.0,
    "in_degree": [
      2,
      2,
      3,
      2,
      3
    ],
    "out_degree": [
      2,
      3,
      4,
      2,
      1
    ],
    "in_degree_cv": 0.2041241452319315,
    "out_degree_cv": 0.4249182927993988
  }
}