{
  "name": "random_sc_n5_m12_seed58",
  "family": "random_sc",
  "seed": 58,
  "n_nodes": 5,
  "edges": [
    [
      0,
      1
    ],
    [
      1,
      2
    ],
    [
      2,
      3
    ],
    [
      3,
      4
    ],
    [
      4,
      0
    ],
    [
      3,
      0
    ],
    [
      1,
      0
    ],
    [
      4,
      2
    ],
    [
      3,
      2
    ],
    [
      3,
      1
    ],
    [
      4,
      1
    ],
    [
      0,
      2
    ]
  ],
  "metrics": {
    "n_nodes": 5,
    "n_edges": 12,
    "p": 8,
    "strongly_connected": true,
    "edges": [
      [
        0,
        1
      ],
      [
        1,
        2
      ],
      [
        2,
        3
      ],
      [
        3,
        4
      ],
      [
        4,
        0
      ],
      [
        3,
        0
      ],
      [
        1,
        0
      ],
      [
        4,
        2
      ],
      [
        3,
        2
      ],
      [
        3,
        1
      ],
      [
        4,
        1
      ],
      [
        0,
        2
      ]
    ],
    "tree_counts_enum": [
      12,
      12,
      36,
      9,
      3
    ],
    "tree_counts_det": [
      12,
      12,
      36,
      9,
      3
    ],
    "tree_counts_match_det": true,
    "tree_enumeration_truncated": false,
    "max_trees_per_root": null,
    "n_trees_total_enum": 72,
    "rank_M": 12,
    "rank_D": 11,
    "rank_D_anchor": 11,
    "d_rel": 88,
    "effective_rank_D": 8.549365567274844,
    "condition_number_D": 6.059042618632989,
    "effective_rank_D_masked": 68.39492453819877,
    "condition_number_D_masked": 6.059042618632989,
    "singular_values_D_masked": [
      6.192797020976517,
      5.37329870310178,
      4.898979485566357,
      4.757419736456525,
      4.267461802100609,
      4.1477301902696935,
      3.7144012027396864,
      3.0,
      2.33195943888323,
      1.6430273329761025,
      1.02207517107277,
      1.1304879529146907e-15,
      6.192797020976517,
      5.37329870310178,
      4.898979485566357,
      4.757419736456525,
      4.267461802100609,
      4.1477301902696935,
      3.7144012027396864,
      3.0,
      2.33195943888323,
      1.6430273329761025,
      1.02207517107277,
      1.1304879529146907e-15,
      6.192797020976517,
      5.37329870310178,
      4.898979485566357,
      4.757419736456525,
      4.267461802100609,
      4.1477301902696935,
      3.7144012027396864,
      3.0,
      2.33195943888323,
      1.6430273329761025,
      1.02207517107277,
      1.1304879529146907e-15,
      6.192797020976517,
      5.37329870310178,
      4.898979485566357,
      4.757419736456525,
      4.267461802100609,
      4.1477301902696935,
      3.7144012027396864,
      3.0,
      2.33195943888323,
      1.6430273329761025,
      1.02207517107277,
      1.1304879529146907e-15,
      6.192797020976517,
      5.37329870310178,
      4.898979485566357,
      4.757419736456525,
      4.267461802100609,
      4.1477301902696935,
      3.7144012027396864,
      3.0,
      2.33195943888323,
      1.6430273329761025,
      1.02207517107277,
      1.1304879529146907e-15,
      6.192797020976517,
      5.37329870310178,
      4.898979485566357,
      4.757419736456525,
      4.267461802100609,
      4.1477301902696935,
      3.7144012027396864,
      3.0,
      2.33195943888323,
      1.6430273329761025,
      1.02207517107277,
      1.1304879529146907e-15,
      6.192797020976517,
      5.37329870310178,
      4.898979485566357,
      4.757419736456525,
      4.267461802100609,
      4.1477301902696935,
      3.7144012027396864,
      3.0,
      2.33195943888323,
      1.6430273329761025,
      1.02207517107277,
      1.1304879529146907e-15,
      6.192797020976517,
      5.37329870310178,
      4.898979485566357,
      4.757419736456525,
      4.267461802100609,
      4.1477301902696935,
      3.7144012027396864,
      3.0,
      2.33195943888323,
      1.6430273329761025,
      1.02207517107277,
      1.1304879529146907e-15
    ],
    "singular_values_D": [
      6.192797020976517,
      5.37329870310178,
      4.898979485566357,
      4.757419736456525,
      4.267461802100609,
      4.1477301902696935,
      3.7144012027396864,
      3.0,
      2.33195943888323,
      1.6430273329761025,
      1.02207517107277,
      1.1304879529146907e-15
    ],
    "singular_values_D_anchor": [
      13.694115782297883,
      6.015917388940048,
      5.342848405206077,
      4.831071095010096,
      4.39127657343594,
      4.266835401202184,
      3.8100359155126347,
      2.9999999999999987,
      2.6823040933887263,
      1.7567833202273853,
      1.052636241974786,
      1.1149042783090694e-15
    ],
    "root_tree_count_cv": 0.7839536550927826,
    "root_tree_count_gini": 0.3833333333333333,
    "edge_participation": [
      0.3333333333333333,
      0.5,
      0.5,
      0.25,
      0.3333333333333333,
      0.25,
      0.3333333333333333,
      0.2916666666666667,
      0.125,
      0.25,
      0.3333333333333333,
      0.5
    ],
    "edge_participation_mean": 0.3333333333333333,
    "edge_participation_var": 0.01244212962962963,
    "edge_participation_gini": 0.1805555555555558,
    "bottleneck_edge_fraction_095": 0.0,
    "mean_shortest_path": 1.5,
    "comparison_branch_d_rel_values": [
      22,
      22,
      22
    ],
    "comparison_branch_d_rel_min": 22,
    "comparison_branch_d_rel_mean": 22.0,
    "comparison_branch_d_rel_max": 22,
    "comparison_branch_d_rel_gini": 0.0,
    "comparison_branch_common_d_rel_values": [
      22,
      22,
      22
    ],
    "comparison_branch_common_d_rel_min": 22,
    "comparison_branch_common_d_rel_mean": 22.0,
    "comparison_branch_common_d_rel_max": 22,
    "comparison_branch_common_d_rel_gini": 0.0,
    "comparison_branch_input_count_values": [
      24,
      24,
      24
    ],
    "comparison_branch_input_count_min": 24,
    "comparison_branch_input_count_mean": 24.0,
    "comparison_branch_input_count_max": 24,
    "comparison_branch_input_count_gini": 0.0,
    "comparison_branch_input_overlap_values": [
      24,
      24,
      24
    ],
    "comparison_branch_input_overlap_min": 24,
    "comparison_branch_input_overlap_mean": 24.0,
    "comparison_branch_input_overlap_max": 24,
    "comparison_branch_input_overlap_gini": 0.0,
    "in_degree": [
      3,
      3,
      4,
      1,
      1
    ],
    "out_degree": [
      2,
      2,
      1,
      4,
      3
    ],
    "in_degree_cv": 0.5,
    "out_degree_cv": 0.4249182927993988
  }
}