{
  "name": "random_sc_n5_m12_seed56",
  "family": "random_sc",
  "seed": 56,
  "n_nodes": 5,
  "edges": [
    [
      0,
      1
    ],
    [
      1,
      2
    ],
    [
      2,
      3
    ],
    [
      3,
      4
    ],
    [
      4,
      0
    ],
    [
      4,
      2
    ],
    [
      2,
      4
    ],
    [
      0,
      2
    ],
    [
      2,
      1
    ],
    [
      3,
      1
    ],
    [
      4,
      3
    ],
    [
      1,
      3
    ]
  ],
  "metrics": {
    "n_nodes": 5,
    "n_edges": 12,
    "p": 8,
    "strongly_connected": true,
    "edges": [
      [
        0,
        1
      ],
      [
        1,
        2
      ],
      [
        2,
        3
      ],
      [
        3,
        4
      ],
      [
        4,
        0
      ],
      [
        4,
        2
      ],
      [
        2,
        4
      ],
      [
        0,
        2
      ],
      [
        2,
        1
      ],
      [
        3,
        1
      ],
      [
        4,
        3
      ],
      [
        1,
        3
      ]
    ],
    "tree_counts_enum": [
      6,
      21,
      13,
      23,
      12
    ],
    "tree_counts_det": [
      6,
      21,
      13,
      23,
      12
    ],
    "tree_counts_match_det": true,
    "tree_enumeration_truncated": false,
    "max_trees_per_root": null,
    "n_trees_total_enum": 75,
    "rank_M": 12,
    "rank_D": 11,
    "rank_D_anchor": 11,
    "d_rel": 88,
    "effective_rank_D": 8.633206584640195,
    "condition_number_D": 3.6818913315998802,
    "effective_rank_D_masked": 69.06565267712163,
    "condition_number_D_masked": 3.6818913315998802,
    "singular_values_D_masked": [
      5.932262906917663,
      5.905761876483785,
      5.303832595198778,
      4.85085421762391,
      4.6403535768019,
      4.5537218148591965,
      3.4123080764929155,
      2.9493563875938187,
      2.1226093678272018,
      1.8318181720836444,
      1.6111998895795592,
      1.1875657105153881e-15,
      5.932262906917663,
      5.905761876483785,
      5.303832595198778,
      4.85085421762391,
      4.6403535768019,
      4.5537218148591965,
      3.4123080764929155,
      2.9493563875938187,
      2.1226093678272018,
      1.8318181720836444,
      1.6111998895795592,
      1.1875657105153881e-15,
      5.932262906917663,
      5.905761876483785,
      5.303832595198778,
      4.85085421762391,
      4.6403535768019,
      4.5537218148591965,
      3.4123080764929155,
      2.9493563875938187,
      2.1226093678272018,
      1.8318181720836444,
      1.6111998895795592,
      1.1875657105153881e-15,
      5.932262906917663,
      5.905761876483785,
      5.303832595198778,
      4.85085421762391,
      4.6403535768019,
      4.5537218148591965,
      3.4123080764929155,
      2.9493563875938187,
      2.1226093678272018,
      1.8318181720836444,
      1.6111998895795592,
      1.1875657105153881e-15,
      5.932262906917663,
      5.905761876483785,
      5.303832595198778,
      4.85085421762391,
      4.6403535768019,
      4.5537218148591965,
      3.4123080764929155,
      2.9493563875938187,
      2.1226093678272018,
      1.8318181720836444,
      1.6111998895795592,
      1.1875657105153881e-15,
      5.932262906917663,
      5.905761876483785,
      5.303832595198778,
      4.85085421762391,
      4.6403535768019,
      4.5537218148591965,
      3.4123080764929155,
      2.9493563875938187,
      2.1226093678272018,
      1.8318181720836444,
      1.6111998895795592,
      1.1875657105153881e-15,
      5.932262906917663,
      5.905761876483785,
      5.303832595198778,
      4.85085421762391,
      4.6403535768019,
      4.5537218148591965,
      3.4123080764929155,
      2.9493563875938187,
      2.1226093678272018,
      1.8318181720836444,
      1.6111998895795592,
      1.1875657105153881e-15,
      5.932262906917663,
      5.905761876483785,
      5.303832595198778,
      4.85085421762391,
      4.6403535768019,
      4.5537218148591965,
      3.4123080764929155,
      2.9493563875938187,
      2.1226093678272018,
      1.8318181720836444,
      1.6111998895795592,
      1.1875657105153881e-15
    ],
    "singular_values_D": [
      5.932262906917663,
      5.905761876483785,
      5.303832595198778,
      4.85085421762391,
      4.6403535768019,
      4.5537218148591965,
      3.4123080764929155,
      2.9493563875938187,
      2.1226093678272018,
      1.8318181720836444,
      1.6111998895795592,
      1.1875657105153881e-15
    ],
    "singular_values_D_anchor": [
      14.649581984029085,
      5.930952575235974,
      5.898216516203876,
      4.913480387919604,
      4.650141234257031,
      4.601995301557147,
      3.5782731181839096,
      2.958831922312556,
      2.257118067645846,
      2.119316914246505,
      1.8262848594377983,
      8.849851158418352e-16
    ],
    "root_tree_count_cv": 0.4152643067305983,
    "root_tree_count_gini": 0.2293333333333334,
    "edge_participation": [
      0.48,
      0.36,
      0.3333333333333333,
      0.37333333333333335,
      0.36,
      0.24,
      0.24,
      0.44,
      0.25333333333333335,
      0.32,
      0.24,
      0.36
    ],
    "edge_participation_mean": 0.3333333333333333,
    "edge_participation_var": 0.0057777777777777775,
    "edge_participation_gini": 0.12611111111111106,
    "bottleneck_edge_fraction_095": 0.0,
    "mean_shortest_path": 1.45,
    "comparison_branch_d_rel_values": [
      22,
      22,
      22
    ],
    "comparison_branch_d_rel_min": 22,
    "comparison_branch_d_rel_mean": 22.0,
    "comparison_branch_d_rel_max": 22,
    "comparison_branch_d_rel_gini": 0.0,
    "comparison_branch_common_d_rel_values": [
      22,
      22,
      22
    ],
    "comparison_branch_common_d_rel_min": 22,
    "comparison_branch_common_d_rel_mean": 22.0,
    "comparison_branch_common_d_rel_max": 22,
    "comparison_branch_common_d_rel_gini": 0.0,
    "comparison_branch_input_count_values": [
      24,
      24,
      24
    ],
    "comparison_branch_input_count_min": 24,
    "comparison_branch_input_count_mean": 24.0,
    "comparison_branch_input_count_max": 24,
    "comparison_branch_input_count_gini": 0.0,
    "comparison_branch_input_overlap_values": [
      24,
      24,
      24
    ],
    "comparison_branch_input_overlap_min": 24,
    "comparison_branch_input_overlap_mean": 24.0,
    "comparison_branch_input_overlap_max": 24,
    "comparison_branch_input_overlap_gini": 0.0,
    "in_degree": [
      1,
      3,
      3,
      3,
      2
    ],
    "out_degree": [
      2,
      2,
      3,
      2,
      3
    ],
    "in_degree_cv": 0.33333333333333337,
    "out_degree_cv": 0.2041241452319315
  }
}