{
  "name": "random_sc_n5_m12_seed67",
  "family": "random_sc",
  "seed": 67,
  "n_nodes": 5,
  "edges": [
    [
      0,
      1
    ],
    [
      1,
      2
    ],
    [
      2,
      3
    ],
    [
      3,
      4
    ],
    [
      4,
      0
    ],
    [
      0,
      3
    ],
    [
      4,
      3
    ],
    [
      4,
      1
    ],
    [
      2,
      0
    ],
    [
      2,
      1
    ],
    [
      3,
      2
    ],
    [
      1,
      3
    ]
  ],
  "metrics": {
    "n_nodes": 5,
    "n_edges": 12,
    "p": 8,
    "strongly_connected": true,
    "edges": [
      [
        0,
        1
      ],
      [
        1,
        2
      ],
      [
        2,
        3
      ],
      [
        3,
        4
      ],
      [
        4,
        0
      ],
      [
        0,
        3
      ],
      [
        4,
        3
      ],
      [
        4,
        1
      ],
      [
        2,
        0
      ],
      [
        2,
        1
      ],
      [
        3,
        2
      ],
      [
        1,
        3
      ]
    ],
    "tree_counts_enum": [
      12,
      18,
      15,
      27,
      9
    ],
    "tree_counts_det": [
      12,
      18,
      15,
      27,
      9
    ],
    "tree_counts_match_det": true,
    "tree_enumeration_truncated": false,
    "max_trees_per_root": null,
    "n_trees_total_enum": 81,
    "rank_M": 12,
    "rank_D": 11,
    "rank_D_anchor": 11,
    "d_rel": 88,
    "effective_rank_D": 8.850999226146442,
    "condition_number_D": 3.99361437502759,
    "effective_rank_D_masked": 70.80799380917152,
    "condition_number_D_masked": 3.99361437502759,
    "singular_values_D_masked": [
      6.005300723268292,
      5.821535923104091,
      5.630332422575849,
      5.197172571762938,
      4.9216491393565835,
      4.553146094664401,
      3.961048679864973,
      2.9288303390014865,
      2.5164489515599273,
      2.151863859724117,
      1.503725737973087,
      1.0898906195025371e-15,
      6.005300723268292,
      5.821535923104091,
      5.630332422575849,
      5.197172571762938,
      4.9216491393565835,
      4.553146094664401,
      3.961048679864973,
      2.9288303390014865,
      2.5164489515599273,
      2.151863859724117,
      1.503725737973087,
      1.0898906195025371e-15,
      6.005300723268292,
      5.821535923104091,
      5.630332422575849,
      5.197172571762938,
      4.9216491393565835,
      4.553146094664401,
      3.961048679864973,
      2.9288303390014865,
      2.5164489515599273,
      2.151863859724117,
      1.503725737973087,
      1.0898906195025371e-15,
      6.005300723268292,
      5.821535923104091,
      5.630332422575849,
      5.197172571762938,
      4.9216491393565835,
      4.553146094664401,
      3.961048679864973,
      2.9288303390014865,
      2.5164489515599273,
      2.151863859724117,
      1.503725737973087,
      1.0898906195025371e-15,
      6.005300723268292,
      5.821535923104091,
      5.630332422575849,
      5.197172571762938,
      4.9216491393565835,
      4.553146094664401,
      3.961048679864973,
      2.9288303390014865,
      2.5164489515599273,
      2.151863859724117,
      1.503725737973087,
      1.0898906195025371e-15,
      6.005300723268292,
      5.821535923104091,
      5.630332422575849,
      5.197172571762938,
      4.9216491393565835,
      4.553146094664401,
      3.961048679864973,
      2.9288303390014865,
      2.5164489515599273,
      2.151863859724117,
      1.503725737973087,
      1.0898906195025371e-15,
      6.005300723268292,
      5.821535923104091,
      5.630332422575849,
      5.197172571762938,
      4.9216491393565835,
      4.553146094664401,
      3.961048679864973,
      2.9288303390014865,
      2.5164489515599273,
      2.151863859724117,
      1.503725737973087,
      1.0898906195025371e-15,
      6.005300723268292,
      5.821535923104091,
      5.630332422575849,
      5.197172571762938,
      4.9216491393565835,
      4.553146094664401,
      3.961048679864973,
      2.9288303390014865,
      2.5164489515599273,
      2.151863859724117,
      1.503725737973087,
      1.0898906195025371e-15
    ],
    "singular_values_D": [
      6.005300723268292,
      5.821535923104091,
      5.630332422575849,
      5.197172571762938,
      4.9216491393565835,
      4.553146094664401,
      3.961048679864973,
      2.9288303390014865,
      2.5164489515599273,
      2.151863859724117,
      1.503725737973087,
      1.0898906195025371e-15
    ],
    "singular_values_D_anchor": [
      16.16139322652117,
      5.999162027412951,
      5.641248594332427,
      5.3875999917943584,
      4.943320633854437,
      4.5580463108554925,
      3.963359235237794,
      3.1296861041731043,
      2.636986981687464,
      2.4439874326374404,
      1.525573026862326,
      7.033113207021238e-16
    ],
    "root_tree_count_cv": 0.38131963485137044,
    "root_tree_count_gini": 0.20740740740740748,
    "edge_participation": [
      0.4444444444444444,
      0.3333333333333333,
      0.25925925925925924,
      0.3333333333333333,
      0.3333333333333333,
      0.4074074074074074,
      0.2222222222222222,
      0.3333333333333333,
      0.3333333333333333,
      0.2222222222222222,
      0.3333333333333333,
      0.4444444444444444
    ],
    "edge_participation_mean": 0.3333333333333333,
    "edge_participation_var": 0.005029721079103795,
    "edge_participation_gini": 0.11419753086419737,
    "bottleneck_edge_fraction_095": 0.0,
    "mean_shortest_path": 1.4,
    "comparison_branch_d_rel_values": [
      22,
      22,
      22
    ],
    "comparison_branch_d_rel_min": 22,
    "comparison_branch_d_rel_mean": 22.0,
    "comparison_branch_d_rel_max": 22,
    "comparison_branch_d_rel_gini": 0.0,
    "comparison_branch_common_d_rel_values": [
      22,
      22,
      22
    ],
    "comparison_branch_common_d_rel_min": 22,
    "comparison_branch_common_d_rel_mean": 22.0,
    "comparison_branch_common_d_rel_max": 22,
    "comparison_branch_common_d_rel_gini": 0.0,
    "comparison_branch_input_count_values": [
      24,
      24,
      24
    ],
    "comparison_branch_input_count_min": 24,
    "comparison_branch_input_count_mean": 24.0,
    "comparison_branch_input_count_max": 24,
    "comparison_branch_input_count_gini": 0.0,
    "comparison_branch_input_overlap_values": [
      24,
      24,
      24
    ],
    "comparison_branch_input_overlap_min": 24,
    "comparison_branch_input_overlap_mean": 24.0,
    "comparison_branch_input_overlap_max": 24,
    "comparison_branch_input_overlap_gini": 0.0,
    "in_degree": [
      2,
      3,
      2,
      4,
      1
    ],
    "out_degree": [
      2,
      2,
      3,
      2,
      3
    ],
    "in_degree_cv": 0.4249182927993988,
    "out_degree_cv": 0.2041241452319315
  }
}