{
  "name": "random_sc_n5_m12_seed71",
  "family": "random_sc",
  "seed": 71,
  "n_nodes": 5,
  "edges": [
    [
      0,
      1
    ],
    [
      1,
      2
    ],
    [
      2,
      3
    ],
    [
      3,
      4
    ],
    [
      4,
      0
    ],
    [
      1,
      4
    ],
    [
      2,
      4
    ],
    [
      3,
      0
    ],
    [
      0,
      2
    ],
    [
      1,
      3
    ],
    [
      0,
      4
    ],
    [
      1,
      0
    ]
  ],
  "metrics": {
    "n_nodes": 5,
    "n_edges": 12,
    "p": 8,
    "strongly_connected": true,
    "edges": [
      [
        0,
        1
      ],
      [
        1,
        2
      ],
      [
        2,
        3
      ],
      [
        3,
        4
      ],
      [
        4,
        0
      ],
      [
        1,
        4
      ],
      [
        2,
        4
      ],
      [
        3,
        0
      ],
      [
        0,
        2
      ],
      [
        1,
        3
      ],
      [
        0,
        4
      ],
      [
        1,
        0
      ]
    ],
    "tree_counts_enum": [
      16,
      4,
      10,
      7,
      37
    ],
    "tree_counts_det": [
      16,
      4,
      10,
      7,
      37
    ],
    "tree_counts_match_det": true,
    "tree_enumeration_truncated": false,
    "max_trees_per_root": null,
    "n_trees_total_enum": 74,
    "rank_M": 12,
    "rank_D": 11,
    "rank_D_anchor": 11,
    "d_rel": 88,
    "effective_rank_D": 8.640568002728337,
    "condition_number_D": 5.620391600982668,
    "effective_rank_D_masked": 69.12454402182678,
    "condition_number_D_masked": 5.620391600982668,
    "singular_values_D_masked": [
      5.954585284843716,
      5.669154183556748,
      5.042503274541668,
      4.767963125005366,
      4.334788480457307,
      4.239503752250293,
      3.8334666445969487,
      3.281348194145776,
      2.070624064533415,
      1.8266323747949373,
      1.0594609250719502,
      1.0146609421468229e-15,
      5.954585284843716,
      5.669154183556748,
      5.042503274541668,
      4.767963125005366,
      4.334788480457307,
      4.239503752250293,
      3.8334666445969487,
      3.281348194145776,
      2.070624064533415,
      1.8266323747949373,
      1.0594609250719502,
      1.0146609421468229e-15,
      5.954585284843716,
      5.669154183556748,
      5.042503274541668,
      4.767963125005366,
      4.334788480457307,
      4.239503752250293,
      3.8334666445969487,
      3.281348194145776,
      2.070624064533415,
      1.8266323747949373,
      1.0594609250719502,
      1.0146609421468229e-15,
      5.954585284843716,
      5.669154183556748,
      5.042503274541668,
      4.767963125005366,
      4.334788480457307,
      4.239503752250293,
      3.8334666445969487,
      3.281348194145776,
      2.070624064533415,
      1.8266323747949373,
      1.0594609250719502,
      1.0146609421468229e-15,
      5.954585284843716,
      5.669154183556748,
      5.042503274541668,
      4.767963125005366,
      4.334788480457307,
      4.239503752250293,
      3.8334666445969487,
      3.281348194145776,
      2.070624064533415,
      1.8266323747949373,
      1.0594609250719502,
      1.0146609421468229e-15,
      5.954585284843716,
      5.669154183556748,
      5.042503274541668,
      4.767963125005366,
      4.334788480457307,
      4.239503752250293,
      3.8334666445969487,
      3.281348194145776,
      2.070624064533415,
      1.8266323747949373,
      1.0594609250719502,
      1.0146609421468229e-15,
      5.954585284843716,
      5.669154183556748,
      5.042503274541668,
      4.767963125005366,
      4.334788480457307,
      4.239503752250293,
      3.8334666445969487,
      3.281348194145776,
      2.070624064533415,
      1.8266323747949373,
      1.0594609250719502,
      1.0146609421468229e-15,
      5.954585284843716,
      5.669154183556748,
      5.042503274541668,
      4.767963125005366,
      4.334788480457307,
      4.239503752250293,
      3.8334666445969487,
      3.281348194145776,
      2.070624064533415,
      1.8266323747949373,
      1.0594609250719502,
      1.0146609421468229e-15
    ],
    "singular_values_D": [
      5.954585284843716,
      5.669154183556748,
      5.042503274541668,
      4.767963125005366,
      4.334788480457307,
      4.239503752250293,
      3.8334666445969487,
      3.281348194145776,
      2.070624064533415,
      1.8266323747949373,
      1.0594609250719502,
      1.0146609421468229e-15
    ],
    "singular_values_D_anchor": [
      13.392963769061781,
      5.694888506163676,
      5.197341731649716,
      5.016263891873247,
      4.560425727319733,
      4.244791275354571,
      3.853356419750234,
      3.55884973918812,
      2.2463866828731676,
      1.8768985473871291,
      1.0597158292932407,
      7.681383922628703e-16
    ],
    "root_tree_count_cv": 0.7964952447725068,
    "root_tree_count_gini": 0.4054054054054055,
    "edge_participation": [
      0.24324324324324326,
      0.2702702702702703,
      0.43243243243243246,
      0.5,
      0.5,
      0.24324324324324326,
      0.43243243243243246,
      0.40540540540540543,
      0.32432432432432434,
      0.24324324324324326,
      0.21621621621621623,
      0.1891891891891892
    ],
    "edge_participation_mean": 0.3333333333333334,
    "edge_participation_var": 0.01194099504910316,
    "edge_participation_gini": 0.18299549549549576,
    "bottleneck_edge_fraction_095": 0.0,
    "mean_shortest_path": 1.5,
    "comparison_branch_d_rel_values": [
      22,
      22,
      22
    ],
    "comparison_branch_d_rel_min": 22,
    "comparison_branch_d_rel_mean": 22.0,
    "comparison_branch_d_rel_max": 22,
    "comparison_branch_d_rel_gini": 0.0,
    "comparison_branch_common_d_rel_values": [
      22,
      22,
      22
    ],
    "comparison_branch_common_d_rel_min": 22,
    "comparison_branch_common_d_rel_mean": 22.0,
    "comparison_branch_common_d_rel_max": 22,
    "comparison_branch_common_d_rel_gini": 0.0,
    "comparison_branch_input_count_values": [
      24,
      24,
      24
    ],
    "comparison_branch_input_count_min": 24,
    "comparison_branch_input_count_mean": 24.0,
    "comparison_branch_input_count_max": 24,
    "comparison_branch_input_count_gini": 0.0,
    "comparison_branch_input_overlap_values": [
      24,
      24,
      24
    ],
    "comparison_branch_input_overlap_min": 24,
    "comparison_branch_input_overlap_mean": 24.0,
    "comparison_branch_input_overlap_max": 24,
    "comparison_branch_input_overlap_gini": 0.0,
    "in_degree": [
      3,
      1,
      2,
      2,
      4
    ],
    "out_degree": [
      3,
      4,
      2,
      2,
      1
    ],
    "in_degree_cv": 0.4249182927993988,
    "out_degree_cv": 0.4249182927993988
  }
}