{
  "name": "random_sc_n5_m12_seed72",
  "family": "random_sc",
  "seed": 72,
  "n_nodes": 5,
  "edges": [
    [
      0,
      1
    ],
    [
      1,
      2
    ],
    [
      2,
      3
    ],
    [
      3,
      4
    ],
    [
      4,
      0
    ],
    [
      0,
      3
    ],
    [
      4,
      1
    ],
    [
      3,
      0
    ],
    [
      3,
      2
    ],
    [
      0,
      4
    ],
    [
      1,
      4
    ],
    [
      2,
      4
    ]
  ],
  "metrics": {
    "n_nodes": 5,
    "n_edges": 12,
    "p": 8,
    "strongly_connected": true,
    "edges": [
      [
        0,
        1
      ],
      [
        1,
        2
      ],
      [
        2,
        3
      ],
      [
        3,
        4
      ],
      [
        4,
        0
      ],
      [
        0,
        3
      ],
      [
        4,
        1
      ],
      [
        3,
        0
      ],
      [
        3,
        2
      ],
      [
        0,
        4
      ],
      [
        1,
        4
      ],
      [
        2,
        4
      ]
    ],
    "tree_counts_enum": [
      11,
      18,
      13,
      8,
      25
    ],
    "tree_counts_det": [
      11,
      18,
      13,
      8,
      25
    ],
    "tree_counts_match_det": true,
    "tree_enumeration_truncated": false,
    "max_trees_per_root": null,
    "n_trees_total_enum": 75,
    "rank_M": 12,
    "rank_D": 11,
    "rank_D_anchor": 11,
    "d_rel": 88,
    "effective_rank_D": 8.742710507462046,
    "condition_number_D": 3.8122368910678257,
    "effective_rank_D_masked": 69.9416840596963,
    "condition_number_D_masked": 3.8122368910678257,
    "singular_values_D_masked": [
      6.031632305748214,
      5.53106567445245,
      5.254063214196217,
      5.143332671591293,
      4.770992270613557,
      4.203073215787246,
      3.54455640855106,
      3.0813875391187,
      2.3479548411770383,
      1.7543689328525445,
      1.5821766794924241,
      1.0848918926331666e-15,
      6.031632305748214,
      5.53106567445245,
      5.254063214196217,
      5.143332671591293,
      4.770992270613557,
      4.203073215787246,
      3.54455640855106,
      3.0813875391187,
      2.3479548411770383,
      1.7543689328525445,
      1.5821766794924241,
      1.0848918926331666e-15,
      6.031632305748214,
      5.53106567445245,
      5.254063214196217,
      5.143332671591293,
      4.770992270613557,
      4.203073215787246,
      3.54455640855106,
      3.0813875391187,
      2.3479548411770383,
      1.7543689328525445,
      1.5821766794924241,
      1.0848918926331666e-15,
      6.031632305748214,
      5.53106567445245,
      5.254063214196217,
      5.143332671591293,
      4.770992270613557,
      4.203073215787246,
      3.54455640855106,
      3.0813875391187,
      2.3479548411770383,
      1.7543689328525445,
      1.5821766794924241,
      1.0848918926331666e-15,
      6.031632305748214,
      5.53106567445245,
      5.254063214196217,
      5.143332671591293,
      4.770992270613557,
      4.203073215787246,
      3.54455640855106,
      3.0813875391187,
      2.3479548411770383,
      1.7543689328525445,
      1.5821766794924241,
      1.0848918926331666e-15,
      6.031632305748214,
      5.53106567445245,
      5.254063214196217,
      5.143332671591293,
      4.770992270613557,
      4.203073215787246,
      3.54455640855106,
      3.0813875391187,
      2.3479548411770383,
      1.7543689328525445,
      1.5821766794924241,
      1.0848918926331666e-15,
      6.031632305748214,
      5.53106567445245,
      5.254063214196217,
      5.143332671591293,
      4.770992270613557,
      4.203073215787246,
      3.54455640855106,
      3.0813875391187,
      2.3479548411770383,
      1.7543689328525445,
      1.5821766794924241,
      1.0848918926331666e-15,
      6.031632305748214,
      5.53106567445245,
      5.254063214196217,
      5.143332671591293,
      4.770992270613557,
      4.203073215787246,
      3.54455640855106,
      3.0813875391187,
      2.3479548411770383,
      1.7543689328525445,
      1.5821766794924241,
      1.0848918926331666e-15
    ],
    "singular_values_D": [
      6.031632305748214,
      5.53106567445245,
      5.254063214196217,
      5.143332671591293,
      4.770992270613557,
      4.203073215787246,
      3.54455640855106,
      3.0813875391187,
      2.3479548411770383,
      1.7543689328525445,
      1.5821766794924241,
      1.0848918926331666e-15
    ],
    "singular_values_D_anchor": [
      14.115993198927509,
      5.843686435569363,
      5.383728389637879,
      5.245300216664928,
      4.7738057128245455,
      4.456097635117885,
      3.5781874524401243,
      3.2219433274334497,
      2.3681458201134755,
      1.9916604274316967,
      1.639256497082247,
      7.109435116803465e-16
    ],
    "root_tree_count_cv": 0.39777157040470124,
    "root_tree_count_gini": 0.2186666666666668,
    "edge_participation": [
      0.36,
      0.48,
      0.36,
      0.37333333333333335,
      0.3333333333333333,
      0.24,
      0.3333333333333333,
      0.28,
      0.24,
      0.25333333333333335,
      0.28,
      0.4666666666666667
    ],
    "edge_participation_mean": 0.3333333333333333,
    "edge_participation_var": 0.0059851851851851845,
    "edge_participation_gini": 0.1283333333333334,
    "bottleneck_edge_fraction_095": 0.0,
    "mean_shortest_path": 1.4,
    "comparison_branch_d_rel_values": [
      22,
      22,
      22
    ],
    "comparison_branch_d_rel_min": 22,
    "comparison_branch_d_rel_mean": 22.0,
    "comparison_branch_d_rel_max": 22,
    "comparison_branch_d_rel_gini": 0.0,
    "comparison_branch_common_d_rel_values": [
      22,
      22,
      22
    ],
    "comparison_branch_common_d_rel_min": 22,
    "comparison_branch_common_d_rel_mean": 22.0,
    "comparison_branch_common_d_rel_max": 22,
    "comparison_branch_common_d_rel_gini": 0.0,
    "comparison_branch_input_count_values": [
      24,
      24,
      24
    ],
    "comparison_branch_input_count_min": 24,
    "comparison_branch_input_count_mean": 24.0,
    "comparison_branch_input_count_max": 24,
    "comparison_branch_input_count_gini": 0.0,
    "comparison_branch_input_overlap_values": [
      24,
      24,
      24
    ],
    "comparison_branch_input_overlap_min": 24,
    "comparison_branch_input_overlap_mean": 24.0,
    "comparison_branch_input_overlap_max": 24,
    "comparison_branch_input_overlap_gini": 0.0,
    "in_degree": [
      2,
      2,
      2,
      2,
      4
    ],
    "out_degree": [
      3,
      2,
      2,
      3,
      2
    ],
    "in_degree_cv": 0.33333333333333337,
    "out_degree_cv": 0.2041241452319315
  }
}