{
  "name": "random_sc_n5_m12_seed76",
  "family": "random_sc",
  "seed": 76,
  "n_nodes": 5,
  "edges": [
    [
      0,
      1
    ],
    [
      1,
      2
    ],
    [
      2,
      3
    ],
    [
      3,
      4
    ],
    [
      4,
      0
    ],
    [
      1,
      4
    ],
    [
      2,
      1
    ],
    [
      2,
      0
    ],
    [
      1,
      0
    ],
    [
      1,
      3
    ],
    [
      0,
      2
    ],
    [
      4,
      1
    ]
  ],
  "metrics": {
    "n_nodes": 5,
    "n_edges": 12,
    "p": 8,
    "strongly_connected": true,
    "edges": [
      [
        0,
        1
      ],
      [
        1,
        2
      ],
      [
        2,
        3
      ],
      [
        3,
        4
      ],
      [
        4,
        0
      ],
      [
        1,
        4
      ],
      [
        2,
        1
      ],
      [
        2,
        0
      ],
      [
        1,
        0
      ],
      [
        1,
        3
      ],
      [
        0,
        2
      ],
      [
        4,
        1
      ]
    ],
    "tree_counts_enum": [
      15,
      9,
      8,
      17,
      13
    ],
    "tree_counts_det": [
      15,
      9,
      8,
      17,
      13
    ],
    "tree_counts_match_det": true,
    "tree_enumeration_truncated": false,
    "max_trees_per_root": null,
    "n_trees_total_enum": 62,
    "rank_M": 12,
    "rank_D": 11,
    "rank_D_anchor": 11,
    "d_rel": 88,
    "effective_rank_D": 8.85561715540117,
    "condition_number_D": 3.6453789201483278,
    "effective_rank_D_masked": 70.8449372432094,
    "condition_number_D_masked": 3.6453789201483278,
    "singular_values_D_masked": [
      5.2313671771920225,
      5.041787778389221,
      4.6324188784356455,
      4.553709228673811,
      3.635060875447872,
      3.4118260414235317,
      3.182716040286413,
      2.817048488727575,
      2.1708709945286038,
      1.8325090895951457,
      1.4350681484105257,
      4.859603600391387e-16,
      5.2313671771920225,
      5.041787778389221,
      4.6324188784356455,
      4.553709228673811,
      3.635060875447872,
      3.4118260414235317,
      3.182716040286413,
      2.817048488727575,
      2.1708709945286038,
      1.8325090895951457,
      1.4350681484105257,
      4.859603600391387e-16,
      5.2313671771920225,
      5.041787778389221,
      4.6324188784356455,
      4.553709228673811,
      3.635060875447872,
      3.4118260414235317,
      3.182716040286413,
      2.817048488727575,
      2.1708709945286038,
      1.8325090895951457,
      1.4350681484105257,
      4.859603600391387e-16,
      5.2313671771920225,
      5.041787778389221,
      4.6324188784356455,
      4.553709228673811,
      3.635060875447872,
      3.4118260414235317,
      3.182716040286413,
      2.817048488727575,
      2.1708709945286038,
      1.8325090895951457,
      1.4350681484105257,
      4.859603600391387e-16,
      5.2313671771920225,
      5.041787778389221,
      4.6324188784356455,
      4.553709228673811,
      3.635060875447872,
      3.4118260414235317,
      3.182716040286413,
      2.817048488727575,
      2.1708709945286038,
      1.8325090895951457,
      1.4350681484105257,
      4.859603600391387e-16,
      5.2313671771920225,
      5.041787778389221,
      4.6324188784356455,
      4.553709228673811,
      3.635060875447872,
      3.4118260414235317,
      3.182716040286413,
      2.817048488727575,
      2.1708709945286038,
      1.8325090895951457,
      1.4350681484105257,
      4.859603600391387e-16,
      5.2313671771920225,
      5.041787778389221,
      4.6324188784356455,
      4.553709228673811,
      3.635060875447872,
      3.4118260414235317,
      3.182716040286413,
      2.817048488727575,
      2.1708709945286038,
      1.8325090895951457,
      1.4350681484105257,
      4.859603600391387e-16,
      5.2313671771920225,
      5.041787778389221,
      4.6324188784356455,
      4.553709228673811,
      3.635060875447872,
      3.4118260414235317,
      3.182716040286413,
      2.817048488727575,
      2.1708709945286038,
      1.8325090895951457,
      1.4350681484105257,
      4.859603600391387e-16
    ],
    "singular_values_D": [
      5.2313671771920225,
      5.041787778389221,
      4.6324188784356455,
      4.553709228673811,
      3.635060875447872,
      3.4118260414235317,
      3.182716040286413,
      2.817048488727575,
      2.1708709945286038,
      1.8325090895951457,
      1.4350681484105257,
      4.859603600391387e-16
    ],
    "singular_values_D_anchor": [
      11.811425621907322,
      5.187935687451015,
      4.965429326657212,
      4.59767909276804,
      3.7166071272575674,
      3.633461653579539,
      3.2566258673851163,
      2.9726523570412366,
      2.42391214995679,
      1.8385533652106685,
      1.438155712405498,
      8.009830548493999e-16
    ],
    "root_tree_count_cv": 0.27749436345298795,
    "root_tree_count_gini": 0.1548387096774193,
    "edge_participation": [
      0.3709677419354839,
      0.20967741935483872,
      0.41935483870967744,
      0.7258064516129032,
      0.46774193548387094,
      0.16129032258064516,
      0.25806451612903225,
      0.1935483870967742,
      0.1774193548387097,
      0.3064516129032258,
      0.3870967741935484,
      0.3225806451612903
    ],
    "edge_participation_mean": 0.3333333333333333,
    "edge_participation_var": 0.02325413342582958,
    "edge_participation_gini": 0.2426075268817205,
    "bottleneck_edge_fraction_095": 0.0,
    "mean_shortest_path": 1.45,
    "comparison_branch_d_rel_values": [
      22,
      22,
      22
    ],
    "comparison_branch_d_rel_min": 22,
    "comparison_branch_d_rel_mean": 22.0,
    "comparison_branch_d_rel_max": 22,
    "comparison_branch_d_rel_gini": 0.0,
    "comparison_branch_common_d_rel_values": [
      22,
      22,
      22
    ],
    "comparison_branch_common_d_rel_min": 22,
    "comparison_branch_common_d_rel_mean": 22.0,
    "comparison_branch_common_d_rel_max": 22,
    "comparison_branch_common_d_rel_gini": 0.0,
    "comparison_branch_input_count_values": [
      24,
      24,
      24
    ],
    "comparison_branch_input_count_min": 24,
    "comparison_branch_input_count_mean": 24.0,
    "comparison_branch_input_count_max": 24,
    "comparison_branch_input_count_gini": 0.0,
    "comparison_branch_input_overlap_values": [
      24,
      24,
      24
    ],
    "comparison_branch_input_overlap_min": 24,
    "comparison_branch_input_overlap_mean": 24.0,
    "comparison_branch_input_overlap_max": 24,
    "comparison_branch_input_overlap_gini": 0.0,
    "in_degree": [
      3,
      3,
      2,
      2,
      2
    ],
    "out_degree": [
      2,
      4,
      3,
      1,
      2
    ],
    "in_degree_cv": 0.2041241452319315,
    "out_degree_cv": 0.4249182927993988
  }
}