{
  "name": "random_sc_n5_m12_seed77",
  "family": "random_sc",
  "seed": 77,
  "n_nodes": 5,
  "edges": [
    [
      0,
      1
    ],
    [
      1,
      2
    ],
    [
      2,
      3
    ],
    [
      3,
      4
    ],
    [
      4,
      0
    ],
    [
      4,
      1
    ],
    [
      1,
      3
    ],
    [
      1,
      4
    ],
    [
      1,
      0
    ],
    [
      3,
      2
    ],
    [
      3,
      1
    ],
    [
      0,
      3
    ]
  ],
  "metrics": {
    "n_nodes": 5,
    "n_edges": 12,
    "p": 8,
    "strongly_connected": true,
    "edges": [
      [
        0,
        1
      ],
      [
        1,
        2
      ],
      [
        2,
        3
      ],
      [
        3,
        4
      ],
      [
        4,
        0
      ],
      [
        4,
        1
      ],
      [
        1,
        3
      ],
      [
        1,
        4
      ],
      [
        1,
        0
      ],
      [
        3,
        2
      ],
      [
        3,
        1
      ],
      [
        0,
        3
      ]
    ],
    "tree_counts_enum": [
      8,
      7,
      18,
      11,
      9
    ],
    "tree_counts_det": [
      8,
      7,
      18,
      11,
      9
    ],
    "tree_counts_match_det": true,
    "tree_enumeration_truncated": false,
    "max_trees_per_root": null,
    "n_trees_total_enum": 53,
    "rank_M": 12,
    "rank_D": 11,
    "rank_D_anchor": 11,
    "d_rel": 88,
    "effective_rank_D": 8.361707453518424,
    "condition_number_D": 3.9314414551050114,
    "effective_rank_D_masked": 66.89365962814738,
    "condition_number_D_masked": 3.9314414551050114,
    "singular_values_D_masked": [
      4.951673206698838,
      4.889552076257517,
      4.638629886520359,
      3.9251972020606964,
      3.794849566703789,
      3.031390450663352,
      2.7940318527784975,
      2.1704124114625225,
      1.7911846413638846,
      1.470385816495306,
      1.2595057724359717,
      5.037821168078945e-16,
      4.951673206698838,
      4.889552076257517,
      4.638629886520359,
      3.9251972020606964,
      3.794849566703789,
      3.031390450663352,
      2.7940318527784975,
      2.1704124114625225,
      1.7911846413638846,
      1.470385816495306,
      1.2595057724359717,
      5.037821168078945e-16,
      4.951673206698838,
      4.889552076257517,
      4.638629886520359,
      3.9251972020606964,
      3.794849566703789,
      3.031390450663352,
      2.7940318527784975,
      2.1704124114625225,
      1.7911846413638846,
      1.470385816495306,
      1.2595057724359717,
      5.037821168078945e-16,
      4.951673206698838,
      4.889552076257517,
      4.638629886520359,
      3.9251972020606964,
      3.794849566703789,
      3.031390450663352,
      2.7940318527784975,
      2.1704124114625225,
      1.7911846413638846,
      1.470385816495306,
      1.2595057724359717,
      5.037821168078945e-16,
      4.951673206698838,
      4.889552076257517,
      4.638629886520359,
      3.9251972020606964,
      3.794849566703789,
      3.031390450663352,
      2.7940318527784975,
      2.1704124114625225,
      1.7911846413638846,
      1.470385816495306,
      1.2595057724359717,
      5.037821168078945e-16,
      4.951673206698838,
      4.889552076257517,
      4.638629886520359,
      3.9251972020606964,
      3.794849566703789,
      3.031390450663352,
      2.7940318527784975,
      2.1704124114625225,
      1.7911846413638846,
      1.470385816495306,
      1.2595057724359717,
      5.037821168078945e-16,
      4.951673206698838,
      4.889552076257517,
      4.638629886520359,
      3.9251972020606964,
      3.794849566703789,
      3.031390450663352,
      2.7940318527784975,
      2.1704124114625225,
      1.7911846413638846,
      1.470385816495306,
      1.2595057724359717,
      5.037821168078945e-16,
      4.951673206698838,
      4.889552076257517,
      4.638629886520359,
      3.9251972020606964,
      3.794849566703789,
      3.031390450663352,
      2.7940318527784975,
      2.1704124114625225,
      1.7911846413638846,
      1.470385816495306,
      1.2595057724359717,
      5.037821168078945e-16
    ],
    "singular_values_D": [
      4.951673206698838,
      4.889552076257517,
      4.638629886520359,
      3.9251972020606964,
      3.794849566703789,
      3.031390450663352,
      2.7940318527784975,
      2.1704124114625225,
      1.7911846413638846,
      1.470385816495306,
      1.2595057724359717,
      5.037821168078945e-16
    ],
    "singular_values_D_anchor": [
      10.992458808501327,
      4.89138093791065,
      4.729146953126271,
      4.50050407616819,
      3.9156714076872134,
      3.0656992907117666,
      2.891535247595862,
      2.196869322243975,
      2.137687439593091,
      1.5443644354171906,
      1.3220814270855834,
      6.383772431538871e-16
    ],
    "root_tree_count_cv": 0.37069590008280195,
    "root_tree_count_gini": 0.18867924528301883,
    "edge_participation": [
      0.37735849056603776,
      0.33962264150943394,
      0.660377358490566,
      0.33962264150943394,
      0.4528301886792453,
      0.37735849056603776,
      0.20754716981132076,
      0.1509433962264151,
      0.16981132075471697,
      0.20754716981132076,
      0.24528301886792453,
      0.4716981132075472
    ],
    "edge_participation_mean": 0.3333333333333333,
    "edge_participation_var": 0.020311696530991654,
    "edge_participation_gini": 0.2350628930817611,
    "bottleneck_edge_fraction_095": 0.0,
    "mean_shortest_path": 1.45,
    "comparison_branch_d_rel_values": [
      22,
      22,
      22
    ],
    "comparison_branch_d_rel_min": 22,
    "comparison_branch_d_rel_mean": 22.0,
    "comparison_branch_d_rel_max": 22,
    "comparison_branch_d_rel_gini": 0.0,
    "comparison_branch_common_d_rel_values": [
      22,
      22,
      22
    ],
    "comparison_branch_common_d_rel_min": 22,
    "comparison_branch_common_d_rel_mean": 22.0,
    "comparison_branch_common_d_rel_max": 22,
    "comparison_branch_common_d_rel_gini": 0.0,
    "comparison_branch_input_count_values": [
      24,
      24,
      24
    ],
    "comparison_branch_input_count_min": 24,
    "comparison_branch_input_count_mean": 24.0,
    "comparison_branch_input_count_max": 24,
    "comparison_branch_input_count_gini": 0.0,
    "comparison_branch_input_overlap_values": [
      24,
      24,
      24
    ],
    "comparison_branch_input_overlap_min": 24,
    "comparison_branch_input_overlap_mean": 24.0,
    "comparison_branch_input_overlap_max": 24,
    "comparison_branch_input_overlap_gini": 0.0,
    "in_degree": [
      2,
      3,
      2,
      3,
      2
    ],
    "out_degree": [
      2,
      4,
      1,
      3,
      2
    ],
    "in_degree_cv": 0.2041241452319315,
    "out_degree_cv": 0.4249182927993988
  }
}