{
  "name": "random_sc_n5_m12_seed85",
  "family": "random_sc",
  "seed": 85,
  "n_nodes": 5,
  "edges": [
    [
      0,
      1
    ],
    [
      1,
      2
    ],
    [
      2,
      3
    ],
    [
      3,
      4
    ],
    [
      4,
      0
    ],
    [
      1,
      0
    ],
    [
      3,
      2
    ],
    [
      3,
      0
    ],
    [
      0,
      3
    ],
    [
      1,
      4
    ],
    [
      4,
      3
    ],
    [
      4,
      1
    ]
  ],
  "metrics": {
    "n_nodes": 5,
    "n_edges": 12,
    "p": 8,
    "strongly_connected": true,
    "edges": [
      [
        0,
        1
      ],
      [
        1,
        2
      ],
      [
        2,
        3
      ],
      [
        3,
        4
      ],
      [
        4,
        0
      ],
      [
        1,
        0
      ],
      [
        3,
        2
      ],
      [
        3,
        0
      ],
      [
        0,
        3
      ],
      [
        1,
        4
      ],
      [
        4,
        3
      ],
      [
        4,
        1
      ]
    ],
    "tree_counts_enum": [
      12,
      6,
      18,
      12,
      6
    ],
    "tree_counts_det": [
      12,
      6,
      18,
      12,
      6
    ],
    "tree_counts_match_det": true,
    "tree_enumeration_truncated": false,
    "max_trees_per_root": null,
    "n_trees_total_enum": 54,
    "rank_M": 12,
    "rank_D": 11,
    "rank_D_anchor": 11,
    "d_rel": 88,
    "effective_rank_D": 8.382846952924133,
    "condition_number_D": 3.9682117343680736,
    "effective_rank_D_masked": 67.06277562339302,
    "condition_number_D_masked": 3.9682117343680736,
    "singular_values_D_masked": [
      5.164287633425954,
      4.940119997397954,
      4.49958604673498,
      4.125600634435953,
      3.7548594458250175,
      3.3880925018039885,
      2.950695276585734,
      2.264376656234484,
      1.7579357283603916,
      1.3400238754322018,
      1.3014143344970357,
      7.975826653724662e-16,
      5.164287633425954,
      4.940119997397954,
      4.49958604673498,
      4.125600634435953,
      3.7548594458250175,
      3.3880925018039885,
      2.950695276585734,
      2.264376656234484,
      1.7579357283603916,
      1.3400238754322018,
      1.3014143344970357,
      7.975826653724662e-16,
      5.164287633425954,
      4.940119997397954,
      4.49958604673498,
      4.125600634435953,
      3.7548594458250175,
      3.3880925018039885,
      2.950695276585734,
      2.264376656234484,
      1.7579357283603916,
      1.3400238754322018,
      1.3014143344970357,
      7.975826653724662e-16,
      5.164287633425954,
      4.940119997397954,
      4.49958604673498,
      4.125600634435953,
      3.7548594458250175,
      3.3880925018039885,
      2.950695276585734,
      2.264376656234484,
      1.7579357283603916,
      1.3400238754322018,
      1.3014143344970357,
      7.975826653724662e-16,
      5.164287633425954,
      4.940119997397954,
      4.49958604673498,
      4.125600634435953,
      3.7548594458250175,
      3.3880925018039885,
      2.950695276585734,
      2.264376656234484,
      1.7579357283603916,
      1.3400238754322018,
      1.3014143344970357,
      7.975826653724662e-16,
      5.164287633425954,
      4.940119997397954,
      4.49958604673498,
      4.125600634435953,
      3.7548594458250175,
      3.3880925018039885,
      2.950695276585734,
      2.264376656234484,
      1.7579357283603916,
      1.3400238754322018,
      1.3014143344970357,
      7.975826653724662e-16,
      5.164287633425954,
      4.940119997397954,
      4.49958604673498,
      4.125600634435953,
      3.7548594458250175,
      3.3880925018039885,
      2.950695276585734,
      2.264376656234484,
      1.7579357283603916,
      1.3400238754322018,
      1.3014143344970357,
      7.975826653724662e-16,
      5.164287633425954,
      4.940119997397954,
      4.49958604673498,
      4.125600634435953,
      3.7548594458250175,
      3.3880925018039885,
      2.950695276585734,
      2.264376656234484,
      1.7579357283603916,
      1.3400238754322018,
      1.3014143344970357,
      7.975826653724662e-16
    ],
    "singular_values_D": [
      5.164287633425954,
      4.940119997397954,
      4.49958604673498,
      4.125600634435953,
      3.7548594458250175,
      3.3880925018039885,
      2.950695276585734,
      2.264376656234484,
      1.7579357283603916,
      1.3400238754322018,
      1.3014143344970357,
      7.975826653724662e-16
    ],
    "singular_values_D_anchor": [
      11.287572550024779,
      5.12723857347209,
      4.902067191050437,
      4.3285216813234335,
      3.755256452040712,
      3.611354055250419,
      3.0000388761226784,
      2.4602351880139066,
      1.9482457289459496,
      1.3537747610845858,
      1.307891720175931,
      5.195060965222476e-16
    ],
    "root_tree_count_cv": 0.41573970964154905,
    "root_tree_count_gini": 0.22222222222222232,
    "edge_participation": [
      0.3888888888888889,
      0.4444444444444444,
      0.6666666666666666,
      0.2777777777777778,
      0.3333333333333333,
      0.2222222222222222,
      0.2222222222222222,
      0.2777777777777778,
      0.3888888888888889,
      0.2222222222222222,
      0.2777777777777778,
      0.2777777777777778
    ],
    "edge_participation_mean": 0.3333333333333333,
    "edge_participation_var": 0.014917695473251025,
    "edge_participation_gini": 0.18287037037037068,
    "bottleneck_edge_fraction_095": 0.0,
    "mean_shortest_path": 1.45,
    "comparison_branch_d_rel_values": [
      22,
      22,
      22
    ],
    "comparison_branch_d_rel_min": 22,
    "comparison_branch_d_rel_mean": 22.0,
    "comparison_branch_d_rel_max": 22,
    "comparison_branch_d_rel_gini": 0.0,
    "comparison_branch_common_d_rel_values": [
      22,
      22,
      22
    ],
    "comparison_branch_common_d_rel_min": 22,
    "comparison_branch_common_d_rel_mean": 22.0,
    "comparison_branch_common_d_rel_max": 22,
    "comparison_branch_common_d_rel_gini": 0.0,
    "comparison_branch_input_count_values": [
      24,
      24,
      24
    ],
    "comparison_branch_input_count_min": 24,
    "comparison_branch_input_count_mean": 24.0,
    "comparison_branch_input_count_max": 24,
    "comparison_branch_input_count_gini": 0.0,
    "comparison_branch_input_overlap_values": [
      24,
      24,
      24
    ],
    "comparison_branch_input_overlap_min": 24,
    "comparison_branch_input_overlap_mean": 24.0,
    "comparison_branch_input_overlap_max": 24,
    "comparison_branch_input_overlap_gini": 0.0,
    "in_degree": [
      3,
      2,
      2,
      3,
      2
    ],
    "out_degree": [
      2,
      3,
      1,
      3,
      3
    ],
    "in_degree_cv": 0.2041241452319315,
    "out_degree_cv": 0.33333333333333337
  }
}