{
  "name": "random_sc_n5_m12_seed91",
  "family": "random_sc",
  "seed": 91,
  "n_nodes": 5,
  "edges": [
    [
      0,
      1
    ],
    [
      1,
      2
    ],
    [
      2,
      3
    ],
    [
      3,
      4
    ],
    [
      4,
      0
    ],
    [
      0,
      3
    ],
    [
      3,
      0
    ],
    [
      0,
      4
    ],
    [
      3,
      1
    ],
    [
      3,
      2
    ],
    [
      4,
      1
    ],
    [
      2,
      0
    ]
  ],
  "metrics": {
    "n_nodes": 5,
    "n_edges": 12,
    "p": 8,
    "strongly_connected": true,
    "edges": [
      [
        0,
        1
      ],
      [
        1,
        2
      ],
      [
        2,
        3
      ],
      [
        3,
        4
      ],
      [
        4,
        0
      ],
      [
        0,
        3
      ],
      [
        3,
        0
      ],
      [
        0,
        4
      ],
      [
        3,
        1
      ],
      [
        3,
        2
      ],
      [
        4,
        1
      ],
      [
        2,
        0
      ]
    ],
    "tree_counts_enum": [
      11,
      27,
      17,
      7,
      9
    ],
    "tree_counts_det": [
      11,
      27,
      17,
      7,
      9
    ],
    "tree_counts_match_det": true,
    "tree_enumeration_truncated": false,
    "max_trees_per_root": null,
    "n_trees_total_enum": 71,
    "rank_M": 12,
    "rank_D": 11,
    "rank_D_anchor": 11,
    "d_rel": 88,
    "effective_rank_D": 8.867710180060476,
    "condition_number_D": 4.207347625118155,
    "effective_rank_D_masked": 70.94168144048382,
    "condition_number_D_masked": 4.207347625118155,
    "singular_values_D_masked": [
      5.788593844526979,
      5.314679710752235,
      4.918088201673218,
      4.5942409287243775,
      4.322236078930386,
      4.006633151417446,
      3.517581255612323,
      3.2155661827422573,
      2.236521055465694,
      1.895949258203103,
      1.375829705624673,
      9.316204338860297e-16,
      5.788593844526979,
      5.314679710752235,
      4.918088201673218,
      4.5942409287243775,
      4.322236078930386,
      4.006633151417446,
      3.517581255612323,
      3.2155661827422573,
      2.236521055465694,
      1.895949258203103,
      1.375829705624673,
      9.316204338860297e-16,
      5.788593844526979,
      5.314679710752235,
      4.918088201673218,
      4.5942409287243775,
      4.322236078930386,
      4.006633151417446,
      3.517581255612323,
      3.2155661827422573,
      2.236521055465694,
      1.895949258203103,
      1.375829705624673,
      9.316204338860297e-16,
      5.788593844526979,
      5.314679710752235,
      4.918088201673218,
      4.5942409287243775,
      4.322236078930386,
      4.006633151417446,
      3.517581255612323,
      3.2155661827422573,
      2.236521055465694,
      1.895949258203103,
      1.375829705624673,
      9.316204338860297e-16,
      5.788593844526979,
      5.314679710752235,
      4.918088201673218,
      4.5942409287243775,
      4.322236078930386,
      4.006633151417446,
      3.517581255612323,
      3.2155661827422573,
      2.236521055465694,
      1.895949258203103,
      1.375829705624673,
      9.316204338860297e-16,
      5.788593844526979,
      5.314679710752235,
      4.918088201673218,
      4.5942409287243775,
      4.322236078930386,
      4.006633151417446,
      3.517581255612323,
      3.2155661827422573,
      2.236521055465694,
      1.895949258203103,
      1.375829705624673,
      9.316204338860297e-16,
      5.788593844526979,
      5.314679710752235,
      4.918088201673218,
      4.5942409287243775,
      4.322236078930386,
      4.006633151417446,
      3.517581255612323,
      3.2155661827422573,
      2.236521055465694,
      1.895949258203103,
      1.375829705624673,
      9.316204338860297e-16,
      5.788593844526979,
      5.314679710752235,
      4.918088201673218,
      4.5942409287243775,
      4.322236078930386,
      4.006633151417446,
      3.517581255612323,
      3.2155661827422573,
      2.236521055465694,
      1.895949258203103,
      1.375829705624673,
      9.316204338860297e-16
    ],
    "singular_values_D": [
      5.788593844526979,
      5.314679710752235,
      4.918088201673218,
      4.5942409287243775,
      4.322236078930386,
      4.006633151417446,
      3.517581255612323,
      3.2155661827422573,
      2.236521055465694,
      1.895949258203103,
      1.375829705624673,
      9.316204338860297e-16
    ],
    "singular_values_D_anchor": [
      13.884098357597603,
      5.571794045648865,
      5.141813131630465,
      4.611073238833841,
      4.4506301690587335,
      4.075743648363774,
      3.5463426319353935,
      3.215795285897681,
      2.5551097473084647,
      2.158030928834192,
      1.4011856877433773,
      9.907007388630832e-16
    ],
    "root_tree_count_cv": 0.508604791134304,
    "root_tree_count_gini": 0.2704225352112677,
    "edge_participation": [
      0.352112676056338,
      0.6197183098591549,
      0.3380281690140845,
      0.28169014084507044,
      0.3380281690140845,
      0.23943661971830985,
      0.2112676056338028,
      0.2535211267605634,
      0.2535211267605634,
      0.15492957746478872,
      0.5352112676056338,
      0.4225352112676056
    ],
    "edge_participation_mean": 0.3333333333333333,
    "edge_participation_var": 0.01683969230091031,
    "edge_participation_gini": 0.210680751173709,
    "bottleneck_edge_fraction_095": 0.0,
    "mean_shortest_path": 1.45,
    "comparison_branch_d_rel_values": [
      22,
      22,
      22
    ],
    "comparison_branch_d_rel_min": 22,
    "comparison_branch_d_rel_mean": 22.0,
    "comparison_branch_d_rel_max": 22,
    "comparison_branch_d_rel_gini": 0.0,
    "comparison_branch_common_d_rel_values": [
      22,
      22,
      22
    ],
    "comparison_branch_common_d_rel_min": 22,
    "comparison_branch_common_d_rel_mean": 22.0,
    "comparison_branch_common_d_rel_max": 22,
    "comparison_branch_common_d_rel_gini": 0.0,
    "comparison_branch_input_count_values": [
      24,
      24,
      24
    ],
    "comparison_branch_input_count_min": 24,
    "comparison_branch_input_count_mean": 24.0,
    "comparison_branch_input_count_max": 24,
    "comparison_branch_input_count_gini": 0.0,
    "comparison_branch_input_overlap_values": [
      24,
      24,
      24
    ],
    "comparison_branch_input_overlap_min": 24,
    "comparison_branch_input_overlap_mean": 24.0,
    "comparison_branch_input_overlap_max": 24,
    "comparison_branch_input_overlap_gini": 0.0,
    "in_degree": [
      3,
      3,
      2,
      2,
      2
    ],
    "out_degree": [
      3,
      1,
      2,
      4,
      2
    ],
    "in_degree_cv": 0.2041241452319315,
    "out_degree_cv": 0.4249182927993988
  }
}