{
  "name": "random_sc_n5_m12_seed94",
  "family": "random_sc",
  "seed": 94,
  "n_nodes": 5,
  "edges": [
    [
      0,
      1
    ],
    [
      1,
      2
    ],
    [
      2,
      3
    ],
    [
      3,
      4
    ],
    [
      4,
      0
    ],
    [
      2,
      4
    ],
    [
      0,
      4
    ],
    [
      0,
      3
    ],
    [
      1,
      3
    ],
    [
      3,
      2
    ],
    [
      2,
      0
    ],
    [
      0,
      2
    ]
  ],
  "metrics": {
    "n_nodes": 5,
    "n_edges": 12,
    "p": 8,
    "strongly_connected": true,
    "edges": [
      [
        0,
        1
      ],
      [
        1,
        2
      ],
      [
        2,
        3
      ],
      [
        3,
        4
      ],
      [
        4,
        0
      ],
      [
        2,
        4
      ],
      [
        0,
        4
      ],
      [
        0,
        3
      ],
      [
        1,
        3
      ],
      [
        3,
        2
      ],
      [
        2,
        0
      ],
      [
        0,
        2
      ]
    ],
    "tree_counts_enum": [
      10,
      5,
      9,
      12,
      31
    ],
    "tree_counts_det": [
      10,
      5,
      9,
      12,
      31
    ],
    "tree_counts_match_det": true,
    "tree_enumeration_truncated": false,
    "max_trees_per_root": null,
    "n_trees_total_enum": 67,
    "rank_M": 12,
    "rank_D": 11,
    "rank_D_anchor": 11,
    "d_rel": 88,
    "effective_rank_D": 8.53330574998823,
    "condition_number_D": 3.9538384425918514,
    "effective_rank_D_masked": 68.26644599990593,
    "condition_number_D_masked": 3.9538384425918514,
    "singular_values_D_masked": [
      5.60674183280775,
      5.538910906507909,
      5.020275716195738,
      4.344725968025812,
      4.196983111305695,
      3.8282584496139376,
      3.4375339992625737,
      2.7247822179501955,
      2.0075458601732716,
      1.5498188692715382,
      1.4180503109106235,
      8.143723768350199e-16,
      5.60674183280775,
      5.538910906507909,
      5.020275716195738,
      4.344725968025812,
      4.196983111305695,
      3.8282584496139376,
      3.4375339992625737,
      2.7247822179501955,
      2.0075458601732716,
      1.5498188692715382,
      1.4180503109106235,
      8.143723768350199e-16,
      5.60674183280775,
      5.538910906507909,
      5.020275716195738,
      4.344725968025812,
      4.196983111305695,
      3.8282584496139376,
      3.4375339992625737,
      2.7247822179501955,
      2.0075458601732716,
      1.5498188692715382,
      1.4180503109106235,
      8.143723768350199e-16,
      5.60674183280775,
      5.538910906507909,
      5.020275716195738,
      4.344725968025812,
      4.196983111305695,
      3.8282584496139376,
      3.4375339992625737,
      2.7247822179501955,
      2.0075458601732716,
      1.5498188692715382,
      1.4180503109106235,
      8.143723768350199e-16,
      5.60674183280775,
      5.538910906507909,
      5.020275716195738,
      4.344725968025812,
      4.196983111305695,
      3.8282584496139376,
      3.4375339992625737,
      2.7247822179501955,
      2.0075458601732716,
      1.5498188692715382,
      1.4180503109106235,
      8.143723768350199e-16,
      5.60674183280775,
      5.538910906507909,
      5.020275716195738,
      4.344725968025812,
      4.196983111305695,
      3.8282584496139376,
      3.4375339992625737,
      2.7247822179501955,
      2.0075458601732716,
      1.5498188692715382,
      1.4180503109106235,
      8.143723768350199e-16,
      5.60674183280775,
      5.538910906507909,
      5.020275716195738,
      4.344725968025812,
      4.196983111305695,
      3.8282584496139376,
      3.4375339992625737,
      2.7247822179501955,
      2.0075458601732716,
      1.5498188692715382,
      1.4180503109106235,
      8.143723768350199e-16,
      5.60674183280775,
      5.538910906507909,
      5.020275716195738,
      4.344725968025812,
      4.196983111305695,
      3.8282584496139376,
      3.4375339992625737,
      2.7247822179501955,
      2.0075458601732716,
      1.5498188692715382,
      1.4180503109106235,
      8.143723768350199e-16
    ],
    "singular_values_D": [
      5.60674183280775,
      5.538910906507909,
      5.020275716195738,
      4.344725968025812,
      4.196983111305695,
      3.8282584496139376,
      3.4375339992625737,
      2.7247822179501955,
      2.0075458601732716,
      1.5498188692715382,
      1.4180503109106235,
      8.143723768350199e-16
    ],
    "singular_values_D_anchor": [
      12.761251490826249,
      5.54112145232953,
      5.180059558123686,
      4.3958388295406365,
      4.250712368352252,
      3.84049067668621,
      3.437776022353144,
      3.1256336802332734,
      2.211942922695898,
      1.7080982744306619,
      1.4401083396688157,
      7.100788470662152e-16
    ],
    "root_tree_count_cv": 0.6784070553649858,
    "root_tree_count_gini": 0.32835820895522394,
    "edge_participation": [
      0.2835820895522388,
      0.44776119402985076,
      0.2537313432835821,
      0.4925373134328358,
      0.5373134328358209,
      0.373134328358209,
      0.14925373134328357,
      0.23880597014925373,
      0.47761194029850745,
      0.3283582089552239,
      0.23880597014925373,
      0.1791044776119403
    ],
    "edge_participation_mean": 0.3333333333333333,
    "edge_participation_var": 0.01556892156134749,
    "edge_participation_gini": 0.21268656716417933,
    "bottleneck_edge_fraction_095": 0.0,
    "mean_shortest_path": 1.45,
    "comparison_branch_d_rel_values": [
      22,
      22,
      22
    ],
    "comparison_branch_d_rel_min": 22,
    "comparison_branch_d_rel_mean": 22.0,
    "comparison_branch_d_rel_max": 22,
    "comparison_branch_d_rel_gini": 0.0,
    "comparison_branch_common_d_rel_values": [
      22,
      22,
      22
    ],
    "comparison_branch_common_d_rel_min": 22,
    "comparison_branch_common_d_rel_mean": 22.0,
    "comparison_branch_common_d_rel_max": 22,
    "comparison_branch_common_d_rel_gini": 0.0,
    "comparison_branch_input_count_values": [
      24,
      24,
      24
    ],
    "comparison_branch_input_count_min": 24,
    "comparison_branch_input_count_mean": 24.0,
    "comparison_branch_input_count_max": 24,
    "comparison_branch_input_count_gini": 0.0,
    "comparison_branch_input_overlap_values": [
      24,
      24,
      24
    ],
    "comparison_branch_input_overlap_min": 24,
    "comparison_branch_input_overlap_mean": 24.0,
    "comparison_branch_input_overlap_max": 24,
    "comparison_branch_input_overlap_gini": 0.0,
    "in_degree": [
      2,
      1,
      3,
      3,
      3
    ],
    "out_degree": [
      4,
      2,
      3,
      2,
      1
    ],
    "in_degree_cv": 0.33333333333333337,
    "out_degree_cv": 0.4249182927993988
  }
}