{
  "name": "random_sc_n5_m12_seed96",
  "family": "random_sc",
  "seed": 96,
  "n_nodes": 5,
  "edges": [
    [
      0,
      1
    ],
    [
      1,
      2
    ],
    [
      2,
      3
    ],
    [
      3,
      4
    ],
    [
      4,
      0
    ],
    [
      1,
      4
    ],
    [
      4,
      3
    ],
    [
      3,
      1
    ],
    [
      2,
      0
    ],
    [
      1,
      0
    ],
    [
      0,
      3
    ],
    [
      4,
      2
    ]
  ],
  "metrics": {
    "n_nodes": 5,
    "n_edges": 12,
    "p": 8,
    "strongly_connected": true,
    "edges": [
      [
        0,
        1
      ],
      [
        1,
        2
      ],
      [
        2,
        3
      ],
      [
        3,
        4
      ],
      [
        4,
        0
      ],
      [
        1,
        4
      ],
      [
        4,
        3
      ],
      [
        3,
        1
      ],
      [
        2,
        0
      ],
      [
        1,
        0
      ],
      [
        0,
        3
      ],
      [
        4,
        2
      ]
    ],
    "tree_counts_enum": [
      21,
      15,
      14,
      24,
      13
    ],
    "tree_counts_det": [
      21,
      15,
      14,
      24,
      13
    ],
    "tree_counts_match_det": true,
    "tree_enumeration_truncated": false,
    "max_trees_per_root": null,
    "n_trees_total_enum": 87,
    "rank_M": 12,
    "rank_D": 11,
    "rank_D_anchor": 11,
    "d_rel": 88,
    "effective_rank_D": 9.01655951398318,
    "condition_number_D": 3.31221916580842,
    "effective_rank_D_masked": 72.13247611186536,
    "condition_number_D_masked": 3.31221916580842,
    "singular_values_D_masked": [
      6.169724195619344,
      5.8589708277894905,
      5.744978345700358,
      5.408210571700689,
      5.191002490153394,
      4.583613740676026,
      4.338220018704888,
      2.9367269555498408,
      2.6912621103958245,
      2.2740575409328954,
      1.8627161690592677,
      6.246821200691242e-16,
      6.169724195619344,
      5.8589708277894905,
      5.744978345700358,
      5.408210571700689,
      5.191002490153394,
      4.583613740676026,
      4.338220018704888,
      2.9367269555498408,
      2.6912621103958245,
      2.2740575409328954,
      1.8627161690592677,
      6.246821200691242e-16,
      6.169724195619344,
      5.8589708277894905,
      5.744978345700358,
      5.408210571700689,
      5.191002490153394,
      4.583613740676026,
      4.338220018704888,
      2.9367269555498408,
      2.6912621103958245,
      2.2740575409328954,
      1.8627161690592677,
      6.246821200691242e-16,
      6.169724195619344,
      5.8589708277894905,
      5.744978345700358,
      5.408210571700689,
      5.191002490153394,
      4.583613740676026,
      4.338220018704888,
      2.9367269555498408,
      2.6912621103958245,
      2.2740575409328954,
      1.8627161690592677,
      6.246821200691242e-16,
      6.169724195619344,
      5.8589708277894905,
      5.744978345700358,
      5.408210571700689,
      5.191002490153394,
      4.583613740676026,
      4.338220018704888,
      2.9367269555498408,
      2.6912621103958245,
      2.2740575409328954,
      1.8627161690592677,
      6.246821200691242e-16,
      6.169724195619344,
      5.8589708277894905,
      5.744978345700358,
      5.408210571700689,
      5.191002490153394,
      4.583613740676026,
      4.338220018704888,
      2.9367269555498408,
      2.6912621103958245,
      2.2740575409328954,
      1.8627161690592677,
      6.246821200691242e-16,
      6.169724195619344,
      5.8589708277894905,
      5.744978345700358,
      5.408210571700689,
      5.191002490153394,
      4.583613740676026,
      4.338220018704888,
      2.9367269555498408,
      2.6912621103958245,
      2.2740575409328954,
      1.8627161690592677,
      6.246821200691242e-16,
      6.169724195619344,
      5.8589708277894905,
      5.744978345700358,
      5.408210571700689,
      5.191002490153394,
      4.583613740676026,
      4.338220018704888,
      2.9367269555498408,
      2.6912621103958245,
      2.2740575409328954,
      1.8627161690592677,
      6.246821200691242e-16
    ],
    "singular_values_D": [
      6.169724195619344,
      5.8589708277894905,
      5.744978345700358,
      5.408210571700689,
      5.191002490153394,
      4.583613740676026,
      4.338220018704888,
      2.9367269555498408,
      2.6912621103958245,
      2.2740575409328954,
      1.8627161690592677,
      6.246821200691242e-16
    ],
    "singular_values_D_anchor": [
      16.35990973868528,
      6.008918403971712,
      5.846840086661221,
      5.574752019060752,
      5.208005527817874,
      4.585008166535161,
      4.383158765926332,
      3.2812208466386705,
      2.825239367265736,
      2.2917031983230443,
      1.9039066088464094,
      8.373038480181015e-16
    ],
    "root_tree_count_cv": 0.2481268177577345,
    "root_tree_count_gini": 0.1333333333333333,
    "edge_participation": [
      0.3103448275862069,
      0.3103448275862069,
      0.40229885057471265,
      0.3103448275862069,
      0.3103448275862069,
      0.3103448275862069,
      0.20689655172413793,
      0.41379310344827586,
      0.4367816091954023,
      0.20689655172413793,
      0.4482758620689655,
      0.3333333333333333
    ],
    "edge_participation_mean": 0.3333333333333333,
    "edge_participation_var": 0.005813185361342318,
    "edge_participation_gini": 0.1245210727969348,
    "bottleneck_edge_fraction_095": 0.0,
    "mean_shortest_path": 1.4,
    "comparison_branch_d_rel_values": [
      22,
      22,
      22
    ],
    "comparison_branch_d_rel_min": 22,
    "comparison_branch_d_rel_mean": 22.0,
    "comparison_branch_d_rel_max": 22,
    "comparison_branch_d_rel_gini": 0.0,
    "comparison_branch_common_d_rel_values": [
      22,
      22,
      22
    ],
    "comparison_branch_common_d_rel_min": 22,
    "comparison_branch_common_d_rel_mean": 22.0,
    "comparison_branch_common_d_rel_max": 22,
    "comparison_branch_common_d_rel_gini": 0.0,
    "comparison_branch_input_count_values": [
      24,
      24,
      24
    ],
    "comparison_branch_input_count_min": 24,
    "comparison_branch_input_count_mean": 24.0,
    "comparison_branch_input_count_max": 24,
    "comparison_branch_input_count_gini": 0.0,
    "comparison_branch_input_overlap_values": [
      24,
      24,
      24
    ],
    "comparison_branch_input_overlap_min": 24,
    "comparison_branch_input_overlap_mean": 24.0,
    "comparison_branch_input_overlap_max": 24,
    "comparison_branch_input_overlap_gini": 0.0,
    "in_degree": [
      3,
      2,
      2,
      3,
      2
    ],
    "out_degree": [
      2,
      3,
      2,
      2,
      3
    ],
    "in_degree_cv": 0.2041241452319315,
    "out_degree_cv": 0.2041241452319315
  }
}