{
  "name": "hub_spoke_n5_m12_seed26",
  "family": "hub_spoke",
  "seed": 26,
  "n_nodes": 5,
  "edges": [
    [
      0,
      1
    ],
    [
      1,
      0
    ],
    [
      0,
      2
    ],
    [
      2,
      0
    ],
    [
      0,
      3
    ],
    [
      3,
      0
    ],
    [
      0,
      4
    ],
    [
      4,
      0
    ],
    [
      2,
      3
    ],
    [
      2,
      4
    ],
    [
      1,
      4
    ],
    [
      3,
      4
    ]
  ],
  "metrics": {
    "n_nodes": 5,
    "n_edges": 12,
    "p": 8,
    "strongly_connected": true,
    "edges": [
      [
        0,
        1
      ],
      [
        1,
        0
      ],
      [
        0,
        2
      ],
      [
        2,
        0
      ],
      [
        0,
        3
      ],
      [
        3,
        0
      ],
      [
        0,
        4
      ],
      [
        4,
        0
      ],
      [
        2,
        3
      ],
      [
        2,
        4
      ],
      [
        1,
        4
      ],
      [
        3,
        4
      ]
    ],
    "tree_counts_enum": [
      12,
      6,
      4,
      8,
      30
    ],
    "tree_counts_det": [
      12,
      6,
      4,
      8,
      30
    ],
    "tree_counts_match_det": true,
    "tree_enumeration_truncated": false,
    "max_trees_per_root": null,
    "n_trees_total_enum": 60,
    "rank_M": 12,
    "rank_D": 11,
    "rank_D_anchor": 11,
    "d_rel": 88,
    "effective_rank_D": 8.360261921744547,
    "condition_number_D": 5.439370562266811,
    "effective_rank_D_masked": 66.8820953739563,
    "condition_number_D_masked": 5.439370562266811,
    "singular_values_D_masked": [
      5.298479522674066,
      5.186322304109204,
      4.615480528824602,
      4.308442907654152,
      4.286913381077806,
      3.5581962979165676,
      3.3619645620954945,
      2.7488511294691635,
      1.6961278265457305,
      1.2542234277705178,
      0.9740979148267425,
      6.907024923868183e-16,
      5.298479522674066,
      5.186322304109204,
      4.615480528824602,
      4.308442907654152,
      4.286913381077806,
      3.5581962979165676,
      3.3619645620954945,
      2.7488511294691635,
      1.6961278265457305,
      1.2542234277705178,
      0.9740979148267425,
      6.907024923868183e-16,
      5.298479522674066,
      5.186322304109204,
      4.615480528824602,
      4.308442907654152,
      4.286913381077806,
      3.5581962979165676,
      3.3619645620954945,
      2.7488511294691635,
      1.6961278265457305,
      1.2542234277705178,
      0.9740979148267425,
      6.907024923868183e-16,
      5.298479522674066,
      5.186322304109204,
      4.615480528824602,
      4.308442907654152,
      4.286913381077806,
      3.5581962979165676,
      3.3619645620954945,
      2.7488511294691635,
      1.6961278265457305,
      1.2542234277705178,
      0.9740979148267425,
      6.907024923868183e-16,
      5.298479522674066,
      5.186322304109204,
      4.615480528824602,
      4.308442907654152,
      4.286913381077806,
      3.5581962979165676,
      3.3619645620954945,
      2.7488511294691635,
      1.6961278265457305,
      1.2542234277705178,
      0.9740979148267425,
      6.907024923868183e-16,
      5.298479522674066,
      5.186322304109204,
      4.615480528824602,
      4.308442907654152,
      4.286913381077806,
      3.5581962979165676,
      3.3619645620954945,
      2.7488511294691635,
      1.6961278265457305,
      1.2542234277705178,
      0.9740979148267425,
      6.907024923868183e-16,
      5.298479522674066,
      5.186322304109204,
      4.615480528824602,
      4.308442907654152,
      4.286913381077806,
      3.5581962979165676,
      3.3619645620954945,
      2.7488511294691635,
      1.6961278265457305,
      1.2542234277705178,
      0.9740979148267425,
      6.907024923868183e-16,
      5.298479522674066,
      5.186322304109204,
      4.615480528824602,
      4.308442907654152,
      4.286913381077806,
      3.5581962979165676,
      3.3619645620954945,
      2.7488511294691635,
      1.6961278265457305,
      1.2542234277705178,
      0.9740979148267425,
      6.907024923868183e-16
    ],
    "singular_values_D": [
      5.298479522674066,
      5.186322304109204,
      4.615480528824602,
      4.308442907654152,
      4.286913381077806,
      3.5581962979165676,
      3.3619645620954945,
      2.7488511294691635,
      1.6961278265457305,
      1.2542234277705178,
      0.9740979148267425,
      6.907024923868183e-16
    ],
    "singular_values_D_anchor": [
      12.995968799083554,
      5.282432438221912,
      4.655524179194374,
      4.559171234191149,
      4.302404660781621,
      3.5584079745405197,
      3.4151161658425924,
      2.7512252112514863,
      1.9383684158899432,
      1.2715793317210495,
      0.9804880942337212,
      9.092102614861248e-16
    ],
    "root_tree_count_cv": 0.7817359599705717,
    "root_tree_count_gini": 0.3866666666666667,
    "edge_participation": [
      0.2,
      0.4,
      0.2,
      0.26666666666666666,
      0.2,
      0.36666666666666664,
      0.2,
      0.5,
      0.3333333333333333,
      0.3333333333333333,
      0.5,
      0.5
    ],
    "edge_participation_mean": 0.3333333333333333,
    "edge_participation_var": 0.013703703703703704,
    "edge_participation_gini": 0.19583333333333353,
    "bottleneck_edge_fraction_095": 0.0,
    "mean_shortest_path": 1.4,
    "comparison_branch_d_rel_values": [
      22,
      22,
      22
    ],
    "comparison_branch_d_rel_min": 22,
    "comparison_branch_d_rel_mean": 22.0,
    "comparison_branch_d_rel_max": 22,
    "comparison_branch_d_rel_gini": 0.0,
    "comparison_branch_common_d_rel_values": [
      22,
      22,
      22
    ],
    "comparison_branch_common_d_rel_min": 22,
    "comparison_branch_common_d_rel_mean": 22.0,
    "comparison_branch_common_d_rel_max": 22,
    "comparison_branch_common_d_rel_gini": 0.0,
    "comparison_branch_input_count_values": [
      24,
      24,
      24
    ],
    "comparison_branch_input_count_min": 24,
    "comparison_branch_input_count_mean": 24.0,
    "comparison_branch_input_count_max": 24,
    "comparison_branch_input_count_gini": 0.0,
    "comparison_branch_input_overlap_values": [
      24,
      24,
      24
    ],
    "comparison_branch_input_overlap_min": 24,
    "comparison_branch_input_overlap_mean": 24.0,
    "comparison_branch_input_overlap_max": 24,
    "comparison_branch_input_overlap_gini": 0.0,
    "in_degree": [
      4,
      1,
      1,
      2,
      4
    ],
    "out_degree": [
      4,
      2,
      3,
      2,
      1
    ],
    "in_degree_cv": 0.5651941652604391,
    "out_degree_cv": 0.4249182927993988
  }
}