{
  "name": "hub_spoke_n5_m12_seed24",
  "family": "hub_spoke",
  "seed": 24,
  "n_nodes": 5,
  "edges": [
    [
      0,
      1
    ],
    [
      1,
      0
    ],
    [
      0,
      2
    ],
    [
      2,
      0
    ],
    [
      0,
      3
    ],
    [
      3,
      0
    ],
    [
      0,
      4
    ],
    [
      4,
      0
    ],
    [
      2,
      3
    ],
    [
      3,
      2
    ],
    [
      3,
      4
    ],
    [
      1,
      2
    ]
  ],
  "metrics": {
    "n_nodes": 5,
    "n_edges": 12,
    "p": 8,
    "strongly_connected": true,
    "edges": [
      [
        0,
        1
      ],
      [
        1,
        0
      ],
      [
        0,
        2
      ],
      [
        2,
        0
      ],
      [
        0,
        3
      ],
      [
        3,
        0
      ],
      [
        0,
        4
      ],
      [
        4,
        0
      ],
      [
        2,
        3
      ],
      [
        3,
        2
      ],
      [
        3,
        4
      ],
      [
        1,
        2
      ]
    ],
    "tree_counts_enum": [
      10,
      5,
      11,
      7,
      17
    ],
    "tree_counts_det": [
      10,
      5,
      11,
      7,
      17
    ],
    "tree_counts_match_det": true,
    "tree_enumeration_truncated": false,
    "max_trees_per_root": null,
    "n_trees_total_enum": 50,
    "rank_M": 12,
    "rank_D": 11,
    "rank_D_anchor": 11,
    "d_rel": 88,
    "effective_rank_D": 8.253943317815391,
    "condition_number_D": 4.579332124670258,
    "effective_rank_D_masked": 66.03154654252312,
    "condition_number_D_masked": 4.579332124670258,
    "singular_values_D_masked": [
      4.873524405180941,
      4.756567381427941,
      4.445225329953619,
      3.9310770873088265,
      3.3914924964581648,
      3.162277660168379,
      2.8842887327081796,
      1.975613446675651,
      1.6803670102714134,
      1.3600707640348826,
      1.0642434906447993,
      8.147373176949019e-16,
      4.873524405180941,
      4.756567381427941,
      4.445225329953619,
      3.9310770873088265,
      3.3914924964581648,
      3.162277660168379,
      2.8842887327081796,
      1.975613446675651,
      1.6803670102714134,
      1.3600707640348826,
      1.0642434906447993,
      8.147373176949019e-16,
      4.873524405180941,
      4.756567381427941,
      4.445225329953619,
      3.9310770873088265,
      3.3914924964581648,
      3.162277660168379,
      2.8842887327081796,
      1.975613446675651,
      1.6803670102714134,
      1.3600707640348826,
      1.0642434906447993,
      8.147373176949019e-16,
      4.873524405180941,
      4.756567381427941,
      4.445225329953619,
      3.9310770873088265,
      3.3914924964581648,
      3.162277660168379,
      2.8842887327081796,
      1.975613446675651,
      1.6803670102714134,
      1.3600707640348826,
      1.0642434906447993,
      8.147373176949019e-16,
      4.873524405180941,
      4.756567381427941,
      4.445225329953619,
      3.9310770873088265,
      3.3914924964581648,
      3.162277660168379,
      2.8842887327081796,
      1.975613446675651,
      1.6803670102714134,
      1.3600707640348826,
      1.0642434906447993,
      8.147373176949019e-16,
      4.873524405180941,
      4.756567381427941,
      4.445225329953619,
      3.9310770873088265,
      3.3914924964581648,
      3.162277660168379,
      2.8842887327081796,
      1.975613446675651,
      1.6803670102714134,
      1.3600707640348826,
      1.0642434906447993,
      8.147373176949019e-16,
      4.873524405180941,
      4.756567381427941,
      4.445225329953619,
      3.9310770873088265,
      3.3914924964581648,
      3.162277660168379,
      2.8842887327081796,
      1.975613446675651,
      1.6803670102714134,
      1.3600707640348826,
      1.0642434906447993,
      8.147373176949019e-16,
      4.873524405180941,
      4.756567381427941,
      4.445225329953619,
      3.9310770873088265,
      3.3914924964581648,
      3.162277660168379,
      2.8842887327081796,
      1.975613446675651,
      1.6803670102714134,
      1.3600707640348826,
      1.0642434906447993,
      8.147373176949019e-16
    ],
    "singular_values_D": [
      4.873524405180941,
      4.756567381427941,
      4.445225329953619,
      3.9310770873088265,
      3.3914924964581648,
      3.162277660168379,
      2.8842887327081796,
      1.975613446675651,
      1.6803670102714134,
      1.3600707640348826,
      1.0642434906447993,
      8.147373176949019e-16
    ],
    "singular_values_D_anchor": [
      11.298372546127435,
      4.807575288167303,
      4.48620014213476,
      4.089151607995634,
      3.536937523160137,
      3.1622776601683786,
      3.101253597473472,
      2.0245653790714164,
      1.6869590027102979,
      1.4524703923122566,
      1.0976239150864684,
      6.060140499652481e-16
    ],
    "root_tree_count_cv": 0.40987803063838396,
    "root_tree_count_gini": 0.22399999999999998,
    "edge_participation": [
      0.2,
      0.4,
      0.2,
      0.38,
      0.2,
      0.26,
      0.2,
      0.66,
      0.4,
      0.2,
      0.4,
      0.5
    ],
    "edge_participation_mean": 0.3333333333333333,
    "edge_participation_var": 0.020355555555555557,
    "edge_participation_gini": 0.22666666666666657,
    "bottleneck_edge_fraction_095": 0.0,
    "mean_shortest_path": 1.4,
    "comparison_branch_d_rel_values": [
      22,
      22,
      22
    ],
    "comparison_branch_d_rel_min": 22,
    "comparison_branch_d_rel_mean": 22.0,
    "comparison_branch_d_rel_max": 22,
    "comparison_branch_d_rel_gini": 0.0,
    "comparison_branch_common_d_rel_values": [
      22,
      22,
      22
    ],
    "comparison_branch_common_d_rel_min": 22,
    "comparison_branch_common_d_rel_mean": 22.0,
    "comparison_branch_common_d_rel_max": 22,
    "comparison_branch_common_d_rel_gini": 0.0,
    "comparison_branch_input_count_values": [
      24,
      24,
      24
    ],
    "comparison_branch_input_count_min": 24,
    "comparison_branch_input_count_mean": 24.0,
    "comparison_branch_input_count_max": 24,
    "comparison_branch_input_count_gini": 0.0,
    "comparison_branch_input_overlap_values": [
      24,
      24,
      24
    ],
    "comparison_branch_input_overlap_min": 24,
    "comparison_branch_input_overlap_mean": 24.0,
    "comparison_branch_input_overlap_max": 24,
    "comparison_branch_input_overlap_gini": 0.0,
    "in_degree": [
      4,
      1,
      3,
      2,
      2
    ],
    "out_degree": [
      4,
      2,
      2,
      3,
      1
    ],
    "in_degree_cv": 0.4249182927993988,
    "out_degree_cv": 0.4249182927993988
  }
}