{
  "name": "hub_spoke_n5_m12_seed23",
  "family": "hub_spoke",
  "seed": 23,
  "n_nodes": 5,
  "edges": [
    [
      0,
      1
    ],
    [
      1,
      0
    ],
    [
      0,
      2
    ],
    [
      2,
      0
    ],
    [
      0,
      3
    ],
    [
      3,
      0
    ],
    [
      0,
      4
    ],
    [
      4,
      0
    ],
    [
      3,
      2
    ],
    [
      4,
      1
    ],
    [
      2,
      4
    ],
    [
      4,
      2
    ]
  ],
  "metrics": {
    "n_nodes": 5,
    "n_edges": 12,
    "p": 8,
    "strongly_connected": true,
    "edges": [
      [
        0,
        1
      ],
      [
        1,
        0
      ],
      [
        0,
        2
      ],
      [
        2,
        0
      ],
      [
        0,
        3
      ],
      [
        3,
        0
      ],
      [
        0,
        4
      ],
      [
        4,
        0
      ],
      [
        3,
        2
      ],
      [
        4,
        1
      ],
      [
        2,
        4
      ],
      [
        4,
        2
      ]
    ],
    "tree_counts_enum": [
      10,
      17,
      11,
      5,
      7
    ],
    "tree_counts_det": [
      10,
      17,
      11,
      5,
      7
    ],
    "tree_counts_match_det": true,
    "tree_enumeration_truncated": false,
    "max_trees_per_root": null,
    "n_trees_total_enum": 50,
    "rank_M": 12,
    "rank_D": 11,
    "rank_D_anchor": 11,
    "d_rel": 88,
    "effective_rank_D": 8.253943317815391,
    "condition_number_D": 4.5793321246702545,
    "effective_rank_D_masked": 66.03154654252312,
    "condition_number_D_masked": 4.5793321246702545,
    "singular_values_D_masked": [
      4.873524405180941,
      4.75656738142794,
      4.445225329953621,
      3.9310770873088243,
      3.391492496458164,
      3.1622776601683773,
      2.8842887327081805,
      1.9756134466756508,
      1.6803670102714132,
      1.3600707640348824,
      1.0642434906448002,
      9.854776111738152e-16,
      4.873524405180941,
      4.75656738142794,
      4.445225329953621,
      3.9310770873088243,
      3.391492496458164,
      3.1622776601683773,
      2.8842887327081805,
      1.9756134466756508,
      1.6803670102714132,
      1.3600707640348824,
      1.0642434906448002,
      9.854776111738152e-16,
      4.873524405180941,
      4.75656738142794,
      4.445225329953621,
      3.9310770873088243,
      3.391492496458164,
      3.1622776601683773,
      2.8842887327081805,
      1.9756134466756508,
      1.6803670102714132,
      1.3600707640348824,
      1.0642434906448002,
      9.854776111738152e-16,
      4.873524405180941,
      4.75656738142794,
      4.445225329953621,
      3.9310770873088243,
      3.391492496458164,
      3.1622776601683773,
      2.8842887327081805,
      1.9756134466756508,
      1.6803670102714132,
      1.3600707640348824,
      1.0642434906448002,
      9.854776111738152e-16,
      4.873524405180941,
      4.75656738142794,
      4.445225329953621,
      3.9310770873088243,
      3.391492496458164,
      3.1622776601683773,
      2.8842887327081805,
      1.9756134466756508,
      1.6803670102714132,
      1.3600707640348824,
      1.0642434906448002,
      9.854776111738152e-16,
      4.873524405180941,
      4.75656738142794,
      4.445225329953621,
      3.9310770873088243,
      3.391492496458164,
      3.1622776601683773,
      2.8842887327081805,
      1.9756134466756508,
      1.6803670102714132,
      1.3600707640348824,
      1.0642434906448002,
      9.854776111738152e-16,
      4.873524405180941,
      4.75656738142794,
      4.445225329953621,
      3.9310770873088243,
      3.391492496458164,
      3.1622776601683773,
      2.8842887327081805,
      1.9756134466756508,
      1.6803670102714132,
      1.3600707640348824,
      1.0642434906448002,
      9.854776111738152e-16,
      4.873524405180941,
      4.75656738142794,
      4.445225329953621,
      3.9310770873088243,
      3.391492496458164,
      3.1622776601683773,
      2.8842887327081805,
      1.9756134466756508,
      1.6803670102714132,
      1.3600707640348824,
      1.0642434906448002,
      9.854776111738152e-16
    ],
    "singular_values_D": [
      4.873524405180941,
      4.75656738142794,
      4.445225329953621,
      3.9310770873088243,
      3.391492496458164,
      3.1622776601683773,
      2.8842887327081805,
      1.9756134466756508,
      1.6803670102714132,
      1.3600707640348824,
      1.0642434906448002,
      9.854776111738152e-16
    ],
    "singular_values_D_anchor": [
      11.298372546127435,
      4.807575288167303,
      4.486200142134764,
      4.089151607995635,
      3.5369375231601383,
      3.1622776601683804,
      3.1012535974734736,
      2.0245653790714173,
      1.6869590027102994,
      1.4524703923122575,
      1.0976239150864682,
      5.241620203985777e-16
    ],
    "root_tree_count_cv": 0.40987803063838396,
    "root_tree_count_gini": 0.22399999999999998,
    "edge_participation": [
      0.2,
      0.66,
      0.2,
      0.38,
      0.2,
      0.4,
      0.2,
      0.26,
      0.5,
      0.4,
      0.4,
      0.2
    ],
    "edge_participation_mean": 0.3333333333333333,
    "edge_participation_var": 0.020355555555555557,
    "edge_participation_gini": 0.22666666666666657,
    "bottleneck_edge_fraction_095": 0.0,
    "mean_shortest_path": 1.4,
    "comparison_branch_d_rel_values": [
      22,
      22,
      22
    ],
    "comparison_branch_d_rel_min": 22,
    "comparison_branch_d_rel_mean": 22.0,
    "comparison_branch_d_rel_max": 22,
    "comparison_branch_d_rel_gini": 0.0,
    "comparison_branch_common_d_rel_values": [
      22,
      22,
      22
    ],
    "comparison_branch_common_d_rel_min": 22,
    "comparison_branch_common_d_rel_mean": 22.0,
    "comparison_branch_common_d_rel_max": 22,
    "comparison_branch_common_d_rel_gini": 0.0,
    "comparison_branch_input_count_values": [
      24,
      24,
      24
    ],
    "comparison_branch_input_count_min": 24,
    "comparison_branch_input_count_mean": 24.0,
    "comparison_branch_input_count_max": 24,
    "comparison_branch_input_count_gini": 0.0,
    "comparison_branch_input_overlap_values": [
      24,
      24,
      24
    ],
    "comparison_branch_input_overlap_min": 24,
    "comparison_branch_input_overlap_mean": 24.0,
    "comparison_branch_input_overlap_max": 24,
    "comparison_branch_input_overlap_gini": 0.0,
    "in_degree": [
      4,
      2,
      3,
      1,
      2
    ],
    "out_degree": [
      4,
      1,
      2,
      2,
      3
    ],
    "in_degree_cv": 0.4249182927993988,
    "out_degree_cv": 0.4249182927993988
  }
}