{
  "name": "hub_spoke_n5_m12_seed37",
  "family": "hub_spoke",
  "seed": 37,
  "n_nodes": 5,
  "edges": [
    [
      0,
      1
    ],
    [
      1,
      0
    ],
    [
      0,
      2
    ],
    [
      2,
      0
    ],
    [
      0,
      3
    ],
    [
      3,
      0
    ],
    [
      0,
      4
    ],
    [
      4,
      0
    ],
    [
      2,
      3
    ],
    [
      4,
      3
    ],
    [
      3,
      1
    ],
    [
      3,
      2
    ]
  ],
  "metrics": {
    "n_nodes": 5,
    "n_edges": 12,
    "p": 8,
    "strongly_connected": true,
    "edges": [
      [
        0,
        1
      ],
      [
        1,
        0
      ],
      [
        0,
        2
      ],
      [
        2,
        0
      ],
      [
        0,
        3
      ],
      [
        3,
        0
      ],
      [
        0,
        4
      ],
      [
        4,
        0
      ],
      [
        2,
        3
      ],
      [
        4,
        3
      ],
      [
        3,
        1
      ],
      [
        3,
        2
      ]
    ],
    "tree_counts_enum": [
      10,
      18,
      9,
      8,
      5
    ],
    "tree_counts_det": [
      10,
      18,
      9,
      8,
      5
    ],
    "tree_counts_match_det": true,
    "tree_enumeration_truncated": false,
    "max_trees_per_root": null,
    "n_trees_total_enum": 50,
    "rank_M": 12,
    "rank_D": 11,
    "rank_D_anchor": 11,
    "d_rel": 88,
    "effective_rank_D": 8.222159158075725,
    "condition_number_D": 4.327000042031388,
    "effective_rank_D_masked": 65.77727326460575,
    "condition_number_D_masked": 4.327000042031388,
    "singular_values_D_masked": [
      4.827998234872052,
      4.7844018107356305,
      4.552515021286928,
      3.875002741962592,
      3.405875253728928,
      3.162277660168379,
      2.8814494933356363,
      1.9574359043142262,
      1.599119907691948,
      1.3573656491221144,
      1.1157841895017548,
      6.121792995606962e-16,
      4.827998234872052,
      4.7844018107356305,
      4.552515021286928,
      3.875002741962592,
      3.405875253728928,
      3.162277660168379,
      2.8814494933356363,
      1.9574359043142262,
      1.599119907691948,
      1.3573656491221144,
      1.1157841895017548,
      6.121792995606962e-16,
      4.827998234872052,
      4.7844018107356305,
      4.552515021286928,
      3.875002741962592,
      3.405875253728928,
      3.162277660168379,
      2.8814494933356363,
      1.9574359043142262,
      1.599119907691948,
      1.3573656491221144,
      1.1157841895017548,
      6.121792995606962e-16,
      4.827998234872052,
      4.7844018107356305,
      4.552515021286928,
      3.875002741962592,
      3.405875253728928,
      3.162277660168379,
      2.8814494933356363,
      1.9574359043142262,
      1.599119907691948,
      1.3573656491221144,
      1.1157841895017548,
      6.121792995606962e-16,
      4.827998234872052,
      4.7844018107356305,
      4.552515021286928,
      3.875002741962592,
      3.405875253728928,
      3.162277660168379,
      2.8814494933356363,
      1.9574359043142262,
      1.599119907691948,
      1.3573656491221144,
      1.1157841895017548,
      6.121792995606962e-16,
      4.827998234872052,
      4.7844018107356305,
      4.552515021286928,
      3.875002741962592,
      3.405875253728928,
      3.162277660168379,
      2.8814494933356363,
      1.9574359043142262,
      1.599119907691948,
      1.3573656491221144,
      1.1157841895017548,
      6.121792995606962e-16,
      4.827998234872052,
      4.7844018107356305,
      4.552515021286928,
      3.875002741962592,
      3.405875253728928,
      3.162277660168379,
      2.8814494933356363,
      1.9574359043142262,
      1.599119907691948,
      1.3573656491221144,
      1.1157841895017548,
      6.121792995606962e-16,
      4.827998234872052,
      4.7844018107356305,
      4.552515021286928,
      3.875002741962592,
      3.405875253728928,
      3.162277660168379,
      2.8814494933356363,
      1.9574359043142262,
      1.599119907691948,
      1.3573656491221144,
      1.1157841895017548,
      6.121792995606962e-16
    ],
    "singular_values_D": [
      4.827998234872052,
      4.7844018107356305,
      4.552515021286928,
      3.875002741962592,
      3.405875253728928,
      3.162277660168379,
      2.8814494933356363,
      1.9574359043142262,
      1.599119907691948,
      1.3573656491221144,
      1.1157841895017548,
      6.121792995606962e-16
    ],
    "singular_values_D_anchor": [
      11.2778978232359,
      4.8277899564960824,
      4.561227810831002,
      4.043648986215303,
      3.5651015201453364,
      3.162277660168379,
      3.1030269050829036,
      1.9901227989086296,
      1.6131944562599867,
      1.4669137200912508,
      1.1366717931494252,
      7.965368136157134e-16
    ],
    "root_tree_count_cv": 0.433589667773576,
    "root_tree_count_gini": 0.22399999999999998,
    "edge_participation": [
      0.2,
      0.64,
      0.2,
      0.42,
      0.2,
      0.24,
      0.2,
      0.4,
      0.4,
      0.5,
      0.4,
      0.2
    ],
    "edge_participation_mean": 0.3333333333333333,
    "edge_participation_var": 0.020022222222222223,
    "edge_participation_gini": 0.22583333333333333,
    "bottleneck_edge_fraction_095": 0.0,
    "mean_shortest_path": 1.4,
    "comparison_branch_d_rel_values": [
      22,
      22,
      22
    ],
    "comparison_branch_d_rel_min": 22,
    "comparison_branch_d_rel_mean": 22.0,
    "comparison_branch_d_rel_max": 22,
    "comparison_branch_d_rel_gini": 0.0,
    "comparison_branch_common_d_rel_values": [
      22,
      22,
      22
    ],
    "comparison_branch_common_d_rel_min": 22,
    "comparison_branch_common_d_rel_mean": 22.0,
    "comparison_branch_common_d_rel_max": 22,
    "comparison_branch_common_d_rel_gini": 0.0,
    "comparison_branch_input_count_values": [
      24,
      24,
      24
    ],
    "comparison_branch_input_count_min": 24,
    "comparison_branch_input_count_mean": 24.0,
    "comparison_branch_input_count_max": 24,
    "comparison_branch_input_count_gini": 0.0,
    "comparison_branch_input_overlap_values": [
      24,
      24,
      24
    ],
    "comparison_branch_input_overlap_min": 24,
    "comparison_branch_input_overlap_mean": 24.0,
    "comparison_branch_input_overlap_max": 24,
    "comparison_branch_input_overlap_gini": 0.0,
    "in_degree": [
      4,
      2,
      2,
      3,
      1
    ],
    "out_degree": [
      4,
      1,
      2,
      3,
      2
    ],
    "in_degree_cv": 0.4249182927993988,
    "out_degree_cv": 0.4249182927993988
  }
}