{
  "name": "hub_spoke_n5_m12_seed30",
  "family": "hub_spoke",
  "seed": 30,
  "n_nodes": 5,
  "edges": [
    [
      0,
      1
    ],
    [
      1,
      0
    ],
    [
      0,
      2
    ],
    [
      2,
      0
    ],
    [
      0,
      3
    ],
    [
      3,
      0
    ],
    [
      0,
      4
    ],
    [
      4,
      0
    ],
    [
      1,
      3
    ],
    [
      2,
      4
    ],
    [
      3,
      1
    ],
    [
      4,
      2
    ]
  ],
  "metrics": {
    "n_nodes": 5,
    "n_edges": 12,
    "p": 8,
    "strongly_connected": true,
    "edges": [
      [
        0,
        1
      ],
      [
        1,
        0
      ],
      [
        0,
        2
      ],
      [
        2,
        0
      ],
      [
        0,
        3
      ],
      [
        3,
        0
      ],
      [
        0,
        4
      ],
      [
        4,
        0
      ],
      [
        1,
        3
      ],
      [
        2,
        4
      ],
      [
        3,
        1
      ],
      [
        4,
        2
      ]
    ],
    "tree_counts_enum": [
      9,
      9,
      9,
      9,
      9
    ],
    "tree_counts_det": [
      9,
      9,
      9,
      9,
      9
    ],
    "tree_counts_match_det": true,
    "tree_enumeration_truncated": false,
    "max_trees_per_root": null,
    "n_trees_total_enum": 45,
    "rank_M": 11,
    "rank_D": 10,
    "rank_D_anchor": 10,
    "d_rel": 80,
    "effective_rank_D": 7.857821750990955,
    "condition_number_D": 3.080225623011458,
    "effective_rank_D_masked": 62.86257400792766,
    "condition_number_D_masked": 3.080225623011458,
    "singular_values_D_masked": [
      4.785423261684288,
      4.7854232616842864,
      4.6701445026794035,
      3.344598995379305,
      3.113579879939612,
      3.1135798799396115,
      2.4879208838090783,
      1.8453575636624318,
      1.8453575636624309,
      1.5535950437960782,
      6.700701402348419e-16,
      5.631861830147349e-16,
      4.785423261684288,
      4.7854232616842864,
      4.6701445026794035,
      3.344598995379305,
      3.113579879939612,
      3.1135798799396115,
      2.4879208838090783,
      1.8453575636624318,
      1.8453575636624309,
      1.5535950437960782,
      6.700701402348419e-16,
      5.631861830147349e-16,
      4.785423261684288,
      4.7854232616842864,
      4.6701445026794035,
      3.344598995379305,
      3.113579879939612,
      3.1135798799396115,
      2.4879208838090783,
      1.8453575636624318,
      1.8453575636624309,
      1.5535950437960782,
      6.700701402348419e-16,
      5.631861830147349e-16,
      4.785423261684288,
      4.7854232616842864,
      4.6701445026794035,
      3.344598995379305,
      3.113579879939612,
      3.1135798799396115,
      2.4879208838090783,
      1.8453575636624318,
      1.8453575636624309,
      1.5535950437960782,
      6.700701402348419e-16,
      5.631861830147349e-16,
      4.785423261684288,
      4.7854232616842864,
      4.6701445026794035,
      3.344598995379305,
      3.113579879939612,
      3.1135798799396115,
      2.4879208838090783,
      1.8453575636624318,
      1.8453575636624309,
      1.5535950437960782,
      6.700701402348419e-16,
      5.631861830147349e-16,
      4.785423261684288,
      4.7854232616842864,
      4.6701445026794035,
      3.344598995379305,
      3.113579879939612,
      3.1135798799396115,
      2.4879208838090783,
      1.8453575636624318,
      1.8453575636624309,
      1.5535950437960782,
      6.700701402348419e-16,
      5.631861830147349e-16,
      4.785423261684288,
      4.7854232616842864,
      4.6701445026794035,
      3.344598995379305,
      3.113579879939612,
      3.1135798799396115,
      2.4879208838090783,
      1.8453575636624318,
      1.8453575636624309,
      1.5535950437960782,
      6.700701402348419e-16,
      5.631861830147349e-16,
      4.785423261684288,
      4.7854232616842864,
      4.6701445026794035,
      3.344598995379305,
      3.113579879939612,
      3.1135798799396115,
      2.4879208838090783,
      1.8453575636624318,
      1.8453575636624309,
      1.5535950437960782,
      6.700701402348419e-16,
      5.631861830147349e-16
    ],
    "singular_values_D": [
      4.785423261684288,
      4.7854232616842864,
      4.6701445026794035,
      3.344598995379305,
      3.113579879939612,
      3.1135798799396115,
      2.4879208838090783,
      1.8453575636624318,
      1.8453575636624309,
      1.5535950437960782,
      6.700701402348419e-16,
      5.631861830147349e-16
    ],
    "singular_values_D_anchor": [
      9.44871261160825,
      4.78542326168429,
      4.785423261684289,
      4.670144502679405,
      3.1135798799396106,
      3.1135798799396097,
      2.487920883809078,
      1.8453575636624313,
      1.8453575636624309,
      1.6497969521232596,
      7.050034473637824e-16,
      4.605186631781244e-16
    ],
    "root_tree_count_cv": 0.0,
    "root_tree_count_gini": 0.0,
    "edge_participation": [
      0.2,
      0.4666666666666667,
      0.2,
      0.4666666666666667,
      0.2,
      0.4666666666666667,
      0.2,
      0.4666666666666667,
      0.3333333333333333,
      0.3333333333333333,
      0.3333333333333333,
      0.3333333333333333
    ],
    "edge_participation_mean": 0.3333333333333334,
    "edge_participation_var": 0.01185185185185185,
    "edge_participation_gini": 0.1777777777777778,
    "bottleneck_edge_fraction_095": 0.0,
    "mean_shortest_path": 1.4,
    "comparison_branch_d_rel_values": [
      20,
      20,
      20
    ],
    "comparison_branch_d_rel_min": 20,
    "comparison_branch_d_rel_mean": 20.0,
    "comparison_branch_d_rel_max": 20,
    "comparison_branch_d_rel_gini": 0.0,
    "comparison_branch_common_d_rel_values": [
      20,
      20,
      20
    ],
    "comparison_branch_common_d_rel_min": 20,
    "comparison_branch_common_d_rel_mean": 20.0,
    "comparison_branch_common_d_rel_max": 20,
    "comparison_branch_common_d_rel_gini": 0.0,
    "comparison_branch_input_count_values": [
      24,
      24,
      24
    ],
    "comparison_branch_input_count_min": 24,
    "comparison_branch_input_count_mean": 24.0,
    "comparison_branch_input_count_max": 24,
    "comparison_branch_input_count_gini": 0.0,
    "comparison_branch_input_overlap_values": [
      24,
      24,
      24
    ],
    "comparison_branch_input_overlap_min": 24,
    "comparison_branch_input_overlap_mean": 24.0,
    "comparison_branch_input_overlap_max": 24,
    "comparison_branch_input_overlap_gini": 0.0,
    "in_degree": [
      4,
      2,
      2,
      2,
      2
    ],
    "out_degree": [
      4,
      2,
      2,
      2,
      2
    ],
    "in_degree_cv": 0.3333333333333334,
    "out_degree_cv": 0.3333333333333334
  }
}