{
  "name": "hub_spoke_n5_m12_seed38",
  "family": "hub_spoke",
  "seed": 38,
  "n_nodes": 5,
  "edges": [
    [
      0,
      1
    ],
    [
      1,
      0
    ],
    [
      0,
      2
    ],
    [
      2,
      0
    ],
    [
      0,
      3
    ],
    [
      3,
      0
    ],
    [
      0,
      4
    ],
    [
      4,
      0
    ],
    [
      3,
      2
    ],
    [
      2,
      3
    ],
    [
      1,
      2
    ],
    [
      4,
      1
    ]
  ],
  "metrics": {
    "n_nodes": 5,
    "n_edges": 12,
    "p": 8,
    "strongly_connected": true,
    "edges": [
      [
        0,
        1
      ],
      [
        1,
        0
      ],
      [
        0,
        2
      ],
      [
        2,
        0
      ],
      [
        0,
        3
      ],
      [
        3,
        0
      ],
      [
        0,
        4
      ],
      [
        4,
        0
      ],
      [
        3,
        2
      ],
      [
        2,
        3
      ],
      [
        1,
        2
      ],
      [
        4,
        1
      ]
    ],
    "tree_counts_enum": [
      12,
      9,
      18,
      15,
      6
    ],
    "tree_counts_det": [
      12,
      9,
      18,
      15,
      6
    ],
    "tree_counts_match_det": true,
    "tree_enumeration_truncated": false,
    "max_trees_per_root": null,
    "n_trees_total_enum": 60,
    "rank_M": 12,
    "rank_D": 11,
    "rank_D_anchor": 11,
    "d_rel": 88,
    "effective_rank_D": 8.33654218317834,
    "condition_number_D": 4.713261635314995,
    "effective_rank_D_masked": 66.69233746542675,
    "condition_number_D_masked": 4.713261635314995,
    "singular_values_D_masked": [
      5.342431574451698,
      5.202438049690043,
      5.038405036309841,
      4.615785369389183,
      3.663069726579869,
      3.533610547369413,
      3.195176103201522,
      2.451573129014169,
      1.820442171477186,
      1.6163986307821794,
      1.1334892878474068,
      5.293589619367232e-16,
      5.342431574451698,
      5.202438049690043,
      5.038405036309841,
      4.615785369389183,
      3.663069726579869,
      3.533610547369413,
      3.195176103201522,
      2.451573129014169,
      1.820442171477186,
      1.6163986307821794,
      1.1334892878474068,
      5.293589619367232e-16,
      5.342431574451698,
      5.202438049690043,
      5.038405036309841,
      4.615785369389183,
      3.663069726579869,
      3.533610547369413,
      3.195176103201522,
      2.451573129014169,
      1.820442171477186,
      1.6163986307821794,
      1.1334892878474068,
      5.293589619367232e-16,
      5.342431574451698,
      5.202438049690043,
      5.038405036309841,
      4.615785369389183,
      3.663069726579869,
      3.533610547369413,
      3.195176103201522,
      2.451573129014169,
      1.820442171477186,
      1.6163986307821794,
      1.1334892878474068,
      5.293589619367232e-16,
      5.342431574451698,
      5.202438049690043,
      5.038405036309841,
      4.615785369389183,
      3.663069726579869,
      3.533610547369413,
      3.195176103201522,
      2.451573129014169,
      1.820442171477186,
      1.6163986307821794,
      1.1334892878474068,
      5.293589619367232e-16,
      5.342431574451698,
      5.202438049690043,
      5.038405036309841,
      4.615785369389183,
      3.663069726579869,
      3.533610547369413,
      3.195176103201522,
      2.451573129014169,
      1.820442171477186,
      1.6163986307821794,
      1.1334892878474068,
      5.293589619367232e-16,
      5.342431574451698,
      5.202438049690043,
      5.038405036309841,
      4.615785369389183,
      3.663069726579869,
      3.533610547369413,
      3.195176103201522,
      2.451573129014169,
      1.820442171477186,
      1.6163986307821794,
      1.1334892878474068,
      5.293589619367232e-16,
      5.342431574451698,
      5.202438049690043,
      5.038405036309841,
      4.615785369389183,
      3.663069726579869,
      3.533610547369413,
      3.195176103201522,
      2.451573129014169,
      1.820442171477186,
      1.6163986307821794,
      1.1334892878474068,
      5.293589619367232e-16
    ],
    "singular_values_D": [
      5.342431574451698,
      5.202438049690043,
      5.038405036309841,
      4.615785369389183,
      3.663069726579869,
      3.533610547369413,
      3.195176103201522,
      2.451573129014169,
      1.820442171477186,
      1.6163986307821794,
      1.1334892878474068,
      5.293589619367232e-16
    ],
    "singular_values_D_anchor": [
      12.957860723232724,
      5.225578131501023,
      5.17138684839784,
      4.8093895301178335,
      3.6630726707043126,
      3.5336734353653054,
      3.3169147387606435,
      2.4538851063720264,
      1.983265258576743,
      1.6194898006631415,
      1.195489833588365,
      6.587893236488839e-16
    ],
    "root_tree_count_cv": 0.35355339059327373,
    "root_tree_count_gini": 0.19999999999999996,
    "edge_participation": [
      0.2,
      0.35,
      0.2,
      0.36666666666666664,
      0.2,
      0.4166666666666667,
      0.2,
      0.4,
      0.3333333333333333,
      0.3333333333333333,
      0.5,
      0.5
    ],
    "edge_participation_mean": 0.3333333333333333,
    "edge_participation_var": 0.011620370370370371,
    "edge_participation_gini": 0.17986111111111125,
    "bottleneck_edge_fraction_095": 0.0,
    "mean_shortest_path": 1.4,
    "comparison_branch_d_rel_values": [
      22,
      22,
      22
    ],
    "comparison_branch_d_rel_min": 22,
    "comparison_branch_d_rel_mean": 22.0,
    "comparison_branch_d_rel_max": 22,
    "comparison_branch_d_rel_gini": 0.0,
    "comparison_branch_common_d_rel_values": [
      22,
      22,
      22
    ],
    "comparison_branch_common_d_rel_min": 22,
    "comparison_branch_common_d_rel_mean": 22.0,
    "comparison_branch_common_d_rel_max": 22,
    "comparison_branch_common_d_rel_gini": 0.0,
    "comparison_branch_input_count_values": [
      24,
      24,
      24
    ],
    "comparison_branch_input_count_min": 24,
    "comparison_branch_input_count_mean": 24.0,
    "comparison_branch_input_count_max": 24,
    "comparison_branch_input_count_gini": 0.0,
    "comparison_branch_input_overlap_values": [
      24,
      24,
      24
    ],
    "comparison_branch_input_overlap_min": 24,
    "comparison_branch_input_overlap_mean": 24.0,
    "comparison_branch_input_overlap_max": 24,
    "comparison_branch_input_overlap_gini": 0.0,
    "in_degree": [
      4,
      2,
      3,
      2,
      1
    ],
    "out_degree": [
      4,
      2,
      2,
      2,
      2
    ],
    "in_degree_cv": 0.4249182927993988,
    "out_degree_cv": 0.3333333333333334
  }
}