{
  "name": "hub_spoke_n5_m12_seed36",
  "family": "hub_spoke",
  "seed": 36,
  "n_nodes": 5,
  "edges": [
    [
      0,
      1
    ],
    [
      1,
      0
    ],
    [
      0,
      2
    ],
    [
      2,
      0
    ],
    [
      0,
      3
    ],
    [
      3,
      0
    ],
    [
      0,
      4
    ],
    [
      4,
      0
    ],
    [
      3,
      1
    ],
    [
      1,
      4
    ],
    [
      2,
      1
    ],
    [
      4,
      3
    ]
  ],
  "metrics": {
    "n_nodes": 5,
    "n_edges": 12,
    "p": 8,
    "strongly_connected": true,
    "edges": [
      [
        0,
        1
      ],
      [
        1,
        0
      ],
      [
        0,
        2
      ],
      [
        2,
        0
      ],
      [
        0,
        3
      ],
      [
        3,
        0
      ],
      [
        0,
        4
      ],
      [
        4,
        0
      ],
      [
        3,
        1
      ],
      [
        1,
        4
      ],
      [
        2,
        1
      ],
      [
        4,
        3
      ]
    ],
    "tree_counts_enum": [
      14,
      18,
      7,
      15,
      16
    ],
    "tree_counts_det": [
      14,
      18,
      7,
      15,
      16
    ],
    "tree_counts_match_det": true,
    "tree_enumeration_truncated": false,
    "max_trees_per_root": null,
    "n_trees_total_enum": 70,
    "rank_M": 12,
    "rank_D": 11,
    "rank_D_anchor": 11,
    "d_rel": 88,
    "effective_rank_D": 8.597667821733568,
    "condition_number_D": 4.393730689161139,
    "effective_rank_D_masked": 68.78134257386847,
    "condition_number_D_masked": 4.393730689161139,
    "singular_values_D_masked": [
      5.70654931175852,
      5.387112789281081,
      5.2856512883468545,
      5.130416327850267,
      3.937422808719882,
      3.9083274514295034,
      3.7717518675595585,
      2.408572713110293,
      2.2800590257991264,
      1.9801469327164605,
      1.2987936028568987,
      6.155382131643217e-16,
      5.70654931175852,
      5.387112789281081,
      5.2856512883468545,
      5.130416327850267,
      3.937422808719882,
      3.9083274514295034,
      3.7717518675595585,
      2.408572713110293,
      2.2800590257991264,
      1.9801469327164605,
      1.2987936028568987,
      6.155382131643217e-16,
      5.70654931175852,
      5.387112789281081,
      5.2856512883468545,
      5.130416327850267,
      3.937422808719882,
      3.9083274514295034,
      3.7717518675595585,
      2.408572713110293,
      2.2800590257991264,
      1.9801469327164605,
      1.2987936028568987,
      6.155382131643217e-16,
      5.70654931175852,
      5.387112789281081,
      5.2856512883468545,
      5.130416327850267,
      3.937422808719882,
      3.9083274514295034,
      3.7717518675595585,
      2.408572713110293,
      2.2800590257991264,
      1.9801469327164605,
      1.2987936028568987,
      6.155382131643217e-16,
      5.70654931175852,
      5.387112789281081,
      5.2856512883468545,
      5.130416327850267,
      3.937422808719882,
      3.9083274514295034,
      3.7717518675595585,
      2.408572713110293,
      2.2800590257991264,
      1.9801469327164605,
      1.2987936028568987,
      6.155382131643217e-16,
      5.70654931175852,
      5.387112789281081,
      5.2856512883468545,
      5.130416327850267,
      3.937422808719882,
      3.9083274514295034,
      3.7717518675595585,
      2.408572713110293,
      2.2800590257991264,
      1.9801469327164605,
      1.2987936028568987,
      6.155382131643217e-16,
      5.70654931175852,
      5.387112789281081,
      5.2856512883468545,
      5.130416327850267,
      3.937422808719882,
      3.9083274514295034,
      3.7717518675595585,
      2.408572713110293,
      2.2800590257991264,
      1.9801469327164605,
      1.2987936028568987,
      6.155382131643217e-16,
      5.70654931175852,
      5.387112789281081,
      5.2856512883468545,
      5.130416327850267,
      3.937422808719882,
      3.9083274514295034,
      3.7717518675595585,
      2.408572713110293,
      2.2800590257991264,
      1.9801469327164605,
      1.2987936028568987,
      6.155382131643217e-16
    ],
    "singular_values_D": [
      5.70654931175852,
      5.387112789281081,
      5.2856512883468545,
      5.130416327850267,
      3.937422808719882,
      3.9083274514295034,
      3.7717518675595585,
      2.408572713110293,
      2.2800590257991264,
      1.9801469327164605,
      1.2987936028568987,
      6.155382131643217e-16
    ],
    "singular_values_D_anchor": [
      14.542559485796252,
      5.61026795162525,
      5.381647016975489,
      5.238217780312902,
      3.939396986774053,
      3.9085388265643113,
      3.794580328259773,
      2.4192097818355593,
      2.280453589508226,
      2.1478009793853854,
      1.33317258765584,
      6.397046969231797e-16
    ],
    "root_tree_count_cv": 0.2672612419124244,
    "root_tree_count_gini": 0.13714285714285723,
    "edge_participation": [
      0.2,
      0.3142857142857143,
      0.2,
      0.4,
      0.2,
      0.35714285714285715,
      0.2,
      0.34285714285714286,
      0.42857142857142855,
      0.42857142857142855,
      0.5,
      0.42857142857142855
    ],
    "edge_participation_mean": 0.3333333333333333,
    "edge_participation_var": 0.010963718820861675,
    "edge_participation_gini": 0.17440476190476217,
    "bottleneck_edge_fraction_095": 0.0,
    "mean_shortest_path": 1.4,
    "comparison_branch_d_rel_values": [
      22,
      22,
      22
    ],
    "comparison_branch_d_rel_min": 22,
    "comparison_branch_d_rel_mean": 22.0,
    "comparison_branch_d_rel_max": 22,
    "comparison_branch_d_rel_gini": 0.0,
    "comparison_branch_common_d_rel_values": [
      22,
      22,
      22
    ],
    "comparison_branch_common_d_rel_min": 22,
    "comparison_branch_common_d_rel_mean": 22.0,
    "comparison_branch_common_d_rel_max": 22,
    "comparison_branch_common_d_rel_gini": 0.0,
    "comparison_branch_input_count_values": [
      24,
      24,
      24
    ],
    "comparison_branch_input_count_min": 24,
    "comparison_branch_input_count_mean": 24.0,
    "comparison_branch_input_count_max": 24,
    "comparison_branch_input_count_gini": 0.0,
    "comparison_branch_input_overlap_values": [
      24,
      24,
      24
    ],
    "comparison_branch_input_overlap_min": 24,
    "comparison_branch_input_overlap_mean": 24.0,
    "comparison_branch_input_overlap_max": 24,
    "comparison_branch_input_overlap_gini": 0.0,
    "in_degree": [
      4,
      3,
      1,
      2,
      2
    ],
    "out_degree": [
      4,
      2,
      2,
      2,
      2
    ],
    "in_degree_cv": 0.4249182927993988,
    "out_degree_cv": 0.3333333333333334
  }
}