{
  "name": "hub_spoke_n5_m12_seed32",
  "family": "hub_spoke",
  "seed": 32,
  "n_nodes": 5,
  "edges": [
    [
      0,
      1
    ],
    [
      1,
      0
    ],
    [
      0,
      2
    ],
    [
      2,
      0
    ],
    [
      0,
      3
    ],
    [
      3,
      0
    ],
    [
      0,
      4
    ],
    [
      4,
      0
    ],
    [
      3,
      1
    ],
    [
      4,
      1
    ],
    [
      4,
      3
    ],
    [
      3,
      4
    ]
  ],
  "metrics": {
    "n_nodes": 5,
    "n_edges": 12,
    "p": 8,
    "strongly_connected": true,
    "edges": [
      [
        0,
        1
      ],
      [
        1,
        0
      ],
      [
        0,
        2
      ],
      [
        2,
        0
      ],
      [
        0,
        3
      ],
      [
        3,
        0
      ],
      [
        0,
        4
      ],
      [
        4,
        0
      ],
      [
        3,
        1
      ],
      [
        4,
        1
      ],
      [
        4,
        3
      ],
      [
        3,
        4
      ]
    ],
    "tree_counts_enum": [
      8,
      16,
      8,
      4,
      4
    ],
    "tree_counts_det": [
      8,
      16,
      8,
      4,
      4
    ],
    "tree_counts_match_det": true,
    "tree_enumeration_truncated": false,
    "max_trees_per_root": null,
    "n_trees_total_enum": 40,
    "rank_M": 11,
    "rank_D": 10,
    "rank_D_anchor": 10,
    "d_rel": 80,
    "effective_rank_D": 8.0516507274993,
    "condition_number_D": 4.164749596964098,
    "effective_rank_D_masked": 64.41320581999436,
    "condition_number_D_masked": 4.164749596964098,
    "singular_values_D_masked": [
      4.369694617358449,
      3.888550050592626,
      3.554106217887058,
      3.490949833518538,
      3.296748179458287,
      2.755287154239617,
      2.6758083222437747,
      2.017839381758564,
      1.2140524849769896,
      1.0492094459997656,
      9.861807565076988e-16,
      4.100940685938148e-16,
      4.369694617358449,
      3.888550050592626,
      3.554106217887058,
      3.490949833518538,
      3.296748179458287,
      2.755287154239617,
      2.6758083222437747,
      2.017839381758564,
      1.2140524849769896,
      1.0492094459997656,
      9.861807565076988e-16,
      4.100940685938148e-16,
      4.369694617358449,
      3.888550050592626,
      3.554106217887058,
      3.490949833518538,
      3.296748179458287,
      2.755287154239617,
      2.6758083222437747,
      2.017839381758564,
      1.2140524849769896,
      1.0492094459997656,
      9.861807565076988e-16,
      4.100940685938148e-16,
      4.369694617358449,
      3.888550050592626,
      3.554106217887058,
      3.490949833518538,
      3.296748179458287,
      2.755287154239617,
      2.6758083222437747,
      2.017839381758564,
      1.2140524849769896,
      1.0492094459997656,
      9.861807565076988e-16,
      4.100940685938148e-16,
      4.369694617358449,
      3.888550050592626,
      3.554106217887058,
      3.490949833518538,
      3.296748179458287,
      2.755287154239617,
      2.6758083222437747,
      2.017839381758564,
      1.2140524849769896,
      1.0492094459997656,
      9.861807565076988e-16,
      4.100940685938148e-16,
      4.369694617358449,
      3.888550050592626,
      3.554106217887058,
      3.490949833518538,
      3.296748179458287,
      2.755287154239617,
      2.6758083222437747,
      2.017839381758564,
      1.2140524849769896,
      1.0492094459997656,
      9.861807565076988e-16,
      4.100940685938148e-16,
      4.369694617358449,
      3.888550050592626,
      3.554106217887058,
      3.490949833518538,
      3.296748179458287,
      2.755287154239617,
      2.6758083222437747,
      2.017839381758564,
      1.2140524849769896,
      1.0492094459997656,
      9.861807565076988e-16,
      4.100940685938148e-16,
      4.369694617358449,
      3.888550050592626,
      3.554106217887058,
      3.490949833518538,
      3.296748179458287,
      2.755287154239617,
      2.6758083222437747,
      2.017839381758564,
      1.2140524849769896,
      1.0492094459997656,
      9.861807565076988e-16,
      4.100940685938148e-16
    ],
    "singular_values_D": [
      4.369694617358449,
      3.888550050592626,
      3.554106217887058,
      3.490949833518538,
      3.296748179458287,
      2.755287154239617,
      2.6758083222437747,
      2.017839381758564,
      1.2140524849769896,
      1.0492094459997656,
      9.861807565076988e-16,
      4.100940685938148e-16
    ],
    "singular_values_D_anchor": [
      9.186917618193155,
      4.218541166741283,
      3.8885500505926247,
      3.4909498335185356,
      3.321188200504412,
      2.969299297882144,
      2.755287154239614,
      2.044367335693839,
      1.3334121321692756,
      1.0492094459997658,
      6.572957587740538e-16,
      1.0734171921762132e-17
    ],
    "root_tree_count_cv": 0.5477225575051661,
    "root_tree_count_gini": 0.28,
    "edge_participation": [
      0.2,
      0.6,
      0.2,
      0.8,
      0.2,
      0.275,
      0.2,
      0.275,
      0.375,
      0.375,
      0.25,
      0.25
    ],
    "edge_participation_mean": 0.3333333333333333,
    "edge_participation_var": 0.03201388888888889,
    "edge_participation_gini": 0.2583333333333335,
    "bottleneck_edge_fraction_095": 0.0,
    "mean_shortest_path": 1.4,
    "comparison_branch_d_rel_values": [
      20,
      20,
      20
    ],
    "comparison_branch_d_rel_min": 20,
    "comparison_branch_d_rel_mean": 20.0,
    "comparison_branch_d_rel_max": 20,
    "comparison_branch_d_rel_gini": 0.0,
    "comparison_branch_common_d_rel_values": [
      20,
      20,
      20
    ],
    "comparison_branch_common_d_rel_min": 20,
    "comparison_branch_common_d_rel_mean": 20.0,
    "comparison_branch_common_d_rel_max": 20,
    "comparison_branch_common_d_rel_gini": 0.0,
    "comparison_branch_input_count_values": [
      24,
      24,
      24
    ],
    "comparison_branch_input_count_min": 24,
    "comparison_branch_input_count_mean": 24.0,
    "comparison_branch_input_count_max": 24,
    "comparison_branch_input_count_gini": 0.0,
    "comparison_branch_input_overlap_values": [
      24,
      24,
      24
    ],
    "comparison_branch_input_overlap_min": 24,
    "comparison_branch_input_overlap_mean": 24.0,
    "comparison_branch_input_overlap_max": 24,
    "comparison_branch_input_overlap_gini": 0.0,
    "in_degree": [
      4,
      3,
      1,
      2,
      2
    ],
    "out_degree": [
      4,
      1,
      1,
      3,
      3
    ],
    "in_degree_cv": 0.4249182927993988,
    "out_degree_cv": 0.5000000000000001
  }
}