{
  "name": "hub_spoke_n5_m12_seed35",
  "family": "hub_spoke",
  "seed": 35,
  "n_nodes": 5,
  "edges": [
    [
      0,
      1
    ],
    [
      1,
      0
    ],
    [
      0,
      2
    ],
    [
      2,
      0
    ],
    [
      0,
      3
    ],
    [
      3,
      0
    ],
    [
      0,
      4
    ],
    [
      4,
      0
    ],
    [
      4,
      3
    ],
    [
      1,
      3
    ],
    [
      2,
      3
    ],
    [
      1,
      2
    ]
  ],
  "metrics": {
    "n_nodes": 5,
    "n_edges": 12,
    "p": 8,
    "strongly_connected": true,
    "edges": [
      [
        0,
        1
      ],
      [
        1,
        0
      ],
      [
        0,
        2
      ],
      [
        2,
        0
      ],
      [
        0,
        3
      ],
      [
        3,
        0
      ],
      [
        0,
        4
      ],
      [
        4,
        0
      ],
      [
        4,
        3
      ],
      [
        1,
        3
      ],
      [
        2,
        3
      ],
      [
        1,
        2
      ]
    ],
    "tree_counts_enum": [
      12,
      4,
      8,
      30,
      6
    ],
    "tree_counts_det": [
      12,
      4,
      8,
      30,
      6
    ],
    "tree_counts_match_det": true,
    "tree_enumeration_truncated": false,
    "max_trees_per_root": null,
    "n_trees_total_enum": 60,
    "rank_M": 12,
    "rank_D": 11,
    "rank_D_anchor": 11,
    "d_rel": 88,
    "effective_rank_D": 8.360261921744547,
    "condition_number_D": 5.439370562266813,
    "effective_rank_D_masked": 66.8820953739563,
    "condition_number_D_masked": 5.439370562266813,
    "singular_values_D_masked": [
      5.298479522674068,
      5.186322304109203,
      4.615480528824603,
      4.308442907654153,
      4.286913381077804,
      3.5581962979165653,
      3.361964562095495,
      2.7488511294691644,
      1.6961278265457298,
      1.2542234277705169,
      0.9740979148267425,
      6.296798519957532e-16,
      5.298479522674068,
      5.186322304109203,
      4.615480528824603,
      4.308442907654153,
      4.286913381077804,
      3.5581962979165653,
      3.361964562095495,
      2.7488511294691644,
      1.6961278265457298,
      1.2542234277705169,
      0.9740979148267425,
      6.296798519957532e-16,
      5.298479522674068,
      5.186322304109203,
      4.615480528824603,
      4.308442907654153,
      4.286913381077804,
      3.5581962979165653,
      3.361964562095495,
      2.7488511294691644,
      1.6961278265457298,
      1.2542234277705169,
      0.9740979148267425,
      6.296798519957532e-16,
      5.298479522674068,
      5.186322304109203,
      4.615480528824603,
      4.308442907654153,
      4.286913381077804,
      3.5581962979165653,
      3.361964562095495,
      2.7488511294691644,
      1.6961278265457298,
      1.2542234277705169,
      0.9740979148267425,
      6.296798519957532e-16,
      5.298479522674068,
      5.186322304109203,
      4.615480528824603,
      4.308442907654153,
      4.286913381077804,
      3.5581962979165653,
      3.361964562095495,
      2.7488511294691644,
      1.6961278265457298,
      1.2542234277705169,
      0.9740979148267425,
      6.296798519957532e-16,
      5.298479522674068,
      5.186322304109203,
      4.615480528824603,
      4.308442907654153,
      4.286913381077804,
      3.5581962979165653,
      3.361964562095495,
      2.7488511294691644,
      1.6961278265457298,
      1.2542234277705169,
      0.9740979148267425,
      6.296798519957532e-16,
      5.298479522674068,
      5.186322304109203,
      4.615480528824603,
      4.308442907654153,
      4.286913381077804,
      3.5581962979165653,
      3.361964562095495,
      2.7488511294691644,
      1.6961278265457298,
      1.2542234277705169,
      0.9740979148267425,
      6.296798519957532e-16,
      5.298479522674068,
      5.186322304109203,
      4.615480528824603,
      4.308442907654153,
      4.286913381077804,
      3.5581962979165653,
      3.361964562095495,
      2.7488511294691644,
      1.6961278265457298,
      1.2542234277705169,
      0.9740979148267425,
      6.296798519957532e-16
    ],
    "singular_values_D": [
      5.298479522674068,
      5.186322304109203,
      4.615480528824603,
      4.308442907654153,
      4.286913381077804,
      3.5581962979165653,
      3.361964562095495,
      2.7488511294691644,
      1.6961278265457298,
      1.2542234277705169,
      0.9740979148267425,
      6.296798519957532e-16
    ],
    "singular_values_D_anchor": [
      12.99596879908356,
      5.282432438221913,
      4.655524179194376,
      4.5591712341911474,
      4.302404660781622,
      3.5584079745405197,
      3.415116165842592,
      2.7512252112514877,
      1.938368415889944,
      1.271579331721049,
      0.9804880942337213,
      8.583389789398179e-16
    ],
    "root_tree_count_cv": 0.7817359599705717,
    "root_tree_count_gini": 0.3866666666666667,
    "edge_participation": [
      0.2,
      0.26666666666666666,
      0.2,
      0.36666666666666664,
      0.2,
      0.5,
      0.2,
      0.4,
      0.5,
      0.3333333333333333,
      0.5,
      0.3333333333333333
    ],
    "edge_participation_mean": 0.3333333333333333,
    "edge_participation_var": 0.013703703703703704,
    "edge_participation_gini": 0.19583333333333353,
    "bottleneck_edge_fraction_095": 0.0,
    "mean_shortest_path": 1.4,
    "comparison_branch_d_rel_values": [
      22,
      22,
      22
    ],
    "comparison_branch_d_rel_min": 22,
    "comparison_branch_d_rel_mean": 22.0,
    "comparison_branch_d_rel_max": 22,
    "comparison_branch_d_rel_gini": 0.0,
    "comparison_branch_common_d_rel_values": [
      22,
      22,
      22
    ],
    "comparison_branch_common_d_rel_min": 22,
    "comparison_branch_common_d_rel_mean": 22.0,
    "comparison_branch_common_d_rel_max": 22,
    "comparison_branch_common_d_rel_gini": 0.0,
    "comparison_branch_input_count_values": [
      24,
      24,
      24
    ],
    "comparison_branch_input_count_min": 24,
    "comparison_branch_input_count_mean": 24.0,
    "comparison_branch_input_count_max": 24,
    "comparison_branch_input_count_gini": 0.0,
    "comparison_branch_input_overlap_values": [
      24,
      24,
      24
    ],
    "comparison_branch_input_overlap_min": 24,
    "comparison_branch_input_overlap_mean": 24.0,
    "comparison_branch_input_overlap_max": 24,
    "comparison_branch_input_overlap_gini": 0.0,
    "in_degree": [
      4,
      1,
      2,
      4,
      1
    ],
    "out_degree": [
      4,
      3,
      2,
      1,
      2
    ],
    "in_degree_cv": 0.5651941652604391,
    "out_degree_cv": 0.4249182927993988
  }
}