{
  "name": "hub_spoke_n5_m12_seed44",
  "family": "hub_spoke",
  "seed": 44,
  "n_nodes": 5,
  "edges": [
    [
      0,
      1
    ],
    [
      1,
      0
    ],
    [
      0,
      2
    ],
    [
      2,
      0
    ],
    [
      0,
      3
    ],
    [
      3,
      0
    ],
    [
      0,
      4
    ],
    [
      4,
      0
    ],
    [
      2,
      4
    ],
    [
      2,
      3
    ],
    [
      4,
      3
    ],
    [
      1,
      2
    ]
  ],
  "metrics": {
    "n_nodes": 5,
    "n_edges": 12,
    "p": 8,
    "strongly_connected": true,
    "edges": [
      [
        0,
        1
      ],
      [
        1,
        0
      ],
      [
        0,
        2
      ],
      [
        2,
        0
      ],
      [
        0,
        3
      ],
      [
        3,
        0
      ],
      [
        0,
        4
      ],
      [
        4,
        0
      ],
      [
        2,
        4
      ],
      [
        2,
        3
      ],
      [
        4,
        3
      ],
      [
        1,
        2
      ]
    ],
    "tree_counts_enum": [
      12,
      6,
      6,
      27,
      9
    ],
    "tree_counts_det": [
      12,
      6,
      6,
      27,
      9
    ],
    "tree_counts_match_det": true,
    "tree_enumeration_truncated": false,
    "max_trees_per_root": null,
    "n_trees_total_enum": 60,
    "rank_M": 12,
    "rank_D": 11,
    "rank_D_anchor": 11,
    "d_rel": 88,
    "effective_rank_D": 8.406265005137449,
    "condition_number_D": 4.3213719105839035,
    "effective_rank_D_masked": 67.25012004109958,
    "condition_number_D_masked": 4.3213719105839035,
    "singular_values_D_masked": [
      5.281484082418707,
      5.170533731156734,
      4.7411387996704715,
      4.26556556261153,
      4.123920631567974,
      3.5532962336309395,
      3.3531025448195044,
      2.495215474846586,
      1.737437170866407,
      1.3355229727410973,
      1.22217763055369,
      7.861024905703704e-16,
      5.281484082418707,
      5.170533731156734,
      4.7411387996704715,
      4.26556556261153,
      4.123920631567974,
      3.5532962336309395,
      3.3531025448195044,
      2.495215474846586,
      1.737437170866407,
      1.3355229727410973,
      1.22217763055369,
      7.861024905703704e-16,
      5.281484082418707,
      5.170533731156734,
      4.7411387996704715,
      4.26556556261153,
      4.123920631567974,
      3.5532962336309395,
      3.3531025448195044,
      2.495215474846586,
      1.737437170866407,
      1.3355229727410973,
      1.22217763055369,
      7.861024905703704e-16,
      5.281484082418707,
      5.170533731156734,
      4.7411387996704715,
      4.26556556261153,
      4.123920631567974,
      3.5532962336309395,
      3.3531025448195044,
      2.495215474846586,
      1.737437170866407,
      1.3355229727410973,
      1.22217763055369,
      7.861024905703704e-16,
      5.281484082418707,
      5.170533731156734,
      4.7411387996704715,
      4.26556556261153,
      4.123920631567974,
      3.5532962336309395,
      3.3531025448195044,
      2.495215474846586,
      1.737437170866407,
      1.3355229727410973,
      1.22217763055369,
      7.861024905703704e-16,
      5.281484082418707,
      5.170533731156734,
      4.7411387996704715,
      4.26556556261153,
      4.123920631567974,
      3.5532962336309395,
      3.3531025448195044,
      2.495215474846586,
      1.737437170866407,
      1.3355229727410973,
      1.22217763055369,
      7.861024905703704e-16,
      5.281484082418707,
      5.170533731156734,
      4.7411387996704715,
      4.26556556261153,
      4.123920631567974,
      3.5532962336309395,
      3.3531025448195044,
      2.495215474846586,
      1.737437170866407,
      1.3355229727410973,
      1.22217763055369,
      7.861024905703704e-16,
      5.281484082418707,
      5.170533731156734,
      4.7411387996704715,
      4.26556556261153,
      4.123920631567974,
      3.5532962336309395,
      3.3531025448195044,
      2.495215474846586,
      1.737437170866407,
      1.3355229727410973,
      1.22217763055369,
      7.861024905703704e-16
    ],
    "singular_values_D": [
      5.281484082418707,
      5.170533731156734,
      4.7411387996704715,
      4.26556556261153,
      4.123920631567974,
      3.5532962336309395,
      3.3531025448195044,
      2.495215474846586,
      1.737437170866407,
      1.3355229727410973,
      1.22217763055369,
      7.861024905703704e-16
    ],
    "singular_values_D_anchor": [
      13.04780206921905,
      5.272855003508291,
      4.764066488187287,
      4.400050498715688,
      4.258825070474706,
      3.553769714199545,
      3.414785178238954,
      2.496321139159298,
      1.9476409640456258,
      1.3671947571458822,
      1.2543178802630999,
      6.962911051869498e-16
    ],
    "root_tree_count_cv": 0.6519202405202649,
    "root_tree_count_gini": 0.32000000000000006,
    "edge_participation": [
      0.2,
      0.4,
      0.2,
      0.23333333333333334,
      0.2,
      0.55,
      0.2,
      0.35,
      0.3333333333333333,
      0.3333333333333333,
      0.5,
      0.5
    ],
    "edge_participation_mean": 0.3333333333333333,
    "edge_participation_var": 0.015694444444444445,
    "edge_participation_gini": 0.20833333333333348,
    "bottleneck_edge_fraction_095": 0.0,
    "mean_shortest_path": 1.4,
    "comparison_branch_d_rel_values": [
      22,
      22,
      22
    ],
    "comparison_branch_d_rel_min": 22,
    "comparison_branch_d_rel_mean": 22.0,
    "comparison_branch_d_rel_max": 22,
    "comparison_branch_d_rel_gini": 0.0,
    "comparison_branch_common_d_rel_values": [
      22,
      22,
      22
    ],
    "comparison_branch_common_d_rel_min": 22,
    "comparison_branch_common_d_rel_mean": 22.0,
    "comparison_branch_common_d_rel_max": 22,
    "comparison_branch_common_d_rel_gini": 0.0,
    "comparison_branch_input_count_values": [
      24,
      24,
      24
    ],
    "comparison_branch_input_count_min": 24,
    "comparison_branch_input_count_mean": 24.0,
    "comparison_branch_input_count_max": 24,
    "comparison_branch_input_count_gini": 0.0,
    "comparison_branch_input_overlap_values": [
      24,
      24,
      24
    ],
    "comparison_branch_input_overlap_min": 24,
    "comparison_branch_input_overlap_mean": 24.0,
    "comparison_branch_input_overlap_max": 24,
    "comparison_branch_input_overlap_gini": 0.0,
    "in_degree": [
      4,
      1,
      2,
      3,
      2
    ],
    "out_degree": [
      4,
      2,
      3,
      1,
      2
    ],
    "in_degree_cv": 0.4249182927993988,
    "out_degree_cv": 0.4249182927993988
  }
}