{
  "name": "hub_spoke_n5_m12_seed43",
  "family": "hub_spoke",
  "seed": 43,
  "n_nodes": 5,
  "edges": [
    [
      0,
      1
    ],
    [
      1,
      0
    ],
    [
      0,
      2
    ],
    [
      2,
      0
    ],
    [
      0,
      3
    ],
    [
      3,
      0
    ],
    [
      0,
      4
    ],
    [
      4,
      0
    ],
    [
      4,
      2
    ],
    [
      1,
      3
    ],
    [
      4,
      1
    ],
    [
      2,
      1
    ]
  ],
  "metrics": {
    "n_nodes": 5,
    "n_edges": 12,
    "p": 8,
    "strongly_connected": true,
    "edges": [
      [
        0,
        1
      ],
      [
        1,
        0
      ],
      [
        0,
        2
      ],
      [
        2,
        0
      ],
      [
        0,
        3
      ],
      [
        3,
        0
      ],
      [
        0,
        4
      ],
      [
        4,
        0
      ],
      [
        4,
        2
      ],
      [
        1,
        3
      ],
      [
        4,
        1
      ],
      [
        2,
        1
      ]
    ],
    "tree_counts_enum": [
      12,
      12,
      8,
      24,
      4
    ],
    "tree_counts_det": [
      12,
      12,
      8,
      24,
      4
    ],
    "tree_counts_match_det": true,
    "tree_enumeration_truncated": false,
    "max_trees_per_root": null,
    "n_trees_total_enum": 60,
    "rank_M": 12,
    "rank_D": 11,
    "rank_D_anchor": 11,
    "d_rel": 88,
    "effective_rank_D": 8.47898166368402,
    "condition_number_D": 4.919919823361959,
    "effective_rank_D_masked": 67.83185330947207,
    "condition_number_D_masked": 4.919919823361959,
    "singular_values_D_masked": [
      5.202523086671107,
      5.132565401872411,
      4.496429483088475,
      4.4497123240333645,
      4.231797338898777,
      3.5519131436530174,
      3.3649648029160475,
      2.2580844949432293,
      1.96688438590934,
      1.5404860043138524,
      1.0574406237205782,
      7.366227355940583e-16,
      5.202523086671107,
      5.132565401872411,
      4.496429483088475,
      4.4497123240333645,
      4.231797338898777,
      3.5519131436530174,
      3.3649648029160475,
      2.2580844949432293,
      1.96688438590934,
      1.5404860043138524,
      1.0574406237205782,
      7.366227355940583e-16,
      5.202523086671107,
      5.132565401872411,
      4.496429483088475,
      4.4497123240333645,
      4.231797338898777,
      3.5519131436530174,
      3.3649648029160475,
      2.2580844949432293,
      1.96688438590934,
      1.5404860043138524,
      1.0574406237205782,
      7.366227355940583e-16,
      5.202523086671107,
      5.132565401872411,
      4.496429483088475,
      4.4497123240333645,
      4.231797338898777,
      3.5519131436530174,
      3.3649648029160475,
      2.2580844949432293,
      1.96688438590934,
      1.5404860043138524,
      1.0574406237205782,
      7.366227355940583e-16,
      5.202523086671107,
      5.132565401872411,
      4.496429483088475,
      4.4497123240333645,
      4.231797338898777,
      3.5519131436530174,
      3.3649648029160475,
      2.2580844949432293,
      1.96688438590934,
      1.5404860043138524,
      1.0574406237205782,
      7.366227355940583e-16,
      5.202523086671107,
      5.132565401872411,
      4.496429483088475,
      4.4497123240333645,
      4.231797338898777,
      3.5519131436530174,
      3.3649648029160475,
      2.2580844949432293,
      1.96688438590934,
      1.5404860043138524,
      1.0574406237205782,
      7.366227355940583e-16,
      5.202523086671107,
      5.132565401872411,
      4.496429483088475,
      4.4497123240333645,
      4.231797338898777,
      3.5519131436530174,
      3.3649648029160475,
      2.2580844949432293,
      1.96688438590934,
      1.5404860043138524,
      1.0574406237205782,
      7.366227355940583e-16,
      5.202523086671107,
      5.132565401872411,
      4.496429483088475,
      4.4497123240333645,
      4.231797338898777,
      3.5519131436530174,
      3.3649648029160475,
      2.2580844949432293,
      1.96688438590934,
      1.5404860043138524,
      1.0574406237205782,
      7.366227355940583e-16
    ],
    "singular_values_D": [
      5.202523086671107,
      5.132565401872411,
      4.496429483088475,
      4.4497123240333645,
      4.231797338898777,
      3.5519131436530174,
      3.3649648029160475,
      2.2580844949432293,
      1.96688438590934,
      1.5404860043138524,
      1.0574406237205782,
      7.366227355940583e-16
    ],
    "singular_values_D_anchor": [
      13.089430726485316,
      5.133080108913135,
      4.628154928350013,
      4.454587080614662,
      4.390657201454105,
      3.5519470767873447,
      3.416495485856332,
      2.2765632791605244,
      2.1022323962747027,
      1.6413038147928396,
      1.092011000931201,
      9.22950907554985e-16
    ],
    "root_tree_count_cv": 0.5577733510227171,
    "root_tree_count_gini": 0.29333333333333345,
    "edge_participation": [
      0.2,
      0.3,
      0.2,
      0.36666666666666664,
      0.2,
      0.6,
      0.2,
      0.26666666666666666,
      0.3333333333333333,
      0.5,
      0.3333333333333333,
      0.5
    ],
    "edge_participation_mean": 0.3333333333333333,
    "edge_participation_var": 0.017037037037037035,
    "edge_participation_gini": 0.21388888888888902,
    "bottleneck_edge_fraction_095": 0.0,
    "mean_shortest_path": 1.4,
    "comparison_branch_d_rel_values": [
      22,
      22,
      22
    ],
    "comparison_branch_d_rel_min": 22,
    "comparison_branch_d_rel_mean": 22.0,
    "comparison_branch_d_rel_max": 22,
    "comparison_branch_d_rel_gini": 0.0,
    "comparison_branch_common_d_rel_values": [
      22,
      22,
      22
    ],
    "comparison_branch_common_d_rel_min": 22,
    "comparison_branch_common_d_rel_mean": 22.0,
    "comparison_branch_common_d_rel_max": 22,
    "comparison_branch_common_d_rel_gini": 0.0,
    "comparison_branch_input_count_values": [
      24,
      24,
      24
    ],
    "comparison_branch_input_count_min": 24,
    "comparison_branch_input_count_mean": 24.0,
    "comparison_branch_input_count_max": 24,
    "comparison_branch_input_count_gini": 0.0,
    "comparison_branch_input_overlap_values": [
      24,
      24,
      24
    ],
    "comparison_branch_input_overlap_min": 24,
    "comparison_branch_input_overlap_mean": 24.0,
    "comparison_branch_input_overlap_max": 24,
    "comparison_branch_input_overlap_gini": 0.0,
    "in_degree": [
      4,
      3,
      2,
      2,
      1
    ],
    "out_degree": [
      4,
      2,
      2,
      1,
      3
    ],
    "in_degree_cv": 0.4249182927993988,
    "out_degree_cv": 0.4249182927993988
  }
}