{
  "name": "hub_spoke_n5_m12_seed41",
  "family": "hub_spoke",
  "seed": 41,
  "n_nodes": 5,
  "edges": [
    [
      0,
      1
    ],
    [
      1,
      0
    ],
    [
      0,
      2
    ],
    [
      2,
      0
    ],
    [
      0,
      3
    ],
    [
      3,
      0
    ],
    [
      0,
      4
    ],
    [
      4,
      0
    ],
    [
      4,
      1
    ],
    [
      1,
      2
    ],
    [
      1,
      3
    ],
    [
      3,
      2
    ]
  ],
  "metrics": {
    "n_nodes": 5,
    "n_edges": 12,
    "p": 8,
    "strongly_connected": true,
    "edges": [
      [
        0,
        1
      ],
      [
        1,
        0
      ],
      [
        0,
        2
      ],
      [
        2,
        0
      ],
      [
        0,
        3
      ],
      [
        3,
        0
      ],
      [
        0,
        4
      ],
      [
        4,
        0
      ],
      [
        4,
        1
      ],
      [
        1,
        2
      ],
      [
        1,
        3
      ],
      [
        3,
        2
      ]
    ],
    "tree_counts_enum": [
      12,
      6,
      27,
      9,
      6
    ],
    "tree_counts_det": [
      12,
      6,
      27,
      9,
      6
    ],
    "tree_counts_match_det": true,
    "tree_enumeration_truncated": false,
    "max_trees_per_root": null,
    "n_trees_total_enum": 60,
    "rank_M": 12,
    "rank_D": 11,
    "rank_D_anchor": 11,
    "d_rel": 88,
    "effective_rank_D": 8.406265005137449,
    "condition_number_D": 4.321371910583903,
    "effective_rank_D_masked": 67.25012004109965,
    "condition_number_D_masked": 4.321371910583903,
    "singular_values_D_masked": [
      5.281484082418706,
      5.1705337311567385,
      4.741138799670471,
      4.26556556261153,
      4.123920631567976,
      3.553296233630941,
      3.353102544819505,
      2.495215474846587,
      1.7374371708664071,
      1.3355229727410973,
      1.22217763055369,
      5.921279465410928e-16,
      5.281484082418706,
      5.1705337311567385,
      4.741138799670471,
      4.26556556261153,
      4.123920631567976,
      3.553296233630941,
      3.353102544819505,
      2.495215474846587,
      1.7374371708664071,
      1.3355229727410973,
      1.22217763055369,
      5.921279465410928e-16,
      5.281484082418706,
      5.1705337311567385,
      4.741138799670471,
      4.26556556261153,
      4.123920631567976,
      3.553296233630941,
      3.353102544819505,
      2.495215474846587,
      1.7374371708664071,
      1.3355229727410973,
      1.22217763055369,
      5.921279465410928e-16,
      5.281484082418706,
      5.1705337311567385,
      4.741138799670471,
      4.26556556261153,
      4.123920631567976,
      3.553296233630941,
      3.353102544819505,
      2.495215474846587,
      1.7374371708664071,
      1.3355229727410973,
      1.22217763055369,
      5.921279465410928e-16,
      5.281484082418706,
      5.1705337311567385,
      4.741138799670471,
      4.26556556261153,
      4.123920631567976,
      3.553296233630941,
      3.353102544819505,
      2.495215474846587,
      1.7374371708664071,
      1.3355229727410973,
      1.22217763055369,
      5.921279465410928e-16,
      5.281484082418706,
      5.1705337311567385,
      4.741138799670471,
      4.26556556261153,
      4.123920631567976,
      3.553296233630941,
      3.353102544819505,
      2.495215474846587,
      1.7374371708664071,
      1.3355229727410973,
      1.22217763055369,
      5.921279465410928e-16,
      5.281484082418706,
      5.1705337311567385,
      4.741138799670471,
      4.26556556261153,
      4.123920631567976,
      3.553296233630941,
      3.353102544819505,
      2.495215474846587,
      1.7374371708664071,
      1.3355229727410973,
      1.22217763055369,
      5.921279465410928e-16,
      5.281484082418706,
      5.1705337311567385,
      4.741138799670471,
      4.26556556261153,
      4.123920631567976,
      3.553296233630941,
      3.353102544819505,
      2.495215474846587,
      1.7374371708664071,
      1.3355229727410973,
      1.22217763055369,
      5.921279465410928e-16
    ],
    "singular_values_D": [
      5.281484082418706,
      5.1705337311567385,
      4.741138799670471,
      4.26556556261153,
      4.123920631567976,
      3.553296233630941,
      3.353102544819505,
      2.495215474846587,
      1.7374371708664071,
      1.3355229727410973,
      1.22217763055369,
      5.921279465410928e-16
    ],
    "singular_values_D_anchor": [
      13.047802069219054,
      5.2728550035082895,
      4.764066488187288,
      4.4000504987156885,
      4.258825070474705,
      3.5537697141995466,
      3.4147851782389553,
      2.4963211391592997,
      1.9476409640456265,
      1.3671947571458827,
      1.2543178802631,
      8.411539016863718e-16
    ],
    "root_tree_count_cv": 0.6519202405202649,
    "root_tree_count_gini": 0.32000000000000006,
    "edge_participation": [
      0.2,
      0.23333333333333334,
      0.2,
      0.55,
      0.2,
      0.35,
      0.2,
      0.4,
      0.5,
      0.3333333333333333,
      0.3333333333333333,
      0.5
    ],
    "edge_participation_mean": 0.3333333333333333,
    "edge_participation_var": 0.015694444444444445,
    "edge_participation_gini": 0.20833333333333348,
    "bottleneck_edge_fraction_095": 0.0,
    "mean_shortest_path": 1.4,
    "comparison_branch_d_rel_values": [
      22,
      22,
      22
    ],
    "comparison_branch_d_rel_min": 22,
    "comparison_branch_d_rel_mean": 22.0,
    "comparison_branch_d_rel_max": 22,
    "comparison_branch_d_rel_gini": 0.0,
    "comparison_branch_common_d_rel_values": [
      22,
      22,
      22
    ],
    "comparison_branch_common_d_rel_min": 22,
    "comparison_branch_common_d_rel_mean": 22.0,
    "comparison_branch_common_d_rel_max": 22,
    "comparison_branch_common_d_rel_gini": 0.0,
    "comparison_branch_input_count_values": [
      24,
      24,
      24
    ],
    "comparison_branch_input_count_min": 24,
    "comparison_branch_input_count_mean": 24.0,
    "comparison_branch_input_count_max": 24,
    "comparison_branch_input_count_gini": 0.0,
    "comparison_branch_input_overlap_values": [
      24,
      24,
      24
    ],
    "comparison_branch_input_overlap_min": 24,
    "comparison_branch_input_overlap_mean": 24.0,
    "comparison_branch_input_overlap_max": 24,
    "comparison_branch_input_overlap_gini": 0.0,
    "in_degree": [
      4,
      2,
      3,
      2,
      1
    ],
    "out_degree": [
      4,
      3,
      1,
      2,
      2
    ],
    "in_degree_cv": 0.4249182927993988,
    "out_degree_cv": 0.4249182927993988
  }
}