{
  "name": "hub_spoke_n5_m12_seed48",
  "family": "hub_spoke",
  "seed": 48,
  "n_nodes": 5,
  "edges": [
    [
      0,
      1
    ],
    [
      1,
      0
    ],
    [
      0,
      2
    ],
    [
      2,
      0
    ],
    [
      0,
      3
    ],
    [
      3,
      0
    ],
    [
      0,
      4
    ],
    [
      4,
      0
    ],
    [
      4,
      2
    ],
    [
      4,
      1
    ],
    [
      1,
      2
    ],
    [
      2,
      1
    ]
  ],
  "metrics": {
    "n_nodes": 5,
    "n_edges": 12,
    "p": 8,
    "strongly_connected": true,
    "edges": [
      [
        0,
        1
      ],
      [
        1,
        0
      ],
      [
        0,
        2
      ],
      [
        2,
        0
      ],
      [
        0,
        3
      ],
      [
        3,
        0
      ],
      [
        0,
        4
      ],
      [
        4,
        0
      ],
      [
        4,
        2
      ],
      [
        4,
        1
      ],
      [
        1,
        2
      ],
      [
        2,
        1
      ]
    ],
    "tree_counts_enum": [
      9,
      12,
      12,
      9,
      3
    ],
    "tree_counts_det": [
      9,
      12,
      12,
      9,
      3
    ],
    "tree_counts_match_det": true,
    "tree_enumeration_truncated": false,
    "max_trees_per_root": null,
    "n_trees_total_enum": 45,
    "rank_M": 11,
    "rank_D": 10,
    "rank_D_anchor": 10,
    "d_rel": 80,
    "effective_rank_D": 8.05647172397303,
    "condition_number_D": 4.761060538481433,
    "effective_rank_D_masked": 64.45177379178428,
    "condition_number_D_masked": 4.761060538481433,
    "singular_values_D_masked": [
      4.543061775724589,
      4.531573044648878,
      3.872983346207418,
      3.705956579569681,
      3.2524272951230024,
      3.1622776601683786,
      2.8172651290248956,
      2.0882025050148156,
      1.644671590832201,
      0.9542121422328362,
      7.916047609772365e-16,
      5.812604989882466e-16,
      4.543061775724589,
      4.531573044648878,
      3.872983346207418,
      3.705956579569681,
      3.2524272951230024,
      3.1622776601683786,
      2.8172651290248956,
      2.0882025050148156,
      1.644671590832201,
      0.9542121422328362,
      7.916047609772365e-16,
      5.812604989882466e-16,
      4.543061775724589,
      4.531573044648878,
      3.872983346207418,
      3.705956579569681,
      3.2524272951230024,
      3.1622776601683786,
      2.8172651290248956,
      2.0882025050148156,
      1.644671590832201,
      0.9542121422328362,
      7.916047609772365e-16,
      5.812604989882466e-16,
      4.543061775724589,
      4.531573044648878,
      3.872983346207418,
      3.705956579569681,
      3.2524272951230024,
      3.1622776601683786,
      2.8172651290248956,
      2.0882025050148156,
      1.644671590832201,
      0.9542121422328362,
      7.916047609772365e-16,
      5.812604989882466e-16,
      4.543061775724589,
      4.531573044648878,
      3.872983346207418,
      3.705956579569681,
      3.2524272951230024,
      3.1622776601683786,
      2.8172651290248956,
      2.0882025050148156,
      1.644671590832201,
      0.9542121422328362,
      7.916047609772365e-16,
      5.812604989882466e-16,
      4.543061775724589,
      4.531573044648878,
      3.872983346207418,
      3.705956579569681,
      3.2524272951230024,
      3.1622776601683786,
      2.8172651290248956,
      2.0882025050148156,
      1.644671590832201,
      0.9542121422328362,
      7.916047609772365e-16,
      5.812604989882466e-16,
      4.543061775724589,
      4.531573044648878,
      3.872983346207418,
      3.705956579569681,
      3.2524272951230024,
      3.1622776601683786,
      2.8172651290248956,
      2.0882025050148156,
      1.644671590832201,
      0.9542121422328362,
      7.916047609772365e-16,
      5.812604989882466e-16,
      4.543061775724589,
      4.531573044648878,
      3.872983346207418,
      3.705956579569681,
      3.2524272951230024,
      3.1622776601683786,
      2.8172651290248956,
      2.0882025050148156,
      1.644671590832201,
      0.9542121422328362,
      7.916047609772365e-16,
      5.812604989882466e-16
    ],
    "singular_values_D": [
      4.543061775724589,
      4.531573044648878,
      3.872983346207418,
      3.705956579569681,
      3.2524272951230024,
      3.1622776601683786,
      2.8172651290248956,
      2.0882025050148156,
      1.644671590832201,
      0.9542121422328362,
      7.916047609772365e-16,
      5.812604989882466e-16
    ],
    "singular_values_D_anchor": [
      9.932019857759519,
      4.5430617757245875,
      4.312498096992718,
      3.872983346207416,
      3.5779786538363396,
      3.16227766016838,
      2.8213671758472962,
      2.088202505014814,
      1.7352464327536166,
      0.9920773850176845,
      6.339200309635073e-16,
      4.671973681328489e-16
    ],
    "root_tree_count_cv": 0.36514837167011077,
    "root_tree_count_gini": 0.18666666666666676,
    "edge_participation": [
      0.2,
      0.4,
      0.2,
      0.4,
      0.2,
      0.8,
      0.2,
      0.26666666666666666,
      0.3333333333333333,
      0.3333333333333333,
      0.3333333333333333,
      0.3333333333333333
    ],
    "edge_participation_mean": 0.3333333333333334,
    "edge_participation_var": 0.025185185185185185,
    "edge_participation_gini": 0.22222222222222232,
    "bottleneck_edge_fraction_095": 0.0,
    "mean_shortest_path": 1.4,
    "comparison_branch_d_rel_values": [
      20,
      20,
      20
    ],
    "comparison_branch_d_rel_min": 20,
    "comparison_branch_d_rel_mean": 20.0,
    "comparison_branch_d_rel_max": 20,
    "comparison_branch_d_rel_gini": 0.0,
    "comparison_branch_common_d_rel_values": [
      20,
      20,
      20
    ],
    "comparison_branch_common_d_rel_min": 20,
    "comparison_branch_common_d_rel_mean": 20.0,
    "comparison_branch_common_d_rel_max": 20,
    "comparison_branch_common_d_rel_gini": 0.0,
    "comparison_branch_input_count_values": [
      24,
      24,
      24
    ],
    "comparison_branch_input_count_min": 24,
    "comparison_branch_input_count_mean": 24.0,
    "comparison_branch_input_count_max": 24,
    "comparison_branch_input_count_gini": 0.0,
    "comparison_branch_input_overlap_values": [
      24,
      24,
      24
    ],
    "comparison_branch_input_overlap_min": 24,
    "comparison_branch_input_overlap_mean": 24.0,
    "comparison_branch_input_overlap_max": 24,
    "comparison_branch_input_overlap_gini": 0.0,
    "in_degree": [
      4,
      3,
      3,
      1,
      1
    ],
    "out_degree": [
      4,
      2,
      2,
      1,
      3
    ],
    "in_degree_cv": 0.5000000000000001,
    "out_degree_cv": 0.4249182927993988
  }
}