{
  "name": "hub_spoke_n5_m12_seed40",
  "family": "hub_spoke",
  "seed": 40,
  "n_nodes": 5,
  "edges": [
    [
      0,
      1
    ],
    [
      1,
      0
    ],
    [
      0,
      2
    ],
    [
      2,
      0
    ],
    [
      0,
      3
    ],
    [
      3,
      0
    ],
    [
      0,
      4
    ],
    [
      4,
      0
    ],
    [
      4,
      2
    ],
    [
      3,
      1
    ],
    [
      4,
      3
    ],
    [
      2,
      3
    ]
  ],
  "metrics": {
    "n_nodes": 5,
    "n_edges": 12,
    "p": 8,
    "strongly_connected": true,
    "edges": [
      [
        0,
        1
      ],
      [
        1,
        0
      ],
      [
        0,
        2
      ],
      [
        2,
        0
      ],
      [
        0,
        3
      ],
      [
        3,
        0
      ],
      [
        0,
        4
      ],
      [
        4,
        0
      ],
      [
        4,
        2
      ],
      [
        3,
        1
      ],
      [
        4,
        3
      ],
      [
        2,
        3
      ]
    ],
    "tree_counts_enum": [
      12,
      24,
      8,
      12,
      4
    ],
    "tree_counts_det": [
      12,
      24,
      8,
      12,
      4
    ],
    "tree_counts_match_det": true,
    "tree_enumeration_truncated": false,
    "max_trees_per_root": null,
    "n_trees_total_enum": 60,
    "rank_M": 12,
    "rank_D": 11,
    "rank_D_anchor": 11,
    "d_rel": 88,
    "effective_rank_D": 8.47898166368402,
    "condition_number_D": 4.9199198233619565,
    "effective_rank_D_masked": 67.8318533094722,
    "condition_number_D_masked": 4.9199198233619565,
    "singular_values_D_masked": [
      5.202523086671107,
      5.132565401872412,
      4.496429483088474,
      4.449712324033366,
      4.231797338898776,
      3.551913143653017,
      3.364964802916048,
      2.2580844949432306,
      1.966884385909341,
      1.5404860043138524,
      1.0574406237205787,
      5.825351714821384e-16,
      5.202523086671107,
      5.132565401872412,
      4.496429483088474,
      4.449712324033366,
      4.231797338898776,
      3.551913143653017,
      3.364964802916048,
      2.2580844949432306,
      1.966884385909341,
      1.5404860043138524,
      1.0574406237205787,
      5.825351714821384e-16,
      5.202523086671107,
      5.132565401872412,
      4.496429483088474,
      4.449712324033366,
      4.231797338898776,
      3.551913143653017,
      3.364964802916048,
      2.2580844949432306,
      1.966884385909341,
      1.5404860043138524,
      1.0574406237205787,
      5.825351714821384e-16,
      5.202523086671107,
      5.132565401872412,
      4.496429483088474,
      4.449712324033366,
      4.231797338898776,
      3.551913143653017,
      3.364964802916048,
      2.2580844949432306,
      1.966884385909341,
      1.5404860043138524,
      1.0574406237205787,
      5.825351714821384e-16,
      5.202523086671107,
      5.132565401872412,
      4.496429483088474,
      4.449712324033366,
      4.231797338898776,
      3.551913143653017,
      3.364964802916048,
      2.2580844949432306,
      1.966884385909341,
      1.5404860043138524,
      1.0574406237205787,
      5.825351714821384e-16,
      5.202523086671107,
      5.132565401872412,
      4.496429483088474,
      4.449712324033366,
      4.231797338898776,
      3.551913143653017,
      3.364964802916048,
      2.2580844949432306,
      1.966884385909341,
      1.5404860043138524,
      1.0574406237205787,
      5.825351714821384e-16,
      5.202523086671107,
      5.132565401872412,
      4.496429483088474,
      4.449712324033366,
      4.231797338898776,
      3.551913143653017,
      3.364964802916048,
      2.2580844949432306,
      1.966884385909341,
      1.5404860043138524,
      1.0574406237205787,
      5.825351714821384e-16,
      5.202523086671107,
      5.132565401872412,
      4.496429483088474,
      4.449712324033366,
      4.231797338898776,
      3.551913143653017,
      3.364964802916048,
      2.2580844949432306,
      1.966884385909341,
      1.5404860043138524,
      1.0574406237205787,
      5.825351714821384e-16
    ],
    "singular_values_D": [
      5.202523086671107,
      5.132565401872412,
      4.496429483088474,
      4.449712324033366,
      4.231797338898776,
      3.551913143653017,
      3.364964802916048,
      2.2580844949432306,
      1.966884385909341,
      1.5404860043138524,
      1.0574406237205787,
      5.825351714821384e-16
    ],
    "singular_values_D_anchor": [
      13.089430726485315,
      5.133080108913136,
      4.628154928350013,
      4.454587080614661,
      4.390657201454104,
      3.5519470767873442,
      3.416495485856331,
      2.2765632791605244,
      2.1022323962747027,
      1.641303814792839,
      1.0920110009312014,
      7.492988876697095e-16
    ],
    "root_tree_count_cv": 0.5577733510227171,
    "root_tree_count_gini": 0.29333333333333345,
    "edge_participation": [
      0.2,
      0.6,
      0.2,
      0.36666666666666664,
      0.2,
      0.3,
      0.2,
      0.26666666666666666,
      0.3333333333333333,
      0.5,
      0.3333333333333333,
      0.5
    ],
    "edge_participation_mean": 0.3333333333333333,
    "edge_participation_var": 0.017037037037037035,
    "edge_participation_gini": 0.21388888888888902,
    "bottleneck_edge_fraction_095": 0.0,
    "mean_shortest_path": 1.4,
    "comparison_branch_d_rel_values": [
      22,
      22,
      22
    ],
    "comparison_branch_d_rel_min": 22,
    "comparison_branch_d_rel_mean": 22.0,
    "comparison_branch_d_rel_max": 22,
    "comparison_branch_d_rel_gini": 0.0,
    "comparison_branch_common_d_rel_values": [
      22,
      22,
      22
    ],
    "comparison_branch_common_d_rel_min": 22,
    "comparison_branch_common_d_rel_mean": 22.0,
    "comparison_branch_common_d_rel_max": 22,
    "comparison_branch_common_d_rel_gini": 0.0,
    "comparison_branch_input_count_values": [
      24,
      24,
      24
    ],
    "comparison_branch_input_count_min": 24,
    "comparison_branch_input_count_mean": 24.0,
    "comparison_branch_input_count_max": 24,
    "comparison_branch_input_count_gini": 0.0,
    "comparison_branch_input_overlap_values": [
      24,
      24,
      24
    ],
    "comparison_branch_input_overlap_min": 24,
    "comparison_branch_input_overlap_mean": 24.0,
    "comparison_branch_input_overlap_max": 24,
    "comparison_branch_input_overlap_gini": 0.0,
    "in_degree": [
      4,
      2,
      2,
      3,
      1
    ],
    "out_degree": [
      4,
      1,
      2,
      2,
      3
    ],
    "in_degree_cv": 0.4249182927993988,
    "out_degree_cv": 0.4249182927993988
  }
}