{
  "name": "hub_spoke_n5_m12_seed54",
  "family": "hub_spoke",
  "seed": 54,
  "n_nodes": 5,
  "edges": [
    [
      0,
      1
    ],
    [
      1,
      0
    ],
    [
      0,
      2
    ],
    [
      2,
      0
    ],
    [
      0,
      3
    ],
    [
      3,
      0
    ],
    [
      0,
      4
    ],
    [
      4,
      0
    ],
    [
      1,
      2
    ],
    [
      4,
      3
    ],
    [
      4,
      1
    ],
    [
      2,
      4
    ]
  ],
  "metrics": {
    "n_nodes": 5,
    "n_edges": 12,
    "p": 8,
    "strongly_connected": true,
    "edges": [
      [
        0,
        1
      ],
      [
        1,
        0
      ],
      [
        0,
        2
      ],
      [
        2,
        0
      ],
      [
        0,
        3
      ],
      [
        3,
        0
      ],
      [
        0,
        4
      ],
      [
        4,
        0
      ],
      [
        1,
        2
      ],
      [
        4,
        3
      ],
      [
        4,
        1
      ],
      [
        2,
        4
      ]
    ],
    "tree_counts_enum": [
      11,
      9,
      10,
      18,
      7
    ],
    "tree_counts_det": [
      11,
      9,
      10,
      18,
      7
    ],
    "tree_counts_match_det": true,
    "tree_enumeration_truncated": false,
    "max_trees_per_root": null,
    "n_trees_total_enum": 55,
    "rank_M": 12,
    "rank_D": 11,
    "rank_D_anchor": 11,
    "d_rel": 88,
    "effective_rank_D": 8.458457371357415,
    "condition_number_D": 3.706050180016107,
    "effective_rank_D_masked": 67.66765897085936,
    "condition_number_D_masked": 3.706050180016107,
    "singular_values_D_masked": [
      4.9993235375371645,
      4.873081555555742,
      4.715272763025648,
      3.991276696166387,
      3.6944060229045244,
      3.4223212814348716,
      3.2261291356649346,
      2.0039092328633026,
      1.8050884408484928,
      1.444913127708526,
      1.3489627216853919,
      6.043495528636504e-16,
      4.9993235375371645,
      4.873081555555742,
      4.715272763025648,
      3.991276696166387,
      3.6944060229045244,
      3.4223212814348716,
      3.2261291356649346,
      2.0039092328633026,
      1.8050884408484928,
      1.444913127708526,
      1.3489627216853919,
      6.043495528636504e-16,
      4.9993235375371645,
      4.873081555555742,
      4.715272763025648,
      3.991276696166387,
      3.6944060229045244,
      3.4223212814348716,
      3.2261291356649346,
      2.0039092328633026,
      1.8050884408484928,
      1.444913127708526,
      1.3489627216853919,
      6.043495528636504e-16,
      4.9993235375371645,
      4.873081555555742,
      4.715272763025648,
      3.991276696166387,
      3.6944060229045244,
      3.4223212814348716,
      3.2261291356649346,
      2.0039092328633026,
      1.8050884408484928,
      1.444913127708526,
      1.3489627216853919,
      6.043495528636504e-16,
      4.9993235375371645,
      4.873081555555742,
      4.715272763025648,
      3.991276696166387,
      3.6944060229045244,
      3.4223212814348716,
      3.2261291356649346,
      2.0039092328633026,
      1.8050884408484928,
      1.444913127708526,
      1.3489627216853919,
      6.043495528636504e-16,
      4.9993235375371645,
      4.873081555555742,
      4.715272763025648,
      3.991276696166387,
      3.6944060229045244,
      3.4223212814348716,
      3.2261291356649346,
      2.0039092328633026,
      1.8050884408484928,
      1.444913127708526,
      1.3489627216853919,
      6.043495528636504e-16,
      4.9993235375371645,
      4.873081555555742,
      4.715272763025648,
      3.991276696166387,
      3.6944060229045244,
      3.4223212814348716,
      3.2261291356649346,
      2.0039092328633026,
      1.8050884408484928,
      1.444913127708526,
      1.3489627216853919,
      6.043495528636504e-16,
      4.9993235375371645,
      4.873081555555742,
      4.715272763025648,
      3.991276696166387,
      3.6944060229045244,
      3.4223212814348716,
      3.2261291356649346,
      2.0039092328633026,
      1.8050884408484928,
      1.444913127708526,
      1.3489627216853919,
      6.043495528636504e-16
    ],
    "singular_values_D": [
      4.9993235375371645,
      4.873081555555742,
      4.715272763025648,
      3.991276696166387,
      3.6944060229045244,
      3.4223212814348716,
      3.2261291356649346,
      2.0039092328633026,
      1.8050884408484928,
      1.444913127708526,
      1.3489627216853919,
      6.043495528636504e-16
    ],
    "singular_values_D_anchor": [
      11.9602756182301,
      4.977486935963032,
      4.7567365277354865,
      4.252764622109587,
      3.9011165961545293,
      3.4226588191526397,
      3.276363441988792,
      2.080706288071331,
      1.805784286559207,
      1.4973771936632823,
      1.4013158505152044,
      7.067210880410345e-16
    ],
    "root_tree_count_cv": 0.34015067152490375,
    "root_tree_count_gini": 0.17454545454545456,
    "edge_participation": [
      0.2,
      0.38181818181818183,
      0.2,
      0.36363636363636365,
      0.2,
      0.6727272727272727,
      0.2,
      0.23636363636363636,
      0.45454545454545453,
      0.36363636363636365,
      0.2727272727272727,
      0.45454545454545453
    ],
    "edge_participation_mean": 0.3333333333333333,
    "edge_participation_var": 0.01941230486685032,
    "edge_participation_gini": 0.22196969696969715,
    "bottleneck_edge_fraction_095": 0.0,
    "mean_shortest_path": 1.4,
    "comparison_branch_d_rel_values": [
      22,
      22,
      22
    ],
    "comparison_branch_d_rel_min": 22,
    "comparison_branch_d_rel_mean": 22.0,
    "comparison_branch_d_rel_max": 22,
    "comparison_branch_d_rel_gini": 0.0,
    "comparison_branch_common_d_rel_values": [
      22,
      22,
      22
    ],
    "comparison_branch_common_d_rel_min": 22,
    "comparison_branch_common_d_rel_mean": 22.0,
    "comparison_branch_common_d_rel_max": 22,
    "comparison_branch_common_d_rel_gini": 0.0,
    "comparison_branch_input_count_values": [
      24,
      24,
      24
    ],
    "comparison_branch_input_count_min": 24,
    "comparison_branch_input_count_mean": 24.0,
    "comparison_branch_input_count_max": 24,
    "comparison_branch_input_count_gini": 0.0,
    "comparison_branch_input_overlap_values": [
      24,
      24,
      24
    ],
    "comparison_branch_input_overlap_min": 24,
    "comparison_branch_input_overlap_mean": 24.0,
    "comparison_branch_input_overlap_max": 24,
    "comparison_branch_input_overlap_gini": 0.0,
    "in_degree": [
      4,
      2,
      2,
      2,
      2
    ],
    "out_degree": [
      4,
      2,
      2,
      1,
      3
    ],
    "in_degree_cv": 0.3333333333333334,
    "out_degree_cv": 0.4249182927993988
  }
}