{
  "name": "hub_spoke_n5_m12_seed49",
  "family": "hub_spoke",
  "seed": 49,
  "n_nodes": 5,
  "edges": [
    [
      0,
      1
    ],
    [
      1,
      0
    ],
    [
      0,
      2
    ],
    [
      2,
      0
    ],
    [
      0,
      3
    ],
    [
      3,
      0
    ],
    [
      0,
      4
    ],
    [
      4,
      0
    ],
    [
      3,
      4
    ],
    [
      2,
      1
    ],
    [
      1,
      4
    ],
    [
      1,
      2
    ]
  ],
  "metrics": {
    "n_nodes": 5,
    "n_edges": 12,
    "p": 8,
    "strongly_connected": true,
    "edges": [
      [
        0,
        1
      ],
      [
        1,
        0
      ],
      [
        0,
        2
      ],
      [
        2,
        0
      ],
      [
        0,
        3
      ],
      [
        3,
        0
      ],
      [
        0,
        4
      ],
      [
        4,
        0
      ],
      [
        3,
        4
      ],
      [
        2,
        1
      ],
      [
        1,
        4
      ],
      [
        1,
        2
      ]
    ],
    "tree_counts_enum": [
      10,
      6,
      8,
      5,
      21
    ],
    "tree_counts_det": [
      10,
      6,
      8,
      5,
      21
    ],
    "tree_counts_match_det": true,
    "tree_enumeration_truncated": false,
    "max_trees_per_root": null,
    "n_trees_total_enum": 50,
    "rank_M": 12,
    "rank_D": 11,
    "rank_D_anchor": 11,
    "d_rel": 88,
    "effective_rank_D": 8.183100010528365,
    "condition_number_D": 5.663484549453798,
    "effective_rank_D_masked": 65.46480008422694,
    "condition_number_D_masked": 5.663484549453798,
    "singular_values_D_masked": [
      4.936276780745083,
      4.812681902211767,
      4.419961028174887,
      4.047906023071674,
      3.396015878143121,
      3.1622776601683786,
      2.8474778761947803,
      2.222521289445278,
      1.5123228663115993,
      1.4149942858613054,
      0.8715971126329197,
      8.49410421524536e-16,
      4.936276780745083,
      4.812681902211767,
      4.419961028174887,
      4.047906023071674,
      3.396015878143121,
      3.1622776601683786,
      2.8474778761947803,
      2.222521289445278,
      1.5123228663115993,
      1.4149942858613054,
      0.8715971126329197,
      8.49410421524536e-16,
      4.936276780745083,
      4.812681902211767,
      4.419961028174887,
      4.047906023071674,
      3.396015878143121,
      3.1622776601683786,
      2.8474778761947803,
      2.222521289445278,
      1.5123228663115993,
      1.4149942858613054,
      0.8715971126329197,
      8.49410421524536e-16,
      4.936276780745083,
      4.812681902211767,
      4.419961028174887,
      4.047906023071674,
      3.396015878143121,
      3.1622776601683786,
      2.8474778761947803,
      2.222521289445278,
      1.5123228663115993,
      1.4149942858613054,
      0.8715971126329197,
      8.49410421524536e-16,
      4.936276780745083,
      4.812681902211767,
      4.419961028174887,
      4.047906023071674,
      3.396015878143121,
      3.1622776601683786,
      2.8474778761947803,
      2.222521289445278,
      1.5123228663115993,
      1.4149942858613054,
      0.8715971126329197,
      8.49410421524536e-16,
      4.936276780745083,
      4.812681902211767,
      4.419961028174887,
      4.047906023071674,
      3.396015878143121,
      3.1622776601683786,
      2.8474778761947803,
      2.222521289445278,
      1.5123228663115993,
      1.4149942858613054,
      0.8715971126329197,
      8.49410421524536e-16,
      4.936276780745083,
      4.812681902211767,
      4.419961028174887,
      4.047906023071674,
      3.396015878143121,
      3.1622776601683786,
      2.8474778761947803,
      2.222521289445278,
      1.5123228663115993,
      1.4149942858613054,
      0.8715971126329197,
      8.49410421524536e-16,
      4.936276780745083,
      4.812681902211767,
      4.419961028174887,
      4.047906023071674,
      3.396015878143121,
      3.1622776601683786,
      2.8474778761947803,
      2.222521289445278,
      1.5123228663115993,
      1.4149942858613054,
      0.8715971126329197,
      8.49410421524536e-16
    ],
    "singular_values_D": [
      4.936276780745083,
      4.812681902211767,
      4.419961028174887,
      4.047906023071674,
      3.396015878143121,
      3.1622776601683786,
      2.8474778761947803,
      2.222521289445278,
      1.5123228663115993,
      1.4149942858613054,
      0.8715971126329197,
      8.49410421524536e-16
    ],
    "singular_values_D_anchor": [
      11.196939083090202,
      4.935962011199331,
      4.43043444616446,
      4.256393805503182,
      3.5275829779934456,
      3.1622776601683804,
      3.0896807432178064,
      2.2289556504348886,
      1.6326718731773993,
      1.4608401935278266,
      0.8725325292165373,
      5.448695058104283e-16
    ],
    "root_tree_count_cv": 0.5761944116355173,
    "root_tree_count_gini": 0.28800000000000003,
    "edge_participation": [
      0.2,
      0.28,
      0.2,
      0.44,
      0.2,
      0.4,
      0.2,
      0.58,
      0.5,
      0.4,
      0.4,
      0.2
    ],
    "edge_participation_mean": 0.3333333333333333,
    "edge_participation_var": 0.01708888888888889,
    "edge_participation_gini": 0.21416666666666684,
    "bottleneck_edge_fraction_095": 0.0,
    "mean_shortest_path": 1.4,
    "comparison_branch_d_rel_values": [
      22,
      22,
      22
    ],
    "comparison_branch_d_rel_min": 22,
    "comparison_branch_d_rel_mean": 22.0,
    "comparison_branch_d_rel_max": 22,
    "comparison_branch_d_rel_gini": 0.0,
    "comparison_branch_common_d_rel_values": [
      22,
      22,
      22
    ],
    "comparison_branch_common_d_rel_min": 22,
    "comparison_branch_common_d_rel_mean": 22.0,
    "comparison_branch_common_d_rel_max": 22,
    "comparison_branch_common_d_rel_gini": 0.0,
    "comparison_branch_input_count_values": [
      24,
      24,
      24
    ],
    "comparison_branch_input_count_min": 24,
    "comparison_branch_input_count_mean": 24.0,
    "comparison_branch_input_count_max": 24,
    "comparison_branch_input_count_gini": 0.0,
    "comparison_branch_input_overlap_values": [
      24,
      24,
      24
    ],
    "comparison_branch_input_overlap_min": 24,
    "comparison_branch_input_overlap_mean": 24.0,
    "comparison_branch_input_overlap_max": 24,
    "comparison_branch_input_overlap_gini": 0.0,
    "in_degree": [
      4,
      2,
      2,
      1,
      3
    ],
    "out_degree": [
      4,
      3,
      2,
      2,
      1
    ],
    "in_degree_cv": 0.4249182927993988,
    "out_degree_cv": 0.4249182927993988
  }
}