{
  "name": "hub_spoke_n5_m12_seed51",
  "family": "hub_spoke",
  "seed": 51,
  "n_nodes": 5,
  "edges": [
    [
      0,
      1
    ],
    [
      1,
      0
    ],
    [
      0,
      2
    ],
    [
      2,
      0
    ],
    [
      0,
      3
    ],
    [
      3,
      0
    ],
    [
      0,
      4
    ],
    [
      4,
      0
    ],
    [
      1,
      2
    ],
    [
      3,
      2
    ],
    [
      2,
      4
    ],
    [
      4,
      1
    ]
  ],
  "metrics": {
    "n_nodes": 5,
    "n_edges": 12,
    "p": 8,
    "strongly_connected": true,
    "edges": [
      [
        0,
        1
      ],
      [
        1,
        0
      ],
      [
        0,
        2
      ],
      [
        2,
        0
      ],
      [
        0,
        3
      ],
      [
        3,
        0
      ],
      [
        0,
        4
      ],
      [
        4,
        0
      ],
      [
        1,
        2
      ],
      [
        3,
        2
      ],
      [
        2,
        4
      ],
      [
        4,
        1
      ]
    ],
    "tree_counts_enum": [
      14,
      15,
      18,
      7,
      16
    ],
    "tree_counts_det": [
      14,
      15,
      18,
      7,
      16
    ],
    "tree_counts_match_det": true,
    "tree_enumeration_truncated": false,
    "max_trees_per_root": null,
    "n_trees_total_enum": 70,
    "rank_M": 12,
    "rank_D": 11,
    "rank_D_anchor": 11,
    "d_rel": 88,
    "effective_rank_D": 8.597667821733571,
    "condition_number_D": 4.393730689161139,
    "effective_rank_D_masked": 68.78134257386859,
    "condition_number_D_masked": 4.393730689161139,
    "singular_values_D_masked": [
      5.70654931175852,
      5.387112789281081,
      5.285651288346858,
      5.13041632785027,
      3.9374228087198833,
      3.908327451429504,
      3.7717518675595576,
      2.408572713110294,
      2.280059025799128,
      1.9801469327164607,
      1.2987936028568987,
      7.176324725990242e-16,
      5.70654931175852,
      5.387112789281081,
      5.285651288346858,
      5.13041632785027,
      3.9374228087198833,
      3.908327451429504,
      3.7717518675595576,
      2.408572713110294,
      2.280059025799128,
      1.9801469327164607,
      1.2987936028568987,
      7.176324725990242e-16,
      5.70654931175852,
      5.387112789281081,
      5.285651288346858,
      5.13041632785027,
      3.9374228087198833,
      3.908327451429504,
      3.7717518675595576,
      2.408572713110294,
      2.280059025799128,
      1.9801469327164607,
      1.2987936028568987,
      7.176324725990242e-16,
      5.70654931175852,
      5.387112789281081,
      5.285651288346858,
      5.13041632785027,
      3.9374228087198833,
      3.908327451429504,
      3.7717518675595576,
      2.408572713110294,
      2.280059025799128,
      1.9801469327164607,
      1.2987936028568987,
      7.176324725990242e-16,
      5.70654931175852,
      5.387112789281081,
      5.285651288346858,
      5.13041632785027,
      3.9374228087198833,
      3.908327451429504,
      3.7717518675595576,
      2.408572713110294,
      2.280059025799128,
      1.9801469327164607,
      1.2987936028568987,
      7.176324725990242e-16,
      5.70654931175852,
      5.387112789281081,
      5.285651288346858,
      5.13041632785027,
      3.9374228087198833,
      3.908327451429504,
      3.7717518675595576,
      2.408572713110294,
      2.280059025799128,
      1.9801469327164607,
      1.2987936028568987,
      7.176324725990242e-16,
      5.70654931175852,
      5.387112789281081,
      5.285651288346858,
      5.13041632785027,
      3.9374228087198833,
      3.908327451429504,
      3.7717518675595576,
      2.408572713110294,
      2.280059025799128,
      1.9801469327164607,
      1.2987936028568987,
      7.176324725990242e-16,
      5.70654931175852,
      5.387112789281081,
      5.285651288346858,
      5.13041632785027,
      3.9374228087198833,
      3.908327451429504,
      3.7717518675595576,
      2.408572713110294,
      2.280059025799128,
      1.9801469327164607,
      1.2987936028568987,
      7.176324725990242e-16
    ],
    "singular_values_D": [
      5.70654931175852,
      5.387112789281081,
      5.285651288346858,
      5.13041632785027,
      3.9374228087198833,
      3.908327451429504,
      3.7717518675595576,
      2.408572713110294,
      2.280059025799128,
      1.9801469327164607,
      1.2987936028568987,
      7.176324725990242e-16
    ],
    "singular_values_D_anchor": [
      14.542559485796247,
      5.610267951625248,
      5.381647016975488,
      5.2382177803129055,
      3.939396986774053,
      3.908538826564308,
      3.794580328259771,
      2.419209781835559,
      2.2804535895082236,
      2.147800979385385,
      1.3331725876558405,
      8.127825417522962e-16
    ],
    "root_tree_count_cv": 0.2672612419124244,
    "root_tree_count_gini": 0.13714285714285723,
    "edge_participation": [
      0.2,
      0.35714285714285715,
      0.2,
      0.3142857142857143,
      0.2,
      0.4,
      0.2,
      0.34285714285714286,
      0.42857142857142855,
      0.5,
      0.42857142857142855,
      0.42857142857142855
    ],
    "edge_participation_mean": 0.3333333333333333,
    "edge_participation_var": 0.010963718820861675,
    "edge_participation_gini": 0.17440476190476217,
    "bottleneck_edge_fraction_095": 0.0,
    "mean_shortest_path": 1.4,
    "comparison_branch_d_rel_values": [
      22,
      22,
      22
    ],
    "comparison_branch_d_rel_min": 22,
    "comparison_branch_d_rel_mean": 22.0,
    "comparison_branch_d_rel_max": 22,
    "comparison_branch_d_rel_gini": 0.0,
    "comparison_branch_common_d_rel_values": [
      22,
      22,
      22
    ],
    "comparison_branch_common_d_rel_min": 22,
    "comparison_branch_common_d_rel_mean": 22.0,
    "comparison_branch_common_d_rel_max": 22,
    "comparison_branch_common_d_rel_gini": 0.0,
    "comparison_branch_input_count_values": [
      24,
      24,
      24
    ],
    "comparison_branch_input_count_min": 24,
    "comparison_branch_input_count_mean": 24.0,
    "comparison_branch_input_count_max": 24,
    "comparison_branch_input_count_gini": 0.0,
    "comparison_branch_input_overlap_values": [
      24,
      24,
      24
    ],
    "comparison_branch_input_overlap_min": 24,
    "comparison_branch_input_overlap_mean": 24.0,
    "comparison_branch_input_overlap_max": 24,
    "comparison_branch_input_overlap_gini": 0.0,
    "in_degree": [
      4,
      2,
      3,
      1,
      2
    ],
    "out_degree": [
      4,
      2,
      2,
      2,
      2
    ],
    "in_degree_cv": 0.4249182927993988,
    "out_degree_cv": 0.3333333333333334
  }
}