{
  "name": "hub_spoke_n5_m12_seed67",
  "family": "hub_spoke",
  "seed": 67,
  "n_nodes": 5,
  "edges": [
    [
      0,
      1
    ],
    [
      1,
      0
    ],
    [
      0,
      2
    ],
    [
      2,
      0
    ],
    [
      0,
      3
    ],
    [
      3,
      0
    ],
    [
      0,
      4
    ],
    [
      4,
      0
    ],
    [
      1,
      2
    ],
    [
      4,
      2
    ],
    [
      3,
      4
    ],
    [
      2,
      4
    ]
  ],
  "metrics": {
    "n_nodes": 5,
    "n_edges": 12,
    "p": 8,
    "strongly_connected": true,
    "edges": [
      [
        0,
        1
      ],
      [
        1,
        0
      ],
      [
        0,
        2
      ],
      [
        2,
        0
      ],
      [
        0,
        3
      ],
      [
        3,
        0
      ],
      [
        0,
        4
      ],
      [
        4,
        0
      ],
      [
        1,
        2
      ],
      [
        4,
        2
      ],
      [
        3,
        4
      ],
      [
        2,
        4
      ]
    ],
    "tree_counts_enum": [
      12,
      6,
      18,
      6,
      18
    ],
    "tree_counts_det": [
      12,
      6,
      18,
      6,
      18
    ],
    "tree_counts_match_det": true,
    "tree_enumeration_truncated": false,
    "max_trees_per_root": null,
    "n_trees_total_enum": 60,
    "rank_M": 12,
    "rank_D": 11,
    "rank_D_anchor": 11,
    "d_rel": 88,
    "effective_rank_D": 8.295356868703463,
    "condition_number_D": 4.988756055844922,
    "effective_rank_D_masked": 66.36285494962763,
    "condition_number_D_masked": 4.988756055844922,
    "singular_values_D_masked": [
      5.360240733433977,
      5.205956682180498,
      5.053756479412739,
      4.525793045213003,
      3.7179994567025245,
      3.5402547542137457,
      3.266691681708702,
      2.493184172064545,
      1.8561407847389524,
      1.425486763312458,
      1.0744643902068165,
      3.867678608431106e-16,
      5.360240733433977,
      5.205956682180498,
      5.053756479412739,
      4.525793045213003,
      3.7179994567025245,
      3.5402547542137457,
      3.266691681708702,
      2.493184172064545,
      1.8561407847389524,
      1.425486763312458,
      1.0744643902068165,
      3.867678608431106e-16,
      5.360240733433977,
      5.205956682180498,
      5.053756479412739,
      4.525793045213003,
      3.7179994567025245,
      3.5402547542137457,
      3.266691681708702,
      2.493184172064545,
      1.8561407847389524,
      1.425486763312458,
      1.0744643902068165,
      3.867678608431106e-16,
      5.360240733433977,
      5.205956682180498,
      5.053756479412739,
      4.525793045213003,
      3.7179994567025245,
      3.5402547542137457,
      3.266691681708702,
      2.493184172064545,
      1.8561407847389524,
      1.425486763312458,
      1.0744643902068165,
      3.867678608431106e-16,
      5.360240733433977,
      5.205956682180498,
      5.053756479412739,
      4.525793045213003,
      3.7179994567025245,
      3.5402547542137457,
      3.266691681708702,
      2.493184172064545,
      1.8561407847389524,
      1.425486763312458,
      1.0744643902068165,
      3.867678608431106e-16,
      5.360240733433977,
      5.205956682180498,
      5.053756479412739,
      4.525793045213003,
      3.7179994567025245,
      3.5402547542137457,
      3.266691681708702,
      2.493184172064545,
      1.8561407847389524,
      1.425486763312458,
      1.0744643902068165,
      3.867678608431106e-16,
      5.360240733433977,
      5.205956682180498,
      5.053756479412739,
      4.525793045213003,
      3.7179994567025245,
      3.5402547542137457,
      3.266691681708702,
      2.493184172064545,
      1.8561407847389524,
      1.425486763312458,
      1.0744643902068165,
      3.867678608431106e-16,
      5.360240733433977,
      5.205956682180498,
      5.053756479412739,
      4.525793045213003,
      3.7179994567025245,
      3.5402547542137457,
      3.266691681708702,
      2.493184172064545,
      1.8561407847389524,
      1.425486763312458,
      1.0744643902068165,
      3.867678608431106e-16
    ],
    "singular_values_D": [
      5.360240733433977,
      5.205956682180498,
      5.053756479412739,
      4.525793045213003,
      3.7179994567025245,
      3.5402547542137457,
      3.266691681708702,
      2.493184172064545,
      1.8561407847389524,
      1.425486763312458,
      1.0744643902068165,
      3.867678608431106e-16
    ],
    "singular_values_D_anchor": [
      12.949367294539424,
      5.360240733433974,
      5.053756479412739,
      4.773627647774145,
      3.7179994567025236,
      3.5402547542137444,
      3.3601224947679764,
      2.493184172064545,
      1.9712448864286116,
      1.5330153845941352,
      1.0744643902068165,
      9.129828655083064e-16
    ],
    "root_tree_count_cv": 0.4472135954999579,
    "root_tree_count_gini": 0.24,
    "edge_participation": [
      0.2,
      0.4,
      0.2,
      0.36666666666666664,
      0.2,
      0.4,
      0.2,
      0.36666666666666664,
      0.5,
      0.3333333333333333,
      0.5,
      0.3333333333333333
    ],
    "edge_participation_mean": 0.3333333333333333,
    "edge_participation_var": 0.011481481481481481,
    "edge_participation_gini": 0.1777777777777778,
    "bottleneck_edge_fraction_095": 0.0,
    "mean_shortest_path": 1.4,
    "comparison_branch_d_rel_values": [
      22,
      22,
      22
    ],
    "comparison_branch_d_rel_min": 22,
    "comparison_branch_d_rel_mean": 22.0,
    "comparison_branch_d_rel_max": 22,
    "comparison_branch_d_rel_gini": 0.0,
    "comparison_branch_common_d_rel_values": [
      22,
      22,
      22
    ],
    "comparison_branch_common_d_rel_min": 22,
    "comparison_branch_common_d_rel_mean": 22.0,
    "comparison_branch_common_d_rel_max": 22,
    "comparison_branch_common_d_rel_gini": 0.0,
    "comparison_branch_input_count_values": [
      24,
      24,
      24
    ],
    "comparison_branch_input_count_min": 24,
    "comparison_branch_input_count_mean": 24.0,
    "comparison_branch_input_count_max": 24,
    "comparison_branch_input_count_gini": 0.0,
    "comparison_branch_input_overlap_values": [
      24,
      24,
      24
    ],
    "comparison_branch_input_overlap_min": 24,
    "comparison_branch_input_overlap_mean": 24.0,
    "comparison_branch_input_overlap_max": 24,
    "comparison_branch_input_overlap_gini": 0.0,
    "in_degree": [
      4,
      1,
      3,
      1,
      3
    ],
    "out_degree": [
      4,
      2,
      2,
      2,
      2
    ],
    "in_degree_cv": 0.5000000000000001,
    "out_degree_cv": 0.3333333333333334
  }
}