{
  "name": "hub_spoke_n5_m12_seed61",
  "family": "hub_spoke",
  "seed": 61,
  "n_nodes": 5,
  "edges": [
    [
      0,
      1
    ],
    [
      1,
      0
    ],
    [
      0,
      2
    ],
    [
      2,
      0
    ],
    [
      0,
      3
    ],
    [
      3,
      0
    ],
    [
      0,
      4
    ],
    [
      4,
      0
    ],
    [
      2,
      3
    ],
    [
      4,
      3
    ],
    [
      1,
      3
    ],
    [
      4,
      1
    ]
  ],
  "metrics": {
    "n_nodes": 5,
    "n_edges": 12,
    "p": 8,
    "strongly_connected": true,
    "edges": [
      [
        0,
        1
      ],
      [
        1,
        0
      ],
      [
        0,
        2
      ],
      [
        2,
        0
      ],
      [
        0,
        3
      ],
      [
        3,
        0
      ],
      [
        0,
        4
      ],
      [
        4,
        0
      ],
      [
        2,
        3
      ],
      [
        4,
        3
      ],
      [
        1,
        3
      ],
      [
        4,
        1
      ]
    ],
    "tree_counts_enum": [
      12,
      8,
      6,
      30,
      4
    ],
    "tree_counts_det": [
      12,
      8,
      6,
      30,
      4
    ],
    "tree_counts_match_det": true,
    "tree_enumeration_truncated": false,
    "max_trees_per_root": null,
    "n_trees_total_enum": 60,
    "rank_M": 12,
    "rank_D": 11,
    "rank_D_anchor": 11,
    "d_rel": 88,
    "effective_rank_D": 8.36026192174455,
    "condition_number_D": 5.439370562266815,
    "effective_rank_D_masked": 66.8820953739563,
    "condition_number_D_masked": 5.439370562266815,
    "singular_values_D_masked": [
      5.298479522674066,
      5.1863223041092015,
      4.615480528824603,
      4.308442907654152,
      4.286913381077806,
      3.558196297916568,
      3.3619645620954945,
      2.748851129469164,
      1.6961278265457307,
      1.2542234277705169,
      0.9740979148267418,
      7.039861575685156e-16,
      5.298479522674066,
      5.1863223041092015,
      4.615480528824603,
      4.308442907654152,
      4.286913381077806,
      3.558196297916568,
      3.3619645620954945,
      2.748851129469164,
      1.6961278265457307,
      1.2542234277705169,
      0.9740979148267418,
      7.039861575685156e-16,
      5.298479522674066,
      5.1863223041092015,
      4.615480528824603,
      4.308442907654152,
      4.286913381077806,
      3.558196297916568,
      3.3619645620954945,
      2.748851129469164,
      1.6961278265457307,
      1.2542234277705169,
      0.9740979148267418,
      7.039861575685156e-16,
      5.298479522674066,
      5.1863223041092015,
      4.615480528824603,
      4.308442907654152,
      4.286913381077806,
      3.558196297916568,
      3.3619645620954945,
      2.748851129469164,
      1.6961278265457307,
      1.2542234277705169,
      0.9740979148267418,
      7.039861575685156e-16,
      5.298479522674066,
      5.1863223041092015,
      4.615480528824603,
      4.308442907654152,
      4.286913381077806,
      3.558196297916568,
      3.3619645620954945,
      2.748851129469164,
      1.6961278265457307,
      1.2542234277705169,
      0.9740979148267418,
      7.039861575685156e-16,
      5.298479522674066,
      5.1863223041092015,
      4.615480528824603,
      4.308442907654152,
      4.286913381077806,
      3.558196297916568,
      3.3619645620954945,
      2.748851129469164,
      1.6961278265457307,
      1.2542234277705169,
      0.9740979148267418,
      7.039861575685156e-16,
      5.298479522674066,
      5.1863223041092015,
      4.615480528824603,
      4.308442907654152,
      4.286913381077806,
      3.558196297916568,
      3.3619645620954945,
      2.748851129469164,
      1.6961278265457307,
      1.2542234277705169,
      0.9740979148267418,
      7.039861575685156e-16,
      5.298479522674066,
      5.1863223041092015,
      4.615480528824603,
      4.308442907654152,
      4.286913381077806,
      3.558196297916568,
      3.3619645620954945,
      2.748851129469164,
      1.6961278265457307,
      1.2542234277705169,
      0.9740979148267418,
      7.039861575685156e-16
    ],
    "singular_values_D": [
      5.298479522674066,
      5.1863223041092015,
      4.615480528824603,
      4.308442907654152,
      4.286913381077806,
      3.558196297916568,
      3.3619645620954945,
      2.748851129469164,
      1.6961278265457307,
      1.2542234277705169,
      0.9740979148267418,
      7.039861575685156e-16
    ],
    "singular_values_D_anchor": [
      12.99596879908356,
      5.282432438221913,
      4.655524179194376,
      4.5591712341911474,
      4.302404660781622,
      3.55840797454052,
      3.415116165842592,
      2.7512252112514877,
      1.9383684158899437,
      1.2715793317210489,
      0.9804880942337206,
      7.81263331893403e-16
    ],
    "root_tree_count_cv": 0.7817359599705717,
    "root_tree_count_gini": 0.3866666666666667,
    "edge_participation": [
      0.2,
      0.36666666666666664,
      0.2,
      0.4,
      0.2,
      0.5,
      0.2,
      0.26666666666666666,
      0.5,
      0.3333333333333333,
      0.5,
      0.3333333333333333
    ],
    "edge_participation_mean": 0.3333333333333333,
    "edge_participation_var": 0.013703703703703704,
    "edge_participation_gini": 0.19583333333333353,
    "bottleneck_edge_fraction_095": 0.0,
    "mean_shortest_path": 1.4,
    "comparison_branch_d_rel_values": [
      22,
      22,
      22
    ],
    "comparison_branch_d_rel_min": 22,
    "comparison_branch_d_rel_mean": 22.0,
    "comparison_branch_d_rel_max": 22,
    "comparison_branch_d_rel_gini": 0.0,
    "comparison_branch_common_d_rel_values": [
      22,
      22,
      22
    ],
    "comparison_branch_common_d_rel_min": 22,
    "comparison_branch_common_d_rel_mean": 22.0,
    "comparison_branch_common_d_rel_max": 22,
    "comparison_branch_common_d_rel_gini": 0.0,
    "comparison_branch_input_count_values": [
      24,
      24,
      24
    ],
    "comparison_branch_input_count_min": 24,
    "comparison_branch_input_count_mean": 24.0,
    "comparison_branch_input_count_max": 24,
    "comparison_branch_input_count_gini": 0.0,
    "comparison_branch_input_overlap_values": [
      24,
      24,
      24
    ],
    "comparison_branch_input_overlap_min": 24,
    "comparison_branch_input_overlap_mean": 24.0,
    "comparison_branch_input_overlap_max": 24,
    "comparison_branch_input_overlap_gini": 0.0,
    "in_degree": [
      4,
      2,
      1,
      4,
      1
    ],
    "out_degree": [
      4,
      2,
      2,
      1,
      3
    ],
    "in_degree_cv": 0.5651941652604391,
    "out_degree_cv": 0.4249182927993988
  }
}