{
  "name": "hub_spoke_n5_m12_seed77",
  "family": "hub_spoke",
  "seed": 77,
  "n_nodes": 5,
  "edges": [
    [
      0,
      1
    ],
    [
      1,
      0
    ],
    [
      0,
      2
    ],
    [
      2,
      0
    ],
    [
      0,
      3
    ],
    [
      3,
      0
    ],
    [
      0,
      4
    ],
    [
      4,
      0
    ],
    [
      1,
      3
    ],
    [
      4,
      2
    ],
    [
      4,
      3
    ],
    [
      3,
      2
    ]
  ],
  "metrics": {
    "n_nodes": 5,
    "n_edges": 12,
    "p": 8,
    "strongly_connected": true,
    "edges": [
      [
        0,
        1
      ],
      [
        1,
        0
      ],
      [
        0,
        2
      ],
      [
        2,
        0
      ],
      [
        0,
        3
      ],
      [
        3,
        0
      ],
      [
        0,
        4
      ],
      [
        4,
        0
      ],
      [
        1,
        3
      ],
      [
        4,
        2
      ],
      [
        4,
        3
      ],
      [
        3,
        2
      ]
    ],
    "tree_counts_enum": [
      12,
      6,
      27,
      11,
      4
    ],
    "tree_counts_det": [
      12,
      6,
      27,
      11,
      4
    ],
    "tree_counts_match_det": true,
    "tree_enumeration_truncated": false,
    "max_trees_per_root": null,
    "n_trees_total_enum": 60,
    "rank_M": 12,
    "rank_D": 11,
    "rank_D_anchor": 11,
    "d_rel": 88,
    "effective_rank_D": 8.405312268969562,
    "condition_number_D": 5.458141445627189,
    "effective_rank_D_masked": 67.24249815175651,
    "condition_number_D_masked": 5.458141445627189,
    "singular_values_D_masked": [
      5.282570738772853,
      5.1144349174430035,
      4.643415202287721,
      4.33544688485463,
      4.275617627323548,
      3.539376809087215,
      3.3539361157889283,
      2.476363532189866,
      1.8991191476144422,
      1.3712103915939584,
      0.9678332434944509,
      9.083266359389406e-16,
      5.282570738772853,
      5.1144349174430035,
      4.643415202287721,
      4.33544688485463,
      4.275617627323548,
      3.539376809087215,
      3.3539361157889283,
      2.476363532189866,
      1.8991191476144422,
      1.3712103915939584,
      0.9678332434944509,
      9.083266359389406e-16,
      5.282570738772853,
      5.1144349174430035,
      4.643415202287721,
      4.33544688485463,
      4.275617627323548,
      3.539376809087215,
      3.3539361157889283,
      2.476363532189866,
      1.8991191476144422,
      1.3712103915939584,
      0.9678332434944509,
      9.083266359389406e-16,
      5.282570738772853,
      5.1144349174430035,
      4.643415202287721,
      4.33544688485463,
      4.275617627323548,
      3.539376809087215,
      3.3539361157889283,
      2.476363532189866,
      1.8991191476144422,
      1.3712103915939584,
      0.9678332434944509,
      9.083266359389406e-16,
      5.282570738772853,
      5.1144349174430035,
      4.643415202287721,
      4.33544688485463,
      4.275617627323548,
      3.539376809087215,
      3.3539361157889283,
      2.476363532189866,
      1.8991191476144422,
      1.3712103915939584,
      0.9678332434944509,
      9.083266359389406e-16,
      5.282570738772853,
      5.1144349174430035,
      4.643415202287721,
      4.33544688485463,
      4.275617627323548,
      3.539376809087215,
      3.3539361157889283,
      2.476363532189866,
      1.8991191476144422,
      1.3712103915939584,
      0.9678332434944509,
      9.083266359389406e-16,
      5.282570738772853,
      5.1144349174430035,
      4.643415202287721,
      4.33544688485463,
      4.275617627323548,
      3.539376809087215,
      3.3539361157889283,
      2.476363532189866,
      1.8991191476144422,
      1.3712103915939584,
      0.9678332434944509,
      9.083266359389406e-16,
      5.282570738772853,
      5.1144349174430035,
      4.643415202287721,
      4.33544688485463,
      4.275617627323548,
      3.539376809087215,
      3.3539361157889283,
      2.476363532189866,
      1.8991191476144422,
      1.3712103915939584,
      0.9678332434944509,
      9.083266359389406e-16
    ],
    "singular_values_D": [
      5.282570738772853,
      5.1144349174430035,
      4.643415202287721,
      4.33544688485463,
      4.275617627323548,
      3.539376809087215,
      3.3539361157889283,
      2.476363532189866,
      1.8991191476144422,
      1.3712103915939584,
      0.9678332434944509,
      9.083266359389406e-16
    ],
    "singular_values_D_anchor": [
      13.038576435700545,
      5.197049046784111,
      4.666619822920949,
      4.566524872399811,
      4.31824879913207,
      3.5393839806819107,
      3.4108832353718426,
      2.4866833713146,
      2.0588262552350147,
      1.4784460331057108,
      0.9689774214667307,
      6.65746911844166e-16
    ],
    "root_tree_count_cv": 0.6728876412728783,
    "root_tree_count_gini": 0.3466666666666667,
    "edge_participation": [
      0.2,
      0.4,
      0.2,
      0.55,
      0.2,
      0.31666666666666665,
      0.2,
      0.26666666666666666,
      0.5,
      0.3333333333333333,
      0.3333333333333333,
      0.5
    ],
    "edge_participation_mean": 0.3333333333333333,
    "edge_participation_var": 0.015231481481481485,
    "edge_participation_gini": 0.2055555555555557,
    "bottleneck_edge_fraction_095": 0.0,
    "mean_shortest_path": 1.4,
    "comparison_branch_d_rel_values": [
      22,
      22,
      22
    ],
    "comparison_branch_d_rel_min": 22,
    "comparison_branch_d_rel_mean": 22.0,
    "comparison_branch_d_rel_max": 22,
    "comparison_branch_d_rel_gini": 0.0,
    "comparison_branch_common_d_rel_values": [
      22,
      22,
      22
    ],
    "comparison_branch_common_d_rel_min": 22,
    "comparison_branch_common_d_rel_mean": 22.0,
    "comparison_branch_common_d_rel_max": 22,
    "comparison_branch_common_d_rel_gini": 0.0,
    "comparison_branch_input_count_values": [
      24,
      24,
      24
    ],
    "comparison_branch_input_count_min": 24,
    "comparison_branch_input_count_mean": 24.0,
    "comparison_branch_input_count_max": 24,
    "comparison_branch_input_count_gini": 0.0,
    "comparison_branch_input_overlap_values": [
      24,
      24,
      24
    ],
    "comparison_branch_input_overlap_min": 24,
    "comparison_branch_input_overlap_mean": 24.0,
    "comparison_branch_input_overlap_max": 24,
    "comparison_branch_input_overlap_gini": 0.0,
    "in_degree": [
      4,
      1,
      3,
      3,
      1
    ],
    "out_degree": [
      4,
      2,
      1,
      2,
      3
    ],
    "in_degree_cv": 0.5000000000000001,
    "out_degree_cv": 0.4249182927993988
  }
}