{
  "name": "hub_spoke_n5_m12_seed84",
  "family": "hub_spoke",
  "seed": 84,
  "n_nodes": 5,
  "edges": [
    [
      0,
      1
    ],
    [
      1,
      0
    ],
    [
      0,
      2
    ],
    [
      2,
      0
    ],
    [
      0,
      3
    ],
    [
      3,
      0
    ],
    [
      0,
      4
    ],
    [
      4,
      0
    ],
    [
      3,
      4
    ],
    [
      3,
      1
    ],
    [
      2,
      1
    ],
    [
      1,
      3
    ]
  ],
  "metrics": {
    "n_nodes": 5,
    "n_edges": 12,
    "p": 8,
    "strongly_connected": true,
    "edges": [
      [
        0,
        1
      ],
      [
        1,
        0
      ],
      [
        0,
        2
      ],
      [
        2,
        0
      ],
      [
        0,
        3
      ],
      [
        3,
        0
      ],
      [
        0,
        4
      ],
      [
        4,
        0
      ],
      [
        3,
        4
      ],
      [
        3,
        1
      ],
      [
        2,
        1
      ],
      [
        1,
        3
      ]
    ],
    "tree_counts_enum": [
      10,
      11,
      5,
      7,
      17
    ],
    "tree_counts_det": [
      10,
      11,
      5,
      7,
      17
    ],
    "tree_counts_match_det": true,
    "tree_enumeration_truncated": false,
    "max_trees_per_root": null,
    "n_trees_total_enum": 50,
    "rank_M": 12,
    "rank_D": 11,
    "rank_D_anchor": 11,
    "d_rel": 88,
    "effective_rank_D": 8.253943317815391,
    "condition_number_D": 4.579332124670255,
    "effective_rank_D_masked": 66.03154654252312,
    "condition_number_D_masked": 4.579332124670255,
    "singular_values_D_masked": [
      4.873524405180942,
      4.756567381427942,
      4.44522532995362,
      3.9310770873088243,
      3.3914924964581634,
      3.162277660168378,
      2.8842887327081814,
      1.9756134466756505,
      1.680367010271413,
      1.3600707640348826,
      1.0642434906448002,
      7.378605369062923e-16,
      4.873524405180942,
      4.756567381427942,
      4.44522532995362,
      3.9310770873088243,
      3.3914924964581634,
      3.162277660168378,
      2.8842887327081814,
      1.9756134466756505,
      1.680367010271413,
      1.3600707640348826,
      1.0642434906448002,
      7.378605369062923e-16,
      4.873524405180942,
      4.756567381427942,
      4.44522532995362,
      3.9310770873088243,
      3.3914924964581634,
      3.162277660168378,
      2.8842887327081814,
      1.9756134466756505,
      1.680367010271413,
      1.3600707640348826,
      1.0642434906448002,
      7.378605369062923e-16,
      4.873524405180942,
      4.756567381427942,
      4.44522532995362,
      3.9310770873088243,
      3.3914924964581634,
      3.162277660168378,
      2.8842887327081814,
      1.9756134466756505,
      1.680367010271413,
      1.3600707640348826,
      1.0642434906448002,
      7.378605369062923e-16,
      4.873524405180942,
      4.756567381427942,
      4.44522532995362,
      3.9310770873088243,
      3.3914924964581634,
      3.162277660168378,
      2.8842887327081814,
      1.9756134466756505,
      1.680367010271413,
      1.3600707640348826,
      1.0642434906448002,
      7.378605369062923e-16,
      4.873524405180942,
      4.756567381427942,
      4.44522532995362,
      3.9310770873088243,
      3.3914924964581634,
      3.162277660168378,
      2.8842887327081814,
      1.9756134466756505,
      1.680367010271413,
      1.3600707640348826,
      1.0642434906448002,
      7.378605369062923e-16,
      4.873524405180942,
      4.756567381427942,
      4.44522532995362,
      3.9310770873088243,
      3.3914924964581634,
      3.162277660168378,
      2.8842887327081814,
      1.9756134466756505,
      1.680367010271413,
      1.3600707640348826,
      1.0642434906448002,
      7.378605369062923e-16,
      4.873524405180942,
      4.756567381427942,
      4.44522532995362,
      3.9310770873088243,
      3.3914924964581634,
      3.162277660168378,
      2.8842887327081814,
      1.9756134466756505,
      1.680367010271413,
      1.3600707640348826,
      1.0642434906448002,
      7.378605369062923e-16
    ],
    "singular_values_D": [
      4.873524405180942,
      4.756567381427942,
      4.44522532995362,
      3.9310770873088243,
      3.3914924964581634,
      3.162277660168378,
      2.8842887327081814,
      1.9756134466756505,
      1.680367010271413,
      1.3600707640348826,
      1.0642434906448002,
      7.378605369062923e-16
    ],
    "singular_values_D_anchor": [
      11.298372546127434,
      4.807575288167304,
      4.486200142134765,
      4.0891516079956345,
      3.536937523160137,
      3.16227766016838,
      3.1012535974734736,
      2.024565379071417,
      1.6869590027102985,
      1.4524703923122566,
      1.0976239150864686,
      4.448012352610353e-16
    ],
    "root_tree_count_cv": 0.40987803063838396,
    "root_tree_count_gini": 0.22399999999999998,
    "edge_participation": [
      0.2,
      0.38,
      0.2,
      0.4,
      0.2,
      0.26,
      0.2,
      0.66,
      0.4,
      0.2,
      0.5,
      0.4
    ],
    "edge_participation_mean": 0.3333333333333333,
    "edge_participation_var": 0.020355555555555557,
    "edge_participation_gini": 0.22666666666666657,
    "bottleneck_edge_fraction_095": 0.0,
    "mean_shortest_path": 1.4,
    "comparison_branch_d_rel_values": [
      22,
      22,
      22
    ],
    "comparison_branch_d_rel_min": 22,
    "comparison_branch_d_rel_mean": 22.0,
    "comparison_branch_d_rel_max": 22,
    "comparison_branch_d_rel_gini": 0.0,
    "comparison_branch_common_d_rel_values": [
      22,
      22,
      22
    ],
    "comparison_branch_common_d_rel_min": 22,
    "comparison_branch_common_d_rel_mean": 22.0,
    "comparison_branch_common_d_rel_max": 22,
    "comparison_branch_common_d_rel_gini": 0.0,
    "comparison_branch_input_count_values": [
      24,
      24,
      24
    ],
    "comparison_branch_input_count_min": 24,
    "comparison_branch_input_count_mean": 24.0,
    "comparison_branch_input_count_max": 24,
    "comparison_branch_input_count_gini": 0.0,
    "comparison_branch_input_overlap_values": [
      24,
      24,
      24
    ],
    "comparison_branch_input_overlap_min": 24,
    "comparison_branch_input_overlap_mean": 24.0,
    "comparison_branch_input_overlap_max": 24,
    "comparison_branch_input_overlap_gini": 0.0,
    "in_degree": [
      4,
      3,
      1,
      2,
      2
    ],
    "out_degree": [
      4,
      2,
      2,
      3,
      1
    ],
    "in_degree_cv": 0.4249182927993988,
    "out_degree_cv": 0.4249182927993988
  }
}