{
  "name": "hub_spoke_n5_m12_seed81",
  "family": "hub_spoke",
  "seed": 81,
  "n_nodes": 5,
  "edges": [
    [
      0,
      1
    ],
    [
      1,
      0
    ],
    [
      0,
      2
    ],
    [
      2,
      0
    ],
    [
      0,
      3
    ],
    [
      3,
      0
    ],
    [
      0,
      4
    ],
    [
      4,
      0
    ],
    [
      1,
      4
    ],
    [
      4,
      1
    ],
    [
      4,
      2
    ],
    [
      2,
      3
    ]
  ],
  "metrics": {
    "n_nodes": 5,
    "n_edges": 12,
    "p": 8,
    "strongly_connected": true,
    "edges": [
      [
        0,
        1
      ],
      [
        1,
        0
      ],
      [
        0,
        2
      ],
      [
        2,
        0
      ],
      [
        0,
        3
      ],
      [
        3,
        0
      ],
      [
        0,
        4
      ],
      [
        4,
        0
      ],
      [
        1,
        4
      ],
      [
        4,
        1
      ],
      [
        4,
        2
      ],
      [
        2,
        3
      ]
    ],
    "tree_counts_enum": [
      10,
      8,
      8,
      18,
      6
    ],
    "tree_counts_det": [
      10,
      8,
      8,
      18,
      6
    ],
    "tree_counts_match_det": true,
    "tree_enumeration_truncated": false,
    "max_trees_per_root": null,
    "n_trees_total_enum": 50,
    "rank_M": 12,
    "rank_D": 11,
    "rank_D_anchor": 11,
    "d_rel": 88,
    "effective_rank_D": 8.2694714174094,
    "condition_number_D": 4.7057918034925645,
    "effective_rank_D_masked": 66.15577133927519,
    "condition_number_D_masked": 4.7057918034925645,
    "singular_values_D_masked": [
      4.91129547249984,
      4.816941124006041,
      4.22229564650124,
      4.070406532971571,
      3.440896023352992,
      3.1622776601683795,
      2.871496761587435,
      1.9831304444234916,
      1.6401019833662451,
      1.4570577571381575,
      1.043670369958729,
      6.622026465940382e-16,
      4.91129547249984,
      4.816941124006041,
      4.22229564650124,
      4.070406532971571,
      3.440896023352992,
      3.1622776601683795,
      2.871496761587435,
      1.9831304444234916,
      1.6401019833662451,
      1.4570577571381575,
      1.043670369958729,
      6.622026465940382e-16,
      4.91129547249984,
      4.816941124006041,
      4.22229564650124,
      4.070406532971571,
      3.440896023352992,
      3.1622776601683795,
      2.871496761587435,
      1.9831304444234916,
      1.6401019833662451,
      1.4570577571381575,
      1.043670369958729,
      6.622026465940382e-16,
      4.91129547249984,
      4.816941124006041,
      4.22229564650124,
      4.070406532971571,
      3.440896023352992,
      3.1622776601683795,
      2.871496761587435,
      1.9831304444234916,
      1.6401019833662451,
      1.4570577571381575,
      1.043670369958729,
      6.622026465940382e-16,
      4.91129547249984,
      4.816941124006041,
      4.22229564650124,
      4.070406532971571,
      3.440896023352992,
      3.1622776601683795,
      2.871496761587435,
      1.9831304444234916,
      1.6401019833662451,
      1.4570577571381575,
      1.043670369958729,
      6.622026465940382e-16,
      4.91129547249984,
      4.816941124006041,
      4.22229564650124,
      4.070406532971571,
      3.440896023352992,
      3.1622776601683795,
      2.871496761587435,
      1.9831304444234916,
      1.6401019833662451,
      1.4570577571381575,
      1.043670369958729,
      6.622026465940382e-16,
      4.91129547249984,
      4.816941124006041,
      4.22229564650124,
      4.070406532971571,
      3.440896023352992,
      3.1622776601683795,
      2.871496761587435,
      1.9831304444234916,
      1.6401019833662451,
      1.4570577571381575,
      1.043670369958729,
      6.622026465940382e-16,
      4.91129547249984,
      4.816941124006041,
      4.22229564650124,
      4.070406532971571,
      3.440896023352992,
      3.1622776601683795,
      2.871496761587435,
      1.9831304444234916,
      1.6401019833662451,
      1.4570577571381575,
      1.043670369958729,
      6.622026465940382e-16
    ],
    "singular_values_D": [
      4.91129547249984,
      4.816941124006041,
      4.22229564650124,
      4.070406532971571,
      3.440896023352992,
      3.1622776601683795,
      2.871496761587435,
      1.9831304444234916,
      1.6401019833662451,
      1.4570577571381575,
      1.043670369958729,
      6.622026465940382e-16
    ],
    "singular_values_D_anchor": [
      11.272603231726974,
      4.904044625628123,
      4.325208555100018,
      4.105529022230659,
      3.6466949279776526,
      3.162277660168381,
      3.0959369440441487,
      1.996808278519319,
      1.7673258269134664,
      1.4644115291718312,
      1.0851592633215246,
      7.7139073627239e-16
    ],
    "root_tree_count_cv": 0.41952353926806063,
    "root_tree_count_gini": 0.20799999999999996,
    "edge_participation": [
      0.2,
      0.44,
      0.2,
      0.34,
      0.2,
      0.64,
      0.2,
      0.28,
      0.4,
      0.2,
      0.4,
      0.5
    ],
    "edge_participation_mean": 0.3333333333333333,
    "edge_participation_var": 0.01948888888888889,
    "edge_participation_gini": 0.22666666666666657,
    "bottleneck_edge_fraction_095": 0.0,
    "mean_shortest_path": 1.4,
    "comparison_branch_d_rel_values": [
      22,
      22,
      22
    ],
    "comparison_branch_d_rel_min": 22,
    "comparison_branch_d_rel_mean": 22.0,
    "comparison_branch_d_rel_max": 22,
    "comparison_branch_d_rel_gini": 0.0,
    "comparison_branch_common_d_rel_values": [
      22,
      22,
      22
    ],
    "comparison_branch_common_d_rel_min": 22,
    "comparison_branch_common_d_rel_mean": 22.0,
    "comparison_branch_common_d_rel_max": 22,
    "comparison_branch_common_d_rel_gini": 0.0,
    "comparison_branch_input_count_values": [
      24,
      24,
      24
    ],
    "comparison_branch_input_count_min": 24,
    "comparison_branch_input_count_mean": 24.0,
    "comparison_branch_input_count_max": 24,
    "comparison_branch_input_count_gini": 0.0,
    "comparison_branch_input_overlap_values": [
      24,
      24,
      24
    ],
    "comparison_branch_input_overlap_min": 24,
    "comparison_branch_input_overlap_mean": 24.0,
    "comparison_branch_input_overlap_max": 24,
    "comparison_branch_input_overlap_gini": 0.0,
    "in_degree": [
      4,
      2,
      2,
      2,
      2
    ],
    "out_degree": [
      4,
      2,
      2,
      1,
      3
    ],
    "in_degree_cv": 0.3333333333333334,
    "out_degree_cv": 0.4249182927993988
  }
}