{
  "name": "hub_spoke_n5_m12_seed83",
  "family": "hub_spoke",
  "seed": 83,
  "n_nodes": 5,
  "edges": [
    [
      0,
      1
    ],
    [
      1,
      0
    ],
    [
      0,
      2
    ],
    [
      2,
      0
    ],
    [
      0,
      3
    ],
    [
      3,
      0
    ],
    [
      0,
      4
    ],
    [
      4,
      0
    ],
    [
      3,
      4
    ],
    [
      2,
      1
    ],
    [
      2,
      4
    ],
    [
      2,
      3
    ]
  ],
  "metrics": {
    "n_nodes": 5,
    "n_edges": 12,
    "p": 8,
    "strongly_connected": true,
    "edges": [
      [
        0,
        1
      ],
      [
        1,
        0
      ],
      [
        0,
        2
      ],
      [
        2,
        0
      ],
      [
        0,
        3
      ],
      [
        3,
        0
      ],
      [
        0,
        4
      ],
      [
        4,
        0
      ],
      [
        3,
        4
      ],
      [
        2,
        1
      ],
      [
        2,
        4
      ],
      [
        2,
        3
      ]
    ],
    "tree_counts_enum": [
      8,
      10,
      2,
      5,
      15
    ],
    "tree_counts_det": [
      8,
      10,
      2,
      5,
      15
    ],
    "tree_counts_match_det": true,
    "tree_enumeration_truncated": false,
    "max_trees_per_root": null,
    "n_trees_total_enum": 40,
    "rank_M": 12,
    "rank_D": 11,
    "rank_D_anchor": 11,
    "d_rel": 88,
    "effective_rank_D": 8.152793036212264,
    "condition_number_D": 6.2355192073056465,
    "effective_rank_D_masked": 65.22234428969811,
    "condition_number_D_masked": 6.2355192073056465,
    "singular_values_D_masked": [
      4.537206103832279,
      4.0302045248314915,
      3.2358360027690747,
      3.1446328101948096,
      3.136036391222239,
      3.0902070886890045,
      2.6314770145568915,
      2.0222056604825096,
      1.3951248816367146,
      0.8294210344385009,
      0.7276388626173113,
      6.381289368700222e-16,
      4.537206103832279,
      4.0302045248314915,
      3.2358360027690747,
      3.1446328101948096,
      3.136036391222239,
      3.0902070886890045,
      2.6314770145568915,
      2.0222056604825096,
      1.3951248816367146,
      0.8294210344385009,
      0.7276388626173113,
      6.381289368700222e-16,
      4.537206103832279,
      4.0302045248314915,
      3.2358360027690747,
      3.1446328101948096,
      3.136036391222239,
      3.0902070886890045,
      2.6314770145568915,
      2.0222056604825096,
      1.3951248816367146,
      0.8294210344385009,
      0.7276388626173113,
      6.381289368700222e-16,
      4.537206103832279,
      4.0302045248314915,
      3.2358360027690747,
      3.1446328101948096,
      3.136036391222239,
      3.0902070886890045,
      2.6314770145568915,
      2.0222056604825096,
      1.3951248816367146,
      0.8294210344385009,
      0.7276388626173113,
      6.381289368700222e-16,
      4.537206103832279,
      4.0302045248314915,
      3.2358360027690747,
      3.1446328101948096,
      3.136036391222239,
      3.0902070886890045,
      2.6314770145568915,
      2.0222056604825096,
      1.3951248816367146,
      0.8294210344385009,
      0.7276388626173113,
      6.381289368700222e-16,
      4.537206103832279,
      4.0302045248314915,
      3.2358360027690747,
      3.1446328101948096,
      3.136036391222239,
      3.0902070886890045,
      2.6314770145568915,
      2.0222056604825096,
      1.3951248816367146,
      0.8294210344385009,
      0.7276388626173113,
      6.381289368700222e-16,
      4.537206103832279,
      4.0302045248314915,
      3.2358360027690747,
      3.1446328101948096,
      3.136036391222239,
      3.0902070886890045,
      2.6314770145568915,
      2.0222056604825096,
      1.3951248816367146,
      0.8294210344385009,
      0.7276388626173113,
      6.381289368700222e-16,
      4.537206103832279,
      4.0302045248314915,
      3.2358360027690747,
      3.1446328101948096,
      3.136036391222239,
      3.0902070886890045,
      2.6314770145568915,
      2.0222056604825096,
      1.3951248816367146,
      0.8294210344385009,
      0.7276388626173113,
      6.381289368700222e-16
    ],
    "singular_values_D": [
      4.537206103832279,
      4.0302045248314915,
      3.2358360027690747,
      3.1446328101948096,
      3.136036391222239,
      3.0902070886890045,
      2.6314770145568915,
      2.0222056604825096,
      1.3951248816367146,
      0.8294210344385009,
      0.7276388626173113,
      6.381289368700222e-16
    ],
    "singular_values_D_anchor": [
      9.235949814263858,
      4.365649755479882,
      3.736419766884155,
      3.229782646824321,
      3.1445026134830143,
      3.121203521124281,
      2.80246895902118,
      2.0695351924519634,
      1.4942280363224343,
      0.8352438997827873,
      0.7409713480133695,
      5.513101559973208e-16
    ],
    "root_tree_count_cv": 0.5533985905294664,
    "root_tree_count_gini": 0.31000000000000005,
    "edge_participation": [
      0.2,
      0.75,
      0.2,
      0.2,
      0.2,
      0.375,
      0.2,
      0.625,
      0.5,
      0.25,
      0.25,
      0.25
    ],
    "edge_participation_mean": 0.3333333333333333,
    "edge_participation_var": 0.033159722222222215,
    "edge_participation_gini": 0.2708333333333335,
    "bottleneck_edge_fraction_095": 0.0,
    "mean_shortest_path": 1.4,
    "comparison_branch_d_rel_values": [
      22,
      22,
      22
    ],
    "comparison_branch_d_rel_min": 22,
    "comparison_branch_d_rel_mean": 22.0,
    "comparison_branch_d_rel_max": 22,
    "comparison_branch_d_rel_gini": 0.0,
    "comparison_branch_common_d_rel_values": [
      22,
      22,
      22
    ],
    "comparison_branch_common_d_rel_min": 22,
    "comparison_branch_common_d_rel_mean": 22.0,
    "comparison_branch_common_d_rel_max": 22,
    "comparison_branch_common_d_rel_gini": 0.0,
    "comparison_branch_input_count_values": [
      24,
      24,
      24
    ],
    "comparison_branch_input_count_min": 24,
    "comparison_branch_input_count_mean": 24.0,
    "comparison_branch_input_count_max": 24,
    "comparison_branch_input_count_gini": 0.0,
    "comparison_branch_input_overlap_values": [
      24,
      24,
      24
    ],
    "comparison_branch_input_overlap_min": 24,
    "comparison_branch_input_overlap_mean": 24.0,
    "comparison_branch_input_overlap_max": 24,
    "comparison_branch_input_overlap_gini": 0.0,
    "in_degree": [
      4,
      2,
      1,
      2,
      3
    ],
    "out_degree": [
      4,
      1,
      4,
      2,
      1
    ],
    "in_degree_cv": 0.4249182927993988,
    "out_degree_cv": 0.5651941652604391
  }
}