{
  "name": "hub_spoke_n5_m12_seed93",
  "family": "hub_spoke",
  "seed": 93,
  "n_nodes": 5,
  "edges": [
    [
      0,
      1
    ],
    [
      1,
      0
    ],
    [
      0,
      2
    ],
    [
      2,
      0
    ],
    [
      0,
      3
    ],
    [
      3,
      0
    ],
    [
      0,
      4
    ],
    [
      4,
      0
    ],
    [
      2,
      3
    ],
    [
      3,
      1
    ],
    [
      1,
      2
    ],
    [
      2,
      1
    ]
  ],
  "metrics": {
    "n_nodes": 5,
    "n_edges": 12,
    "p": 8,
    "strongly_connected": true,
    "edges": [
      [
        0,
        1
      ],
      [
        1,
        0
      ],
      [
        0,
        2
      ],
      [
        2,
        0
      ],
      [
        0,
        3
      ],
      [
        3,
        0
      ],
      [
        0,
        4
      ],
      [
        4,
        0
      ],
      [
        2,
        3
      ],
      [
        3,
        1
      ],
      [
        1,
        2
      ],
      [
        2,
        1
      ]
    ],
    "tree_counts_enum": [
      9,
      12,
      7,
      8,
      9
    ],
    "tree_counts_det": [
      9,
      12,
      7,
      8,
      9
    ],
    "tree_counts_match_det": true,
    "tree_enumeration_truncated": false,
    "max_trees_per_root": null,
    "n_trees_total_enum": 45,
    "rank_M": 11,
    "rank_D": 10,
    "rank_D_anchor": 10,
    "d_rel": 80,
    "effective_rank_D": 8.149970512291091,
    "condition_number_D": 3.294124166052372,
    "effective_rank_D_masked": 65.19976409832874,
    "condition_number_D_masked": 3.294124166052372,
    "singular_values_D_masked": [
      4.57783805194014,
      4.385591170042726,
      4.004733147721931,
      3.647026775493958,
      3.2806445629235683,
      3.0298290058617567,
      2.8122046192504775,
      1.8944711720709249,
      1.6159018895172779,
      1.3896980870111375,
      8.883452282267699e-16,
      4.735888652575428e-16,
      4.57783805194014,
      4.385591170042726,
      4.004733147721931,
      3.647026775493958,
      3.2806445629235683,
      3.0298290058617567,
      2.8122046192504775,
      1.8944711720709249,
      1.6159018895172779,
      1.3896980870111375,
      8.883452282267699e-16,
      4.735888652575428e-16,
      4.57783805194014,
      4.385591170042726,
      4.004733147721931,
      3.647026775493958,
      3.2806445629235683,
      3.0298290058617567,
      2.8122046192504775,
      1.8944711720709249,
      1.6159018895172779,
      1.3896980870111375,
      8.883452282267699e-16,
      4.735888652575428e-16,
      4.57783805194014,
      4.385591170042726,
      4.004733147721931,
      3.647026775493958,
      3.2806445629235683,
      3.0298290058617567,
      2.8122046192504775,
      1.8944711720709249,
      1.6159018895172779,
      1.3896980870111375,
      8.883452282267699e-16,
      4.735888652575428e-16,
      4.57783805194014,
      4.385591170042726,
      4.004733147721931,
      3.647026775493958,
      3.2806445629235683,
      3.0298290058617567,
      2.8122046192504775,
      1.8944711720709249,
      1.6159018895172779,
      1.3896980870111375,
      8.883452282267699e-16,
      4.735888652575428e-16,
      4.57783805194014,
      4.385591170042726,
      4.004733147721931,
      3.647026775493958,
      3.2806445629235683,
      3.0298290058617567,
      2.8122046192504775,
      1.8944711720709249,
      1.6159018895172779,
      1.3896980870111375,
      8.883452282267699e-16,
      4.735888652575428e-16,
      4.57783805194014,
      4.385591170042726,
      4.004733147721931,
      3.647026775493958,
      3.2806445629235683,
      3.0298290058617567,
      2.8122046192504775,
      1.8944711720709249,
      1.6159018895172779,
      1.3896980870111375,
      8.883452282267699e-16,
      4.735888652575428e-16,
      4.57783805194014,
      4.385591170042726,
      4.004733147721931,
      3.647026775493958,
      3.2806445629235683,
      3.0298290058617567,
      2.8122046192504775,
      1.8944711720709249,
      1.6159018895172779,
      1.3896980870111375,
      8.883452282267699e-16,
      4.735888652575428e-16
    ],
    "singular_values_D": [
      4.57783805194014,
      4.385591170042726,
      4.004733147721931,
      3.647026775493958,
      3.2806445629235683,
      3.0298290058617567,
      2.8122046192504775,
      1.8944711720709249,
      1.6159018895172779,
      1.3896980870111375,
      8.883452282267699e-16,
      4.735888652575428e-16
    ],
    "singular_values_D_anchor": [
      10.013243308619877,
      4.392316913807874,
      4.20168576422057,
      4.001318421791921,
      3.5076537146720814,
      3.032356057649076,
      2.96632066423363,
      1.9051394956930183,
      1.6988357310186957,
      1.4015429828309687,
      4.594697075990828e-16,
      3.3496202953130357e-16
    ],
    "root_tree_count_cv": 0.18592445034090568,
    "root_tree_count_gini": 0.09777777777777774,
    "edge_participation": [
      0.2,
      0.4,
      0.2,
      0.28888888888888886,
      0.2,
      0.37777777777777777,
      0.2,
      0.8,
      0.3333333333333333,
      0.4444444444444444,
      0.3333333333333333,
      0.2222222222222222
    ],
    "edge_participation_mean": 0.3333333333333333,
    "edge_participation_var": 0.026831275720164614,
    "edge_participation_gini": 0.2388888888888896,
    "bottleneck_edge_fraction_095": 0.0,
    "mean_shortest_path": 1.4,
    "comparison_branch_d_rel_values": [
      20,
      20,
      20
    ],
    "comparison_branch_d_rel_min": 20,
    "comparison_branch_d_rel_mean": 20.0,
    "comparison_branch_d_rel_max": 20,
    "comparison_branch_d_rel_gini": 0.0,
    "comparison_branch_common_d_rel_values": [
      20,
      20,
      20
    ],
    "comparison_branch_common_d_rel_min": 20,
    "comparison_branch_common_d_rel_mean": 20.0,
    "comparison_branch_common_d_rel_max": 20,
    "comparison_branch_common_d_rel_gini": 0.0,
    "comparison_branch_input_count_values": [
      24,
      24,
      24
    ],
    "comparison_branch_input_count_min": 24,
    "comparison_branch_input_count_mean": 24.0,
    "comparison_branch_input_count_max": 24,
    "comparison_branch_input_count_gini": 0.0,
    "comparison_branch_input_overlap_values": [
      24,
      24,
      24
    ],
    "comparison_branch_input_overlap_min": 24,
    "comparison_branch_input_overlap_mean": 24.0,
    "comparison_branch_input_overlap_max": 24,
    "comparison_branch_input_overlap_gini": 0.0,
    "in_degree": [
      4,
      3,
      2,
      2,
      1
    ],
    "out_degree": [
      4,
      2,
      3,
      2,
      1
    ],
    "in_degree_cv": 0.4249182927993988,
    "out_degree_cv": 0.4249182927993988
  }
}