{
  "name": "two_module_n5_m12_seed5",
  "family": "two_module",
  "seed": 5,
  "n_nodes": 5,
  "edges": [
    [
      0,
      1
    ],
    [
      1,
      0
    ],
    [
      2,
      3
    ],
    [
      2,
      4
    ],
    [
      3,
      2
    ],
    [
      3,
      4
    ],
    [
      4,
      2
    ],
    [
      4,
      3
    ],
    [
      1,
      2
    ],
    [
      2,
      1
    ],
    [
      0,
      4
    ],
    [
      1,
      3
    ]
  ],
  "metrics": {
    "n_nodes": 5,
    "n_edges": 12,
    "p": 8,
    "strongly_connected": true,
    "edges": [
      [
        0,
        1
      ],
      [
        1,
        0
      ],
      [
        2,
        3
      ],
      [
        2,
        4
      ],
      [
        3,
        2
      ],
      [
        3,
        4
      ],
      [
        4,
        2
      ],
      [
        4,
        3
      ],
      [
        1,
        2
      ],
      [
        2,
        1
      ],
      [
        0,
        4
      ],
      [
        1,
        3
      ]
    ],
    "tree_counts_enum": [
      3,
      6,
      15,
      20,
      19
    ],
    "tree_counts_det": [
      3,
      6,
      15,
      20,
      19
    ],
    "tree_counts_match_det": true,
    "tree_enumeration_truncated": false,
    "max_trees_per_root": null,
    "n_trees_total_enum": 63,
    "rank_M": 12,
    "rank_D": 11,
    "rank_D_anchor": 11,
    "d_rel": 88,
    "effective_rank_D": 8.35424318651313,
    "condition_number_D": 5.218526812021728,
    "effective_rank_D_masked": 66.83394549210513,
    "condition_number_D_masked": 5.218526812021728,
    "singular_values_D_masked": [
      5.728844533268853,
      5.208863552577571,
      4.925143224914375,
      4.646083266537104,
      4.066586275849472,
      3.9233417975829674,
      3.1562709026877678,
      2.6007978235704035,
      2.1768669219918255,
      1.291752917669975,
      1.0977896137414729,
      7.788223393896392e-16,
      5.728844533268853,
      5.208863552577571,
      4.925143224914375,
      4.646083266537104,
      4.066586275849472,
      3.9233417975829674,
      3.1562709026877678,
      2.6007978235704035,
      2.1768669219918255,
      1.291752917669975,
      1.0977896137414729,
      7.788223393896392e-16,
      5.728844533268853,
      5.208863552577571,
      4.925143224914375,
      4.646083266537104,
      4.066586275849472,
      3.9233417975829674,
      3.1562709026877678,
      2.6007978235704035,
      2.1768669219918255,
      1.291752917669975,
      1.0977896137414729,
      7.788223393896392e-16,
      5.728844533268853,
      5.208863552577571,
      4.925143224914375,
      4.646083266537104,
      4.066586275849472,
      3.9233417975829674,
      3.1562709026877678,
      2.6007978235704035,
      2.1768669219918255,
      1.291752917669975,
      1.0977896137414729,
      7.788223393896392e-16,
      5.728844533268853,
      5.208863552577571,
      4.925143224914375,
      4.646083266537104,
      4.066586275849472,
      3.9233417975829674,
      3.1562709026877678,
      2.6007978235704035,
      2.1768669219918255,
      1.291752917669975,
      1.0977896137414729,
      7.788223393896392e-16,
      5.728844533268853,
      5.208863552577571,
      4.925143224914375,
      4.646083266537104,
      4.066586275849472,
      3.9233417975829674,
      3.1562709026877678,
      2.6007978235704035,
      2.1768669219918255,
      1.291752917669975,
      1.0977896137414729,
      7.788223393896392e-16,
      5.728844533268853,
      5.208863552577571,
      4.925143224914375,
      4.646083266537104,
      4.066586275849472,
      3.9233417975829674,
      3.1562709026877678,
      2.6007978235704035,
      2.1768669219918255,
      1.291752917669975,
      1.0977896137414729,
      7.788223393896392e-16,
      5.728844533268853,
      5.208863552577571,
      4.925143224914375,
      4.646083266537104,
      4.066586275849472,
      3.9233417975829674,
      3.1562709026877678,
      2.6007978235704035,
      2.1768669219918255,
      1.291752917669975,
      1.0977896137414729,
      7.788223393896392e-16
    ],
    "singular_values_D": [
      5.728844533268853,
      5.208863552577571,
      4.925143224914375,
      4.646083266537104,
      4.066586275849472,
      3.9233417975829674,
      3.1562709026877678,
      2.6007978235704035,
      2.1768669219918255,
      1.291752917669975,
      1.0977896137414729,
      7.788223393896392e-16
    ],
    "singular_values_D_anchor": [
      14.388239613944398,
      5.676020571725395,
      5.2049818024040295,
      4.704783222467023,
      4.067492476316325,
      3.953576230336848,
      3.3150103896770333,
      2.611616061187942,
      2.257237633411805,
      1.717437007625442,
      1.226672959577699,
      6.901754420653484e-16
    ],
    "root_tree_count_cv": 0.5466404875467481,
    "root_tree_count_gini": 0.29841269841269846,
    "edge_participation": [
      0.38095238095238093,
      0.23809523809523808,
      0.23809523809523808,
      0.23809523809523808,
      0.3492063492063492,
      0.3333333333333333,
      0.36507936507936506,
      0.3333333333333333,
      0.2857142857142857,
      0.2857142857142857,
      0.5714285714285714,
      0.38095238095238093
    ],
    "edge_participation_mean": 0.3333333333333333,
    "edge_participation_var": 0.007852523725539597,
    "edge_participation_gini": 0.13624338624338628,
    "bottleneck_edge_fraction_095": 0.0,
    "mean_shortest_path": 1.5,
    "comparison_branch_d_rel_values": [
      22,
      22,
      22
    ],
    "comparison_branch_d_rel_min": 22,
    "comparison_branch_d_rel_mean": 22.0,
    "comparison_branch_d_rel_max": 22,
    "comparison_branch_d_rel_gini": 0.0,
    "comparison_branch_common_d_rel_values": [
      22,
      22,
      22
    ],
    "comparison_branch_common_d_rel_min": 22,
    "comparison_branch_common_d_rel_mean": 22.0,
    "comparison_branch_common_d_rel_max": 22,
    "comparison_branch_common_d_rel_gini": 0.0,
    "comparison_branch_input_count_values": [
      24,
      24,
      24
    ],
    "comparison_branch_input_count_min": 24,
    "comparison_branch_input_count_mean": 24.0,
    "comparison_branch_input_count_max": 24,
    "comparison_branch_input_count_gini": 0.0,
    "comparison_branch_input_overlap_values": [
      24,
      24,
      24
    ],
    "comparison_branch_input_overlap_min": 24,
    "comparison_branch_input_overlap_mean": 24.0,
    "comparison_branch_input_overlap_max": 24,
    "comparison_branch_input_overlap_gini": 0.0,
    "in_degree": [
      1,
      2,
      3,
      3,
      3
    ],
    "out_degree": [
      2,
      3,
      3,
      2,
      2
    ],
    "in_degree_cv": 0.33333333333333337,
    "out_degree_cv": 0.2041241452319315
  }
}