{
  "name": "two_module_n5_m12_seed13",
  "family": "two_module",
  "seed": 13,
  "n_nodes": 5,
  "edges": [
    [
      0,
      1
    ],
    [
      1,
      0
    ],
    [
      2,
      3
    ],
    [
      2,
      4
    ],
    [
      3,
      2
    ],
    [
      3,
      4
    ],
    [
      4,
      2
    ],
    [
      4,
      3
    ],
    [
      1,
      2
    ],
    [
      2,
      1
    ],
    [
      1,
      3
    ],
    [
      0,
      2
    ]
  ],
  "metrics": {
    "n_nodes": 5,
    "n_edges": 12,
    "p": 8,
    "strongly_connected": true,
    "edges": [
      [
        0,
        1
      ],
      [
        1,
        0
      ],
      [
        2,
        3
      ],
      [
        2,
        4
      ],
      [
        3,
        2
      ],
      [
        3,
        4
      ],
      [
        4,
        2
      ],
      [
        4,
        3
      ],
      [
        1,
        2
      ],
      [
        2,
        1
      ],
      [
        1,
        3
      ],
      [
        0,
        2
      ]
    ],
    "tree_counts_enum": [
      3,
      6,
      15,
      19,
      17
    ],
    "tree_counts_det": [
      3,
      6,
      15,
      19,
      17
    ],
    "tree_counts_match_det": true,
    "tree_enumeration_truncated": false,
    "max_trees_per_root": null,
    "n_trees_total_enum": 60,
    "rank_M": 12,
    "rank_D": 11,
    "rank_D_anchor": 11,
    "d_rel": 88,
    "effective_rank_D": 8.30451072087653,
    "condition_number_D": 5.959900238809211,
    "effective_rank_D_masked": 66.43608576701223,
    "condition_number_D_masked": 5.959900238809211,
    "singular_values_D_masked": [
      5.503409091081517,
      5.148948380357957,
      4.823243261114492,
      4.6302259695131776,
      4.033733113203395,
      3.617911566650028,
      3.1469567414491038,
      2.5255527750641313,
      2.1238509291289165,
      1.2620176399147254,
      0.923406243487911,
      5.986332577585701e-16,
      5.503409091081517,
      5.148948380357957,
      4.823243261114492,
      4.6302259695131776,
      4.033733113203395,
      3.617911566650028,
      3.1469567414491038,
      2.5255527750641313,
      2.1238509291289165,
      1.2620176399147254,
      0.923406243487911,
      5.986332577585701e-16,
      5.503409091081517,
      5.148948380357957,
      4.823243261114492,
      4.6302259695131776,
      4.033733113203395,
      3.617911566650028,
      3.1469567414491038,
      2.5255527750641313,
      2.1238509291289165,
      1.2620176399147254,
      0.923406243487911,
      5.986332577585701e-16,
      5.503409091081517,
      5.148948380357957,
      4.823243261114492,
      4.6302259695131776,
      4.033733113203395,
      3.617911566650028,
      3.1469567414491038,
      2.5255527750641313,
      2.1238509291289165,
      1.2620176399147254,
      0.923406243487911,
      5.986332577585701e-16,
      5.503409091081517,
      5.148948380357957,
      4.823243261114492,
      4.6302259695131776,
      4.033733113203395,
      3.617911566650028,
      3.1469567414491038,
      2.5255527750641313,
      2.1238509291289165,
      1.2620176399147254,
      0.923406243487911,
      5.986332577585701e-16,
      5.503409091081517,
      5.148948380357957,
      4.823243261114492,
      4.6302259695131776,
      4.033733113203395,
      3.617911566650028,
      3.1469567414491038,
      2.5255527750641313,
      2.1238509291289165,
      1.2620176399147254,
      0.923406243487911,
      5.986332577585701e-16,
      5.503409091081517,
      5.148948380357957,
      4.823243261114492,
      4.6302259695131776,
      4.033733113203395,
      3.617911566650028,
      3.1469567414491038,
      2.5255527750641313,
      2.1238509291289165,
      1.2620176399147254,
      0.923406243487911,
      5.986332577585701e-16,
      5.503409091081517,
      5.148948380357957,
      4.823243261114492,
      4.6302259695131776,
      4.033733113203395,
      3.617911566650028,
      3.1469567414491038,
      2.5255527750641313,
      2.1238509291289165,
      1.2620176399147254,
      0.923406243487911,
      5.986332577585701e-16
    ],
    "singular_values_D": [
      5.503409091081517,
      5.148948380357957,
      4.823243261114492,
      4.6302259695131776,
      4.033733113203395,
      3.617911566650028,
      3.1469567414491038,
      2.5255527750641313,
      2.1238509291289165,
      1.2620176399147254,
      0.923406243487911,
      5.986332577585701e-16
    ],
    "singular_values_D_anchor": [
      14.26557917019944,
      5.495458056052123,
      5.13882150252574,
      4.675029226028335,
      4.034979677984446,
      3.752854287176118,
      3.2550868321548956,
      2.5294074411194933,
      2.2412455610482955,
      1.6318811800095052,
      0.9925323937954553,
      7.921652657653957e-16
    ],
    "root_tree_count_cv": 0.5270462766947299,
    "root_tree_count_gini": 0.2866666666666666,
    "edge_participation": [
      0.4,
      0.2,
      0.25,
      0.25,
      0.35,
      0.3333333333333333,
      0.38333333333333336,
      0.3333333333333333,
      0.3,
      0.25,
      0.4,
      0.55
    ],
    "edge_participation_mean": 0.3333333333333333,
    "edge_participation_var": 0.008194444444444447,
    "edge_participation_gini": 0.14722222222222214,
    "bottleneck_edge_fraction_095": 0.0,
    "mean_shortest_path": 1.5,
    "comparison_branch_d_rel_values": [
      22,
      22,
      22
    ],
    "comparison_branch_d_rel_min": 22,
    "comparison_branch_d_rel_mean": 22.0,
    "comparison_branch_d_rel_max": 22,
    "comparison_branch_d_rel_gini": 0.0,
    "comparison_branch_common_d_rel_values": [
      22,
      22,
      22
    ],
    "comparison_branch_common_d_rel_min": 22,
    "comparison_branch_common_d_rel_mean": 22.0,
    "comparison_branch_common_d_rel_max": 22,
    "comparison_branch_common_d_rel_gini": 0.0,
    "comparison_branch_input_count_values": [
      24,
      24,
      24
    ],
    "comparison_branch_input_count_min": 24,
    "comparison_branch_input_count_mean": 24.0,
    "comparison_branch_input_count_max": 24,
    "comparison_branch_input_count_gini": 0.0,
    "comparison_branch_input_overlap_values": [
      24,
      24,
      24
    ],
    "comparison_branch_input_overlap_min": 24,
    "comparison_branch_input_overlap_mean": 24.0,
    "comparison_branch_input_overlap_max": 24,
    "comparison_branch_input_overlap_gini": 0.0,
    "in_degree": [
      1,
      2,
      4,
      3,
      2
    ],
    "out_degree": [
      2,
      3,
      3,
      2,
      2
    ],
    "in_degree_cv": 0.4249182927993988,
    "out_degree_cv": 0.2041241452319315
  }
}