{
  "name": "two_module_n5_m12_seed4",
  "family": "two_module",
  "seed": 4,
  "n_nodes": 5,
  "edges": [
    [
      0,
      1
    ],
    [
      1,
      0
    ],
    [
      2,
      3
    ],
    [
      2,
      4
    ],
    [
      3,
      2
    ],
    [
      3,
      4
    ],
    [
      4,
      2
    ],
    [
      4,
      3
    ],
    [
      1,
      2
    ],
    [
      2,
      1
    ],
    [
      4,
      0
    ],
    [
      0,
      4
    ]
  ],
  "metrics": {
    "n_nodes": 5,
    "n_edges": 12,
    "p": 8,
    "strongly_connected": true,
    "edges": [
      [
        0,
        1
      ],
      [
        1,
        0
      ],
      [
        2,
        3
      ],
      [
        2,
        4
      ],
      [
        3,
        2
      ],
      [
        3,
        4
      ],
      [
        4,
        2
      ],
      [
        4,
        3
      ],
      [
        1,
        2
      ],
      [
        2,
        1
      ],
      [
        4,
        0
      ],
      [
        0,
        4
      ]
    ],
    "tree_counts_enum": [
      11,
      11,
      11,
      11,
      11
    ],
    "tree_counts_det": [
      11,
      11,
      11,
      11,
      11
    ],
    "tree_counts_match_det": true,
    "tree_enumeration_truncated": false,
    "max_trees_per_root": null,
    "n_trees_total_enum": 55,
    "rank_M": 12,
    "rank_D": 11,
    "rank_D_anchor": 11,
    "d_rel": 88,
    "effective_rank_D": 8.141026587055626,
    "condition_number_D": 4.257470606982598,
    "effective_rank_D_masked": 65.12821269644506,
    "condition_number_D_masked": 4.257470606982598,
    "singular_values_D_masked": [
      5.765004090202579,
      4.964687188489507,
      4.843982039174202,
      4.311889730009309,
      3.633927490857379,
      3.1724203790341265,
      2.6599465063182084,
      2.1142296047569555,
      1.922045131507667,
      1.7291610780069457,
      1.3540913425796772,
      7.369207600643954e-16,
      5.765004090202579,
      4.964687188489507,
      4.843982039174202,
      4.311889730009309,
      3.633927490857379,
      3.1724203790341265,
      2.6599465063182084,
      2.1142296047569555,
      1.922045131507667,
      1.7291610780069457,
      1.3540913425796772,
      7.369207600643954e-16,
      5.765004090202579,
      4.964687188489507,
      4.843982039174202,
      4.311889730009309,
      3.633927490857379,
      3.1724203790341265,
      2.6599465063182084,
      2.1142296047569555,
      1.922045131507667,
      1.7291610780069457,
      1.3540913425796772,
      7.369207600643954e-16,
      5.765004090202579,
      4.964687188489507,
      4.843982039174202,
      4.311889730009309,
      3.633927490857379,
      3.1724203790341265,
      2.6599465063182084,
      2.1142296047569555,
      1.922045131507667,
      1.7291610780069457,
      1.3540913425796772,
      7.369207600643954e-16,
      5.765004090202579,
      4.964687188489507,
      4.843982039174202,
      4.311889730009309,
      3.633927490857379,
      3.1724203790341265,
      2.6599465063182084,
      2.1142296047569555,
      1.922045131507667,
      1.7291610780069457,
      1.3540913425796772,
      7.369207600643954e-16,
      5.765004090202579,
      4.964687188489507,
      4.843982039174202,
      4.311889730009309,
      3.633927490857379,
      3.1724203790341265,
      2.6599465063182084,
      2.1142296047569555,
      1.922045131507667,
      1.7291610780069457,
      1.3540913425796772,
      7.369207600643954e-16,
      5.765004090202579,
      4.964687188489507,
      4.843982039174202,
      4.311889730009309,
      3.633927490857379,
      3.1724203790341265,
      2.6599465063182084,
      2.1142296047569555,
      1.922045131507667,
      1.7291610780069457,
      1.3540913425796772,
      7.369207600643954e-16,
      5.765004090202579,
      4.964687188489507,
      4.843982039174202,
      4.311889730009309,
      3.633927490857379,
      3.1724203790341265,
      2.6599465063182084,
      2.1142296047569555,
      1.922045131507667,
      1.7291610780069457,
      1.3540913425796772,
      7.369207600643954e-16
    ],
    "singular_values_D": [
      5.765004090202579,
      4.964687188489507,
      4.843982039174202,
      4.311889730009309,
      3.633927490857379,
      3.1724203790341265,
      2.6599465063182084,
      2.1142296047569555,
      1.922045131507667,
      1.7291610780069457,
      1.3540913425796772,
      7.369207600643954e-16
    ],
    "singular_values_D_anchor": [
      13.198672291221076,
      5.759123254465148,
      4.867867320479187,
      4.38862126709124,
      3.9716088358339707,
      3.3668470620954776,
      2.6605065963450882,
      2.1429179470312834,
      1.933072941598578,
      1.731235707788029,
      1.4689259948330442,
      6.508924087090196e-16
    ],
    "root_tree_count_cv": 0.0,
    "root_tree_count_gini": 0.0,
    "edge_participation": [
      0.36363636363636365,
      0.36363636363636365,
      0.23636363636363636,
      0.2727272727272727,
      0.4,
      0.4,
      0.2727272727272727,
      0.23636363636363636,
      0.43636363636363634,
      0.2909090909090909,
      0.2909090909090909,
      0.43636363636363634
    ],
    "edge_participation_mean": 0.3333333333333333,
    "edge_participation_var": 0.005142332415059688,
    "edge_participation_gini": 0.12121212121212155,
    "bottleneck_edge_fraction_095": 0.0,
    "mean_shortest_path": 1.4,
    "comparison_branch_d_rel_values": [
      22,
      22,
      22
    ],
    "comparison_branch_d_rel_min": 22,
    "comparison_branch_d_rel_mean": 22.0,
    "comparison_branch_d_rel_max": 22,
    "comparison_branch_d_rel_gini": 0.0,
    "comparison_branch_common_d_rel_values": [
      22,
      22,
      22
    ],
    "comparison_branch_common_d_rel_min": 22,
    "comparison_branch_common_d_rel_mean": 22.0,
    "comparison_branch_common_d_rel_max": 22,
    "comparison_branch_common_d_rel_gini": 0.0,
    "comparison_branch_input_count_values": [
      24,
      24,
      24
    ],
    "comparison_branch_input_count_min": 24,
    "comparison_branch_input_count_mean": 24.0,
    "comparison_branch_input_count_max": 24,
    "comparison_branch_input_count_gini": 0.0,
    "comparison_branch_input_overlap_values": [
      24,
      24,
      24
    ],
    "comparison_branch_input_overlap_min": 24,
    "comparison_branch_input_overlap_mean": 24.0,
    "comparison_branch_input_overlap_max": 24,
    "comparison_branch_input_overlap_gini": 0.0,
    "in_degree": [
      2,
      2,
      3,
      2,
      3
    ],
    "out_degree": [
      2,
      2,
      3,
      2,
      3
    ],
    "in_degree_cv": 0.2041241452319315,
    "out_degree_cv": 0.2041241452319315
  }
}