{
  "name": "two_module_n5_m12_seed21",
  "family": "two_module",
  "seed": 21,
  "n_nodes": 5,
  "edges": [
    [
      0,
      1
    ],
    [
      1,
      0
    ],
    [
      2,
      3
    ],
    [
      2,
      4
    ],
    [
      3,
      2
    ],
    [
      3,
      4
    ],
    [
      4,
      2
    ],
    [
      4,
      3
    ],
    [
      1,
      2
    ],
    [
      2,
      1
    ],
    [
      3,
      1
    ],
    [
      0,
      2
    ]
  ],
  "metrics": {
    "n_nodes": 5,
    "n_edges": 12,
    "p": 8,
    "strongly_connected": true,
    "edges": [
      [
        0,
        1
      ],
      [
        1,
        0
      ],
      [
        2,
        3
      ],
      [
        2,
        4
      ],
      [
        3,
        2
      ],
      [
        3,
        4
      ],
      [
        4,
        2
      ],
      [
        4,
        3
      ],
      [
        1,
        2
      ],
      [
        2,
        1
      ],
      [
        3,
        1
      ],
      [
        0,
        2
      ]
    ],
    "tree_counts_enum": [
      8,
      16,
      15,
      9,
      12
    ],
    "tree_counts_det": [
      8,
      16,
      15,
      9,
      12
    ],
    "tree_counts_match_det": true,
    "tree_enumeration_truncated": false,
    "max_trees_per_root": null,
    "n_trees_total_enum": 60,
    "rank_M": 12,
    "rank_D": 11,
    "rank_D_anchor": 11,
    "d_rel": 88,
    "effective_rank_D": 8.369884813293092,
    "condition_number_D": 4.6933910148713425,
    "effective_rank_D_masked": 66.95907850634482,
    "condition_number_D_masked": 4.6933910148713425,
    "singular_values_D_masked": [
      5.506276211908146,
      5.269198590815555,
      4.974803539154643,
      4.458205673328506,
      3.774656184259373,
      3.6402972555507165,
      3.1691741980993795,
      2.354681725160414,
      1.8812791259141195,
      1.7574446051366486,
      1.17319784234067,
      7.591247038823739e-16,
      5.506276211908146,
      5.269198590815555,
      4.974803539154643,
      4.458205673328506,
      3.774656184259373,
      3.6402972555507165,
      3.1691741980993795,
      2.354681725160414,
      1.8812791259141195,
      1.7574446051366486,
      1.17319784234067,
      7.591247038823739e-16,
      5.506276211908146,
      5.269198590815555,
      4.974803539154643,
      4.458205673328506,
      3.774656184259373,
      3.6402972555507165,
      3.1691741980993795,
      2.354681725160414,
      1.8812791259141195,
      1.7574446051366486,
      1.17319784234067,
      7.591247038823739e-16,
      5.506276211908146,
      5.269198590815555,
      4.974803539154643,
      4.458205673328506,
      3.774656184259373,
      3.6402972555507165,
      3.1691741980993795,
      2.354681725160414,
      1.8812791259141195,
      1.7574446051366486,
      1.17319784234067,
      7.591247038823739e-16,
      5.506276211908146,
      5.269198590815555,
      4.974803539154643,
      4.458205673328506,
      3.774656184259373,
      3.6402972555507165,
      3.1691741980993795,
      2.354681725160414,
      1.8812791259141195,
      1.7574446051366486,
      1.17319784234067,
      7.591247038823739e-16,
      5.506276211908146,
      5.269198590815555,
      4.974803539154643,
      4.458205673328506,
      3.774656184259373,
      3.6402972555507165,
      3.1691741980993795,
      2.354681725160414,
      1.8812791259141195,
      1.7574446051366486,
      1.17319784234067,
      7.591247038823739e-16,
      5.506276211908146,
      5.269198590815555,
      4.974803539154643,
      4.458205673328506,
      3.774656184259373,
      3.6402972555507165,
      3.1691741980993795,
      2.354681725160414,
      1.8812791259141195,
      1.7574446051366486,
      1.17319784234067,
      7.591247038823739e-16,
      5.506276211908146,
      5.269198590815555,
      4.974803539154643,
      4.458205673328506,
      3.774656184259373,
      3.6402972555507165,
      3.1691741980993795,
      2.354681725160414,
      1.8812791259141195,
      1.7574446051366486,
      1.17319784234067,
      7.591247038823739e-16
    ],
    "singular_values_D": [
      5.506276211908146,
      5.269198590815555,
      4.974803539154643,
      4.458205673328506,
      3.774656184259373,
      3.6402972555507165,
      3.1691741980993795,
      2.354681725160414,
      1.8812791259141195,
      1.7574446051366486,
      1.17319784234067,
      7.591247038823739e-16
    ],
    "singular_values_D_anchor": [
      13.396175699358274,
      5.4227813292043825,
      5.193926578673297,
      4.809603093809675,
      3.8116092335159806,
      3.7466739817477968,
      3.475142938827648,
      2.3572476182466233,
      1.999061575652856,
      1.7578177135070854,
      1.3196318093348915,
      8.005136573712667e-16
    ],
    "root_tree_count_cv": 0.26352313834736496,
    "root_tree_count_gini": 0.14666666666666672,
    "edge_participation": [
      0.3333333333333333,
      0.3333333333333333,
      0.25,
      0.25,
      0.25,
      0.2,
      0.4,
      0.4,
      0.4,
      0.25,
      0.4,
      0.5333333333333333
    ],
    "edge_participation_mean": 0.3333333333333333,
    "edge_participation_var": 0.008611111111111113,
    "edge_participation_gini": 0.15138888888888902,
    "bottleneck_edge_fraction_095": 0.0,
    "mean_shortest_path": 1.45,
    "comparison_branch_d_rel_values": [
      22,
      22,
      22
    ],
    "comparison_branch_d_rel_min": 22,
    "comparison_branch_d_rel_mean": 22.0,
    "comparison_branch_d_rel_max": 22,
    "comparison_branch_d_rel_gini": 0.0,
    "comparison_branch_common_d_rel_values": [
      22,
      22,
      22
    ],
    "comparison_branch_common_d_rel_min": 22,
    "comparison_branch_common_d_rel_mean": 22.0,
    "comparison_branch_common_d_rel_max": 22,
    "comparison_branch_common_d_rel_gini": 0.0,
    "comparison_branch_input_count_values": [
      24,
      24,
      24
    ],
    "comparison_branch_input_count_min": 24,
    "comparison_branch_input_count_mean": 24.0,
    "comparison_branch_input_count_max": 24,
    "comparison_branch_input_count_gini": 0.0,
    "comparison_branch_input_overlap_values": [
      24,
      24,
      24
    ],
    "comparison_branch_input_overlap_min": 24,
    "comparison_branch_input_overlap_mean": 24.0,
    "comparison_branch_input_overlap_max": 24,
    "comparison_branch_input_overlap_gini": 0.0,
    "in_degree": [
      1,
      3,
      4,
      2,
      2
    ],
    "out_degree": [
      2,
      2,
      3,
      3,
      2
    ],
    "in_degree_cv": 0.4249182927993988,
    "out_degree_cv": 0.2041241452319315
  }
}