{
  "name": "two_module_n5_m12_seed32",
  "family": "two_module",
  "seed": 32,
  "n_nodes": 5,
  "edges": [
    [
      0,
      1
    ],
    [
      1,
      0
    ],
    [
      2,
      3
    ],
    [
      2,
      4
    ],
    [
      3,
      2
    ],
    [
      3,
      4
    ],
    [
      4,
      2
    ],
    [
      4,
      3
    ],
    [
      1,
      2
    ],
    [
      2,
      1
    ],
    [
      1,
      4
    ],
    [
      3,
      0
    ]
  ],
  "metrics": {
    "n_nodes": 5,
    "n_edges": 12,
    "p": 8,
    "strongly_connected": true,
    "edges": [
      [
        0,
        1
      ],
      [
        1,
        0
      ],
      [
        2,
        3
      ],
      [
        2,
        4
      ],
      [
        3,
        2
      ],
      [
        3,
        4
      ],
      [
        4,
        2
      ],
      [
        4,
        3
      ],
      [
        1,
        2
      ],
      [
        2,
        1
      ],
      [
        1,
        4
      ],
      [
        3,
        0
      ]
    ],
    "tree_counts_enum": [
      15,
      8,
      9,
      7,
      12
    ],
    "tree_counts_det": [
      15,
      8,
      9,
      7,
      12
    ],
    "tree_counts_match_det": true,
    "tree_enumeration_truncated": false,
    "max_trees_per_root": null,
    "n_trees_total_enum": 51,
    "rank_M": 12,
    "rank_D": 11,
    "rank_D_anchor": 11,
    "d_rel": 88,
    "effective_rank_D": 8.448531470442726,
    "condition_number_D": 3.895582338393304,
    "effective_rank_D_masked": 67.58825176354176,
    "condition_number_D_masked": 3.895582338393304,
    "singular_values_D_masked": [
      4.972430590186731,
      4.636556733267488,
      4.433522326083207,
      4.136779121260961,
      3.347014894852145,
      3.0152839729622603,
      2.8571143424387726,
      2.0088578706072595,
      1.9668240563910484,
      1.4812024354891362,
      1.2764280557441798,
      8.180907846694666e-16,
      4.972430590186731,
      4.636556733267488,
      4.433522326083207,
      4.136779121260961,
      3.347014894852145,
      3.0152839729622603,
      2.8571143424387726,
      2.0088578706072595,
      1.9668240563910484,
      1.4812024354891362,
      1.2764280557441798,
      8.180907846694666e-16,
      4.972430590186731,
      4.636556733267488,
      4.433522326083207,
      4.136779121260961,
      3.347014894852145,
      3.0152839729622603,
      2.8571143424387726,
      2.0088578706072595,
      1.9668240563910484,
      1.4812024354891362,
      1.2764280557441798,
      8.180907846694666e-16,
      4.972430590186731,
      4.636556733267488,
      4.433522326083207,
      4.136779121260961,
      3.347014894852145,
      3.0152839729622603,
      2.8571143424387726,
      2.0088578706072595,
      1.9668240563910484,
      1.4812024354891362,
      1.2764280557441798,
      8.180907846694666e-16,
      4.972430590186731,
      4.636556733267488,
      4.433522326083207,
      4.136779121260961,
      3.347014894852145,
      3.0152839729622603,
      2.8571143424387726,
      2.0088578706072595,
      1.9668240563910484,
      1.4812024354891362,
      1.2764280557441798,
      8.180907846694666e-16,
      4.972430590186731,
      4.636556733267488,
      4.433522326083207,
      4.136779121260961,
      3.347014894852145,
      3.0152839729622603,
      2.8571143424387726,
      2.0088578706072595,
      1.9668240563910484,
      1.4812024354891362,
      1.2764280557441798,
      8.180907846694666e-16,
      4.972430590186731,
      4.636556733267488,
      4.433522326083207,
      4.136779121260961,
      3.347014894852145,
      3.0152839729622603,
      2.8571143424387726,
      2.0088578706072595,
      1.9668240563910484,
      1.4812024354891362,
      1.2764280557441798,
      8.180907846694666e-16,
      4.972430590186731,
      4.636556733267488,
      4.433522326083207,
      4.136779121260961,
      3.347014894852145,
      3.0152839729622603,
      2.8571143424387726,
      2.0088578706072595,
      1.9668240563910484,
      1.4812024354891362,
      1.2764280557441798,
      8.180907846694666e-16
    ],
    "singular_values_D": [
      4.972430590186731,
      4.636556733267488,
      4.433522326083207,
      4.136779121260961,
      3.347014894852145,
      3.0152839729622603,
      2.8571143424387726,
      2.0088578706072595,
      1.9668240563910484,
      1.4812024354891362,
      1.2764280557441798,
      8.180907846694666e-16
    ],
    "singular_values_D_anchor": [
      13.194618548619399,
      4.9065898092727585,
      4.481118484775858,
      4.147022801779082,
      3.3478953539181235,
      3.1385998475479555,
      3.015238209437926,
      2.1450250715321735,
      1.96756090220922,
      1.4915099251306858,
      1.3043361243397997,
      8.965443450608545e-16
    ],
    "root_tree_count_cv": 0.2868380164377999,
    "root_tree_count_gini": 0.15686274509803932,
    "edge_participation": [
      0.7058823529411765,
      0.1568627450980392,
      0.29411764705882354,
      0.23529411764705882,
      0.21568627450980393,
      0.17647058823529413,
      0.35294117647058826,
      0.4117647058823529,
      0.29411764705882354,
      0.29411764705882354,
      0.39215686274509803,
      0.47058823529411764
    ],
    "edge_participation_mean": 0.3333333333333333,
    "edge_participation_var": 0.020953479430988086,
    "edge_participation_gini": 0.22957516339869288,
    "bottleneck_edge_fraction_095": 0.0,
    "mean_shortest_path": 1.45,
    "comparison_branch_d_rel_values": [
      22,
      22,
      22
    ],
    "comparison_branch_d_rel_min": 22,
    "comparison_branch_d_rel_mean": 22.0,
    "comparison_branch_d_rel_max": 22,
    "comparison_branch_d_rel_gini": 0.0,
    "comparison_branch_common_d_rel_values": [
      22,
      22,
      22
    ],
    "comparison_branch_common_d_rel_min": 22,
    "comparison_branch_common_d_rel_mean": 22.0,
    "comparison_branch_common_d_rel_max": 22,
    "comparison_branch_common_d_rel_gini": 0.0,
    "comparison_branch_input_count_values": [
      24,
      24,
      24
    ],
    "comparison_branch_input_count_min": 24,
    "comparison_branch_input_count_mean": 24.0,
    "comparison_branch_input_count_max": 24,
    "comparison_branch_input_count_gini": 0.0,
    "comparison_branch_input_overlap_values": [
      24,
      24,
      24
    ],
    "comparison_branch_input_overlap_min": 24,
    "comparison_branch_input_overlap_mean": 24.0,
    "comparison_branch_input_overlap_max": 24,
    "comparison_branch_input_overlap_gini": 0.0,
    "in_degree": [
      2,
      2,
      3,
      2,
      3
    ],
    "out_degree": [
      1,
      3,
      3,
      3,
      2
    ],
    "in_degree_cv": 0.2041241452319315,
    "out_degree_cv": 0.33333333333333337
  }
}