{
  "name": "two_module_n5_m12_seed31",
  "family": "two_module",
  "seed": 31,
  "n_nodes": 5,
  "edges": [
    [
      0,
      1
    ],
    [
      1,
      0
    ],
    [
      2,
      3
    ],
    [
      2,
      4
    ],
    [
      3,
      2
    ],
    [
      3,
      4
    ],
    [
      4,
      2
    ],
    [
      4,
      3
    ],
    [
      1,
      2
    ],
    [
      2,
      1
    ],
    [
      1,
      4
    ],
    [
      0,
      4
    ]
  ],
  "metrics": {
    "n_nodes": 5,
    "n_edges": 12,
    "p": 8,
    "strongly_connected": true,
    "edges": [
      [
        0,
        1
      ],
      [
        1,
        0
      ],
      [
        2,
        3
      ],
      [
        2,
        4
      ],
      [
        3,
        2
      ],
      [
        3,
        4
      ],
      [
        4,
        2
      ],
      [
        4,
        3
      ],
      [
        1,
        2
      ],
      [
        2,
        1
      ],
      [
        1,
        4
      ],
      [
        0,
        4
      ]
    ],
    "tree_counts_enum": [
      3,
      6,
      15,
      18,
      21
    ],
    "tree_counts_det": [
      3,
      6,
      15,
      18,
      21
    ],
    "tree_counts_match_det": true,
    "tree_enumeration_truncated": false,
    "max_trees_per_root": null,
    "n_trees_total_enum": 63,
    "rank_M": 12,
    "rank_D": 11,
    "rank_D_anchor": 11,
    "d_rel": 88,
    "effective_rank_D": 8.341700411933093,
    "condition_number_D": 5.262601333905914,
    "effective_rank_D_masked": 66.73360329546482,
    "condition_number_D_masked": 5.262601333905914,
    "singular_values_D_masked": [
      5.721831085164739,
      5.239613556227661,
      4.9054469735044135,
      4.6464720560993475,
      4.062259589445078,
      3.9241479462322713,
      3.1520537959979755,
      2.6287264841387916,
      2.1401832328499055,
      1.2825463958730148,
      1.0872628804884188,
      7.689094434820817e-16,
      5.721831085164739,
      5.239613556227661,
      4.9054469735044135,
      4.6464720560993475,
      4.062259589445078,
      3.9241479462322713,
      3.1520537959979755,
      2.6287264841387916,
      2.1401832328499055,
      1.2825463958730148,
      1.0872628804884188,
      7.689094434820817e-16,
      5.721831085164739,
      5.239613556227661,
      4.9054469735044135,
      4.6464720560993475,
      4.062259589445078,
      3.9241479462322713,
      3.1520537959979755,
      2.6287264841387916,
      2.1401832328499055,
      1.2825463958730148,
      1.0872628804884188,
      7.689094434820817e-16,
      5.721831085164739,
      5.239613556227661,
      4.9054469735044135,
      4.6464720560993475,
      4.062259589445078,
      3.9241479462322713,
      3.1520537959979755,
      2.6287264841387916,
      2.1401832328499055,
      1.2825463958730148,
      1.0872628804884188,
      7.689094434820817e-16,
      5.721831085164739,
      5.239613556227661,
      4.9054469735044135,
      4.6464720560993475,
      4.062259589445078,
      3.9241479462322713,
      3.1520537959979755,
      2.6287264841387916,
      2.1401832328499055,
      1.2825463958730148,
      1.0872628804884188,
      7.689094434820817e-16,
      5.721831085164739,
      5.239613556227661,
      4.9054469735044135,
      4.6464720560993475,
      4.062259589445078,
      3.9241479462322713,
      3.1520537959979755,
      2.6287264841387916,
      2.1401832328499055,
      1.2825463958730148,
      1.0872628804884188,
      7.689094434820817e-16,
      5.721831085164739,
      5.239613556227661,
      4.9054469735044135,
      4.6464720560993475,
      4.062259589445078,
      3.9241479462322713,
      3.1520537959979755,
      2.6287264841387916,
      2.1401832328499055,
      1.2825463958730148,
      1.0872628804884188,
      7.689094434820817e-16,
      5.721831085164739,
      5.239613556227661,
      4.9054469735044135,
      4.6464720560993475,
      4.062259589445078,
      3.9241479462322713,
      3.1520537959979755,
      2.6287264841387916,
      2.1401832328499055,
      1.2825463958730148,
      1.0872628804884188,
      7.689094434820817e-16
    ],
    "singular_values_D": [
      5.721831085164739,
      5.239613556227661,
      4.9054469735044135,
      4.6464720560993475,
      4.062259589445078,
      3.9241479462322713,
      3.1520537959979755,
      2.6287264841387916,
      2.1401832328499055,
      1.2825463958730148,
      1.0872628804884188,
      7.689094434820817e-16
    ],
    "singular_values_D_anchor": [
      14.388883937987417,
      5.66650139016511,
      5.216624938835523,
      4.703706727388033,
      4.066312519390995,
      3.9545337842593473,
      3.3205883953888793,
      2.629311217984987,
      2.2478016486969183,
      1.703943777657593,
      1.2016205334914856,
      9.281269554872483e-16
    ],
    "root_tree_count_cv": 0.5512303287042964,
    "root_tree_count_gini": 0.3047619047619048,
    "edge_participation": [
      0.38095238095238093,
      0.23809523809523808,
      0.23809523809523808,
      0.23809523809523808,
      0.38095238095238093,
      0.3333333333333333,
      0.3333333333333333,
      0.3333333333333333,
      0.2857142857142857,
      0.2857142857142857,
      0.38095238095238093,
      0.5714285714285714
    ],
    "edge_participation_mean": 0.3333333333333333,
    "edge_participation_var": 0.007936507936507934,
    "edge_participation_gini": 0.13690476190476186,
    "bottleneck_edge_fraction_095": 0.0,
    "mean_shortest_path": 1.5,
    "comparison_branch_d_rel_values": [
      22,
      22,
      22
    ],
    "comparison_branch_d_rel_min": 22,
    "comparison_branch_d_rel_mean": 22.0,
    "comparison_branch_d_rel_max": 22,
    "comparison_branch_d_rel_gini": 0.0,
    "comparison_branch_common_d_rel_values": [
      22,
      22,
      22
    ],
    "comparison_branch_common_d_rel_min": 22,
    "comparison_branch_common_d_rel_mean": 22.0,
    "comparison_branch_common_d_rel_max": 22,
    "comparison_branch_common_d_rel_gini": 0.0,
    "comparison_branch_input_count_values": [
      24,
      24,
      24
    ],
    "comparison_branch_input_count_min": 24,
    "comparison_branch_input_count_mean": 24.0,
    "comparison_branch_input_count_max": 24,
    "comparison_branch_input_count_gini": 0.0,
    "comparison_branch_input_overlap_values": [
      24,
      24,
      24
    ],
    "comparison_branch_input_overlap_min": 24,
    "comparison_branch_input_overlap_mean": 24.0,
    "comparison_branch_input_overlap_max": 24,
    "comparison_branch_input_overlap_gini": 0.0,
    "in_degree": [
      1,
      2,
      3,
      2,
      4
    ],
    "out_degree": [
      2,
      3,
      3,
      2,
      2
    ],
    "in_degree_cv": 0.4249182927993988,
    "out_degree_cv": 0.2041241452319315
  }
}