{
  "name": "two_module_n5_m12_seed26",
  "family": "two_module",
  "seed": 26,
  "n_nodes": 5,
  "edges": [
    [
      0,
      1
    ],
    [
      1,
      0
    ],
    [
      2,
      3
    ],
    [
      2,
      4
    ],
    [
      3,
      2
    ],
    [
      3,
      4
    ],
    [
      4,
      2
    ],
    [
      4,
      3
    ],
    [
      1,
      2
    ],
    [
      2,
      1
    ],
    [
      0,
      4
    ],
    [
      2,
      0
    ]
  ],
  "metrics": {
    "n_nodes": 5,
    "n_edges": 12,
    "p": 8,
    "strongly_connected": true,
    "edges": [
      [
        0,
        1
      ],
      [
        1,
        0
      ],
      [
        2,
        3
      ],
      [
        2,
        4
      ],
      [
        3,
        2
      ],
      [
        3,
        4
      ],
      [
        4,
        2
      ],
      [
        4,
        3
      ],
      [
        1,
        2
      ],
      [
        2,
        1
      ],
      [
        0,
        4
      ],
      [
        2,
        0
      ]
    ],
    "tree_counts_enum": [
      9,
      9,
      9,
      12,
      15
    ],
    "tree_counts_det": [
      9,
      9,
      9,
      12,
      15
    ],
    "tree_counts_match_det": true,
    "tree_enumeration_truncated": false,
    "max_trees_per_root": null,
    "n_trees_total_enum": 54,
    "rank_M": 12,
    "rank_D": 11,
    "rank_D_anchor": 11,
    "d_rel": 88,
    "effective_rank_D": 8.27727317355449,
    "condition_number_D": 4.432085873679881,
    "effective_rank_D_masked": 66.21818538843586,
    "condition_number_D_masked": 4.432085873679881,
    "singular_values_D_masked": [
      5.38922693820658,
      5.016185853686781,
      4.816397207416784,
      3.7850366826385526,
      3.5784372810467855,
      3.193064360324897,
      2.837760039016848,
      2.243140095692421,
      1.9549466596295297,
      1.5971202294923323,
      1.2159572471758093,
      6.828611833248942e-16,
      5.38922693820658,
      5.016185853686781,
      4.816397207416784,
      3.7850366826385526,
      3.5784372810467855,
      3.193064360324897,
      2.837760039016848,
      2.243140095692421,
      1.9549466596295297,
      1.5971202294923323,
      1.2159572471758093,
      6.828611833248942e-16,
      5.38922693820658,
      5.016185853686781,
      4.816397207416784,
      3.7850366826385526,
      3.5784372810467855,
      3.193064360324897,
      2.837760039016848,
      2.243140095692421,
      1.9549466596295297,
      1.5971202294923323,
      1.2159572471758093,
      6.828611833248942e-16,
      5.38922693820658,
      5.016185853686781,
      4.816397207416784,
      3.7850366826385526,
      3.5784372810467855,
      3.193064360324897,
      2.837760039016848,
      2.243140095692421,
      1.9549466596295297,
      1.5971202294923323,
      1.2159572471758093,
      6.828611833248942e-16,
      5.38922693820658,
      5.016185853686781,
      4.816397207416784,
      3.7850366826385526,
      3.5784372810467855,
      3.193064360324897,
      2.837760039016848,
      2.243140095692421,
      1.9549466596295297,
      1.5971202294923323,
      1.2159572471758093,
      6.828611833248942e-16,
      5.38922693820658,
      5.016185853686781,
      4.816397207416784,
      3.7850366826385526,
      3.5784372810467855,
      3.193064360324897,
      2.837760039016848,
      2.243140095692421,
      1.9549466596295297,
      1.5971202294923323,
      1.2159572471758093,
      6.828611833248942e-16,
      5.38922693820658,
      5.016185853686781,
      4.816397207416784,
      3.7850366826385526,
      3.5784372810467855,
      3.193064360324897,
      2.837760039016848,
      2.243140095692421,
      1.9549466596295297,
      1.5971202294923323,
      1.2159572471758093,
      6.828611833248942e-16,
      5.38922693820658,
      5.016185853686781,
      4.816397207416784,
      3.7850366826385526,
      3.5784372810467855,
      3.193064360324897,
      2.837760039016848,
      2.243140095692421,
      1.9549466596295297,
      1.5971202294923323,
      1.2159572471758093,
      6.828611833248942e-16
    ],
    "singular_values_D": [
      5.38922693820658,
      5.016185853686781,
      4.816397207416784,
      3.7850366826385526,
      3.5784372810467855,
      3.193064360324897,
      2.837760039016848,
      2.243140095692421,
      1.9549466596295297,
      1.5971202294923323,
      1.2159572471758093,
      6.828611833248942e-16
    ],
    "singular_values_D_anchor": [
      12.673410106746736,
      5.307449021899204,
      5.016185105480955,
      3.8980090181774423,
      3.646477225323565,
      3.1948279054220423,
      2.882713048575267,
      2.443932907435395,
      2.2168518903586176,
      1.63507744266627,
      1.2184413010350712,
      7.122686728354822e-16
    ],
    "root_tree_count_cv": 0.2222222222222222,
    "root_tree_count_gini": 0.11111111111111116,
    "edge_participation": [
      0.2777777777777778,
      0.3888888888888889,
      0.16666666666666666,
      0.16666666666666666,
      0.4444444444444444,
      0.3333333333333333,
      0.3888888888888889,
      0.3333333333333333,
      0.4444444444444444,
      0.2222222222222222,
      0.5555555555555556,
      0.2777777777777778
    ],
    "edge_participation_mean": 0.3333333333333333,
    "edge_participation_var": 0.012860082304526748,
    "edge_participation_gini": 0.19212962962962976,
    "bottleneck_edge_fraction_095": 0.0,
    "mean_shortest_path": 1.4,
    "comparison_branch_d_rel_values": [
      22,
      22,
      22
    ],
    "comparison_branch_d_rel_min": 22,
    "comparison_branch_d_rel_mean": 22.0,
    "comparison_branch_d_rel_max": 22,
    "comparison_branch_d_rel_gini": 0.0,
    "comparison_branch_common_d_rel_values": [
      22,
      22,
      22
    ],
    "comparison_branch_common_d_rel_min": 22,
    "comparison_branch_common_d_rel_mean": 22.0,
    "comparison_branch_common_d_rel_max": 22,
    "comparison_branch_common_d_rel_gini": 0.0,
    "comparison_branch_input_count_values": [
      24,
      24,
      24
    ],
    "comparison_branch_input_count_min": 24,
    "comparison_branch_input_count_mean": 24.0,
    "comparison_branch_input_count_max": 24,
    "comparison_branch_input_count_gini": 0.0,
    "comparison_branch_input_overlap_values": [
      24,
      24,
      24
    ],
    "comparison_branch_input_overlap_min": 24,
    "comparison_branch_input_overlap_mean": 24.0,
    "comparison_branch_input_overlap_max": 24,
    "comparison_branch_input_overlap_gini": 0.0,
    "in_degree": [
      2,
      2,
      3,
      2,
      3
    ],
    "out_degree": [
      2,
      2,
      4,
      2,
      2
    ],
    "in_degree_cv": 0.2041241452319315,
    "out_degree_cv": 0.33333333333333337
  }
}