{
  "name": "two_module_n5_m12_seed44",
  "family": "two_module",
  "seed": 44,
  "n_nodes": 5,
  "edges": [
    [
      0,
      1
    ],
    [
      1,
      0
    ],
    [
      2,
      3
    ],
    [
      2,
      4
    ],
    [
      3,
      2
    ],
    [
      3,
      4
    ],
    [
      4,
      2
    ],
    [
      4,
      3
    ],
    [
      1,
      2
    ],
    [
      2,
      1
    ],
    [
      1,
      4
    ],
    [
      2,
      0
    ]
  ],
  "metrics": {
    "n_nodes": 5,
    "n_edges": 12,
    "p": 8,
    "strongly_connected": true,
    "edges": [
      [
        0,
        1
      ],
      [
        1,
        0
      ],
      [
        2,
        3
      ],
      [
        2,
        4
      ],
      [
        3,
        2
      ],
      [
        3,
        4
      ],
      [
        4,
        2
      ],
      [
        4,
        3
      ],
      [
        1,
        2
      ],
      [
        2,
        1
      ],
      [
        1,
        4
      ],
      [
        2,
        0
      ]
    ],
    "tree_counts_enum": [
      12,
      6,
      6,
      8,
      10
    ],
    "tree_counts_det": [
      12,
      6,
      6,
      8,
      10
    ],
    "tree_counts_match_det": true,
    "tree_enumeration_truncated": false,
    "max_trees_per_root": null,
    "n_trees_total_enum": 42,
    "rank_M": 12,
    "rank_D": 11,
    "rank_D_anchor": 11,
    "d_rel": 88,
    "effective_rank_D": 8.05422116492681,
    "condition_number_D": 4.875683576437807,
    "effective_rank_D_masked": 64.43376931941444,
    "condition_number_D_masked": 4.875683576437807,
    "singular_values_D_masked": [
      4.63287806787333,
      4.560330070249944,
      3.859256202033666,
      3.4479072330452043,
      3.0757887502519434,
      2.6091788028098164,
      2.153390949701475,
      1.8458323321295411,
      1.7422991604252303,
      1.3064991061922013,
      0.9502007247275321,
      5.4854957687284965e-16,
      4.63287806787333,
      4.560330070249944,
      3.859256202033666,
      3.4479072330452043,
      3.0757887502519434,
      2.6091788028098164,
      2.153390949701475,
      1.8458323321295411,
      1.7422991604252303,
      1.3064991061922013,
      0.9502007247275321,
      5.4854957687284965e-16,
      4.63287806787333,
      4.560330070249944,
      3.859256202033666,
      3.4479072330452043,
      3.0757887502519434,
      2.6091788028098164,
      2.153390949701475,
      1.8458323321295411,
      1.7422991604252303,
      1.3064991061922013,
      0.9502007247275321,
      5.4854957687284965e-16,
      4.63287806787333,
      4.560330070249944,
      3.859256202033666,
      3.4479072330452043,
      3.0757887502519434,
      2.6091788028098164,
      2.153390949701475,
      1.8458323321295411,
      1.7422991604252303,
      1.3064991061922013,
      0.9502007247275321,
      5.4854957687284965e-16,
      4.63287806787333,
      4.560330070249944,
      3.859256202033666,
      3.4479072330452043,
      3.0757887502519434,
      2.6091788028098164,
      2.153390949701475,
      1.8458323321295411,
      1.7422991604252303,
      1.3064991061922013,
      0.9502007247275321,
      5.4854957687284965e-16,
      4.63287806787333,
      4.560330070249944,
      3.859256202033666,
      3.4479072330452043,
      3.0757887502519434,
      2.6091788028098164,
      2.153390949701475,
      1.8458323321295411,
      1.7422991604252303,
      1.3064991061922013,
      0.9502007247275321,
      5.4854957687284965e-16,
      4.63287806787333,
      4.560330070249944,
      3.859256202033666,
      3.4479072330452043,
      3.0757887502519434,
      2.6091788028098164,
      2.153390949701475,
      1.8458323321295411,
      1.7422991604252303,
      1.3064991061922013,
      0.9502007247275321,
      5.4854957687284965e-16,
      4.63287806787333,
      4.560330070249944,
      3.859256202033666,
      3.4479072330452043,
      3.0757887502519434,
      2.6091788028098164,
      2.153390949701475,
      1.8458323321295411,
      1.7422991604252303,
      1.3064991061922013,
      0.9502007247275321,
      5.4854957687284965e-16
    ],
    "singular_values_D": [
      4.63287806787333,
      4.560330070249944,
      3.859256202033666,
      3.4479072330452043,
      3.0757887502519434,
      2.6091788028098164,
      2.153390949701475,
      1.8458323321295411,
      1.7422991604252303,
      1.3064991061922013,
      0.9502007247275321,
      5.4854957687284965e-16
    ],
    "singular_values_D_anchor": [
      12.119695303234126,
      4.56264239185581,
      4.092389612728879,
      3.8583874722290505,
      3.077889470338406,
      2.609805897774518,
      2.2982536565994445,
      1.847160481869235,
      1.7423157390474695,
      1.3133814367107812,
      0.9598835701375168,
      4.265534217527387e-16
    ],
    "root_tree_count_cv": 0.27766437594501425,
    "root_tree_count_gini": 0.1523809523809525,
    "edge_participation": [
      0.7142857142857143,
      0.14285714285714285,
      0.14285714285714285,
      0.14285714285714285,
      0.47619047619047616,
      0.3333333333333333,
      0.42857142857142855,
      0.3333333333333333,
      0.2857142857142857,
      0.21428571428571427,
      0.42857142857142855,
      0.35714285714285715
    ],
    "edge_participation_mean": 0.3333333333333333,
    "edge_participation_var": 0.02579365079365079,
    "edge_participation_gini": 0.26190476190476186,
    "bottleneck_edge_fraction_095": 0.0,
    "mean_shortest_path": 1.45,
    "comparison_branch_d_rel_values": [
      22,
      22,
      22
    ],
    "comparison_branch_d_rel_min": 22,
    "comparison_branch_d_rel_mean": 22.0,
    "comparison_branch_d_rel_max": 22,
    "comparison_branch_d_rel_gini": 0.0,
    "comparison_branch_common_d_rel_values": [
      22,
      22,
      22
    ],
    "comparison_branch_common_d_rel_min": 22,
    "comparison_branch_common_d_rel_mean": 22.0,
    "comparison_branch_common_d_rel_max": 22,
    "comparison_branch_common_d_rel_gini": 0.0,
    "comparison_branch_input_count_values": [
      24,
      24,
      24
    ],
    "comparison_branch_input_count_min": 24,
    "comparison_branch_input_count_mean": 24.0,
    "comparison_branch_input_count_max": 24,
    "comparison_branch_input_count_gini": 0.0,
    "comparison_branch_input_overlap_values": [
      24,
      24,
      24
    ],
    "comparison_branch_input_overlap_min": 24,
    "comparison_branch_input_overlap_mean": 24.0,
    "comparison_branch_input_overlap_max": 24,
    "comparison_branch_input_overlap_gini": 0.0,
    "in_degree": [
      2,
      2,
      3,
      2,
      3
    ],
    "out_degree": [
      1,
      3,
      4,
      2,
      2
    ],
    "in_degree_cv": 0.2041241452319315,
    "out_degree_cv": 0.4249182927993988
  }
}