{
  "name": "two_module_n5_m12_seed68",
  "family": "two_module",
  "seed": 68,
  "n_nodes": 5,
  "edges": [
    [
      0,
      1
    ],
    [
      1,
      0
    ],
    [
      2,
      3
    ],
    [
      2,
      4
    ],
    [
      3,
      2
    ],
    [
      3,
      4
    ],
    [
      4,
      2
    ],
    [
      4,
      3
    ],
    [
      1,
      2
    ],
    [
      2,
      1
    ],
    [
      0,
      2
    ],
    [
      0,
      4
    ]
  ],
  "metrics": {
    "n_nodes": 5,
    "n_edges": 12,
    "p": 8,
    "strongly_connected": true,
    "edges": [
      [
        0,
        1
      ],
      [
        1,
        0
      ],
      [
        2,
        3
      ],
      [
        2,
        4
      ],
      [
        3,
        2
      ],
      [
        3,
        4
      ],
      [
        4,
        2
      ],
      [
        4,
        3
      ],
      [
        1,
        2
      ],
      [
        2,
        1
      ],
      [
        0,
        2
      ],
      [
        0,
        4
      ]
    ],
    "tree_counts_enum": [
      3,
      9,
      15,
      16,
      17
    ],
    "tree_counts_det": [
      3,
      9,
      15,
      16,
      17
    ],
    "tree_counts_match_det": true,
    "tree_enumeration_truncated": false,
    "max_trees_per_root": null,
    "n_trees_total_enum": 60,
    "rank_M": 12,
    "rank_D": 11,
    "rank_D_anchor": 11,
    "d_rel": 88,
    "effective_rank_D": 8.221183525863013,
    "condition_number_D": 6.960041878557275,
    "effective_rank_D_masked": 65.76946820690412,
    "condition_number_D_masked": 6.960041878557275,
    "singular_values_D_masked": [
      5.566464373632827,
      5.230159997198082,
      4.872419243468155,
      4.693155674666303,
      4.013840883669889,
      3.623411119020677,
      3.079242178480562,
      2.443195394804051,
      2.1605988551078377,
      1.3397505946611084,
      0.7997745517569618,
      7.632099475233048e-16,
      5.566464373632827,
      5.230159997198082,
      4.872419243468155,
      4.693155674666303,
      4.013840883669889,
      3.623411119020677,
      3.079242178480562,
      2.443195394804051,
      2.1605988551078377,
      1.3397505946611084,
      0.7997745517569618,
      7.632099475233048e-16,
      5.566464373632827,
      5.230159997198082,
      4.872419243468155,
      4.693155674666303,
      4.013840883669889,
      3.623411119020677,
      3.079242178480562,
      2.443195394804051,
      2.1605988551078377,
      1.3397505946611084,
      0.7997745517569618,
      7.632099475233048e-16,
      5.566464373632827,
      5.230159997198082,
      4.872419243468155,
      4.693155674666303,
      4.013840883669889,
      3.623411119020677,
      3.079242178480562,
      2.443195394804051,
      2.1605988551078377,
      1.3397505946611084,
      0.7997745517569618,
      7.632099475233048e-16,
      5.566464373632827,
      5.230159997198082,
      4.872419243468155,
      4.693155674666303,
      4.013840883669889,
      3.623411119020677,
      3.079242178480562,
      2.443195394804051,
      2.1605988551078377,
      1.3397505946611084,
      0.7997745517569618,
      7.632099475233048e-16,
      5.566464373632827,
      5.230159997198082,
      4.872419243468155,
      4.693155674666303,
      4.013840883669889,
      3.623411119020677,
      3.079242178480562,
      2.443195394804051,
      2.1605988551078377,
      1.3397505946611084,
      0.7997745517569618,
      7.632099475233048e-16,
      5.566464373632827,
      5.230159997198082,
      4.872419243468155,
      4.693155674666303,
      4.013840883669889,
      3.623411119020677,
      3.079242178480562,
      2.443195394804051,
      2.1605988551078377,
      1.3397505946611084,
      0.7997745517569618,
      7.632099475233048e-16,
      5.566464373632827,
      5.230159997198082,
      4.872419243468155,
      4.693155674666303,
      4.013840883669889,
      3.623411119020677,
      3.079242178480562,
      2.443195394804051,
      2.1605988551078377,
      1.3397505946611084,
      0.7997745517569618,
      7.632099475233048e-16
    ],
    "singular_values_D": [
      5.566464373632827,
      5.230159997198082,
      4.872419243468155,
      4.693155674666303,
      4.013840883669889,
      3.623411119020677,
      3.079242178480562,
      2.443195394804051,
      2.1605988551078377,
      1.3397505946611084,
      0.7997745517569618,
      7.632099475233048e-16
    ],
    "singular_values_D_anchor": [
      13.265718374401262,
      5.248353404425173,
      5.15153815872888,
      4.69474890974333,
      4.013996173885552,
      3.6240352915104883,
      3.2513410045983195,
      2.443467777987076,
      2.302725061662018,
      2.0084522673614624,
      0.878929131816034,
      8.502787413751928e-16
    ],
    "root_tree_count_cv": 0.44095855184409843,
    "root_tree_count_gini": 0.2333333333333334,
    "edge_participation": [
      0.2,
      0.4,
      0.25,
      0.25,
      0.4,
      0.3333333333333333,
      0.38333333333333336,
      0.3333333333333333,
      0.45,
      0.25,
      0.35,
      0.4
    ],
    "edge_participation_mean": 0.3333333333333334,
    "edge_participation_var": 0.0056944444444444456,
    "edge_participation_gini": 0.1263888888888891,
    "bottleneck_edge_fraction_095": 0.0,
    "mean_shortest_path": 1.5,
    "comparison_branch_d_rel_values": [
      22,
      22,
      22
    ],
    "comparison_branch_d_rel_min": 22,
    "comparison_branch_d_rel_mean": 22.0,
    "comparison_branch_d_rel_max": 22,
    "comparison_branch_d_rel_gini": 0.0,
    "comparison_branch_common_d_rel_values": [
      22,
      22,
      22
    ],
    "comparison_branch_common_d_rel_min": 22,
    "comparison_branch_common_d_rel_mean": 22.0,
    "comparison_branch_common_d_rel_max": 22,
    "comparison_branch_common_d_rel_gini": 0.0,
    "comparison_branch_input_count_values": [
      24,
      24,
      24
    ],
    "comparison_branch_input_count_min": 24,
    "comparison_branch_input_count_mean": 24.0,
    "comparison_branch_input_count_max": 24,
    "comparison_branch_input_count_gini": 0.0,
    "comparison_branch_input_overlap_values": [
      24,
      24,
      24
    ],
    "comparison_branch_input_overlap_min": 24,
    "comparison_branch_input_overlap_mean": 24.0,
    "comparison_branch_input_overlap_max": 24,
    "comparison_branch_input_overlap_gini": 0.0,
    "in_degree": [
      1,
      2,
      4,
      2,
      3
    ],
    "out_degree": [
      3,
      2,
      3,
      2,
      2
    ],
    "in_degree_cv": 0.4249182927993988,
    "out_degree_cv": 0.2041241452319315
  }
}