{
  "name": "two_module_n5_m12_seed71",
  "family": "two_module",
  "seed": 71,
  "n_nodes": 5,
  "edges": [
    [
      0,
      1
    ],
    [
      1,
      0
    ],
    [
      2,
      3
    ],
    [
      2,
      4
    ],
    [
      3,
      2
    ],
    [
      3,
      4
    ],
    [
      4,
      2
    ],
    [
      4,
      3
    ],
    [
      1,
      2
    ],
    [
      2,
      1
    ],
    [
      1,
      4
    ],
    [
      1,
      3
    ]
  ],
  "metrics": {
    "n_nodes": 5,
    "n_edges": 12,
    "p": 8,
    "strongly_connected": true,
    "edges": [
      [
        0,
        1
      ],
      [
        1,
        0
      ],
      [
        2,
        3
      ],
      [
        2,
        4
      ],
      [
        3,
        2
      ],
      [
        3,
        4
      ],
      [
        4,
        2
      ],
      [
        4,
        3
      ],
      [
        1,
        2
      ],
      [
        2,
        1
      ],
      [
        1,
        4
      ],
      [
        1,
        3
      ]
    ],
    "tree_counts_enum": [
      3,
      3,
      9,
      12,
      12
    ],
    "tree_counts_det": [
      3,
      3,
      9,
      12,
      12
    ],
    "tree_counts_match_det": true,
    "tree_enumeration_truncated": false,
    "max_trees_per_root": null,
    "n_trees_total_enum": 39,
    "rank_M": 11,
    "rank_D": 10,
    "rank_D_anchor": 10,
    "d_rel": 80,
    "effective_rank_D": 8.122478357458492,
    "condition_number_D": 4.55948867316159,
    "effective_rank_D_masked": 64.97982685966784,
    "condition_number_D_masked": 4.55948867316159,
    "singular_values_D_masked": [
      4.104713724819042,
      3.9892054288986976,
      3.46963303713727,
      3.3548111791521342,
      3.1525415293386128,
      2.93138875279381,
      2.0431479952962612,
      2.0164694539335204,
      1.695479261189465,
      0.9002574672420006,
      8.411282500013395e-16,
      3.4133734188796846e-16,
      4.104713724819042,
      3.9892054288986976,
      3.46963303713727,
      3.3548111791521342,
      3.1525415293386128,
      2.93138875279381,
      2.0431479952962612,
      2.0164694539335204,
      1.695479261189465,
      0.9002574672420006,
      8.411282500013395e-16,
      3.4133734188796846e-16,
      4.104713724819042,
      3.9892054288986976,
      3.46963303713727,
      3.3548111791521342,
      3.1525415293386128,
      2.93138875279381,
      2.0431479952962612,
      2.0164694539335204,
      1.695479261189465,
      0.9002574672420006,
      8.411282500013395e-16,
      3.4133734188796846e-16,
      4.104713724819042,
      3.9892054288986976,
      3.46963303713727,
      3.3548111791521342,
      3.1525415293386128,
      2.93138875279381,
      2.0431479952962612,
      2.0164694539335204,
      1.695479261189465,
      0.9002574672420006,
      8.411282500013395e-16,
      3.4133734188796846e-16,
      4.104713724819042,
      3.9892054288986976,
      3.46963303713727,
      3.3548111791521342,
      3.1525415293386128,
      2.93138875279381,
      2.0431479952962612,
      2.0164694539335204,
      1.695479261189465,
      0.9002574672420006,
      8.411282500013395e-16,
      3.4133734188796846e-16,
      4.104713724819042,
      3.9892054288986976,
      3.46963303713727,
      3.3548111791521342,
      3.1525415293386128,
      2.93138875279381,
      2.0431479952962612,
      2.0164694539335204,
      1.695479261189465,
      0.9002574672420006,
      8.411282500013395e-16,
      3.4133734188796846e-16,
      4.104713724819042,
      3.9892054288986976,
      3.46963303713727,
      3.3548111791521342,
      3.1525415293386128,
      2.93138875279381,
      2.0431479952962612,
      2.0164694539335204,
      1.695479261189465,
      0.9002574672420006,
      8.411282500013395e-16,
      3.4133734188796846e-16,
      4.104713724819042,
      3.9892054288986976,
      3.46963303713727,
      3.3548111791521342,
      3.1525415293386128,
      2.93138875279381,
      2.0431479952962612,
      2.0164694539335204,
      1.695479261189465,
      0.9002574672420006,
      8.411282500013395e-16,
      3.4133734188796846e-16
    ],
    "singular_values_D": [
      4.104713724819042,
      3.9892054288986976,
      3.46963303713727,
      3.3548111791521342,
      3.1525415293386128,
      2.93138875279381,
      2.0431479952962612,
      2.0164694539335204,
      1.695479261189465,
      0.9002574672420006,
      8.411282500013395e-16,
      3.4133734188796846e-16
    ],
    "singular_values_D_anchor": [
      12.37398916278475,
      4.104713724819045,
      3.469633037137269,
      3.3808909106131173,
      3.1525415293386114,
      2.9729905344509415,
      2.4295060059652265,
      2.0431479952962626,
      1.697522470088625,
      0.9117094725883876,
      1.0148379103922257e-15,
      5.183911569172731e-16
    ],
    "root_tree_count_cv": 0.521717691009636,
    "root_tree_count_gini": 0.27692307692307705,
    "edge_participation": [
      0.9230769230769231,
      0.07692307692307693,
      0.23076923076923078,
      0.23076923076923078,
      0.358974358974359,
      0.3333333333333333,
      0.358974358974359,
      0.3333333333333333,
      0.23076923076923078,
      0.3076923076923077,
      0.3076923076923077,
      0.3076923076923077
    ],
    "edge_participation_mean": 0.3333333333333333,
    "edge_participation_var": 0.037365768134998915,
    "edge_participation_gini": 0.24893162393162416,
    "bottleneck_edge_fraction_095": 0.0,
    "mean_shortest_path": 1.5,
    "comparison_branch_d_rel_values": [
      20,
      20,
      20
    ],
    "comparison_branch_d_rel_min": 20,
    "comparison_branch_d_rel_mean": 20.0,
    "comparison_branch_d_rel_max": 20,
    "comparison_branch_d_rel_gini": 0.0,
    "comparison_branch_common_d_rel_values": [
      20,
      20,
      20
    ],
    "comparison_branch_common_d_rel_min": 20,
    "comparison_branch_common_d_rel_mean": 20.0,
    "comparison_branch_common_d_rel_max": 20,
    "comparison_branch_common_d_rel_gini": 0.0,
    "comparison_branch_input_count_values": [
      24,
      24,
      24
    ],
    "comparison_branch_input_count_min": 24,
    "comparison_branch_input_count_mean": 24.0,
    "comparison_branch_input_count_max": 24,
    "comparison_branch_input_count_gini": 0.0,
    "comparison_branch_input_overlap_values": [
      24,
      24,
      24
    ],
    "comparison_branch_input_overlap_min": 24,
    "comparison_branch_input_overlap_mean": 24.0,
    "comparison_branch_input_overlap_max": 24,
    "comparison_branch_input_overlap_gini": 0.0,
    "in_degree": [
      1,
      2,
      3,
      3,
      3
    ],
    "out_degree": [
      1,
      4,
      3,
      2,
      2
    ],
    "in_degree_cv": 0.33333333333333337,
    "out_degree_cv": 0.4249182927993988
  }
}