{
  "name": "two_module_n5_m12_seed81",
  "family": "two_module",
  "seed": 81,
  "n_nodes": 5,
  "edges": [
    [
      0,
      1
    ],
    [
      1,
      0
    ],
    [
      2,
      3
    ],
    [
      2,
      4
    ],
    [
      3,
      2
    ],
    [
      3,
      4
    ],
    [
      4,
      2
    ],
    [
      4,
      3
    ],
    [
      1,
      2
    ],
    [
      2,
      1
    ],
    [
      0,
      3
    ],
    [
      0,
      4
    ]
  ],
  "metrics": {
    "n_nodes": 5,
    "n_edges": 12,
    "p": 8,
    "strongly_connected": true,
    "edges": [
      [
        0,
        1
      ],
      [
        1,
        0
      ],
      [
        2,
        3
      ],
      [
        2,
        4
      ],
      [
        3,
        2
      ],
      [
        3,
        4
      ],
      [
        4,
        2
      ],
      [
        4,
        3
      ],
      [
        1,
        2
      ],
      [
        2,
        1
      ],
      [
        0,
        3
      ],
      [
        0,
        4
      ]
    ],
    "tree_counts_enum": [
      3,
      9,
      15,
      18,
      18
    ],
    "tree_counts_det": [
      3,
      9,
      15,
      18,
      18
    ],
    "tree_counts_match_det": true,
    "tree_enumeration_truncated": false,
    "max_trees_per_root": null,
    "n_trees_total_enum": 63,
    "rank_M": 12,
    "rank_D": 11,
    "rank_D_anchor": 11,
    "d_rel": 88,
    "effective_rank_D": 8.28523661987767,
    "condition_number_D": 5.959041251522637,
    "effective_rank_D_masked": 66.28189295902132,
    "condition_number_D_masked": 5.959041251522637,
    "singular_values_D_masked": [
      5.754025834778111,
      5.316603333352742,
      4.90078605949661,
      4.894178562260915,
      4.040986095569219,
      3.739027912687007,
      3.117527654829434,
      2.539916646645019,
      2.1846686590146684,
      1.477601906007844,
      0.9655959057688782,
      7.713285813556313e-16,
      5.754025834778111,
      5.316603333352742,
      4.90078605949661,
      4.894178562260915,
      4.040986095569219,
      3.739027912687007,
      3.117527654829434,
      2.539916646645019,
      2.1846686590146684,
      1.477601906007844,
      0.9655959057688782,
      7.713285813556313e-16,
      5.754025834778111,
      5.316603333352742,
      4.90078605949661,
      4.894178562260915,
      4.040986095569219,
      3.739027912687007,
      3.117527654829434,
      2.539916646645019,
      2.1846686590146684,
      1.477601906007844,
      0.9655959057688782,
      7.713285813556313e-16,
      5.754025834778111,
      5.316603333352742,
      4.90078605949661,
      4.894178562260915,
      4.040986095569219,
      3.739027912687007,
      3.117527654829434,
      2.539916646645019,
      2.1846686590146684,
      1.477601906007844,
      0.9655959057688782,
      7.713285813556313e-16,
      5.754025834778111,
      5.316603333352742,
      4.90078605949661,
      4.894178562260915,
      4.040986095569219,
      3.739027912687007,
      3.117527654829434,
      2.539916646645019,
      2.1846686590146684,
      1.477601906007844,
      0.9655959057688782,
      7.713285813556313e-16,
      5.754025834778111,
      5.316603333352742,
      4.90078605949661,
      4.894178562260915,
      4.040986095569219,
      3.739027912687007,
      3.117527654829434,
      2.539916646645019,
      2.1846686590146684,
      1.477601906007844,
      0.9655959057688782,
      7.713285813556313e-16,
      5.754025834778111,
      5.316603333352742,
      4.90078605949661,
      4.894178562260915,
      4.040986095569219,
      3.739027912687007,
      3.117527654829434,
      2.539916646645019,
      2.1846686590146684,
      1.477601906007844,
      0.9655959057688782,
      7.713285813556313e-16,
      5.754025834778111,
      5.316603333352742,
      4.90078605949661,
      4.894178562260915,
      4.040986095569219,
      3.739027912687007,
      3.117527654829434,
      2.539916646645019,
      2.1846686590146684,
      1.477601906007844,
      0.9655959057688782,
      7.713285813556313e-16
    ],
    "singular_values_D": [
      5.754025834778111,
      5.316603333352742,
      4.90078605949661,
      4.894178562260915,
      4.040986095569219,
      3.739027912687007,
      3.117527654829434,
      2.539916646645019,
      2.1846686590146684,
      1.477601906007844,
      0.9655959057688782,
      7.713285813556313e-16
    ],
    "singular_values_D_anchor": [
      13.384590579920669,
      5.31660333335274,
      5.287870015902233,
      4.894178562260913,
      4.040986095569215,
      3.7537354672384184,
      3.3064130082493604,
      2.5399166466450187,
      2.309662841566013,
      2.026023638892,
      1.1953888641931398,
      7.155331889530986e-16
    ],
    "root_tree_count_cv": 0.4616837959444123,
    "root_tree_count_gini": 0.24761904761904763,
    "edge_participation": [
      0.19047619047619047,
      0.42857142857142855,
      0.23809523809523808,
      0.23809523809523808,
      0.38095238095238093,
      0.3333333333333333,
      0.38095238095238093,
      0.3333333333333333,
      0.42857142857142855,
      0.2857142857142857,
      0.38095238095238093,
      0.38095238095238093
    ],
    "edge_participation_mean": 0.3333333333333333,
    "edge_participation_var": 0.005668934240362811,
    "edge_participation_gini": 0.12500000000000044,
    "bottleneck_edge_fraction_095": 0.0,
    "mean_shortest_path": 1.5,
    "comparison_branch_d_rel_values": [
      22,
      22,
      22
    ],
    "comparison_branch_d_rel_min": 22,
    "comparison_branch_d_rel_mean": 22.0,
    "comparison_branch_d_rel_max": 22,
    "comparison_branch_d_rel_gini": 0.0,
    "comparison_branch_common_d_rel_values": [
      22,
      22,
      22
    ],
    "comparison_branch_common_d_rel_min": 22,
    "comparison_branch_common_d_rel_mean": 22.0,
    "comparison_branch_common_d_rel_max": 22,
    "comparison_branch_common_d_rel_gini": 0.0,
    "comparison_branch_input_count_values": [
      24,
      24,
      24
    ],
    "comparison_branch_input_count_min": 24,
    "comparison_branch_input_count_mean": 24.0,
    "comparison_branch_input_count_max": 24,
    "comparison_branch_input_count_gini": 0.0,
    "comparison_branch_input_overlap_values": [
      24,
      24,
      24
    ],
    "comparison_branch_input_overlap_min": 24,
    "comparison_branch_input_overlap_mean": 24.0,
    "comparison_branch_input_overlap_max": 24,
    "comparison_branch_input_overlap_gini": 0.0,
    "in_degree": [
      1,
      2,
      3,
      3,
      3
    ],
    "out_degree": [
      3,
      2,
      3,
      2,
      2
    ],
    "in_degree_cv": 0.33333333333333337,
    "out_degree_cv": 0.2041241452319315
  }
}