{
  "name": "degree_balanced_n5_m12_seed2",
  "family": "degree_balanced",
  "seed": 2,
  "n_nodes": 5,
  "edges": [
    [
      0,
      1
    ],
    [
      1,
      2
    ],
    [
      2,
      3
    ],
    [
      3,
      4
    ],
    [
      4,
      0
    ],
    [
      3,
      2
    ],
    [
      2,
      0
    ],
    [
      0,
      4
    ],
    [
      1,
      3
    ],
    [
      4,
      1
    ],
    [
      0,
      2
    ],
    [
      3,
      1
    ]
  ],
  "metrics": {
    "n_nodes": 5,
    "n_edges": 12,
    "p": 8,
    "strongly_connected": true,
    "edges": [
      [
        0,
        1
      ],
      [
        1,
        2
      ],
      [
        2,
        3
      ],
      [
        3,
        4
      ],
      [
        4,
        0
      ],
      [
        3,
        2
      ],
      [
        2,
        0
      ],
      [
        0,
        4
      ],
      [
        1,
        3
      ],
      [
        4,
        1
      ],
      [
        0,
        2
      ],
      [
        3,
        1
      ]
    ],
    "tree_counts_enum": [
      11,
      18,
      21,
      13,
      12
    ],
    "tree_counts_det": [
      11,
      18,
      21,
      13,
      12
    ],
    "tree_counts_match_det": true,
    "tree_enumeration_truncated": false,
    "max_trees_per_root": null,
    "n_trees_total_enum": 75,
    "rank_M": 12,
    "rank_D": 11,
    "rank_D_anchor": 11,
    "d_rel": 88,
    "effective_rank_D": 8.744657893335521,
    "condition_number_D": 3.6007467767366763,
    "effective_rank_D_masked": 69.9572631466842,
    "condition_number_D_masked": 3.6007467767366763,
    "singular_values_D_masked": [
      6.024211335615473,
      5.710078125962094,
      5.423726504569758,
      4.855511342758956,
      4.810211746308685,
      4.0805192342184675,
      3.5863539326253515,
      2.6288082911348387,
      2.44374187191945,
      2.0829763079348673,
      1.6730449845948792,
      4.526875401161933e-16,
      6.024211335615473,
      5.710078125962094,
      5.423726504569758,
      4.855511342758956,
      4.810211746308685,
      4.0805192342184675,
      3.5863539326253515,
      2.6288082911348387,
      2.44374187191945,
      2.0829763079348673,
      1.6730449845948792,
      4.526875401161933e-16,
      6.024211335615473,
      5.710078125962094,
      5.423726504569758,
      4.855511342758956,
      4.810211746308685,
      4.0805192342184675,
      3.5863539326253515,
      2.6288082911348387,
      2.44374187191945,
      2.0829763079348673,
      1.6730449845948792,
      4.526875401161933e-16,
      6.024211335615473,
      5.710078125962094,
      5.423726504569758,
      4.855511342758956,
      4.810211746308685,
      4.0805192342184675,
      3.5863539326253515,
      2.6288082911348387,
      2.44374187191945,
      2.0829763079348673,
      1.6730449845948792,
      4.526875401161933e-16,
      6.024211335615473,
      5.710078125962094,
      5.423726504569758,
      4.855511342758956,
      4.810211746308685,
      4.0805192342184675,
      3.5863539326253515,
      2.6288082911348387,
      2.44374187191945,
      2.0829763079348673,
      1.6730449845948792,
      4.526875401161933e-16,
      6.024211335615473,
      5.710078125962094,
      5.423726504569758,
      4.855511342758956,
      4.810211746308685,
      4.0805192342184675,
      3.5863539326253515,
      2.6288082911348387,
      2.44374187191945,
      2.0829763079348673,
      1.6730449845948792,
      4.526875401161933e-16,
      6.024211335615473,
      5.710078125962094,
      5.423726504569758,
      4.855511342758956,
      4.810211746308685,
      4.0805192342184675,
      3.5863539326253515,
      2.6288082911348387,
      2.44374187191945,
      2.0829763079348673,
      1.6730449845948792,
      4.526875401161933e-16,
      6.024211335615473,
      5.710078125962094,
      5.423726504569758,
      4.855511342758956,
      4.810211746308685,
      4.0805192342184675,
      3.5863539326253515,
      2.6288082911348387,
      2.44374187191945,
      2.0829763079348673,
      1.6730449845948792,
      4.526875401161933e-16
    ],
    "singular_values_D": [
      6.024211335615473,
      5.710078125962094,
      5.423726504569758,
      4.855511342758956,
      4.810211746308685,
      4.0805192342184675,
      3.5863539326253515,
      2.6288082911348387,
      2.44374187191945,
      2.0829763079348673,
      1.6730449845948792,
      4.526875401161933e-16
    ],
    "singular_values_D_anchor": [
      14.3191290501357,
      5.79283289016744,
      5.47922432885979,
      5.106228856088889,
      4.8113031067901515,
      4.098033118183145,
      3.76072386908664,
      2.8616027342447197,
      2.4807580320329463,
      2.339832045163401,
      1.845767133489937,
      9.76320375861149e-16
    ],
    "root_tree_count_cv": 0.2564717874889513,
    "root_tree_count_gini": 0.13866666666666672,
    "edge_participation": [
      0.36,
      0.44,
      0.36,
      0.36,
      0.36,
      0.25333333333333335,
      0.36,
      0.25333333333333335,
      0.32,
      0.48,
      0.24,
      0.21333333333333335
    ],
    "edge_participation_mean": 0.3333333333333333,
    "edge_participation_var": 0.0060444444444444426,
    "edge_participation_gini": 0.1277777777777782,
    "bottleneck_edge_fraction_095": 0.0,
    "mean_shortest_path": 1.4,
    "comparison_branch_d_rel_values": [
      22,
      22,
      22
    ],
    "comparison_branch_d_rel_min": 22,
    "comparison_branch_d_rel_mean": 22.0,
    "comparison_branch_d_rel_max": 22,
    "comparison_branch_d_rel_gini": 0.0,
    "comparison_branch_common_d_rel_values": [
      22,
      22,
      22
    ],
    "comparison_branch_common_d_rel_min": 22,
    "comparison_branch_common_d_rel_mean": 22.0,
    "comparison_branch_common_d_rel_max": 22,
    "comparison_branch_common_d_rel_gini": 0.0,
    "comparison_branch_input_count_values": [
      24,
      24,
      24
    ],
    "comparison_branch_input_count_min": 24,
    "comparison_branch_input_count_mean": 24.0,
    "comparison_branch_input_count_max": 24,
    "comparison_branch_input_count_gini": 0.0,
    "comparison_branch_input_overlap_values": [
      24,
      24,
      24
    ],
    "comparison_branch_input_overlap_min": 24,
    "comparison_branch_input_overlap_mean": 24.0,
    "comparison_branch_input_overlap_max": 24,
    "comparison_branch_input_overlap_gini": 0.0,
    "in_degree": [
      2,
      3,
      3,
      2,
      2
    ],
    "out_degree": [
      3,
      2,
      2,
      3,
      2
    ],
    "in_degree_cv": 0.2041241452319315,
    "out_degree_cv": 0.2041241452319315
  }
}