{
  "name": "degree_balanced_n5_m12_seed1",
  "family": "degree_balanced",
  "seed": 1,
  "n_nodes": 5,
  "edges": [
    [
      0,
      1
    ],
    [
      1,
      2
    ],
    [
      2,
      3
    ],
    [
      3,
      4
    ],
    [
      4,
      0
    ],
    [
      4,
      2
    ],
    [
      1,
      4
    ],
    [
      2,
      1
    ],
    [
      0,
      3
    ],
    [
      3,
      0
    ],
    [
      3,
      1
    ],
    [
      1,
      0
    ]
  ],
  "metrics": {
    "n_nodes": 5,
    "n_edges": 12,
    "p": 8,
    "strongly_connected": true,
    "edges": [
      [
        0,
        1
      ],
      [
        1,
        2
      ],
      [
        2,
        3
      ],
      [
        3,
        4
      ],
      [
        4,
        0
      ],
      [
        4,
        2
      ],
      [
        1,
        4
      ],
      [
        2,
        1
      ],
      [
        0,
        3
      ],
      [
        3,
        0
      ],
      [
        3,
        1
      ],
      [
        1,
        0
      ]
    ],
    "tree_counts_enum": [
      21,
      16,
      15,
      12,
      14
    ],
    "tree_counts_det": [
      21,
      16,
      15,
      12,
      14
    ],
    "tree_counts_match_det": true,
    "tree_enumeration_truncated": false,
    "max_trees_per_root": null,
    "n_trees_total_enum": 78,
    "rank_M": 12,
    "rank_D": 11,
    "rank_D_anchor": 11,
    "d_rel": 88,
    "effective_rank_D": 8.850161170867787,
    "condition_number_D": 3.1386026192324112,
    "effective_rank_D_masked": 70.80128936694236,
    "condition_number_D_masked": 3.1386026192324112,
    "singular_values_D_masked": [
      5.887445095286665,
      5.754810073743809,
      5.601282452003622,
      4.966976343247538,
      4.855403268107948,
      4.5781174269016125,
      3.767450548107549,
      2.6715255271748277,
      2.2560229848254774,
      2.1683564195479894,
      1.875817301371692,
      6.103167749748597e-16,
      5.887445095286665,
      5.754810073743809,
      5.601282452003622,
      4.966976343247538,
      4.855403268107948,
      4.5781174269016125,
      3.767450548107549,
      2.6715255271748277,
      2.2560229848254774,
      2.1683564195479894,
      1.875817301371692,
      6.103167749748597e-16,
      5.887445095286665,
      5.754810073743809,
      5.601282452003622,
      4.966976343247538,
      4.855403268107948,
      4.5781174269016125,
      3.767450548107549,
      2.6715255271748277,
      2.2560229848254774,
      2.1683564195479894,
      1.875817301371692,
      6.103167749748597e-16,
      5.887445095286665,
      5.754810073743809,
      5.601282452003622,
      4.966976343247538,
      4.855403268107948,
      4.5781174269016125,
      3.767450548107549,
      2.6715255271748277,
      2.2560229848254774,
      2.1683564195479894,
      1.875817301371692,
      6.103167749748597e-16,
      5.887445095286665,
      5.754810073743809,
      5.601282452003622,
      4.966976343247538,
      4.855403268107948,
      4.5781174269016125,
      3.767450548107549,
      2.6715255271748277,
      2.2560229848254774,
      2.1683564195479894,
      1.875817301371692,
      6.103167749748597e-16,
      5.887445095286665,
      5.754810073743809,
      5.601282452003622,
      4.966976343247538,
      4.855403268107948,
      4.5781174269016125,
      3.767450548107549,
      2.6715255271748277,
      2.2560229848254774,
      2.1683564195479894,
      1.875817301371692,
      6.103167749748597e-16,
      5.887445095286665,
      5.754810073743809,
      5.601282452003622,
      4.966976343247538,
      4.855403268107948,
      4.5781174269016125,
      3.767450548107549,
      2.6715255271748277,
      2.2560229848254774,
      2.1683564195479894,
      1.875817301371692,
      6.103167749748597e-16,
      5.887445095286665,
      5.754810073743809,
      5.601282452003622,
      4.966976343247538,
      4.855403268107948,
      4.5781174269016125,
      3.767450548107549,
      2.6715255271748277,
      2.2560229848254774,
      2.1683564195479894,
      1.875817301371692,
      6.103167749748597e-16
    ],
    "singular_values_D": [
      5.887445095286665,
      5.754810073743809,
      5.601282452003622,
      4.966976343247538,
      4.855403268107948,
      4.5781174269016125,
      3.767450548107549,
      2.6715255271748277,
      2.2560229848254774,
      2.1683564195479894,
      1.875817301371692,
      6.103167749748597e-16
    ],
    "singular_values_D_anchor": [
      15.053267295067512,
      5.830222201944621,
      5.656156797462757,
      5.267140423612168,
      4.860413369474937,
      4.687896781904484,
      3.767577737675342,
      3.1056242869745474,
      2.3758020004843305,
      2.250174529827777,
      1.8776356723934262,
      8.559748419184353e-16
    ],
    "root_tree_count_cv": 0.19273456895349883,
    "root_tree_count_gini": 0.10256410256410264,
    "edge_participation": [
      0.38461538461538464,
      0.23076923076923078,
      0.46153846153846156,
      0.3076923076923077,
      0.41025641025641024,
      0.41025641025641024,
      0.3333333333333333,
      0.34615384615384615,
      0.34615384615384615,
      0.23076923076923078,
      0.3076923076923077,
      0.23076923076923078
    ],
    "edge_participation_mean": 0.3333333333333333,
    "edge_participation_var": 0.005341880341880341,
    "edge_participation_gini": 0.12339743589743613,
    "bottleneck_edge_fraction_095": 0.0,
    "mean_shortest_path": 1.4,
    "comparison_branch_d_rel_values": [
      22,
      22,
      22
    ],
    "comparison_branch_d_rel_min": 22,
    "comparison_branch_d_rel_mean": 22.0,
    "comparison_branch_d_rel_max": 22,
    "comparison_branch_d_rel_gini": 0.0,
    "comparison_branch_common_d_rel_values": [
      22,
      22,
      22
    ],
    "comparison_branch_common_d_rel_min": 22,
    "comparison_branch_common_d_rel_mean": 22.0,
    "comparison_branch_common_d_rel_max": 22,
    "comparison_branch_common_d_rel_gini": 0.0,
    "comparison_branch_input_count_values": [
      24,
      24,
      24
    ],
    "comparison_branch_input_count_min": 24,
    "comparison_branch_input_count_mean": 24.0,
    "comparison_branch_input_count_max": 24,
    "comparison_branch_input_count_gini": 0.0,
    "comparison_branch_input_overlap_values": [
      24,
      24,
      24
    ],
    "comparison_branch_input_overlap_min": 24,
    "comparison_branch_input_overlap_mean": 24.0,
    "comparison_branch_input_overlap_max": 24,
    "comparison_branch_input_overlap_gini": 0.0,
    "in_degree": [
      3,
      3,
      2,
      2,
      2
    ],
    "out_degree": [
      2,
      3,
      2,
      3,
      2
    ],
    "in_degree_cv": 0.2041241452319315,
    "out_degree_cv": 0.2041241452319315
  }
}