{
  "name": "degree_balanced_n5_m12_seed13",
  "family": "degree_balanced",
  "seed": 13,
  "n_nodes": 5,
  "edges": [
    [
      0,
      1
    ],
    [
      1,
      2
    ],
    [
      2,
      3
    ],
    [
      3,
      4
    ],
    [
      4,
      0
    ],
    [
      3,
      2
    ],
    [
      0,
      3
    ],
    [
      2,
      1
    ],
    [
      1,
      0
    ],
    [
      4,
      3
    ],
    [
      2,
      4
    ],
    [
      1,
      4
    ]
  ],
  "metrics": {
    "n_nodes": 5,
    "n_edges": 12,
    "p": 8,
    "strongly_connected": true,
    "edges": [
      [
        0,
        1
      ],
      [
        1,
        2
      ],
      [
        2,
        3
      ],
      [
        3,
        4
      ],
      [
        4,
        0
      ],
      [
        3,
        2
      ],
      [
        0,
        3
      ],
      [
        2,
        1
      ],
      [
        1,
        0
      ],
      [
        4,
        3
      ],
      [
        2,
        4
      ],
      [
        1,
        4
      ]
    ],
    "tree_counts_enum": [
      14,
      8,
      10,
      22,
      20
    ],
    "tree_counts_det": [
      14,
      8,
      10,
      22,
      20
    ],
    "tree_counts_match_det": true,
    "tree_enumeration_truncated": false,
    "max_trees_per_root": null,
    "n_trees_total_enum": 74,
    "rank_M": 12,
    "rank_D": 11,
    "rank_D_anchor": 11,
    "d_rel": 88,
    "effective_rank_D": 8.734265302267127,
    "condition_number_D": 3.864818214514934,
    "effective_rank_D_masked": 69.87412241813705,
    "condition_number_D_masked": 3.864818214514934,
    "singular_values_D_masked": [
      5.9176115350189,
      5.583952234903599,
      5.239523498397651,
      5.219456213122201,
      4.710506892473623,
      4.118989863060268,
      3.5045832865433026,
      3.02120890694552,
      2.3338603485277143,
      1.8361815255934315,
      1.5311487388447864,
      1.0365113037363568e-15,
      5.9176115350189,
      5.583952234903599,
      5.239523498397651,
      5.219456213122201,
      4.710506892473623,
      4.118989863060268,
      3.5045832865433026,
      3.02120890694552,
      2.3338603485277143,
      1.8361815255934315,
      1.5311487388447864,
      1.0365113037363568e-15,
      5.9176115350189,
      5.583952234903599,
      5.239523498397651,
      5.219456213122201,
      4.710506892473623,
      4.118989863060268,
      3.5045832865433026,
      3.02120890694552,
      2.3338603485277143,
      1.8361815255934315,
      1.5311487388447864,
      1.0365113037363568e-15,
      5.9176115350189,
      5.583952234903599,
      5.239523498397651,
      5.219456213122201,
      4.710506892473623,
      4.118989863060268,
      3.5045832865433026,
      3.02120890694552,
      2.3338603485277143,
      1.8361815255934315,
      1.5311487388447864,
      1.0365113037363568e-15,
      5.9176115350189,
      5.583952234903599,
      5.239523498397651,
      5.219456213122201,
      4.710506892473623,
      4.118989863060268,
      3.5045832865433026,
      3.02120890694552,
      2.3338603485277143,
      1.8361815255934315,
      1.5311487388447864,
      1.0365113037363568e-15,
      5.9176115350189,
      5.583952234903599,
      5.239523498397651,
      5.219456213122201,
      4.710506892473623,
      4.118989863060268,
      3.5045832865433026,
      3.02120890694552,
      2.3338603485277143,
      1.8361815255934315,
      1.5311487388447864,
      1.0365113037363568e-15,
      5.9176115350189,
      5.583952234903599,
      5.239523498397651,
      5.219456213122201,
      4.710506892473623,
      4.118989863060268,
      3.5045832865433026,
      3.02120890694552,
      2.3338603485277143,
      1.8361815255934315,
      1.5311487388447864,
      1.0365113037363568e-15,
      5.9176115350189,
      5.583952234903599,
      5.239523498397651,
      5.219456213122201,
      4.710506892473623,
      4.118989863060268,
      3.5045832865433026,
      3.02120890694552,
      2.3338603485277143,
      1.8361815255934315,
      1.5311487388447864,
      1.0365113037363568e-15
    ],
    "singular_values_D": [
      5.9176115350189,
      5.583952234903599,
      5.239523498397651,
      5.219456213122201,
      4.710506892473623,
      4.118989863060268,
      3.5045832865433026,
      3.02120890694552,
      2.3338603485277143,
      1.8361815255934315,
      1.5311487388447864,
      1.0365113037363568e-15
    ],
    "singular_values_D_anchor": [
      15.274474031252868,
      5.671379523643274,
      5.268170755171412,
      5.225391921766265,
      4.916181683589454,
      4.255642859194777,
      3.525423150548468,
      3.0214380665787695,
      2.7918202200791042,
      1.857479354622466,
      1.5446776232977197,
      9.677907602383746e-16
    ],
    "root_tree_count_cv": 0.36859950532394203,
    "root_tree_count_gini": 0.20540540540540553,
    "edge_participation": [
      0.32432432432432434,
      0.28378378378378377,
      0.24324324324324326,
      0.33783783783783783,
      0.44594594594594594,
      0.36486486486486486,
      0.4864864864864865,
      0.2702702702702703,
      0.24324324324324326,
      0.28378378378378377,
      0.35135135135135137,
      0.36486486486486486
    ],
    "edge_participation_mean": 0.3333333333333333,
    "edge_participation_var": 0.005305981657333009,
    "edge_participation_gini": 0.12049549549549576,
    "bottleneck_edge_fraction_095": 0.0,
    "mean_shortest_path": 1.4,
    "comparison_branch_d_rel_values": [
      22,
      22,
      22
    ],
    "comparison_branch_d_rel_min": 22,
    "comparison_branch_d_rel_mean": 22.0,
    "comparison_branch_d_rel_max": 22,
    "comparison_branch_d_rel_gini": 0.0,
    "comparison_branch_common_d_rel_values": [
      22,
      22,
      22
    ],
    "comparison_branch_common_d_rel_min": 22,
    "comparison_branch_common_d_rel_mean": 22.0,
    "comparison_branch_common_d_rel_max": 22,
    "comparison_branch_common_d_rel_gini": 0.0,
    "comparison_branch_input_count_values": [
      24,
      24,
      24
    ],
    "comparison_branch_input_count_min": 24,
    "comparison_branch_input_count_mean": 24.0,
    "comparison_branch_input_count_max": 24,
    "comparison_branch_input_count_gini": 0.0,
    "comparison_branch_input_overlap_values": [
      24,
      24,
      24
    ],
    "comparison_branch_input_overlap_min": 24,
    "comparison_branch_input_overlap_mean": 24.0,
    "comparison_branch_input_overlap_max": 24,
    "comparison_branch_input_overlap_gini": 0.0,
    "in_degree": [
      2,
      2,
      2,
      3,
      3
    ],
    "out_degree": [
      2,
      3,
      3,
      2,
      2
    ],
    "in_degree_cv": 0.2041241452319315,
    "out_degree_cv": 0.2041241452319315
  }
}