{
  "name": "degree_balanced_n5_m12_seed11",
  "family": "degree_balanced",
  "seed": 11,
  "n_nodes": 5,
  "edges": [
    [
      0,
      1
    ],
    [
      1,
      2
    ],
    [
      2,
      3
    ],
    [
      3,
      4
    ],
    [
      4,
      0
    ],
    [
      3,
      2
    ],
    [
      2,
      0
    ],
    [
      4,
      3
    ],
    [
      1,
      4
    ],
    [
      0,
      4
    ],
    [
      2,
      1
    ],
    [
      0,
      3
    ]
  ],
  "metrics": {
    "n_nodes": 5,
    "n_edges": 12,
    "p": 8,
    "strongly_connected": true,
    "edges": [
      [
        0,
        1
      ],
      [
        1,
        2
      ],
      [
        2,
        3
      ],
      [
        3,
        4
      ],
      [
        4,
        0
      ],
      [
        3,
        2
      ],
      [
        2,
        0
      ],
      [
        4,
        3
      ],
      [
        1,
        4
      ],
      [
        0,
        4
      ],
      [
        2,
        1
      ],
      [
        0,
        3
      ]
    ],
    "tree_counts_enum": [
      10,
      10,
      10,
      20,
      20
    ],
    "tree_counts_det": [
      10,
      10,
      10,
      20,
      20
    ],
    "tree_counts_match_det": true,
    "tree_enumeration_truncated": false,
    "max_trees_per_root": null,
    "n_trees_total_enum": 70,
    "rank_M": 12,
    "rank_D": 11,
    "rank_D_anchor": 11,
    "d_rel": 88,
    "effective_rank_D": 8.638494612577873,
    "condition_number_D": 3.713980153464154,
    "effective_rank_D_masked": 69.10795690062297,
    "condition_number_D_masked": 3.713980153464154,
    "singular_values_D_masked": [
      5.935240140929721,
      5.5705875138113035,
      5.089941144365462,
      4.75948554136602,
      4.699462094536794,
      3.9866119952264536,
      3.3776623763331286,
      2.812503090358637,
      2.021288367584297,
      1.9166592107744855,
      1.5980807370210965,
      8.49340274240657e-16,
      5.935240140929721,
      5.5705875138113035,
      5.089941144365462,
      4.75948554136602,
      4.699462094536794,
      3.9866119952264536,
      3.3776623763331286,
      2.812503090358637,
      2.021288367584297,
      1.9166592107744855,
      1.5980807370210965,
      8.49340274240657e-16,
      5.935240140929721,
      5.5705875138113035,
      5.089941144365462,
      4.75948554136602,
      4.699462094536794,
      3.9866119952264536,
      3.3776623763331286,
      2.812503090358637,
      2.021288367584297,
      1.9166592107744855,
      1.5980807370210965,
      8.49340274240657e-16,
      5.935240140929721,
      5.5705875138113035,
      5.089941144365462,
      4.75948554136602,
      4.699462094536794,
      3.9866119952264536,
      3.3776623763331286,
      2.812503090358637,
      2.021288367584297,
      1.9166592107744855,
      1.5980807370210965,
      8.49340274240657e-16,
      5.935240140929721,
      5.5705875138113035,
      5.089941144365462,
      4.75948554136602,
      4.699462094536794,
      3.9866119952264536,
      3.3776623763331286,
      2.812503090358637,
      2.021288367584297,
      1.9166592107744855,
      1.5980807370210965,
      8.49340274240657e-16,
      5.935240140929721,
      5.5705875138113035,
      5.089941144365462,
      4.75948554136602,
      4.699462094536794,
      3.9866119952264536,
      3.3776623763331286,
      2.812503090358637,
      2.021288367584297,
      1.9166592107744855,
      1.5980807370210965,
      8.49340274240657e-16,
      5.935240140929721,
      5.5705875138113035,
      5.089941144365462,
      4.75948554136602,
      4.699462094536794,
      3.9866119952264536,
      3.3776623763331286,
      2.812503090358637,
      2.021288367584297,
      1.9166592107744855,
      1.5980807370210965,
      8.49340274240657e-16,
      5.935240140929721,
      5.5705875138113035,
      5.089941144365462,
      4.75948554136602,
      4.699462094536794,
      3.9866119952264536,
      3.3776623763331286,
      2.812503090358637,
      2.021288367584297,
      1.9166592107744855,
      1.5980807370210965,
      8.49340274240657e-16
    ],
    "singular_values_D": [
      5.935240140929721,
      5.5705875138113035,
      5.089941144365462,
      4.75948554136602,
      4.699462094536794,
      3.9866119952264536,
      3.3776623763331286,
      2.812503090358637,
      2.021288367584297,
      1.9166592107744855,
      1.5980807370210965,
      8.49340274240657e-16
    ],
    "singular_values_D_anchor": [
      15.167247870492153,
      5.570811372794836,
      5.0932961007883675,
      4.782215067328455,
      4.753155391695296,
      4.1080071297606064,
      3.487998924822745,
      2.8379440095655672,
      2.408386681980193,
      1.9332535267034567,
      1.6980398988512941,
      9.80739745104082e-16
    ],
    "root_tree_count_cv": 0.34992710611188255,
    "root_tree_count_gini": 0.17142857142857149,
    "edge_participation": [
      0.3142857142857143,
      0.34285714285714286,
      0.2571428571428571,
      0.32857142857142857,
      0.34285714285714286,
      0.38571428571428573,
      0.34285714285714286,
      0.37142857142857144,
      0.5142857142857142,
      0.22857142857142856,
      0.2571428571428571,
      0.3142857142857143
    ],
    "edge_participation_mean": 0.3333333333333333,
    "edge_participation_var": 0.005045351473922902,
    "edge_participation_gini": 0.11130952380952408,
    "bottleneck_edge_fraction_095": 0.0,
    "mean_shortest_path": 1.4,
    "comparison_branch_d_rel_values": [
      22,
      22,
      22
    ],
    "comparison_branch_d_rel_min": 22,
    "comparison_branch_d_rel_mean": 22.0,
    "comparison_branch_d_rel_max": 22,
    "comparison_branch_d_rel_gini": 0.0,
    "comparison_branch_common_d_rel_values": [
      22,
      22,
      22
    ],
    "comparison_branch_common_d_rel_min": 22,
    "comparison_branch_common_d_rel_mean": 22.0,
    "comparison_branch_common_d_rel_max": 22,
    "comparison_branch_common_d_rel_gini": 0.0,
    "comparison_branch_input_count_values": [
      24,
      24,
      24
    ],
    "comparison_branch_input_count_min": 24,
    "comparison_branch_input_count_mean": 24.0,
    "comparison_branch_input_count_max": 24,
    "comparison_branch_input_count_gini": 0.0,
    "comparison_branch_input_overlap_values": [
      24,
      24,
      24
    ],
    "comparison_branch_input_overlap_min": 24,
    "comparison_branch_input_overlap_mean": 24.0,
    "comparison_branch_input_overlap_max": 24,
    "comparison_branch_input_overlap_gini": 0.0,
    "in_degree": [
      2,
      2,
      2,
      3,
      3
    ],
    "out_degree": [
      3,
      2,
      3,
      2,
      2
    ],
    "in_degree_cv": 0.2041241452319315,
    "out_degree_cv": 0.2041241452319315
  }
}