{
  "name": "degree_balanced_n5_m12_seed7",
  "family": "degree_balanced",
  "seed": 7,
  "n_nodes": 5,
  "edges": [
    [
      0,
      1
    ],
    [
      1,
      2
    ],
    [
      2,
      3
    ],
    [
      3,
      4
    ],
    [
      4,
      0
    ],
    [
      2,
      4
    ],
    [
      3,
      2
    ],
    [
      1,
      3
    ],
    [
      4,
      1
    ],
    [
      0,
      4
    ],
    [
      2,
      0
    ],
    [
      4,
      2
    ]
  ],
  "metrics": {
    "n_nodes": 5,
    "n_edges": 12,
    "p": 8,
    "strongly_connected": true,
    "edges": [
      [
        0,
        1
      ],
      [
        1,
        2
      ],
      [
        2,
        3
      ],
      [
        3,
        4
      ],
      [
        4,
        0
      ],
      [
        2,
        4
      ],
      [
        3,
        2
      ],
      [
        1,
        3
      ],
      [
        4,
        1
      ],
      [
        0,
        4
      ],
      [
        2,
        0
      ],
      [
        4,
        2
      ]
    ],
    "tree_counts_enum": [
      17,
      17,
      17,
      17,
      17
    ],
    "tree_counts_det": [
      17,
      17,
      17,
      17,
      17
    ],
    "tree_counts_match_det": true,
    "tree_enumeration_truncated": false,
    "max_trees_per_root": null,
    "n_trees_total_enum": 85,
    "rank_M": 12,
    "rank_D": 11,
    "rank_D_anchor": 11,
    "d_rel": 88,
    "effective_rank_D": 8.92615631133712,
    "condition_number_D": 2.8709247025015543,
    "effective_rank_D_masked": 71.40925049069702,
    "condition_number_D_masked": 2.8709247025015543,
    "singular_values_D_masked": [
      6.120552580626968,
      6.100697787601776,
      5.71446554478987,
      5.17851156749331,
      4.876409713568702,
      4.751308587151193,
      4.096750723030378,
      2.6343176462025206,
      2.392570438928694,
      2.3605250664953537,
      2.1319098251841573,
      1.1719756635638779e-15,
      6.120552580626968,
      6.100697787601776,
      5.71446554478987,
      5.17851156749331,
      4.876409713568702,
      4.751308587151193,
      4.096750723030378,
      2.6343176462025206,
      2.392570438928694,
      2.3605250664953537,
      2.1319098251841573,
      1.1719756635638779e-15,
      6.120552580626968,
      6.100697787601776,
      5.71446554478987,
      5.17851156749331,
      4.876409713568702,
      4.751308587151193,
      4.096750723030378,
      2.6343176462025206,
      2.392570438928694,
      2.3605250664953537,
      2.1319098251841573,
      1.1719756635638779e-15,
      6.120552580626968,
      6.100697787601776,
      5.71446554478987,
      5.17851156749331,
      4.876409713568702,
      4.751308587151193,
      4.096750723030378,
      2.6343176462025206,
      2.392570438928694,
      2.3605250664953537,
      2.1319098251841573,
      1.1719756635638779e-15,
      6.120552580626968,
      6.100697787601776,
      5.71446554478987,
      5.17851156749331,
      4.876409713568702,
      4.751308587151193,
      4.096750723030378,
      2.6343176462025206,
      2.392570438928694,
      2.3605250664953537,
      2.1319098251841573,
      1.1719756635638779e-15,
      6.120552580626968,
      6.100697787601776,
      5.71446554478987,
      5.17851156749331,
      4.876409713568702,
      4.751308587151193,
      4.096750723030378,
      2.6343176462025206,
      2.392570438928694,
      2.3605250664953537,
      2.1319098251841573,
      1.1719756635638779e-15,
      6.120552580626968,
      6.100697787601776,
      5.71446554478987,
      5.17851156749331,
      4.876409713568702,
      4.751308587151193,
      4.096750723030378,
      2.6343176462025206,
      2.392570438928694,
      2.3605250664953537,
      2.1319098251841573,
      1.1719756635638779e-15,
      6.120552580626968,
      6.100697787601776,
      5.71446554478987,
      5.17851156749331,
      4.876409713568702,
      4.751308587151193,
      4.096750723030378,
      2.6343176462025206,
      2.392570438928694,
      2.3605250664953537,
      2.1319098251841573,
      1.1719756635638779e-15
    ],
    "singular_values_D": [
      6.120552580626968,
      6.100697787601776,
      5.71446554478987,
      5.17851156749331,
      4.876409713568702,
      4.751308587151193,
      4.096750723030378,
      2.6343176462025206,
      2.392570438928694,
      2.3605250664953537,
      2.1319098251841573,
      1.1719756635638779e-15
    ],
    "singular_values_D_anchor": [
      16.395958543389263,
      6.100875049575206,
      5.732289866101411,
      5.189819973079397,
      5.151393182741638,
      4.775614700151253,
      4.556492200408143,
      2.6603241177251813,
      2.569006534297736,
      2.371172951707666,
      2.1803531364313398,
      1.7238234033964817e-15
    ],
    "root_tree_count_cv": 0.0,
    "root_tree_count_gini": 0.0,
    "edge_participation": [
      0.47058823529411764,
      0.3764705882352941,
      0.2235294117647059,
      0.43529411764705883,
      0.25882352941176473,
      0.24705882352941178,
      0.36470588235294116,
      0.4235294117647059,
      0.3176470588235294,
      0.32941176470588235,
      0.32941176470588235,
      0.2235294117647059
    ],
    "edge_participation_mean": 0.3333333333333333,
    "edge_participation_var": 0.006466743560169164,
    "edge_participation_gini": 0.1372549019607845,
    "bottleneck_edge_fraction_095": 0.0,
    "mean_shortest_path": 1.4,
    "comparison_branch_d_rel_values": [
      22,
      22,
      22
    ],
    "comparison_branch_d_rel_min": 22,
    "comparison_branch_d_rel_mean": 22.0,
    "comparison_branch_d_rel_max": 22,
    "comparison_branch_d_rel_gini": 0.0,
    "comparison_branch_common_d_rel_values": [
      22,
      22,
      22
    ],
    "comparison_branch_common_d_rel_min": 22,
    "comparison_branch_common_d_rel_mean": 22.0,
    "comparison_branch_common_d_rel_max": 22,
    "comparison_branch_common_d_rel_gini": 0.0,
    "comparison_branch_input_count_values": [
      24,
      24,
      24
    ],
    "comparison_branch_input_count_min": 24,
    "comparison_branch_input_count_mean": 24.0,
    "comparison_branch_input_count_max": 24,
    "comparison_branch_input_count_gini": 0.0,
    "comparison_branch_input_overlap_values": [
      24,
      24,
      24
    ],
    "comparison_branch_input_overlap_min": 24,
    "comparison_branch_input_overlap_mean": 24.0,
    "comparison_branch_input_overlap_max": 24,
    "comparison_branch_input_overlap_gini": 0.0,
    "in_degree": [
      2,
      2,
      3,
      2,
      3
    ],
    "out_degree": [
      2,
      2,
      3,
      2,
      3
    ],
    "in_degree_cv": 0.2041241452319315,
    "out_degree_cv": 0.2041241452319315
  }
}