{
  "name": "degree_balanced_n5_m12_seed24",
  "family": "degree_balanced",
  "seed": 24,
  "n_nodes": 5,
  "edges": [
    [
      0,
      1
    ],
    [
      1,
      2
    ],
    [
      2,
      3
    ],
    [
      3,
      4
    ],
    [
      4,
      0
    ],
    [
      2,
      4
    ],
    [
      0,
      2
    ],
    [
      4,
      3
    ],
    [
      1,
      0
    ],
    [
      3,
      1
    ],
    [
      4,
      1
    ],
    [
      1,
      4
    ]
  ],
  "metrics": {
    "n_nodes": 5,
    "n_edges": 12,
    "p": 8,
    "strongly_connected": true,
    "edges": [
      [
        0,
        1
      ],
      [
        1,
        2
      ],
      [
        2,
        3
      ],
      [
        3,
        4
      ],
      [
        4,
        0
      ],
      [
        2,
        4
      ],
      [
        0,
        2
      ],
      [
        4,
        3
      ],
      [
        1,
        0
      ],
      [
        3,
        1
      ],
      [
        4,
        1
      ],
      [
        1,
        4
      ]
    ],
    "tree_counts_enum": [
      17,
      17,
      17,
      17,
      17
    ],
    "tree_counts_det": [
      17,
      17,
      17,
      17,
      17
    ],
    "tree_counts_match_det": true,
    "tree_enumeration_truncated": false,
    "max_trees_per_root": null,
    "n_trees_total_enum": 85,
    "rank_M": 12,
    "rank_D": 11,
    "rank_D_anchor": 11,
    "d_rel": 88,
    "effective_rank_D": 8.92615631133712,
    "condition_number_D": 2.8709247025015543,
    "effective_rank_D_masked": 71.40925049069702,
    "condition_number_D_masked": 2.8709247025015543,
    "singular_values_D_masked": [
      6.120552580626967,
      6.100697787601775,
      5.7144655447898725,
      5.17851156749331,
      4.8764097135687035,
      4.751308587151196,
      4.096750723030379,
      2.634317646202522,
      2.3925704389286935,
      2.360525066495353,
      2.1319098251841573,
      7.276623108825736e-16,
      6.120552580626967,
      6.100697787601775,
      5.7144655447898725,
      5.17851156749331,
      4.8764097135687035,
      4.751308587151196,
      4.096750723030379,
      2.634317646202522,
      2.3925704389286935,
      2.360525066495353,
      2.1319098251841573,
      7.276623108825736e-16,
      6.120552580626967,
      6.100697787601775,
      5.7144655447898725,
      5.17851156749331,
      4.8764097135687035,
      4.751308587151196,
      4.096750723030379,
      2.634317646202522,
      2.3925704389286935,
      2.360525066495353,
      2.1319098251841573,
      7.276623108825736e-16,
      6.120552580626967,
      6.100697787601775,
      5.7144655447898725,
      5.17851156749331,
      4.8764097135687035,
      4.751308587151196,
      4.096750723030379,
      2.634317646202522,
      2.3925704389286935,
      2.360525066495353,
      2.1319098251841573,
      7.276623108825736e-16,
      6.120552580626967,
      6.100697787601775,
      5.7144655447898725,
      5.17851156749331,
      4.8764097135687035,
      4.751308587151196,
      4.096750723030379,
      2.634317646202522,
      2.3925704389286935,
      2.360525066495353,
      2.1319098251841573,
      7.276623108825736e-16,
      6.120552580626967,
      6.100697787601775,
      5.7144655447898725,
      5.17851156749331,
      4.8764097135687035,
      4.751308587151196,
      4.096750723030379,
      2.634317646202522,
      2.3925704389286935,
      2.360525066495353,
      2.1319098251841573,
      7.276623108825736e-16,
      6.120552580626967,
      6.100697787601775,
      5.7144655447898725,
      5.17851156749331,
      4.8764097135687035,
      4.751308587151196,
      4.096750723030379,
      2.634317646202522,
      2.3925704389286935,
      2.360525066495353,
      2.1319098251841573,
      7.276623108825736e-16,
      6.120552580626967,
      6.100697787601775,
      5.7144655447898725,
      5.17851156749331,
      4.8764097135687035,
      4.751308587151196,
      4.096750723030379,
      2.634317646202522,
      2.3925704389286935,
      2.360525066495353,
      2.1319098251841573,
      7.276623108825736e-16
    ],
    "singular_values_D": [
      6.120552580626967,
      6.100697787601775,
      5.7144655447898725,
      5.17851156749331,
      4.8764097135687035,
      4.751308587151196,
      4.096750723030379,
      2.634317646202522,
      2.3925704389286935,
      2.360525066495353,
      2.1319098251841573,
      7.276623108825736e-16
    ],
    "singular_values_D_anchor": [
      15.664347040627595,
      6.100732288819017,
      5.722702871674059,
      5.305558505735089,
      5.062550226286101,
      4.836458981637868,
      4.174046507911203,
      3.047423360428953,
      2.5023420255034012,
      2.3636726532704735,
      2.2208445304996665,
      1.1825749152489841e-15
    ],
    "root_tree_count_cv": 0.0,
    "root_tree_count_gini": 0.0,
    "edge_participation": [
      0.32941176470588235,
      0.3176470588235294,
      0.4235294117647059,
      0.36470588235294116,
      0.32941176470588235,
      0.3764705882352941,
      0.47058823529411764,
      0.2235294117647059,
      0.25882352941176473,
      0.43529411764705883,
      0.24705882352941178,
      0.2235294117647059
    ],
    "edge_participation_mean": 0.3333333333333333,
    "edge_participation_var": 0.006466743560169165,
    "edge_participation_gini": 0.1372549019607845,
    "bottleneck_edge_fraction_095": 0.0,
    "mean_shortest_path": 1.4,
    "comparison_branch_d_rel_values": [
      22,
      22,
      22
    ],
    "comparison_branch_d_rel_min": 22,
    "comparison_branch_d_rel_mean": 22.0,
    "comparison_branch_d_rel_max": 22,
    "comparison_branch_d_rel_gini": 0.0,
    "comparison_branch_common_d_rel_values": [
      22,
      22,
      22
    ],
    "comparison_branch_common_d_rel_min": 22,
    "comparison_branch_common_d_rel_mean": 22.0,
    "comparison_branch_common_d_rel_max": 22,
    "comparison_branch_common_d_rel_gini": 0.0,
    "comparison_branch_input_count_values": [
      24,
      24,
      24
    ],
    "comparison_branch_input_count_min": 24,
    "comparison_branch_input_count_mean": 24.0,
    "comparison_branch_input_count_max": 24,
    "comparison_branch_input_count_gini": 0.0,
    "comparison_branch_input_overlap_values": [
      24,
      24,
      24
    ],
    "comparison_branch_input_overlap_min": 24,
    "comparison_branch_input_overlap_mean": 24.0,
    "comparison_branch_input_overlap_max": 24,
    "comparison_branch_input_overlap_gini": 0.0,
    "in_degree": [
      2,
      3,
      2,
      2,
      3
    ],
    "out_degree": [
      2,
      3,
      2,
      2,
      3
    ],
    "in_degree_cv": 0.2041241452319315,
    "out_degree_cv": 0.2041241452319315
  }
}