{
  "name": "degree_balanced_n5_m12_seed16",
  "family": "degree_balanced",
  "seed": 16,
  "n_nodes": 5,
  "edges": [
    [
      0,
      1
    ],
    [
      1,
      2
    ],
    [
      2,
      3
    ],
    [
      3,
      4
    ],
    [
      4,
      0
    ],
    [
      2,
      4
    ],
    [
      3,
      1
    ],
    [
      1,
      3
    ],
    [
      0,
      2
    ],
    [
      1,
      0
    ],
    [
      4,
      1
    ],
    [
      4,
      3
    ]
  ],
  "metrics": {
    "n_nodes": 5,
    "n_edges": 12,
    "p": 8,
    "strongly_connected": true,
    "edges": [
      [
        0,
        1
      ],
      [
        1,
        2
      ],
      [
        2,
        3
      ],
      [
        3,
        4
      ],
      [
        4,
        0
      ],
      [
        2,
        4
      ],
      [
        3,
        1
      ],
      [
        1,
        3
      ],
      [
        0,
        2
      ],
      [
        1,
        0
      ],
      [
        4,
        1
      ],
      [
        4,
        3
      ]
    ],
    "tree_counts_enum": [
      15,
      17,
      16,
      23,
      13
    ],
    "tree_counts_det": [
      15,
      17,
      16,
      23,
      13
    ],
    "tree_counts_match_det": true,
    "tree_enumeration_truncated": false,
    "max_trees_per_root": null,
    "n_trees_total_enum": 84,
    "rank_M": 12,
    "rank_D": 11,
    "rank_D_anchor": 11,
    "d_rel": 88,
    "effective_rank_D": 8.872918655460886,
    "condition_number_D": 3.158793910485591,
    "effective_rank_D_masked": 70.98334924368707,
    "condition_number_D_masked": 3.158793910485591,
    "singular_values_D_masked": [
      6.214050368461805,
      6.042554017025071,
      5.675996857865846,
      5.113054792090098,
      4.908425201623462,
      4.80310327692545,
      3.9386246394253432,
      2.734209061561256,
      2.4948173001502716,
      2.226689383732483,
      1.9672224730566672,
      1.1749744492841391e-15,
      6.214050368461805,
      6.042554017025071,
      5.675996857865846,
      5.113054792090098,
      4.908425201623462,
      4.80310327692545,
      3.9386246394253432,
      2.734209061561256,
      2.4948173001502716,
      2.226689383732483,
      1.9672224730566672,
      1.1749744492841391e-15,
      6.214050368461805,
      6.042554017025071,
      5.675996857865846,
      5.113054792090098,
      4.908425201623462,
      4.80310327692545,
      3.9386246394253432,
      2.734209061561256,
      2.4948173001502716,
      2.226689383732483,
      1.9672224730566672,
      1.1749744492841391e-15,
      6.214050368461805,
      6.042554017025071,
      5.675996857865846,
      5.113054792090098,
      4.908425201623462,
      4.80310327692545,
      3.9386246394253432,
      2.734209061561256,
      2.4948173001502716,
      2.226689383732483,
      1.9672224730566672,
      1.1749744492841391e-15,
      6.214050368461805,
      6.042554017025071,
      5.675996857865846,
      5.113054792090098,
      4.908425201623462,
      4.80310327692545,
      3.9386246394253432,
      2.734209061561256,
      2.4948173001502716,
      2.226689383732483,
      1.9672224730566672,
      1.1749744492841391e-15,
      6.214050368461805,
      6.042554017025071,
      5.675996857865846,
      5.113054792090098,
      4.908425201623462,
      4.80310327692545,
      3.9386246394253432,
      2.734209061561256,
      2.4948173001502716,
      2.226689383732483,
      1.9672224730566672,
      1.1749744492841391e-15,
      6.214050368461805,
      6.042554017025071,
      5.675996857865846,
      5.113054792090098,
      4.908425201623462,
      4.80310327692545,
      3.9386246394253432,
      2.734209061561256,
      2.4948173001502716,
      2.226689383732483,
      1.9672224730566672,
      1.1749744492841391e-15,
      6.214050368461805,
      6.042554017025071,
      5.675996857865846,
      5.113054792090098,
      4.908425201623462,
      4.80310327692545,
      3.9386246394253432,
      2.734209061561256,
      2.4948173001502716,
      2.226689383732483,
      1.9672224730566672,
      1.1749744492841391e-15
    ],
    "singular_values_D": [
      6.214050368461805,
      6.042554017025071,
      5.675996857865846,
      5.113054792090098,
      4.908425201623462,
      4.80310327692545,
      3.9386246394253432,
      2.734209061561256,
      2.4948173001502716,
      2.226689383732483,
      1.9672224730566672,
      1.1749744492841391e-15
    ],
    "singular_values_D_anchor": [
      15.481441490098145,
      6.161730574343277,
      5.676636261473134,
      5.534432875768972,
      4.947823162528373,
      4.8195714643233485,
      3.990616510403431,
      3.003277389367622,
      2.702510362226357,
      2.3454860114592493,
      2.011246869618842,
      6.998468166330654e-16
    ],
    "root_tree_count_cv": 0.20062261364705614,
    "root_tree_count_gini": 0.10476190476190483,
    "edge_participation": [
      0.35714285714285715,
      0.32142857142857145,
      0.42857142857142855,
      0.36904761904761907,
      0.32142857142857145,
      0.38095238095238093,
      0.35714285714285715,
      0.21428571428571427,
      0.4642857142857143,
      0.2619047619047619,
      0.2976190476190476,
      0.2261904761904762
    ],
    "edge_participation_mean": 0.3333333333333333,
    "edge_participation_var": 0.005267384731670446,
    "edge_participation_gini": 0.12301587301587324,
    "bottleneck_edge_fraction_095": 0.0,
    "mean_shortest_path": 1.4,
    "comparison_branch_d_rel_values": [
      22,
      22,
      22
    ],
    "comparison_branch_d_rel_min": 22,
    "comparison_branch_d_rel_mean": 22.0,
    "comparison_branch_d_rel_max": 22,
    "comparison_branch_d_rel_gini": 0.0,
    "comparison_branch_common_d_rel_values": [
      22,
      22,
      22
    ],
    "comparison_branch_common_d_rel_min": 22,
    "comparison_branch_common_d_rel_mean": 22.0,
    "comparison_branch_common_d_rel_max": 22,
    "comparison_branch_common_d_rel_gini": 0.0,
    "comparison_branch_input_count_values": [
      24,
      24,
      24
    ],
    "comparison_branch_input_count_min": 24,
    "comparison_branch_input_count_mean": 24.0,
    "comparison_branch_input_count_max": 24,
    "comparison_branch_input_count_gini": 0.0,
    "comparison_branch_input_overlap_values": [
      24,
      24,
      24
    ],
    "comparison_branch_input_overlap_min": 24,
    "comparison_branch_input_overlap_mean": 24.0,
    "comparison_branch_input_overlap_max": 24,
    "comparison_branch_input_overlap_gini": 0.0,
    "in_degree": [
      2,
      3,
      2,
      3,
      2
    ],
    "out_degree": [
      2,
      3,
      2,
      2,
      3
    ],
    "in_degree_cv": 0.2041241452319315,
    "out_degree_cv": 0.2041241452319315
  }
}