{
  "name": "degree_balanced_n5_m12_seed17",
  "family": "degree_balanced",
  "seed": 17,
  "n_nodes": 5,
  "edges": [
    [
      0,
      1
    ],
    [
      1,
      2
    ],
    [
      2,
      3
    ],
    [
      3,
      4
    ],
    [
      4,
      0
    ],
    [
      2,
      4
    ],
    [
      1,
      0
    ],
    [
      3,
      2
    ],
    [
      4,
      1
    ],
    [
      0,
      3
    ],
    [
      0,
      4
    ],
    [
      3,
      0
    ]
  ],
  "metrics": {
    "n_nodes": 5,
    "n_edges": 12,
    "p": 8,
    "strongly_connected": true,
    "edges": [
      [
        0,
        1
      ],
      [
        1,
        2
      ],
      [
        2,
        3
      ],
      [
        3,
        4
      ],
      [
        4,
        0
      ],
      [
        2,
        4
      ],
      [
        1,
        0
      ],
      [
        3,
        2
      ],
      [
        4,
        1
      ],
      [
        0,
        3
      ],
      [
        0,
        4
      ],
      [
        3,
        0
      ]
    ],
    "tree_counts_enum": [
      16,
      18,
      14,
      10,
      20
    ],
    "tree_counts_det": [
      16,
      18,
      14,
      10,
      20
    ],
    "tree_counts_match_det": true,
    "tree_enumeration_truncated": false,
    "max_trees_per_root": null,
    "n_trees_total_enum": 78,
    "rank_M": 12,
    "rank_D": 11,
    "rank_D_anchor": 11,
    "d_rel": 88,
    "effective_rank_D": 8.810225516481932,
    "condition_number_D": 3.5178942115200726,
    "effective_rank_D_masked": 70.48180413185551,
    "condition_number_D_masked": 3.5178942115200726,
    "singular_values_D_masked": [
      6.090896623327803,
      5.759641784608122,
      5.449745805387764,
      5.107142892874139,
      4.759496097579203,
      4.446529849292025,
      3.58341798244468,
      2.6768421000877725,
      2.558556465096853,
      2.1233365565557336,
      1.7314041460888452,
      6.945966143335238e-16,
      6.090896623327803,
      5.759641784608122,
      5.449745805387764,
      5.107142892874139,
      4.759496097579203,
      4.446529849292025,
      3.58341798244468,
      2.6768421000877725,
      2.558556465096853,
      2.1233365565557336,
      1.7314041460888452,
      6.945966143335238e-16,
      6.090896623327803,
      5.759641784608122,
      5.449745805387764,
      5.107142892874139,
      4.759496097579203,
      4.446529849292025,
      3.58341798244468,
      2.6768421000877725,
      2.558556465096853,
      2.1233365565557336,
      1.7314041460888452,
      6.945966143335238e-16,
      6.090896623327803,
      5.759641784608122,
      5.449745805387764,
      5.107142892874139,
      4.759496097579203,
      4.446529849292025,
      3.58341798244468,
      2.6768421000877725,
      2.558556465096853,
      2.1233365565557336,
      1.7314041460888452,
      6.945966143335238e-16,
      6.090896623327803,
      5.759641784608122,
      5.449745805387764,
      5.107142892874139,
      4.759496097579203,
      4.446529849292025,
      3.58341798244468,
      2.6768421000877725,
      2.558556465096853,
      2.1233365565557336,
      1.7314041460888452,
      6.945966143335238e-16,
      6.090896623327803,
      5.759641784608122,
      5.449745805387764,
      5.107142892874139,
      4.759496097579203,
      4.446529849292025,
      3.58341798244468,
      2.6768421000877725,
      2.558556465096853,
      2.1233365565557336,
      1.7314041460888452,
      6.945966143335238e-16,
      6.090896623327803,
      5.759641784608122,
      5.449745805387764,
      5.107142892874139,
      4.759496097579203,
      4.446529849292025,
      3.58341798244468,
      2.6768421000877725,
      2.558556465096853,
      2.1233365565557336,
      1.7314041460888452,
      6.945966143335238e-16,
      6.090896623327803,
      5.759641784608122,
      5.449745805387764,
      5.107142892874139,
      4.759496097579203,
      4.446529849292025,
      3.58341798244468,
      2.6768421000877725,
      2.558556465096853,
      2.1233365565557336,
      1.7314041460888452,
      6.945966143335238e-16
    ],
    "singular_values_D": [
      6.090896623327803,
      5.759641784608122,
      5.449745805387764,
      5.107142892874139,
      4.759496097579203,
      4.446529849292025,
      3.58341798244468,
      2.6768421000877725,
      2.558556465096853,
      2.1233365565557336,
      1.7314041460888452,
      6.945966143335238e-16
    ],
    "singular_values_D_anchor": [
      14.69009167871439,
      5.865414181967304,
      5.675871239273413,
      5.169022420197674,
      4.797611553427321,
      4.532432972551054,
      3.6080416358872878,
      3.0331155480925345,
      2.5606904758098845,
      2.310466519926439,
      1.7862376505932744,
      8.378129441529314e-16
    ],
    "root_tree_count_cv": 0.22057244274468274,
    "root_tree_count_gini": 0.12307692307692308,
    "edge_participation": [
      0.28205128205128205,
      0.46153846153846156,
      0.358974358974359,
      0.358974358974359,
      0.32051282051282054,
      0.46153846153846156,
      0.3076923076923077,
      0.24358974358974358,
      0.4230769230769231,
      0.2692307692307692,
      0.24358974358974358,
      0.2692307692307692
    ],
    "edge_participation_mean": 0.3333333333333333,
    "edge_participation_var": 0.0058349769888231436,
    "edge_participation_gini": 0.12767094017094016,
    "bottleneck_edge_fraction_095": 0.0,
    "mean_shortest_path": 1.4,
    "comparison_branch_d_rel_values": [
      22,
      22,
      22
    ],
    "comparison_branch_d_rel_min": 22,
    "comparison_branch_d_rel_mean": 22.0,
    "comparison_branch_d_rel_max": 22,
    "comparison_branch_d_rel_gini": 0.0,
    "comparison_branch_common_d_rel_values": [
      22,
      22,
      22
    ],
    "comparison_branch_common_d_rel_min": 22,
    "comparison_branch_common_d_rel_mean": 22.0,
    "comparison_branch_common_d_rel_max": 22,
    "comparison_branch_common_d_rel_gini": 0.0,
    "comparison_branch_input_count_values": [
      24,
      24,
      24
    ],
    "comparison_branch_input_count_min": 24,
    "comparison_branch_input_count_mean": 24.0,
    "comparison_branch_input_count_max": 24,
    "comparison_branch_input_count_gini": 0.0,
    "comparison_branch_input_overlap_values": [
      24,
      24,
      24
    ],
    "comparison_branch_input_overlap_min": 24,
    "comparison_branch_input_overlap_mean": 24.0,
    "comparison_branch_input_overlap_max": 24,
    "comparison_branch_input_overlap_gini": 0.0,
    "in_degree": [
      3,
      2,
      2,
      2,
      3
    ],
    "out_degree": [
      3,
      2,
      2,
      3,
      2
    ],
    "in_degree_cv": 0.2041241452319315,
    "out_degree_cv": 0.2041241452319315
  }
}