{
  "name": "degree_balanced_n5_m12_seed32",
  "family": "degree_balanced",
  "seed": 32,
  "n_nodes": 5,
  "edges": [
    [
      0,
      1
    ],
    [
      1,
      2
    ],
    [
      2,
      3
    ],
    [
      3,
      4
    ],
    [
      4,
      0
    ],
    [
      4,
      2
    ],
    [
      0,
      3
    ],
    [
      1,
      0
    ],
    [
      2,
      1
    ],
    [
      3,
      0
    ],
    [
      2,
      4
    ],
    [
      3,
      2
    ]
  ],
  "metrics": {
    "n_nodes": 5,
    "n_edges": 12,
    "p": 8,
    "strongly_connected": true,
    "edges": [
      [
        0,
        1
      ],
      [
        1,
        2
      ],
      [
        2,
        3
      ],
      [
        3,
        4
      ],
      [
        4,
        0
      ],
      [
        4,
        2
      ],
      [
        0,
        3
      ],
      [
        1,
        0
      ],
      [
        2,
        1
      ],
      [
        3,
        0
      ],
      [
        2,
        4
      ],
      [
        3,
        2
      ]
    ],
    "tree_counts_enum": [
      18,
      15,
      12,
      10,
      11
    ],
    "tree_counts_det": [
      18,
      15,
      12,
      10,
      11
    ],
    "tree_counts_match_det": true,
    "tree_enumeration_truncated": false,
    "max_trees_per_root": null,
    "n_trees_total_enum": 66,
    "rank_M": 12,
    "rank_D": 11,
    "rank_D_anchor": 11,
    "d_rel": 88,
    "effective_rank_D": 8.508053271430416,
    "condition_number_D": 3.5883800270296184,
    "effective_rank_D_masked": 68.06442617144329,
    "condition_number_D_masked": 3.5883800270296184,
    "singular_values_D_masked": [
      5.997725140411558,
      5.40054471365013,
      5.027263270593315,
      4.74586673462977,
      4.347637930601043,
      3.7160319548692455,
      3.032658989013625,
      2.620729727528254,
      1.99484812545614,
      1.8990791445812982,
      1.671429752488156,
      7.588661906508525e-16,
      5.997725140411558,
      5.40054471365013,
      5.027263270593315,
      4.74586673462977,
      4.347637930601043,
      3.7160319548692455,
      3.032658989013625,
      2.620729727528254,
      1.99484812545614,
      1.8990791445812982,
      1.671429752488156,
      7.588661906508525e-16,
      5.997725140411558,
      5.40054471365013,
      5.027263270593315,
      4.74586673462977,
      4.347637930601043,
      3.7160319548692455,
      3.032658989013625,
      2.620729727528254,
      1.99484812545614,
      1.8990791445812982,
      1.671429752488156,
      7.588661906508525e-16,
      5.997725140411558,
      5.40054471365013,
      5.027263270593315,
      4.74586673462977,
      4.347637930601043,
      3.7160319548692455,
      3.032658989013625,
      2.620729727528254,
      1.99484812545614,
      1.8990791445812982,
      1.671429752488156,
      7.588661906508525e-16,
      5.997725140411558,
      5.40054471365013,
      5.027263270593315,
      4.74586673462977,
      4.347637930601043,
      3.7160319548692455,
      3.032658989013625,
      2.620729727528254,
      1.99484812545614,
      1.8990791445812982,
      1.671429752488156,
      7.588661906508525e-16,
      5.997725140411558,
      5.40054471365013,
      5.027263270593315,
      4.74586673462977,
      4.347637930601043,
      3.7160319548692455,
      3.032658989013625,
      2.620729727528254,
      1.99484812545614,
      1.8990791445812982,
      1.671429752488156,
      7.588661906508525e-16,
      5.997725140411558,
      5.40054471365013,
      5.027263270593315,
      4.74586673462977,
      4.347637930601043,
      3.7160319548692455,
      3.032658989013625,
      2.620729727528254,
      1.99484812545614,
      1.8990791445812982,
      1.671429752488156,
      7.588661906508525e-16,
      5.997725140411558,
      5.40054471365013,
      5.027263270593315,
      4.74586673462977,
      4.347637930601043,
      3.7160319548692455,
      3.032658989013625,
      2.620729727528254,
      1.99484812545614,
      1.8990791445812982,
      1.671429752488156,
      7.588661906508525e-16
    ],
    "singular_values_D": [
      5.997725140411558,
      5.40054471365013,
      5.027263270593315,
      4.74586673462977,
      4.347637930601043,
      3.7160319548692455,
      3.032658989013625,
      2.620729727528254,
      1.99484812545614,
      1.8990791445812982,
      1.671429752488156,
      7.588661906508525e-16
    ],
    "singular_values_D_anchor": [
      13.31778140499099,
      5.727648219196486,
      5.387610921997471,
      4.965566065322205,
      4.362760989717044,
      4.030977063482113,
      3.0516547678533543,
      2.9585462079464473,
      2.052731840640068,
      1.9415644490268698,
      1.6781281191765096,
      1.2307479048330087e-15
    ],
    "root_tree_count_cv": 0.2216475581564817,
    "root_tree_count_gini": 0.12121212121212133,
    "edge_participation": [
      0.36363636363636365,
      0.4090909090909091,
      0.2727272727272727,
      0.3333333333333333,
      0.5,
      0.3333333333333333,
      0.36363636363636365,
      0.36363636363636365,
      0.2727272727272727,
      0.24242424242424243,
      0.2727272727272727,
      0.2727272727272727
    ],
    "edge_participation_mean": 0.33333333333333326,
    "edge_participation_var": 0.004935720844811755,
    "edge_participation_gini": 0.11300505050505061,
    "bottleneck_edge_fraction_095": 0.0,
    "mean_shortest_path": 1.4,
    "comparison_branch_d_rel_values": [
      22,
      22,
      22
    ],
    "comparison_branch_d_rel_min": 22,
    "comparison_branch_d_rel_mean": 22.0,
    "comparison_branch_d_rel_max": 22,
    "comparison_branch_d_rel_gini": 0.0,
    "comparison_branch_common_d_rel_values": [
      22,
      22,
      22
    ],
    "comparison_branch_common_d_rel_min": 22,
    "comparison_branch_common_d_rel_mean": 22.0,
    "comparison_branch_common_d_rel_max": 22,
    "comparison_branch_common_d_rel_gini": 0.0,
    "comparison_branch_input_count_values": [
      24,
      24,
      24
    ],
    "comparison_branch_input_count_min": 24,
    "comparison_branch_input_count_mean": 24.0,
    "comparison_branch_input_count_max": 24,
    "comparison_branch_input_count_gini": 0.0,
    "comparison_branch_input_overlap_values": [
      24,
      24,
      24
    ],
    "comparison_branch_input_overlap_min": 24,
    "comparison_branch_input_overlap_mean": 24.0,
    "comparison_branch_input_overlap_max": 24,
    "comparison_branch_input_overlap_gini": 0.0,
    "in_degree": [
      3,
      2,
      3,
      2,
      2
    ],
    "out_degree": [
      2,
      2,
      3,
      3,
      2
    ],
    "in_degree_cv": 0.2041241452319315,
    "out_degree_cv": 0.2041241452319315
  }
}