{
  "name": "degree_balanced_n5_m12_seed33",
  "family": "degree_balanced",
  "seed": 33,
  "n_nodes": 5,
  "edges": [
    [
      0,
      1
    ],
    [
      1,
      2
    ],
    [
      2,
      3
    ],
    [
      3,
      4
    ],
    [
      4,
      0
    ],
    [
      4,
      2
    ],
    [
      1,
      3
    ],
    [
      3,
      1
    ],
    [
      0,
      4
    ],
    [
      2,
      0
    ],
    [
      2,
      1
    ],
    [
      1,
      4
    ]
  ],
  "metrics": {
    "n_nodes": 5,
    "n_edges": 12,
    "p": 8,
    "strongly_connected": true,
    "edges": [
      [
        0,
        1
      ],
      [
        1,
        2
      ],
      [
        2,
        3
      ],
      [
        3,
        4
      ],
      [
        4,
        0
      ],
      [
        4,
        2
      ],
      [
        1,
        3
      ],
      [
        3,
        1
      ],
      [
        0,
        4
      ],
      [
        2,
        0
      ],
      [
        2,
        1
      ],
      [
        1,
        4
      ]
    ],
    "tree_counts_enum": [
      17,
      14,
      12,
      13,
      22
    ],
    "tree_counts_det": [
      17,
      14,
      12,
      13,
      22
    ],
    "tree_counts_match_det": true,
    "tree_enumeration_truncated": false,
    "max_trees_per_root": null,
    "n_trees_total_enum": 78,
    "rank_M": 12,
    "rank_D": 11,
    "rank_D_anchor": 11,
    "d_rel": 88,
    "effective_rank_D": 8.89236800878909,
    "condition_number_D": 3.143938809025351,
    "effective_rank_D_masked": 71.1389440703127,
    "condition_number_D_masked": 3.143938809025351,
    "singular_values_D_masked": [
      6.001576958585299,
      5.793284917806152,
      5.282803384227458,
      4.952907242175371,
      4.843835360096122,
      4.346131411649239,
      3.9695401226936,
      3.0100314456368693,
      2.171011617121844,
      1.991476448619277,
      1.90893567691473,
      6.144832451815294e-16,
      6.001576958585299,
      5.793284917806152,
      5.282803384227458,
      4.952907242175371,
      4.843835360096122,
      4.346131411649239,
      3.9695401226936,
      3.0100314456368693,
      2.171011617121844,
      1.991476448619277,
      1.90893567691473,
      6.144832451815294e-16,
      6.001576958585299,
      5.793284917806152,
      5.282803384227458,
      4.952907242175371,
      4.843835360096122,
      4.346131411649239,
      3.9695401226936,
      3.0100314456368693,
      2.171011617121844,
      1.991476448619277,
      1.90893567691473,
      6.144832451815294e-16,
      6.001576958585299,
      5.793284917806152,
      5.282803384227458,
      4.952907242175371,
      4.843835360096122,
      4.346131411649239,
      3.9695401226936,
      3.0100314456368693,
      2.171011617121844,
      1.991476448619277,
      1.90893567691473,
      6.144832451815294e-16,
      6.001576958585299,
      5.793284917806152,
      5.282803384227458,
      4.952907242175371,
      4.843835360096122,
      4.346131411649239,
      3.9695401226936,
      3.0100314456368693,
      2.171011617121844,
      1.991476448619277,
      1.90893567691473,
      6.144832451815294e-16,
      6.001576958585299,
      5.793284917806152,
      5.282803384227458,
      4.952907242175371,
      4.843835360096122,
      4.346131411649239,
      3.9695401226936,
      3.0100314456368693,
      2.171011617121844,
      1.991476448619277,
      1.90893567691473,
      6.144832451815294e-16,
      6.001576958585299,
      5.793284917806152,
      5.282803384227458,
      4.952907242175371,
      4.843835360096122,
      4.346131411649239,
      3.9695401226936,
      3.0100314456368693,
      2.171011617121844,
      1.991476448619277,
      1.90893567691473,
      6.144832451815294e-16,
      6.001576958585299,
      5.793284917806152,
      5.282803384227458,
      4.952907242175371,
      4.843835360096122,
      4.346131411649239,
      3.9695401226936,
      3.0100314456368693,
      2.171011617121844,
      1.991476448619277,
      1.90893567691473,
      6.144832451815294e-16
    ],
    "singular_values_D": [
      6.001576958585299,
      5.793284917806152,
      5.282803384227458,
      4.952907242175371,
      4.843835360096122,
      4.346131411649239,
      3.9695401226936,
      3.0100314456368693,
      2.171011617121844,
      1.991476448619277,
      1.90893567691473,
      6.144832451815294e-16
    ],
    "singular_values_D_anchor": [
      15.393224863289987,
      5.793300968340856,
      5.771407223922241,
      5.253101102580561,
      4.934764074525253,
      4.360427735594188,
      4.066271132571577,
      3.142764370563297,
      2.171190538744737,
      2.0895885886864742,
      1.9299936563632358,
      1.3428215223325466e-15
    ],
    "root_tree_count_cv": 0.2314803857085614,
    "root_tree_count_gini": 0.12307692307692308,
    "edge_participation": [
      0.47435897435897434,
      0.23076923076923078,
      0.3076923076923077,
      0.5,
      0.3076923076923077,
      0.41025641025641024,
      0.2564102564102564,
      0.3333333333333333,
      0.3076923076923077,
      0.3076923076923077,
      0.23076923076923078,
      0.3333333333333333
    ],
    "edge_participation_mean": 0.3333333333333333,
    "edge_participation_var": 0.006930747315362699,
    "edge_participation_gini": 0.13408119658119677,
    "bottleneck_edge_fraction_095": 0.0,
    "mean_shortest_path": 1.4,
    "comparison_branch_d_rel_values": [
      22,
      22,
      22
    ],
    "comparison_branch_d_rel_min": 22,
    "comparison_branch_d_rel_mean": 22.0,
    "comparison_branch_d_rel_max": 22,
    "comparison_branch_d_rel_gini": 0.0,
    "comparison_branch_common_d_rel_values": [
      22,
      22,
      22
    ],
    "comparison_branch_common_d_rel_min": 22,
    "comparison_branch_common_d_rel_mean": 22.0,
    "comparison_branch_common_d_rel_max": 22,
    "comparison_branch_common_d_rel_gini": 0.0,
    "comparison_branch_input_count_values": [
      24,
      24,
      24
    ],
    "comparison_branch_input_count_min": 24,
    "comparison_branch_input_count_mean": 24.0,
    "comparison_branch_input_count_max": 24,
    "comparison_branch_input_count_gini": 0.0,
    "comparison_branch_input_overlap_values": [
      24,
      24,
      24
    ],
    "comparison_branch_input_overlap_min": 24,
    "comparison_branch_input_overlap_mean": 24.0,
    "comparison_branch_input_overlap_max": 24,
    "comparison_branch_input_overlap_gini": 0.0,
    "in_degree": [
      2,
      3,
      2,
      2,
      3
    ],
    "out_degree": [
      2,
      3,
      3,
      2,
      2
    ],
    "in_degree_cv": 0.2041241452319315,
    "out_degree_cv": 0.2041241452319315
  }
}