{
  "name": "degree_balanced_n5_m12_seed31",
  "family": "degree_balanced",
  "seed": 31,
  "n_nodes": 5,
  "edges": [
    [
      0,
      1
    ],
    [
      1,
      2
    ],
    [
      2,
      3
    ],
    [
      3,
      4
    ],
    [
      4,
      0
    ],
    [
      3,
      2
    ],
    [
      0,
      4
    ],
    [
      2,
      0
    ],
    [
      1,
      3
    ],
    [
      4,
      1
    ],
    [
      2,
      1
    ],
    [
      0,
      3
    ]
  ],
  "metrics": {
    "n_nodes": 5,
    "n_edges": 12,
    "p": 8,
    "strongly_connected": true,
    "edges": [
      [
        0,
        1
      ],
      [
        1,
        2
      ],
      [
        2,
        3
      ],
      [
        3,
        4
      ],
      [
        4,
        0
      ],
      [
        3,
        2
      ],
      [
        0,
        4
      ],
      [
        2,
        0
      ],
      [
        1,
        3
      ],
      [
        4,
        1
      ],
      [
        2,
        1
      ],
      [
        0,
        3
      ]
    ],
    "tree_counts_enum": [
      10,
      20,
      14,
      22,
      16
    ],
    "tree_counts_det": [
      10,
      20,
      14,
      22,
      16
    ],
    "tree_counts_match_det": true,
    "tree_enumeration_truncated": false,
    "max_trees_per_root": null,
    "n_trees_total_enum": 82,
    "rank_M": 12,
    "rank_D": 11,
    "rank_D_anchor": 11,
    "d_rel": 88,
    "effective_rank_D": 8.930546718084335,
    "condition_number_D": 3.5281721389892526,
    "effective_rank_D_masked": 71.4443737446746,
    "condition_number_D_masked": 3.5281721389892526,
    "singular_values_D_masked": [
      6.050621537815126,
      5.848961814097823,
      5.594336212823232,
      5.163849240163471,
      5.01538221954602,
      4.359979650063866,
      4.1593816946173,
      2.8019884138591937,
      2.7002134945011784,
      2.1384248766141725,
      1.7149451045629827,
      8.398539490590525e-16,
      6.050621537815126,
      5.848961814097823,
      5.594336212823232,
      5.163849240163471,
      5.01538221954602,
      4.359979650063866,
      4.1593816946173,
      2.8019884138591937,
      2.7002134945011784,
      2.1384248766141725,
      1.7149451045629827,
      8.398539490590525e-16,
      6.050621537815126,
      5.848961814097823,
      5.594336212823232,
      5.163849240163471,
      5.01538221954602,
      4.359979650063866,
      4.1593816946173,
      2.8019884138591937,
      2.7002134945011784,
      2.1384248766141725,
      1.7149451045629827,
      8.398539490590525e-16,
      6.050621537815126,
      5.848961814097823,
      5.594336212823232,
      5.163849240163471,
      5.01538221954602,
      4.359979650063866,
      4.1593816946173,
      2.8019884138591937,
      2.7002134945011784,
      2.1384248766141725,
      1.7149451045629827,
      8.398539490590525e-16,
      6.050621537815126,
      5.848961814097823,
      5.594336212823232,
      5.163849240163471,
      5.01538221954602,
      4.359979650063866,
      4.1593816946173,
      2.8019884138591937,
      2.7002134945011784,
      2.1384248766141725,
      1.7149451045629827,
      8.398539490590525e-16,
      6.050621537815126,
      5.848961814097823,
      5.594336212823232,
      5.163849240163471,
      5.01538221954602,
      4.359979650063866,
      4.1593816946173,
      2.8019884138591937,
      2.7002134945011784,
      2.1384248766141725,
      1.7149451045629827,
      8.398539490590525e-16,
      6.050621537815126,
      5.848961814097823,
      5.594336212823232,
      5.163849240163471,
      5.01538221954602,
      4.359979650063866,
      4.1593816946173,
      2.8019884138591937,
      2.7002134945011784,
      2.1384248766141725,
      1.7149451045629827,
      8.398539490590525e-16,
      6.050621537815126,
      5.848961814097823,
      5.594336212823232,
      5.163849240163471,
      5.01538221954602,
      4.359979650063866,
      4.1593816946173,
      2.8019884138591937,
      2.7002134945011784,
      2.1384248766141725,
      1.7149451045629827,
      8.398539490590525e-16
    ],
    "singular_values_D": [
      6.050621537815126,
      5.848961814097823,
      5.594336212823232,
      5.163849240163471,
      5.01538221954602,
      4.359979650063866,
      4.1593816946173,
      2.8019884138591937,
      2.7002134945011784,
      2.1384248766141725,
      1.7149451045629827,
      8.398539490590525e-16
    ],
    "singular_values_D_anchor": [
      15.771210369194726,
      6.01564882276913,
      5.619449548484261,
      5.167189585106644,
      5.028676202326987,
      4.465212001455152,
      4.252621090310254,
      2.818681021260729,
      2.7992905441768077,
      2.484970757067023,
      1.880497986697902,
      9.183935474733133e-16
    ],
    "root_tree_count_cv": 0.260416542732471,
    "root_tree_count_gini": 0.14634146341463428,
    "edge_participation": [
      0.34146341463414637,
      0.32926829268292684,
      0.2682926829268293,
      0.43902439024390244,
      0.32926829268292684,
      0.2926829268292683,
      0.23170731707317074,
      0.34146341463414637,
      0.4268292682926829,
      0.47560975609756095,
      0.21951219512195122,
      0.3048780487804878
    ],
    "edge_participation_mean": 0.3333333333333333,
    "edge_participation_var": 0.005857954921012623,
    "edge_participation_gini": 0.128048780487805,
    "bottleneck_edge_fraction_095": 0.0,
    "mean_shortest_path": 1.4,
    "comparison_branch_d_rel_values": [
      22,
      22,
      22
    ],
    "comparison_branch_d_rel_min": 22,
    "comparison_branch_d_rel_mean": 22.0,
    "comparison_branch_d_rel_max": 22,
    "comparison_branch_d_rel_gini": 0.0,
    "comparison_branch_common_d_rel_values": [
      22,
      22,
      22
    ],
    "comparison_branch_common_d_rel_min": 22,
    "comparison_branch_common_d_rel_mean": 22.0,
    "comparison_branch_common_d_rel_max": 22,
    "comparison_branch_common_d_rel_gini": 0.0,
    "comparison_branch_input_count_values": [
      24,
      24,
      24
    ],
    "comparison_branch_input_count_min": 24,
    "comparison_branch_input_count_mean": 24.0,
    "comparison_branch_input_count_max": 24,
    "comparison_branch_input_count_gini": 0.0,
    "comparison_branch_input_overlap_values": [
      24,
      24,
      24
    ],
    "comparison_branch_input_overlap_min": 24,
    "comparison_branch_input_overlap_mean": 24.0,
    "comparison_branch_input_overlap_max": 24,
    "comparison_branch_input_overlap_gini": 0.0,
    "in_degree": [
      2,
      3,
      2,
      3,
      2
    ],
    "out_degree": [
      3,
      2,
      3,
      2,
      2
    ],
    "in_degree_cv": 0.2041241452319315,
    "out_degree_cv": 0.2041241452319315
  }
}