{
  "name": "degree_balanced_n5_m12_seed28",
  "family": "degree_balanced",
  "seed": 28,
  "n_nodes": 5,
  "edges": [
    [
      0,
      1
    ],
    [
      1,
      2
    ],
    [
      2,
      3
    ],
    [
      3,
      4
    ],
    [
      4,
      0
    ],
    [
      4,
      3
    ],
    [
      1,
      0
    ],
    [
      3,
      1
    ],
    [
      0,
      2
    ],
    [
      2,
      4
    ],
    [
      4,
      1
    ],
    [
      3,
      2
    ]
  ],
  "metrics": {
    "n_nodes": 5,
    "n_edges": 12,
    "p": 8,
    "strongly_connected": true,
    "edges": [
      [
        0,
        1
      ],
      [
        1,
        2
      ],
      [
        2,
        3
      ],
      [
        3,
        4
      ],
      [
        4,
        0
      ],
      [
        4,
        3
      ],
      [
        1,
        0
      ],
      [
        3,
        1
      ],
      [
        0,
        2
      ],
      [
        2,
        4
      ],
      [
        4,
        1
      ],
      [
        3,
        2
      ]
    ],
    "tree_counts_enum": [
      16,
      20,
      24,
      12,
      12
    ],
    "tree_counts_det": [
      16,
      20,
      24,
      12,
      12
    ],
    "tree_counts_match_det": true,
    "tree_enumeration_truncated": false,
    "max_trees_per_root": null,
    "n_trees_total_enum": 84,
    "rank_M": 12,
    "rank_D": 11,
    "rank_D_anchor": 11,
    "d_rel": 88,
    "effective_rank_D": 8.881779689077776,
    "condition_number_D": 3.5951021750373755,
    "effective_rank_D_masked": 71.05423751262222,
    "condition_number_D_masked": 3.5951021750373755,
    "singular_values_D_masked": [
      6.476187201638705,
      5.6876646981044745,
      5.474378350462128,
      5.348181637307414,
      5.201672752753733,
      4.213196552713132,
      4.118576635471276,
      3.007644546374775,
      2.75427106572989,
      2.0151893339706777,
      1.8013916952364162,
      9.182392201578034e-16,
      6.476187201638705,
      5.6876646981044745,
      5.474378350462128,
      5.348181637307414,
      5.201672752753733,
      4.213196552713132,
      4.118576635471276,
      3.007644546374775,
      2.75427106572989,
      2.0151893339706777,
      1.8013916952364162,
      9.182392201578034e-16,
      6.476187201638705,
      5.6876646981044745,
      5.474378350462128,
      5.348181637307414,
      5.201672752753733,
      4.213196552713132,
      4.118576635471276,
      3.007644546374775,
      2.75427106572989,
      2.0151893339706777,
      1.8013916952364162,
      9.182392201578034e-16,
      6.476187201638705,
      5.6876646981044745,
      5.474378350462128,
      5.348181637307414,
      5.201672752753733,
      4.213196552713132,
      4.118576635471276,
      3.007644546374775,
      2.75427106572989,
      2.0151893339706777,
      1.8013916952364162,
      9.182392201578034e-16,
      6.476187201638705,
      5.6876646981044745,
      5.474378350462128,
      5.348181637307414,
      5.201672752753733,
      4.213196552713132,
      4.118576635471276,
      3.007644546374775,
      2.75427106572989,
      2.0151893339706777,
      1.8013916952364162,
      9.182392201578034e-16,
      6.476187201638705,
      5.6876646981044745,
      5.474378350462128,
      5.348181637307414,
      5.201672752753733,
      4.213196552713132,
      4.118576635471276,
      3.007644546374775,
      2.75427106572989,
      2.0151893339706777,
      1.8013916952364162,
      9.182392201578034e-16,
      6.476187201638705,
      5.6876646981044745,
      5.474378350462128,
      5.348181637307414,
      5.201672752753733,
      4.213196552713132,
      4.118576635471276,
      3.007644546374775,
      2.75427106572989,
      2.0151893339706777,
      1.8013916952364162,
      9.182392201578034e-16,
      6.476187201638705,
      5.6876646981044745,
      5.474378350462128,
      5.348181637307414,
      5.201672752753733,
      4.213196552713132,
      4.118576635471276,
      3.007644546374775,
      2.75427106572989,
      2.0151893339706777,
      1.8013916952364162,
      9.182392201578034e-16
    ],
    "singular_values_D": [
      6.476187201638705,
      5.6876646981044745,
      5.474378350462128,
      5.348181637307414,
      5.201672752753733,
      4.213196552713132,
      4.118576635471276,
      3.007644546374775,
      2.75427106572989,
      2.0151893339706777,
      1.8013916952364162,
      9.182392201578034e-16
    ],
    "singular_values_D_anchor": [
      15.933187367634407,
      6.341678939855505,
      5.514745415222752,
      5.348796779353966,
      5.3121573500964425,
      4.266166630734772,
      4.118580798180983,
      3.1712526704470316,
      3.007474859799082,
      2.244210586916475,
      1.8369740430959696,
      8.86218670016607e-16
    ],
    "root_tree_count_cv": 0.27766437594501425,
    "root_tree_count_gini": 0.1523809523809525,
    "edge_participation": [
      0.3333333333333333,
      0.42857142857142855,
      0.32142857142857145,
      0.2857142857142857,
      0.32142857142857145,
      0.21428571428571427,
      0.3333333333333333,
      0.35714285714285715,
      0.47619047619047616,
      0.39285714285714285,
      0.32142857142857145,
      0.21428571428571427
    ],
    "edge_participation_mean": 0.3333333333333333,
    "edge_participation_var": 0.0053854875283446705,
    "edge_participation_gini": 0.12053571428571441,
    "bottleneck_edge_fraction_095": 0.0,
    "mean_shortest_path": 1.4,
    "comparison_branch_d_rel_values": [
      22,
      22,
      22
    ],
    "comparison_branch_d_rel_min": 22,
    "comparison_branch_d_rel_mean": 22.0,
    "comparison_branch_d_rel_max": 22,
    "comparison_branch_d_rel_gini": 0.0,
    "comparison_branch_common_d_rel_values": [
      22,
      22,
      22
    ],
    "comparison_branch_common_d_rel_min": 22,
    "comparison_branch_common_d_rel_mean": 22.0,
    "comparison_branch_common_d_rel_max": 22,
    "comparison_branch_common_d_rel_gini": 0.0,
    "comparison_branch_input_count_values": [
      24,
      24,
      24
    ],
    "comparison_branch_input_count_min": 24,
    "comparison_branch_input_count_mean": 24.0,
    "comparison_branch_input_count_max": 24,
    "comparison_branch_input_count_gini": 0.0,
    "comparison_branch_input_overlap_values": [
      24,
      24,
      24
    ],
    "comparison_branch_input_overlap_min": 24,
    "comparison_branch_input_overlap_mean": 24.0,
    "comparison_branch_input_overlap_max": 24,
    "comparison_branch_input_overlap_gini": 0.0,
    "in_degree": [
      2,
      3,
      3,
      2,
      2
    ],
    "out_degree": [
      2,
      2,
      2,
      3,
      3
    ],
    "in_degree_cv": 0.2041241452319315,
    "out_degree_cv": 0.2041241452319315
  }
}