{
  "name": "degree_balanced_n5_m12_seed26",
  "family": "degree_balanced",
  "seed": 26,
  "n_nodes": 5,
  "edges": [
    [
      0,
      1
    ],
    [
      1,
      2
    ],
    [
      2,
      3
    ],
    [
      3,
      4
    ],
    [
      4,
      0
    ],
    [
      4,
      2
    ],
    [
      0,
      4
    ],
    [
      1,
      3
    ],
    [
      3,
      1
    ],
    [
      2,
      0
    ],
    [
      0,
      2
    ],
    [
      1,
      4
    ]
  ],
  "metrics": {
    "n_nodes": 5,
    "n_edges": 12,
    "p": 8,
    "strongly_connected": true,
    "edges": [
      [
        0,
        1
      ],
      [
        1,
        2
      ],
      [
        2,
        3
      ],
      [
        3,
        4
      ],
      [
        4,
        0
      ],
      [
        4,
        2
      ],
      [
        0,
        4
      ],
      [
        1,
        3
      ],
      [
        3,
        1
      ],
      [
        2,
        0
      ],
      [
        0,
        2
      ],
      [
        1,
        4
      ]
    ],
    "tree_counts_enum": [
      14,
      10,
      22,
      16,
      20
    ],
    "tree_counts_det": [
      14,
      10,
      22,
      16,
      20
    ],
    "tree_counts_match_det": true,
    "tree_enumeration_truncated": false,
    "max_trees_per_root": null,
    "n_trees_total_enum": 82,
    "rank_M": 12,
    "rank_D": 11,
    "rank_D_anchor": 11,
    "d_rel": 88,
    "effective_rank_D": 8.930546718084335,
    "condition_number_D": 3.5281721389892535,
    "effective_rank_D_masked": 71.44437374467473,
    "condition_number_D_masked": 3.5281721389892535,
    "singular_values_D_masked": [
      6.050621537815128,
      5.848961814097821,
      5.594336212823231,
      5.163849240163471,
      5.01538221954602,
      4.359979650063867,
      4.1593816946173,
      2.801988413859192,
      2.7002134945011793,
      2.138424876614173,
      1.7149451045629829,
      8.517546431186411e-16,
      6.050621537815128,
      5.848961814097821,
      5.594336212823231,
      5.163849240163471,
      5.01538221954602,
      4.359979650063867,
      4.1593816946173,
      2.801988413859192,
      2.7002134945011793,
      2.138424876614173,
      1.7149451045629829,
      8.517546431186411e-16,
      6.050621537815128,
      5.848961814097821,
      5.594336212823231,
      5.163849240163471,
      5.01538221954602,
      4.359979650063867,
      4.1593816946173,
      2.801988413859192,
      2.7002134945011793,
      2.138424876614173,
      1.7149451045629829,
      8.517546431186411e-16,
      6.050621537815128,
      5.848961814097821,
      5.594336212823231,
      5.163849240163471,
      5.01538221954602,
      4.359979650063867,
      4.1593816946173,
      2.801988413859192,
      2.7002134945011793,
      2.138424876614173,
      1.7149451045629829,
      8.517546431186411e-16,
      6.050621537815128,
      5.848961814097821,
      5.594336212823231,
      5.163849240163471,
      5.01538221954602,
      4.359979650063867,
      4.1593816946173,
      2.801988413859192,
      2.7002134945011793,
      2.138424876614173,
      1.7149451045629829,
      8.517546431186411e-16,
      6.050621537815128,
      5.848961814097821,
      5.594336212823231,
      5.163849240163471,
      5.01538221954602,
      4.359979650063867,
      4.1593816946173,
      2.801988413859192,
      2.7002134945011793,
      2.138424876614173,
      1.7149451045629829,
      8.517546431186411e-16,
      6.050621537815128,
      5.848961814097821,
      5.594336212823231,
      5.163849240163471,
      5.01538221954602,
      4.359979650063867,
      4.1593816946173,
      2.801988413859192,
      2.7002134945011793,
      2.138424876614173,
      1.7149451045629829,
      8.517546431186411e-16,
      6.050621537815128,
      5.848961814097821,
      5.594336212823231,
      5.163849240163471,
      5.01538221954602,
      4.359979650063867,
      4.1593816946173,
      2.801988413859192,
      2.7002134945011793,
      2.138424876614173,
      1.7149451045629829,
      8.517546431186411e-16
    ],
    "singular_values_D": [
      6.050621537815128,
      5.848961814097821,
      5.594336212823231,
      5.163849240163471,
      5.01538221954602,
      4.359979650063867,
      4.1593816946173,
      2.801988413859192,
      2.7002134945011793,
      2.138424876614173,
      1.7149451045629829,
      8.517546431186411e-16
    ],
    "singular_values_D_anchor": [
      14.690626654629142,
      5.9728893630473054,
      5.601645708197811,
      5.36098053635308,
      5.077788233411182,
      4.638130153057483,
      4.185995308290969,
      2.9691183019496554,
      2.801975783350891,
      2.3878668850674014,
      1.7900147419521069,
      6.629354872350404e-16
    ],
    "root_tree_count_cv": 0.260416542732471,
    "root_tree_count_gini": 0.14634146341463428,
    "edge_participation": [
      0.34146341463414637,
      0.3048780487804878,
      0.43902439024390244,
      0.47560975609756095,
      0.32926829268292684,
      0.4268292682926829,
      0.21951219512195122,
      0.23170731707317074,
      0.32926829268292684,
      0.2926829268292683,
      0.2682926829268293,
      0.34146341463414637
    ],
    "edge_participation_mean": 0.3333333333333333,
    "edge_participation_var": 0.005857954921012623,
    "edge_participation_gini": 0.128048780487805,
    "bottleneck_edge_fraction_095": 0.0,
    "mean_shortest_path": 1.4,
    "comparison_branch_d_rel_values": [
      22,
      22,
      22
    ],
    "comparison_branch_d_rel_min": 22,
    "comparison_branch_d_rel_mean": 22.0,
    "comparison_branch_d_rel_max": 22,
    "comparison_branch_d_rel_gini": 0.0,
    "comparison_branch_common_d_rel_values": [
      22,
      22,
      22
    ],
    "comparison_branch_common_d_rel_min": 22,
    "comparison_branch_common_d_rel_mean": 22.0,
    "comparison_branch_common_d_rel_max": 22,
    "comparison_branch_common_d_rel_gini": 0.0,
    "comparison_branch_input_count_values": [
      24,
      24,
      24
    ],
    "comparison_branch_input_count_min": 24,
    "comparison_branch_input_count_mean": 24.0,
    "comparison_branch_input_count_max": 24,
    "comparison_branch_input_count_gini": 0.0,
    "comparison_branch_input_overlap_values": [
      24,
      24,
      24
    ],
    "comparison_branch_input_overlap_min": 24,
    "comparison_branch_input_overlap_mean": 24.0,
    "comparison_branch_input_overlap_max": 24,
    "comparison_branch_input_overlap_gini": 0.0,
    "in_degree": [
      2,
      2,
      3,
      2,
      3
    ],
    "out_degree": [
      3,
      3,
      2,
      2,
      2
    ],
    "in_degree_cv": 0.2041241452319315,
    "out_degree_cv": 0.2041241452319315
  }
}