{
  "name": "degree_balanced_n5_m12_seed40",
  "family": "degree_balanced",
  "seed": 40,
  "n_nodes": 5,
  "edges": [
    [
      0,
      1
    ],
    [
      1,
      2
    ],
    [
      2,
      3
    ],
    [
      3,
      4
    ],
    [
      4,
      0
    ],
    [
      4,
      3
    ],
    [
      3,
      1
    ],
    [
      0,
      4
    ],
    [
      1,
      0
    ],
    [
      2,
      1
    ],
    [
      4,
      2
    ],
    [
      2,
      4
    ]
  ],
  "metrics": {
    "n_nodes": 5,
    "n_edges": 12,
    "p": 8,
    "strongly_connected": true,
    "edges": [
      [
        0,
        1
      ],
      [
        1,
        2
      ],
      [
        2,
        3
      ],
      [
        3,
        4
      ],
      [
        4,
        0
      ],
      [
        4,
        3
      ],
      [
        3,
        1
      ],
      [
        0,
        4
      ],
      [
        1,
        0
      ],
      [
        2,
        1
      ],
      [
        4,
        2
      ],
      [
        2,
        4
      ]
    ],
    "tree_counts_enum": [
      15,
      18,
      10,
      11,
      12
    ],
    "tree_counts_det": [
      15,
      18,
      10,
      11,
      12
    ],
    "tree_counts_match_det": true,
    "tree_enumeration_truncated": false,
    "max_trees_per_root": null,
    "n_trees_total_enum": 66,
    "rank_M": 12,
    "rank_D": 11,
    "rank_D_anchor": 11,
    "d_rel": 88,
    "effective_rank_D": 8.50805327143042,
    "condition_number_D": 3.5883800270296193,
    "effective_rank_D_masked": 68.0644261714434,
    "condition_number_D_masked": 3.5883800270296193,
    "singular_values_D_masked": [
      5.997725140411556,
      5.400544713650132,
      5.027263270593315,
      4.745866734629769,
      4.347637930601042,
      3.716031954869246,
      3.0326589890136253,
      2.6207297275282544,
      1.9948481254561388,
      1.8990791445812987,
      1.6714297524881552,
      8.617117987821746e-16,
      5.997725140411556,
      5.400544713650132,
      5.027263270593315,
      4.745866734629769,
      4.347637930601042,
      3.716031954869246,
      3.0326589890136253,
      2.6207297275282544,
      1.9948481254561388,
      1.8990791445812987,
      1.6714297524881552,
      8.617117987821746e-16,
      5.997725140411556,
      5.400544713650132,
      5.027263270593315,
      4.745866734629769,
      4.347637930601042,
      3.716031954869246,
      3.0326589890136253,
      2.6207297275282544,
      1.9948481254561388,
      1.8990791445812987,
      1.6714297524881552,
      8.617117987821746e-16,
      5.997725140411556,
      5.400544713650132,
      5.027263270593315,
      4.745866734629769,
      4.347637930601042,
      3.716031954869246,
      3.0326589890136253,
      2.6207297275282544,
      1.9948481254561388,
      1.8990791445812987,
      1.6714297524881552,
      8.617117987821746e-16,
      5.997725140411556,
      5.400544713650132,
      5.027263270593315,
      4.745866734629769,
      4.347637930601042,
      3.716031954869246,
      3.0326589890136253,
      2.6207297275282544,
      1.9948481254561388,
      1.8990791445812987,
      1.6714297524881552,
      8.617117987821746e-16,
      5.997725140411556,
      5.400544713650132,
      5.027263270593315,
      4.745866734629769,
      4.347637930601042,
      3.716031954869246,
      3.0326589890136253,
      2.6207297275282544,
      1.9948481254561388,
      1.8990791445812987,
      1.6714297524881552,
      8.617117987821746e-16,
      5.997725140411556,
      5.400544713650132,
      5.027263270593315,
      4.745866734629769,
      4.347637930601042,
      3.716031954869246,
      3.0326589890136253,
      2.6207297275282544,
      1.9948481254561388,
      1.8990791445812987,
      1.6714297524881552,
      8.617117987821746e-16,
      5.997725140411556,
      5.400544713650132,
      5.027263270593315,
      4.745866734629769,
      4.347637930601042,
      3.716031954869246,
      3.0326589890136253,
      2.6207297275282544,
      1.9948481254561388,
      1.8990791445812987,
      1.6714297524881552,
      8.617117987821746e-16
    ],
    "singular_values_D": [
      5.997725140411556,
      5.400544713650132,
      5.027263270593315,
      4.745866734629769,
      4.347637930601042,
      3.716031954869246,
      3.0326589890136253,
      2.6207297275282544,
      1.9948481254561388,
      1.8990791445812987,
      1.6714297524881552,
      8.617117987821746e-16
    ],
    "singular_values_D_anchor": [
      14.440241858004972,
      5.675018326745763,
      5.04826562877336,
      4.774337200460066,
      4.74016968915729,
      3.7349559177066944,
      3.455043076292366,
      2.6798623236749983,
      2.150907150053786,
      1.9926767247125867,
      1.6908723463346729,
      7.212527273643248e-16
    ],
    "root_tree_count_cv": 0.2216475581564817,
    "root_tree_count_gini": 0.12121212121212133,
    "edge_participation": [
      0.36363636363636365,
      0.36363636363636365,
      0.3333333333333333,
      0.3333333333333333,
      0.2727272727272727,
      0.2727272727272727,
      0.5,
      0.4090909090909091,
      0.36363636363636365,
      0.24242424242424243,
      0.2727272727272727,
      0.2727272727272727
    ],
    "edge_participation_mean": 0.3333333333333333,
    "edge_participation_var": 0.004935720844811755,
    "edge_participation_gini": 0.11300505050505061,
    "bottleneck_edge_fraction_095": 0.0,
    "mean_shortest_path": 1.4,
    "comparison_branch_d_rel_values": [
      22,
      22,
      22
    ],
    "comparison_branch_d_rel_min": 22,
    "comparison_branch_d_rel_mean": 22.0,
    "comparison_branch_d_rel_max": 22,
    "comparison_branch_d_rel_gini": 0.0,
    "comparison_branch_common_d_rel_values": [
      22,
      22,
      22
    ],
    "comparison_branch_common_d_rel_min": 22,
    "comparison_branch_common_d_rel_mean": 22.0,
    "comparison_branch_common_d_rel_max": 22,
    "comparison_branch_common_d_rel_gini": 0.0,
    "comparison_branch_input_count_values": [
      24,
      24,
      24
    ],
    "comparison_branch_input_count_min": 24,
    "comparison_branch_input_count_mean": 24.0,
    "comparison_branch_input_count_max": 24,
    "comparison_branch_input_count_gini": 0.0,
    "comparison_branch_input_overlap_values": [
      24,
      24,
      24
    ],
    "comparison_branch_input_overlap_min": 24,
    "comparison_branch_input_overlap_mean": 24.0,
    "comparison_branch_input_overlap_max": 24,
    "comparison_branch_input_overlap_gini": 0.0,
    "in_degree": [
      2,
      3,
      2,
      2,
      3
    ],
    "out_degree": [
      2,
      2,
      3,
      2,
      3
    ],
    "in_degree_cv": 0.2041241452319315,
    "out_degree_cv": 0.2041241452319315
  }
}