{
  "name": "degree_balanced_n5_m12_seed41",
  "family": "degree_balanced",
  "seed": 41,
  "n_nodes": 5,
  "edges": [
    [
      0,
      1
    ],
    [
      1,
      2
    ],
    [
      2,
      3
    ],
    [
      3,
      4
    ],
    [
      4,
      0
    ],
    [
      4,
      3
    ],
    [
      2,
      1
    ],
    [
      1,
      4
    ],
    [
      3,
      0
    ],
    [
      0,
      2
    ],
    [
      0,
      4
    ],
    [
      4,
      1
    ]
  ],
  "metrics": {
    "n_nodes": 5,
    "n_edges": 12,
    "p": 8,
    "strongly_connected": true,
    "edges": [
      [
        0,
        1
      ],
      [
        1,
        2
      ],
      [
        2,
        3
      ],
      [
        3,
        4
      ],
      [
        4,
        0
      ],
      [
        4,
        3
      ],
      [
        2,
        1
      ],
      [
        1,
        4
      ],
      [
        3,
        0
      ],
      [
        0,
        2
      ],
      [
        0,
        4
      ],
      [
        4,
        1
      ]
    ],
    "tree_counts_enum": [
      10,
      20,
      15,
      15,
      15
    ],
    "tree_counts_det": [
      10,
      20,
      15,
      15,
      15
    ],
    "tree_counts_match_det": true,
    "tree_enumeration_truncated": false,
    "max_trees_per_root": null,
    "n_trees_total_enum": 75,
    "rank_M": 12,
    "rank_D": 11,
    "rank_D_anchor": 11,
    "d_rel": 88,
    "effective_rank_D": 8.70298166084889,
    "condition_number_D": 3.460883008086615,
    "effective_rank_D_masked": 69.62385328679113,
    "condition_number_D_masked": 3.460883008086615,
    "singular_values_D_masked": [
      6.232951182631418,
      5.628634380408605,
      5.203369424826818,
      4.973645077927356,
      4.878880873890566,
      4.058650714195942,
      3.562628440043871,
      2.7147165324504066,
      2.26187761259151,
      2.0196227866958685,
      1.8009713613744402,
      6.233673280676488e-16,
      6.232951182631418,
      5.628634380408605,
      5.203369424826818,
      4.973645077927356,
      4.878880873890566,
      4.058650714195942,
      3.562628440043871,
      2.7147165324504066,
      2.26187761259151,
      2.0196227866958685,
      1.8009713613744402,
      6.233673280676488e-16,
      6.232951182631418,
      5.628634380408605,
      5.203369424826818,
      4.973645077927356,
      4.878880873890566,
      4.058650714195942,
      3.562628440043871,
      2.7147165324504066,
      2.26187761259151,
      2.0196227866958685,
      1.8009713613744402,
      6.233673280676488e-16,
      6.232951182631418,
      5.628634380408605,
      5.203369424826818,
      4.973645077927356,
      4.878880873890566,
      4.058650714195942,
      3.562628440043871,
      2.7147165324504066,
      2.26187761259151,
      2.0196227866958685,
      1.8009713613744402,
      6.233673280676488e-16,
      6.232951182631418,
      5.628634380408605,
      5.203369424826818,
      4.973645077927356,
      4.878880873890566,
      4.058650714195942,
      3.562628440043871,
      2.7147165324504066,
      2.26187761259151,
      2.0196227866958685,
      1.8009713613744402,
      6.233673280676488e-16,
      6.232951182631418,
      5.628634380408605,
      5.203369424826818,
      4.973645077927356,
      4.878880873890566,
      4.058650714195942,
      3.562628440043871,
      2.7147165324504066,
      2.26187761259151,
      2.0196227866958685,
      1.8009713613744402,
      6.233673280676488e-16,
      6.232951182631418,
      5.628634380408605,
      5.203369424826818,
      4.973645077927356,
      4.878880873890566,
      4.058650714195942,
      3.562628440043871,
      2.7147165324504066,
      2.26187761259151,
      2.0196227866958685,
      1.8009713613744402,
      6.233673280676488e-16,
      6.232951182631418,
      5.628634380408605,
      5.203369424826818,
      4.973645077927356,
      4.878880873890566,
      4.058650714195942,
      3.562628440043871,
      2.7147165324504066,
      2.26187761259151,
      2.0196227866958685,
      1.8009713613744402,
      6.233673280676488e-16
    ],
    "singular_values_D": [
      6.232951182631418,
      5.628634380408605,
      5.203369424826818,
      4.973645077927356,
      4.878880873890566,
      4.058650714195942,
      3.562628440043871,
      2.7147165324504066,
      2.26187761259151,
      2.0196227866958685,
      1.8009713613744402,
      6.233673280676488e-16
    ],
    "singular_values_D_anchor": [
      14.451191171319017,
      5.862536943615276,
      5.343012419260049,
      5.071358916964761,
      4.941198924584034,
      4.213184645589688,
      3.7636154068338703,
      2.8027070632151974,
      2.381672729418647,
      2.148330749470965,
      2.0132664641365015,
      9.690349091635996e-16
    ],
    "root_tree_count_cv": 0.21081851067789198,
    "root_tree_count_gini": 0.10666666666666669,
    "edge_participation": [
      0.3333333333333333,
      0.37333333333333335,
      0.48,
      0.36,
      0.28,
      0.24,
      0.32,
      0.36,
      0.44,
      0.32,
      0.21333333333333335,
      0.28
    ],
    "edge_participation_mean": 0.3333333333333333,
    "edge_participation_var": 0.0054222222222222215,
    "edge_participation_gini": 0.12333333333333352,
    "bottleneck_edge_fraction_095": 0.0,
    "mean_shortest_path": 1.4,
    "comparison_branch_d_rel_values": [
      22,
      22,
      22
    ],
    "comparison_branch_d_rel_min": 22,
    "comparison_branch_d_rel_mean": 22.0,
    "comparison_branch_d_rel_max": 22,
    "comparison_branch_d_rel_gini": 0.0,
    "comparison_branch_common_d_rel_values": [
      22,
      22,
      22
    ],
    "comparison_branch_common_d_rel_min": 22,
    "comparison_branch_common_d_rel_mean": 22.0,
    "comparison_branch_common_d_rel_max": 22,
    "comparison_branch_common_d_rel_gini": 0.0,
    "comparison_branch_input_count_values": [
      24,
      24,
      24
    ],
    "comparison_branch_input_count_min": 24,
    "comparison_branch_input_count_mean": 24.0,
    "comparison_branch_input_count_max": 24,
    "comparison_branch_input_count_gini": 0.0,
    "comparison_branch_input_overlap_values": [
      24,
      24,
      24
    ],
    "comparison_branch_input_overlap_min": 24,
    "comparison_branch_input_overlap_mean": 24.0,
    "comparison_branch_input_overlap_max": 24,
    "comparison_branch_input_overlap_gini": 0.0,
    "in_degree": [
      2,
      3,
      2,
      2,
      3
    ],
    "out_degree": [
      3,
      2,
      2,
      2,
      3
    ],
    "in_degree_cv": 0.2041241452319315,
    "out_degree_cv": 0.2041241452319315
  }
}