{
  "name": "degree_balanced_n5_m12_seed35",
  "family": "degree_balanced",
  "seed": 35,
  "n_nodes": 5,
  "edges": [
    [
      0,
      1
    ],
    [
      1,
      2
    ],
    [
      2,
      3
    ],
    [
      3,
      4
    ],
    [
      4,
      0
    ],
    [
      3,
      2
    ],
    [
      0,
      4
    ],
    [
      1,
      0
    ],
    [
      4,
      1
    ],
    [
      2,
      0
    ],
    [
      0,
      3
    ],
    [
      4,
      3
    ]
  ],
  "metrics": {
    "n_nodes": 5,
    "n_edges": 12,
    "p": 8,
    "strongly_connected": true,
    "edges": [
      [
        0,
        1
      ],
      [
        1,
        2
      ],
      [
        2,
        3
      ],
      [
        3,
        4
      ],
      [
        4,
        0
      ],
      [
        3,
        2
      ],
      [
        0,
        4
      ],
      [
        1,
        0
      ],
      [
        4,
        1
      ],
      [
        2,
        0
      ],
      [
        0,
        3
      ],
      [
        4,
        3
      ]
    ],
    "tree_counts_enum": [
      13,
      12,
      16,
      20,
      11
    ],
    "tree_counts_det": [
      13,
      12,
      16,
      20,
      11
    ],
    "tree_counts_match_det": true,
    "tree_enumeration_truncated": false,
    "max_trees_per_root": null,
    "n_trees_total_enum": 72,
    "rank_M": 12,
    "rank_D": 11,
    "rank_D_anchor": 11,
    "d_rel": 88,
    "effective_rank_D": 8.728062978166108,
    "condition_number_D": 3.4149838354911233,
    "effective_rank_D_masked": 69.82450382532885,
    "condition_number_D_masked": 3.4149838354911233,
    "singular_values_D_masked": [
      5.95846581183925,
      5.59484304360295,
      5.184166808920109,
      4.787443459817299,
      4.619649044612195,
      4.163044395401014,
      3.460353205820924,
      2.7556250596990757,
      2.1218167846240514,
      1.9654950581374144,
      1.7448005902441814,
      7.332949470082375e-16,
      5.95846581183925,
      5.59484304360295,
      5.184166808920109,
      4.787443459817299,
      4.619649044612195,
      4.163044395401014,
      3.460353205820924,
      2.7556250596990757,
      2.1218167846240514,
      1.9654950581374144,
      1.7448005902441814,
      7.332949470082375e-16,
      5.95846581183925,
      5.59484304360295,
      5.184166808920109,
      4.787443459817299,
      4.619649044612195,
      4.163044395401014,
      3.460353205820924,
      2.7556250596990757,
      2.1218167846240514,
      1.9654950581374144,
      1.7448005902441814,
      7.332949470082375e-16,
      5.95846581183925,
      5.59484304360295,
      5.184166808920109,
      4.787443459817299,
      4.619649044612195,
      4.163044395401014,
      3.460353205820924,
      2.7556250596990757,
      2.1218167846240514,
      1.9654950581374144,
      1.7448005902441814,
      7.332949470082375e-16,
      5.95846581183925,
      5.59484304360295,
      5.184166808920109,
      4.787443459817299,
      4.619649044612195,
      4.163044395401014,
      3.460353205820924,
      2.7556250596990757,
      2.1218167846240514,
      1.9654950581374144,
      1.7448005902441814,
      7.332949470082375e-16,
      5.95846581183925,
      5.59484304360295,
      5.184166808920109,
      4.787443459817299,
      4.619649044612195,
      4.163044395401014,
      3.460353205820924,
      2.7556250596990757,
      2.1218167846240514,
      1.9654950581374144,
      1.7448005902441814,
      7.332949470082375e-16,
      5.95846581183925,
      5.59484304360295,
      5.184166808920109,
      4.787443459817299,
      4.619649044612195,
      4.163044395401014,
      3.460353205820924,
      2.7556250596990757,
      2.1218167846240514,
      1.9654950581374144,
      1.7448005902441814,
      7.332949470082375e-16,
      5.95846581183925,
      5.59484304360295,
      5.184166808920109,
      4.787443459817299,
      4.619649044612195,
      4.163044395401014,
      3.460353205820924,
      2.7556250596990757,
      2.1218167846240514,
      1.9654950581374144,
      1.7448005902441814,
      7.332949470082375e-16
    ],
    "singular_values_D": [
      5.95846581183925,
      5.59484304360295,
      5.184166808920109,
      4.787443459817299,
      4.619649044612195,
      4.163044395401014,
      3.460353205820924,
      2.7556250596990757,
      2.1218167846240514,
      1.9654950581374144,
      1.7448005902441814,
      7.332949470082375e-16
    ],
    "singular_values_D_anchor": [
      14.292698417743415,
      5.601527388697436,
      5.290615164543377,
      5.088815091507177,
      4.688364071421969,
      4.215935853312408,
      3.6710610319930885,
      2.7598722840902905,
      2.474961432631199,
      2.0411079307663162,
      1.8207148073373316,
      9.517384288823175e-16
    ],
    "root_tree_count_cv": 0.22652092264305682,
    "root_tree_count_gini": 0.12222222222222223,
    "edge_participation": [
      0.2222222222222222,
      0.5,
      0.3333333333333333,
      0.3888888888888889,
      0.25,
      0.3333333333333333,
      0.25,
      0.3333333333333333,
      0.3611111111111111,
      0.4444444444444444,
      0.3472222222222222,
      0.2361111111111111
    ],
    "edge_participation_mean": 0.3333333333333333,
    "edge_participation_var": 0.0066550925925925935,
    "edge_participation_gini": 0.13541666666666674,
    "bottleneck_edge_fraction_095": 0.0,
    "mean_shortest_path": 1.4,
    "comparison_branch_d_rel_values": [
      22,
      22,
      22
    ],
    "comparison_branch_d_rel_min": 22,
    "comparison_branch_d_rel_mean": 22.0,
    "comparison_branch_d_rel_max": 22,
    "comparison_branch_d_rel_gini": 0.0,
    "comparison_branch_common_d_rel_values": [
      22,
      22,
      22
    ],
    "comparison_branch_common_d_rel_min": 22,
    "comparison_branch_common_d_rel_mean": 22.0,
    "comparison_branch_common_d_rel_max": 22,
    "comparison_branch_common_d_rel_gini": 0.0,
    "comparison_branch_input_count_values": [
      24,
      24,
      24
    ],
    "comparison_branch_input_count_min": 24,
    "comparison_branch_input_count_mean": 24.0,
    "comparison_branch_input_count_max": 24,
    "comparison_branch_input_count_gini": 0.0,
    "comparison_branch_input_overlap_values": [
      24,
      24,
      24
    ],
    "comparison_branch_input_overlap_min": 24,
    "comparison_branch_input_overlap_mean": 24.0,
    "comparison_branch_input_overlap_max": 24,
    "comparison_branch_input_overlap_gini": 0.0,
    "in_degree": [
      3,
      2,
      2,
      3,
      2
    ],
    "out_degree": [
      3,
      2,
      2,
      2,
      3
    ],
    "in_degree_cv": 0.2041241452319315,
    "out_degree_cv": 0.2041241452319315
  }
}