{
  "name": "degree_balanced_n5_m12_seed36",
  "family": "degree_balanced",
  "seed": 36,
  "n_nodes": 5,
  "edges": [
    [
      0,
      1
    ],
    [
      1,
      2
    ],
    [
      2,
      3
    ],
    [
      3,
      4
    ],
    [
      4,
      0
    ],
    [
      2,
      4
    ],
    [
      4,
      3
    ],
    [
      1,
      0
    ],
    [
      3,
      1
    ],
    [
      0,
      2
    ],
    [
      4,
      2
    ],
    [
      2,
      1
    ]
  ],
  "metrics": {
    "n_nodes": 5,
    "n_edges": 12,
    "p": 8,
    "strongly_connected": true,
    "edges": [
      [
        0,
        1
      ],
      [
        1,
        2
      ],
      [
        2,
        3
      ],
      [
        3,
        4
      ],
      [
        4,
        0
      ],
      [
        2,
        4
      ],
      [
        4,
        3
      ],
      [
        1,
        0
      ],
      [
        3,
        1
      ],
      [
        0,
        2
      ],
      [
        4,
        2
      ],
      [
        2,
        1
      ]
    ],
    "tree_counts_enum": [
      15,
      21,
      15,
      12,
      9
    ],
    "tree_counts_det": [
      15,
      21,
      15,
      12,
      9
    ],
    "tree_counts_match_det": true,
    "tree_enumeration_truncated": false,
    "max_trees_per_root": null,
    "n_trees_total_enum": 72,
    "rank_M": 12,
    "rank_D": 11,
    "rank_D_anchor": 11,
    "d_rel": 88,
    "effective_rank_D": 8.69506760485312,
    "condition_number_D": 3.7327079034015953,
    "effective_rank_D_masked": 69.56054083882502,
    "condition_number_D_masked": 3.7327079034015953,
    "singular_values_D_masked": [
      5.954765785819397,
      5.646588819741381,
      5.159348370545022,
      4.824046271316516,
      4.571562342723048,
      4.084313842158099,
      3.5457387863038035,
      2.7184238865868333,
      2.128106608021707,
      2.037107573400804,
      1.595293802762561,
      1.1037515759764565e-15,
      5.954765785819397,
      5.646588819741381,
      5.159348370545022,
      4.824046271316516,
      4.571562342723048,
      4.084313842158099,
      3.5457387863038035,
      2.7184238865868333,
      2.128106608021707,
      2.037107573400804,
      1.595293802762561,
      1.1037515759764565e-15,
      5.954765785819397,
      5.646588819741381,
      5.159348370545022,
      4.824046271316516,
      4.571562342723048,
      4.084313842158099,
      3.5457387863038035,
      2.7184238865868333,
      2.128106608021707,
      2.037107573400804,
      1.595293802762561,
      1.1037515759764565e-15,
      5.954765785819397,
      5.646588819741381,
      5.159348370545022,
      4.824046271316516,
      4.571562342723048,
      4.084313842158099,
      3.5457387863038035,
      2.7184238865868333,
      2.128106608021707,
      2.037107573400804,
      1.595293802762561,
      1.1037515759764565e-15,
      5.954765785819397,
      5.646588819741381,
      5.159348370545022,
      4.824046271316516,
      4.571562342723048,
      4.084313842158099,
      3.5457387863038035,
      2.7184238865868333,
      2.128106608021707,
      2.037107573400804,
      1.595293802762561,
      1.1037515759764565e-15,
      5.954765785819397,
      5.646588819741381,
      5.159348370545022,
      4.824046271316516,
      4.571562342723048,
      4.084313842158099,
      3.5457387863038035,
      2.7184238865868333,
      2.128106608021707,
      2.037107573400804,
      1.595293802762561,
      1.1037515759764565e-15,
      5.954765785819397,
      5.646588819741381,
      5.159348370545022,
      4.824046271316516,
      4.571562342723048,
      4.084313842158099,
      3.5457387863038035,
      2.7184238865868333,
      2.128106608021707,
      2.037107573400804,
      1.595293802762561,
      1.1037515759764565e-15,
      5.954765785819397,
      5.646588819741381,
      5.159348370545022,
      4.824046271316516,
      4.571562342723048,
      4.084313842158099,
      3.5457387863038035,
      2.7184238865868333,
      2.128106608021707,
      2.037107573400804,
      1.595293802762561,
      1.1037515759764565e-15
    ],
    "singular_values_D": [
      5.954765785819397,
      5.646588819741381,
      5.159348370545022,
      4.824046271316516,
      4.571562342723048,
      4.084313842158099,
      3.5457387863038035,
      2.7184238865868333,
      2.128106608021707,
      2.037107573400804,
      1.595293802762561,
      1.1037515759764565e-15
    ],
    "singular_values_D_anchor": [
      14.583246114542524,
      5.701922655433526,
      5.1805735725920075,
      4.945194876619668,
      4.822071194941732,
      4.094936667795982,
      3.5547205621151474,
      3.127987075898687,
      2.440903354512593,
      2.105448483272977,
      1.6406020356877173,
      7.604061548184526e-16
    ],
    "root_tree_count_cv": 0.2763853991962833,
    "root_tree_count_gini": 0.15000000000000013,
    "edge_participation": [
      0.3333333333333333,
      0.375,
      0.3333333333333333,
      0.3333333333333333,
      0.375,
      0.25,
      0.25,
      0.3333333333333333,
      0.5,
      0.4583333333333333,
      0.25,
      0.20833333333333334
    ],
    "edge_participation_mean": 0.3333333333333333,
    "edge_participation_var": 0.006944444444444445,
    "edge_participation_gini": 0.13715277777777768,
    "bottleneck_edge_fraction_095": 0.0,
    "mean_shortest_path": 1.4,
    "comparison_branch_d_rel_values": [
      22,
      22,
      22
    ],
    "comparison_branch_d_rel_min": 22,
    "comparison_branch_d_rel_mean": 22.0,
    "comparison_branch_d_rel_max": 22,
    "comparison_branch_d_rel_gini": 0.0,
    "comparison_branch_common_d_rel_values": [
      22,
      22,
      22
    ],
    "comparison_branch_common_d_rel_min": 22,
    "comparison_branch_common_d_rel_mean": 22.0,
    "comparison_branch_common_d_rel_max": 22,
    "comparison_branch_common_d_rel_gini": 0.0,
    "comparison_branch_input_count_values": [
      24,
      24,
      24
    ],
    "comparison_branch_input_count_min": 24,
    "comparison_branch_input_count_mean": 24.0,
    "comparison_branch_input_count_max": 24,
    "comparison_branch_input_count_gini": 0.0,
    "comparison_branch_input_overlap_values": [
      24,
      24,
      24
    ],
    "comparison_branch_input_overlap_min": 24,
    "comparison_branch_input_overlap_mean": 24.0,
    "comparison_branch_input_overlap_max": 24,
    "comparison_branch_input_overlap_gini": 0.0,
    "in_degree": [
      2,
      3,
      3,
      2,
      2
    ],
    "out_degree": [
      2,
      2,
      3,
      2,
      3
    ],
    "in_degree_cv": 0.2041241452319315,
    "out_degree_cv": 0.2041241452319315
  }
}