{
  "name": "degree_balanced_n5_m12_seed43",
  "family": "degree_balanced",
  "seed": 43,
  "n_nodes": 5,
  "edges": [
    [
      0,
      1
    ],
    [
      1,
      2
    ],
    [
      2,
      3
    ],
    [
      3,
      4
    ],
    [
      4,
      0
    ],
    [
      2,
      4
    ],
    [
      4,
      2
    ],
    [
      1,
      3
    ],
    [
      3,
      0
    ],
    [
      3,
      1
    ],
    [
      0,
      3
    ],
    [
      1,
      0
    ]
  ],
  "metrics": {
    "n_nodes": 5,
    "n_edges": 12,
    "p": 8,
    "strongly_connected": true,
    "edges": [
      [
        0,
        1
      ],
      [
        1,
        2
      ],
      [
        2,
        3
      ],
      [
        3,
        4
      ],
      [
        4,
        0
      ],
      [
        2,
        4
      ],
      [
        4,
        2
      ],
      [
        1,
        3
      ],
      [
        3,
        0
      ],
      [
        3,
        1
      ],
      [
        0,
        3
      ],
      [
        1,
        0
      ]
    ],
    "tree_counts_enum": [
      19,
      11,
      12,
      14,
      13
    ],
    "tree_counts_det": [
      19,
      11,
      12,
      14,
      13
    ],
    "tree_counts_match_det": true,
    "tree_enumeration_truncated": false,
    "max_trees_per_root": null,
    "n_trees_total_enum": 69,
    "rank_M": 12,
    "rank_D": 11,
    "rank_D_anchor": 11,
    "d_rel": 88,
    "effective_rank_D": 8.728825179828162,
    "condition_number_D": 3.5536954656026185,
    "effective_rank_D_masked": 69.83060143862528,
    "condition_number_D_masked": 3.5536954656026185,
    "singular_values_D_masked": [
      5.889140879787785,
      5.353571641665359,
      5.1368592274716915,
      4.867428576373683,
      4.02778297354344,
      3.8561062972825546,
      3.6907189744710034,
      2.4795101300762608,
      2.3542919656683288,
      1.9128669862287695,
      1.6571878307499073,
      1.1945177250211109e-15,
      5.889140879787785,
      5.353571641665359,
      5.1368592274716915,
      4.867428576373683,
      4.02778297354344,
      3.8561062972825546,
      3.6907189744710034,
      2.4795101300762608,
      2.3542919656683288,
      1.9128669862287695,
      1.6571878307499073,
      1.1945177250211109e-15,
      5.889140879787785,
      5.353571641665359,
      5.1368592274716915,
      4.867428576373683,
      4.02778297354344,
      3.8561062972825546,
      3.6907189744710034,
      2.4795101300762608,
      2.3542919656683288,
      1.9128669862287695,
      1.6571878307499073,
      1.1945177250211109e-15,
      5.889140879787785,
      5.353571641665359,
      5.1368592274716915,
      4.867428576373683,
      4.02778297354344,
      3.8561062972825546,
      3.6907189744710034,
      2.4795101300762608,
      2.3542919656683288,
      1.9128669862287695,
      1.6571878307499073,
      1.1945177250211109e-15,
      5.889140879787785,
      5.353571641665359,
      5.1368592274716915,
      4.867428576373683,
      4.02778297354344,
      3.8561062972825546,
      3.6907189744710034,
      2.4795101300762608,
      2.3542919656683288,
      1.9128669862287695,
      1.6571878307499073,
      1.1945177250211109e-15,
      5.889140879787785,
      5.353571641665359,
      5.1368592274716915,
      4.867428576373683,
      4.02778297354344,
      3.8561062972825546,
      3.6907189744710034,
      2.4795101300762608,
      2.3542919656683288,
      1.9128669862287695,
      1.6571878307499073,
      1.1945177250211109e-15,
      5.889140879787785,
      5.353571641665359,
      5.1368592274716915,
      4.867428576373683,
      4.02778297354344,
      3.8561062972825546,
      3.6907189744710034,
      2.4795101300762608,
      2.3542919656683288,
      1.9128669862287695,
      1.6571878307499073,
      1.1945177250211109e-15,
      5.889140879787785,
      5.353571641665359,
      5.1368592274716915,
      4.867428576373683,
      4.02778297354344,
      3.8561062972825546,
      3.6907189744710034,
      2.4795101300762608,
      2.3542919656683288,
      1.9128669862287695,
      1.6571878307499073,
      1.1945177250211109e-15
    ],
    "singular_values_D": [
      5.889140879787785,
      5.353571641665359,
      5.1368592274716915,
      4.867428576373683,
      4.02778297354344,
      3.8561062972825546,
      3.6907189744710034,
      2.4795101300762608,
      2.3542919656683288,
      1.9128669862287695,
      1.6571878307499073,
      1.1945177250211109e-15
    ],
    "singular_values_D_anchor": [
      12.264244144348758,
      5.889140094261609,
      5.350941958510527,
      5.1288793787996045,
      4.863423879567193,
      3.8612693887103364,
      3.6907441471352174,
      2.7403836696490296,
      2.3694667864480596,
      1.926831454796173,
      1.7168927002125278,
      1.0581892022450894e-15
    ],
    "root_tree_count_cv": 0.20186069966933504,
    "root_tree_count_gini": 0.10434782608695659,
    "edge_participation": [
      0.37681159420289856,
      0.391304347826087,
      0.4782608695652174,
      0.34782608695652173,
      0.5217391304347826,
      0.34782608695652173,
      0.2898550724637681,
      0.2463768115942029,
      0.21739130434782608,
      0.2318840579710145,
      0.34782608695652173,
      0.2028985507246377
    ],
    "edge_participation_mean": 0.3333333333333333,
    "edge_participation_var": 0.009381782538682349,
    "edge_participation_gini": 0.16243961352657,
    "bottleneck_edge_fraction_095": 0.0,
    "mean_shortest_path": 1.4,
    "comparison_branch_d_rel_values": [
      22,
      22,
      22
    ],
    "comparison_branch_d_rel_min": 22,
    "comparison_branch_d_rel_mean": 22.0,
    "comparison_branch_d_rel_max": 22,
    "comparison_branch_d_rel_gini": 0.0,
    "comparison_branch_common_d_rel_values": [
      22,
      22,
      22
    ],
    "comparison_branch_common_d_rel_min": 22,
    "comparison_branch_common_d_rel_mean": 22.0,
    "comparison_branch_common_d_rel_max": 22,
    "comparison_branch_common_d_rel_gini": 0.0,
    "comparison_branch_input_count_values": [
      24,
      24,
      24
    ],
    "comparison_branch_input_count_min": 24,
    "comparison_branch_input_count_mean": 24.0,
    "comparison_branch_input_count_max": 24,
    "comparison_branch_input_count_gini": 0.0,
    "comparison_branch_input_overlap_values": [
      24,
      24,
      24
    ],
    "comparison_branch_input_overlap_min": 24,
    "comparison_branch_input_overlap_mean": 24.0,
    "comparison_branch_input_overlap_max": 24,
    "comparison_branch_input_overlap_gini": 0.0,
    "in_degree": [
      3,
      2,
      2,
      3,
      2
    ],
    "out_degree": [
      2,
      3,
      2,
      3,
      2
    ],
    "in_degree_cv": 0.2041241452319315,
    "out_degree_cv": 0.2041241452319315
  }
}