{
  "name": "degree_balanced_n5_m12_seed49",
  "family": "degree_balanced",
  "seed": 49,
  "n_nodes": 5,
  "edges": [
    [
      0,
      1
    ],
    [
      1,
      2
    ],
    [
      2,
      3
    ],
    [
      3,
      4
    ],
    [
      4,
      0
    ],
    [
      2,
      4
    ],
    [
      4,
      3
    ],
    [
      3,
      0
    ],
    [
      0,
      2
    ],
    [
      1,
      3
    ],
    [
      3,
      1
    ],
    [
      2,
      1
    ]
  ],
  "metrics": {
    "n_nodes": 5,
    "n_edges": 12,
    "p": 8,
    "strongly_connected": true,
    "edges": [
      [
        0,
        1
      ],
      [
        1,
        2
      ],
      [
        2,
        3
      ],
      [
        3,
        4
      ],
      [
        4,
        0
      ],
      [
        2,
        4
      ],
      [
        4,
        3
      ],
      [
        3,
        0
      ],
      [
        0,
        2
      ],
      [
        1,
        3
      ],
      [
        3,
        1
      ],
      [
        2,
        1
      ]
    ],
    "tree_counts_enum": [
      16,
      23,
      13,
      17,
      15
    ],
    "tree_counts_det": [
      16,
      23,
      13,
      17,
      15
    ],
    "tree_counts_match_det": true,
    "tree_enumeration_truncated": false,
    "max_trees_per_root": null,
    "n_trees_total_enum": 84,
    "rank_M": 12,
    "rank_D": 11,
    "rank_D_anchor": 11,
    "d_rel": 88,
    "effective_rank_D": 8.87291865546089,
    "condition_number_D": 3.158793910485592,
    "effective_rank_D_masked": 70.9833492436872,
    "condition_number_D_masked": 3.158793910485592,
    "singular_values_D_masked": [
      6.214050368461805,
      6.042554017025069,
      5.6759968578658455,
      5.113054792090099,
      4.908425201623463,
      4.803103276925452,
      3.9386246394253437,
      2.7342090615612555,
      2.4948173001502703,
      2.226689383732482,
      1.9672224730566668,
      9.079795320703713e-16,
      6.214050368461805,
      6.042554017025069,
      5.6759968578658455,
      5.113054792090099,
      4.908425201623463,
      4.803103276925452,
      3.9386246394253437,
      2.7342090615612555,
      2.4948173001502703,
      2.226689383732482,
      1.9672224730566668,
      9.079795320703713e-16,
      6.214050368461805,
      6.042554017025069,
      5.6759968578658455,
      5.113054792090099,
      4.908425201623463,
      4.803103276925452,
      3.9386246394253437,
      2.7342090615612555,
      2.4948173001502703,
      2.226689383732482,
      1.9672224730566668,
      9.079795320703713e-16,
      6.214050368461805,
      6.042554017025069,
      5.6759968578658455,
      5.113054792090099,
      4.908425201623463,
      4.803103276925452,
      3.9386246394253437,
      2.7342090615612555,
      2.4948173001502703,
      2.226689383732482,
      1.9672224730566668,
      9.079795320703713e-16,
      6.214050368461805,
      6.042554017025069,
      5.6759968578658455,
      5.113054792090099,
      4.908425201623463,
      4.803103276925452,
      3.9386246394253437,
      2.7342090615612555,
      2.4948173001502703,
      2.226689383732482,
      1.9672224730566668,
      9.079795320703713e-16,
      6.214050368461805,
      6.042554017025069,
      5.6759968578658455,
      5.113054792090099,
      4.908425201623463,
      4.803103276925452,
      3.9386246394253437,
      2.7342090615612555,
      2.4948173001502703,
      2.226689383732482,
      1.9672224730566668,
      9.079795320703713e-16,
      6.214050368461805,
      6.042554017025069,
      5.6759968578658455,
      5.113054792090099,
      4.908425201623463,
      4.803103276925452,
      3.9386246394253437,
      2.7342090615612555,
      2.4948173001502703,
      2.226689383732482,
      1.9672224730566668,
      9.079795320703713e-16,
      6.214050368461805,
      6.042554017025069,
      5.6759968578658455,
      5.113054792090099,
      4.908425201623463,
      4.803103276925452,
      3.9386246394253437,
      2.7342090615612555,
      2.4948173001502703,
      2.226689383732482,
      1.9672224730566668,
      9.079795320703713e-16
    ],
    "singular_values_D": [
      6.214050368461805,
      6.042554017025069,
      5.6759968578658455,
      5.113054792090099,
      4.908425201623463,
      4.803103276925452,
      3.9386246394253437,
      2.7342090615612555,
      2.4948173001502703,
      2.226689383732482,
      1.9672224730566668,
      9.079795320703713e-16
    ],
    "singular_values_D_anchor": [
      15.724951841540866,
      6.122738503034909,
      5.881810823151415,
      5.31893725594303,
      4.9428023306480595,
      4.903792838719181,
      4.026302793850854,
      3.0657056199892354,
      2.720405170534534,
      2.230624199019776,
      1.9714811392484655,
      1.1734400056252521e-15
    ],
    "root_tree_count_cv": 0.20062261364705614,
    "root_tree_count_gini": 0.10476190476190483,
    "edge_participation": [
      0.42857142857142855,
      0.36904761904761907,
      0.2976190476190476,
      0.2619047619047619,
      0.4642857142857143,
      0.32142857142857145,
      0.35714285714285715,
      0.32142857142857145,
      0.38095238095238093,
      0.35714285714285715,
      0.21428571428571427,
      0.2261904761904762
    ],
    "edge_participation_mean": 0.3333333333333333,
    "edge_participation_var": 0.0052673847316704455,
    "edge_participation_gini": 0.12301587301587324,
    "bottleneck_edge_fraction_095": 0.0,
    "mean_shortest_path": 1.4,
    "comparison_branch_d_rel_values": [
      22,
      22,
      22
    ],
    "comparison_branch_d_rel_min": 22,
    "comparison_branch_d_rel_mean": 22.0,
    "comparison_branch_d_rel_max": 22,
    "comparison_branch_d_rel_gini": 0.0,
    "comparison_branch_common_d_rel_values": [
      22,
      22,
      22
    ],
    "comparison_branch_common_d_rel_min": 22,
    "comparison_branch_common_d_rel_mean": 22.0,
    "comparison_branch_common_d_rel_max": 22,
    "comparison_branch_common_d_rel_gini": 0.0,
    "comparison_branch_input_count_values": [
      24,
      24,
      24
    ],
    "comparison_branch_input_count_min": 24,
    "comparison_branch_input_count_mean": 24.0,
    "comparison_branch_input_count_max": 24,
    "comparison_branch_input_count_gini": 0.0,
    "comparison_branch_input_overlap_values": [
      24,
      24,
      24
    ],
    "comparison_branch_input_overlap_min": 24,
    "comparison_branch_input_overlap_mean": 24.0,
    "comparison_branch_input_overlap_max": 24,
    "comparison_branch_input_overlap_gini": 0.0,
    "in_degree": [
      2,
      3,
      2,
      3,
      2
    ],
    "out_degree": [
      2,
      2,
      3,
      3,
      2
    ],
    "in_degree_cv": 0.2041241452319315,
    "out_degree_cv": 0.2041241452319315
  }
}