{
  "name": "degree_balanced_n5_m12_seed48",
  "family": "degree_balanced",
  "seed": 48,
  "n_nodes": 5,
  "edges": [
    [
      0,
      1
    ],
    [
      1,
      2
    ],
    [
      2,
      3
    ],
    [
      3,
      4
    ],
    [
      4,
      0
    ],
    [
      4,
      2
    ],
    [
      1,
      0
    ],
    [
      3,
      1
    ],
    [
      0,
      4
    ],
    [
      2,
      1
    ],
    [
      1,
      3
    ],
    [
      4,
      3
    ]
  ],
  "metrics": {
    "n_nodes": 5,
    "n_edges": 12,
    "p": 8,
    "strongly_connected": true,
    "edges": [
      [
        0,
        1
      ],
      [
        1,
        2
      ],
      [
        2,
        3
      ],
      [
        3,
        4
      ],
      [
        4,
        0
      ],
      [
        4,
        2
      ],
      [
        1,
        0
      ],
      [
        3,
        1
      ],
      [
        0,
        4
      ],
      [
        2,
        1
      ],
      [
        1,
        3
      ],
      [
        4,
        3
      ]
    ],
    "tree_counts_enum": [
      12,
      14,
      12,
      18,
      10
    ],
    "tree_counts_det": [
      12,
      14,
      12,
      18,
      10
    ],
    "tree_counts_match_det": true,
    "tree_enumeration_truncated": false,
    "max_trees_per_root": null,
    "n_trees_total_enum": 66,
    "rank_M": 12,
    "rank_D": 11,
    "rank_D_anchor": 11,
    "d_rel": 88,
    "effective_rank_D": 8.502572559404761,
    "condition_number_D": 3.570949776607029,
    "effective_rank_D_masked": 68.0205804752381,
    "condition_number_D_masked": 3.570949776607029,
    "singular_values_D_masked": [
      5.847279660730992,
      5.421590642809117,
      5.199058658554831,
      4.619960676190059,
      4.441119570049504,
      3.827799436285443,
      3.018467897734797,
      2.4143401587326108,
      2.1491700075217186,
      1.8260724323338797,
      1.637457826776505,
      8.113373752437494e-16,
      5.847279660730992,
      5.421590642809117,
      5.199058658554831,
      4.619960676190059,
      4.441119570049504,
      3.827799436285443,
      3.018467897734797,
      2.4143401587326108,
      2.1491700075217186,
      1.8260724323338797,
      1.637457826776505,
      8.113373752437494e-16,
      5.847279660730992,
      5.421590642809117,
      5.199058658554831,
      4.619960676190059,
      4.441119570049504,
      3.827799436285443,
      3.018467897734797,
      2.4143401587326108,
      2.1491700075217186,
      1.8260724323338797,
      1.637457826776505,
      8.113373752437494e-16,
      5.847279660730992,
      5.421590642809117,
      5.199058658554831,
      4.619960676190059,
      4.441119570049504,
      3.827799436285443,
      3.018467897734797,
      2.4143401587326108,
      2.1491700075217186,
      1.8260724323338797,
      1.637457826776505,
      8.113373752437494e-16,
      5.847279660730992,
      5.421590642809117,
      5.199058658554831,
      4.619960676190059,
      4.441119570049504,
      3.827799436285443,
      3.018467897734797,
      2.4143401587326108,
      2.1491700075217186,
      1.8260724323338797,
      1.637457826776505,
      8.113373752437494e-16,
      5.847279660730992,
      5.421590642809117,
      5.199058658554831,
      4.619960676190059,
      4.441119570049504,
      3.827799436285443,
      3.018467897734797,
      2.4143401587326108,
      2.1491700075217186,
      1.8260724323338797,
      1.637457826776505,
      8.113373752437494e-16,
      5.847279660730992,
      5.421590642809117,
      5.199058658554831,
      4.619960676190059,
      4.441119570049504,
      3.827799436285443,
      3.018467897734797,
      2.4143401587326108,
      2.1491700075217186,
      1.8260724323338797,
      1.637457826776505,
      8.113373752437494e-16,
      5.847279660730992,
      5.421590642809117,
      5.199058658554831,
      4.619960676190059,
      4.441119570049504,
      3.827799436285443,
      3.018467897734797,
      2.4143401587326108,
      2.1491700075217186,
      1.8260724323338797,
      1.637457826776505,
      8.113373752437494e-16
    ],
    "singular_values_D": [
      5.847279660730992,
      5.421590642809117,
      5.199058658554831,
      4.619960676190059,
      4.441119570049504,
      3.827799436285443,
      3.018467897734797,
      2.4143401587326108,
      2.1491700075217186,
      1.8260724323338797,
      1.637457826776505,
      8.113373752437494e-16
    ],
    "singular_values_D_anchor": [
      14.370089276432388,
      5.621507886660894,
      5.369667793120969,
      4.912961947742397,
      4.551796598489663,
      3.998561562290453,
      3.1196455538825894,
      2.4867244363336773,
      2.237005333373401,
      2.145025295375357,
      1.6431664353371556,
      1.2475733070992118e-15
    ],
    "root_tree_count_cv": 0.205525151003796,
    "root_tree_count_gini": 0.10909090909090913,
    "edge_participation": [
      0.4090909090909091,
      0.24242424242424243,
      0.45454545454545453,
      0.36363636363636365,
      0.24242424242424243,
      0.36363636363636365,
      0.2727272727272727,
      0.36363636363636365,
      0.4090909090909091,
      0.36363636363636365,
      0.2727272727272727,
      0.24242424242424243
    ],
    "edge_participation_mean": 0.3333333333333333,
    "edge_participation_var": 0.005165289256198347,
    "edge_participation_gini": 0.11931818181818188,
    "bottleneck_edge_fraction_095": 0.0,
    "mean_shortest_path": 1.4,
    "comparison_branch_d_rel_values": [
      22,
      22,
      22
    ],
    "comparison_branch_d_rel_min": 22,
    "comparison_branch_d_rel_mean": 22.0,
    "comparison_branch_d_rel_max": 22,
    "comparison_branch_d_rel_gini": 0.0,
    "comparison_branch_common_d_rel_values": [
      22,
      22,
      22
    ],
    "comparison_branch_common_d_rel_min": 22,
    "comparison_branch_common_d_rel_mean": 22.0,
    "comparison_branch_common_d_rel_max": 22,
    "comparison_branch_common_d_rel_gini": 0.0,
    "comparison_branch_input_count_values": [
      24,
      24,
      24
    ],
    "comparison_branch_input_count_min": 24,
    "comparison_branch_input_count_mean": 24.0,
    "comparison_branch_input_count_max": 24,
    "comparison_branch_input_count_gini": 0.0,
    "comparison_branch_input_overlap_values": [
      24,
      24,
      24
    ],
    "comparison_branch_input_overlap_min": 24,
    "comparison_branch_input_overlap_mean": 24.0,
    "comparison_branch_input_overlap_max": 24,
    "comparison_branch_input_overlap_gini": 0.0,
    "in_degree": [
      2,
      3,
      2,
      3,
      2
    ],
    "out_degree": [
      2,
      3,
      2,
      2,
      3
    ],
    "in_degree_cv": 0.2041241452319315,
    "out_degree_cv": 0.2041241452319315
  }
}