{
  "name": "degree_balanced_n5_m12_seed50",
  "family": "degree_balanced",
  "seed": 50,
  "n_nodes": 5,
  "edges": [
    [
      0,
      1
    ],
    [
      1,
      2
    ],
    [
      2,
      3
    ],
    [
      3,
      4
    ],
    [
      4,
      0
    ],
    [
      4,
      3
    ],
    [
      3,
      2
    ],
    [
      0,
      4
    ],
    [
      1,
      0
    ],
    [
      2,
      1
    ],
    [
      2,
      4
    ],
    [
      4,
      1
    ]
  ],
  "metrics": {
    "n_nodes": 5,
    "n_edges": 12,
    "p": 8,
    "strongly_connected": true,
    "edges": [
      [
        0,
        1
      ],
      [
        1,
        2
      ],
      [
        2,
        3
      ],
      [
        3,
        4
      ],
      [
        4,
        0
      ],
      [
        4,
        3
      ],
      [
        3,
        2
      ],
      [
        0,
        4
      ],
      [
        1,
        0
      ],
      [
        2,
        1
      ],
      [
        2,
        4
      ],
      [
        4,
        1
      ]
    ],
    "tree_counts_enum": [
      14,
      17,
      9,
      10,
      11
    ],
    "tree_counts_det": [
      14,
      17,
      9,
      10,
      11
    ],
    "tree_counts_match_det": true,
    "tree_enumeration_truncated": false,
    "max_trees_per_root": null,
    "n_trees_total_enum": 61,
    "rank_M": 12,
    "rank_D": 11,
    "rank_D_anchor": 11,
    "d_rel": 88,
    "effective_rank_D": 8.36454462303933,
    "condition_number_D": 3.884647808595355,
    "effective_rank_D_masked": 66.9163569843146,
    "condition_number_D_masked": 3.884647808595355,
    "singular_values_D_masked": [
      5.753840214730754,
      5.31869381570963,
      4.9239755478383325,
      4.458085749117976,
      4.321986719975475,
      3.1947856283001608,
      3.154969800200104,
      2.4634030627157903,
      1.9540826892766032,
      1.6566089610156938,
      1.4811742269143515,
      7.095803640729577e-16,
      5.753840214730754,
      5.31869381570963,
      4.9239755478383325,
      4.458085749117976,
      4.321986719975475,
      3.1947856283001608,
      3.154969800200104,
      2.4634030627157903,
      1.9540826892766032,
      1.6566089610156938,
      1.4811742269143515,
      7.095803640729577e-16,
      5.753840214730754,
      5.31869381570963,
      4.9239755478383325,
      4.458085749117976,
      4.321986719975475,
      3.1947856283001608,
      3.154969800200104,
      2.4634030627157903,
      1.9540826892766032,
      1.6566089610156938,
      1.4811742269143515,
      7.095803640729577e-16,
      5.753840214730754,
      5.31869381570963,
      4.9239755478383325,
      4.458085749117976,
      4.321986719975475,
      3.1947856283001608,
      3.154969800200104,
      2.4634030627157903,
      1.9540826892766032,
      1.6566089610156938,
      1.4811742269143515,
      7.095803640729577e-16,
      5.753840214730754,
      5.31869381570963,
      4.9239755478383325,
      4.458085749117976,
      4.321986719975475,
      3.1947856283001608,
      3.154969800200104,
      2.4634030627157903,
      1.9540826892766032,
      1.6566089610156938,
      1.4811742269143515,
      7.095803640729577e-16,
      5.753840214730754,
      5.31869381570963,
      4.9239755478383325,
      4.458085749117976,
      4.321986719975475,
      3.1947856283001608,
      3.154969800200104,
      2.4634030627157903,
      1.9540826892766032,
      1.6566089610156938,
      1.4811742269143515,
      7.095803640729577e-16,
      5.753840214730754,
      5.31869381570963,
      4.9239755478383325,
      4.458085749117976,
      4.321986719975475,
      3.1947856283001608,
      3.154969800200104,
      2.4634030627157903,
      1.9540826892766032,
      1.6566089610156938,
      1.4811742269143515,
      7.095803640729577e-16,
      5.753840214730754,
      5.31869381570963,
      4.9239755478383325,
      4.458085749117976,
      4.321986719975475,
      3.1947856283001608,
      3.154969800200104,
      2.4634030627157903,
      1.9540826892766032,
      1.6566089610156938,
      1.4811742269143515,
      7.095803640729577e-16
    ],
    "singular_values_D": [
      5.753840214730754,
      5.31869381570963,
      4.9239755478383325,
      4.458085749117976,
      4.321986719975475,
      3.1947856283001608,
      3.154969800200104,
      2.4634030627157903,
      1.9540826892766032,
      1.6566089610156938,
      1.4811742269143515,
      7.095803640729577e-16
    ],
    "singular_values_D_anchor": [
      13.709233748707872,
      5.402845079129586,
      4.97867511529809,
      4.811899240065795,
      4.426059289642591,
      3.638738491295496,
      3.17470635260099,
      2.4871514992200296,
      2.0743195286839953,
      1.7115673799129956,
      1.6115920147896474,
      1.0799882734723014e-15
    ],
    "root_tree_count_cv": 0.23981539079225891,
    "root_tree_count_gini": 0.1311475409836067,
    "edge_participation": [
      0.3770491803278688,
      0.39344262295081966,
      0.2459016393442623,
      0.4426229508196721,
      0.26229508196721313,
      0.21311475409836064,
      0.39344262295081966,
      0.39344262295081966,
      0.32786885245901637,
      0.26229508196721313,
      0.3442622950819672,
      0.3442622950819672
    ],
    "edge_participation_mean": 0.3333333333333333,
    "edge_participation_var": 0.004762757920511212,
    "edge_participation_gini": 0.11612021857923516,
    "bottleneck_edge_fraction_095": 0.0,
    "mean_shortest_path": 1.4,
    "comparison_branch_d_rel_values": [
      22,
      22,
      22
    ],
    "comparison_branch_d_rel_min": 22,
    "comparison_branch_d_rel_mean": 22.0,
    "comparison_branch_d_rel_max": 22,
    "comparison_branch_d_rel_gini": 0.0,
    "comparison_branch_common_d_rel_values": [
      22,
      22,
      22
    ],
    "comparison_branch_common_d_rel_min": 22,
    "comparison_branch_common_d_rel_mean": 22.0,
    "comparison_branch_common_d_rel_max": 22,
    "comparison_branch_common_d_rel_gini": 0.0,
    "comparison_branch_input_count_values": [
      24,
      24,
      24
    ],
    "comparison_branch_input_count_min": 24,
    "comparison_branch_input_count_mean": 24.0,
    "comparison_branch_input_count_max": 24,
    "comparison_branch_input_count_gini": 0.0,
    "comparison_branch_input_overlap_values": [
      24,
      24,
      24
    ],
    "comparison_branch_input_overlap_min": 24,
    "comparison_branch_input_overlap_mean": 24.0,
    "comparison_branch_input_overlap_max": 24,
    "comparison_branch_input_overlap_gini": 0.0,
    "in_degree": [
      2,
      3,
      2,
      2,
      3
    ],
    "out_degree": [
      2,
      2,
      3,
      2,
      3
    ],
    "in_degree_cv": 0.2041241452319315,
    "out_degree_cv": 0.2041241452319315
  }
}