{
  "name": "degree_balanced_n5_m12_seed61",
  "family": "degree_balanced",
  "seed": 61,
  "n_nodes": 5,
  "edges": [
    [
      0,
      1
    ],
    [
      1,
      2
    ],
    [
      2,
      3
    ],
    [
      3,
      4
    ],
    [
      4,
      0
    ],
    [
      2,
      4
    ],
    [
      4,
      2
    ],
    [
      1,
      0
    ],
    [
      3,
      1
    ],
    [
      0,
      3
    ],
    [
      2,
      1
    ],
    [
      3,
      2
    ]
  ],
  "metrics": {
    "n_nodes": 5,
    "n_edges": 12,
    "p": 8,
    "strongly_connected": true,
    "edges": [
      [
        0,
        1
      ],
      [
        1,
        2
      ],
      [
        2,
        3
      ],
      [
        3,
        4
      ],
      [
        4,
        0
      ],
      [
        2,
        4
      ],
      [
        4,
        2
      ],
      [
        1,
        0
      ],
      [
        3,
        1
      ],
      [
        0,
        3
      ],
      [
        2,
        1
      ],
      [
        3,
        2
      ]
    ],
    "tree_counts_enum": [
      16,
      20,
      14,
      10,
      12
    ],
    "tree_counts_det": [
      16,
      20,
      14,
      10,
      12
    ],
    "tree_counts_match_det": true,
    "tree_enumeration_truncated": false,
    "max_trees_per_root": null,
    "n_trees_total_enum": 72,
    "rank_M": 12,
    "rank_D": 11,
    "rank_D_anchor": 11,
    "d_rel": 88,
    "effective_rank_D": 8.705675369744796,
    "condition_number_D": 3.4019017477217224,
    "effective_rank_D_masked": 69.64540295795838,
    "condition_number_D_masked": 3.4019017477217224,
    "singular_values_D_masked": [
      6.063094291795776,
      5.560136233062184,
      5.17496930722523,
      4.768661439301948,
      4.756518058986756,
      3.9225908260214153,
      3.63837009726355,
      2.749455868862539,
      2.0530214508108044,
      1.9841546610313985,
      1.7822661385962346,
      9.394665019843434e-16,
      6.063094291795776,
      5.560136233062184,
      5.17496930722523,
      4.768661439301948,
      4.756518058986756,
      3.9225908260214153,
      3.63837009726355,
      2.749455868862539,
      2.0530214508108044,
      1.9841546610313985,
      1.7822661385962346,
      9.394665019843434e-16,
      6.063094291795776,
      5.560136233062184,
      5.17496930722523,
      4.768661439301948,
      4.756518058986756,
      3.9225908260214153,
      3.63837009726355,
      2.749455868862539,
      2.0530214508108044,
      1.9841546610313985,
      1.7822661385962346,
      9.394665019843434e-16,
      6.063094291795776,
      5.560136233062184,
      5.17496930722523,
      4.768661439301948,
      4.756518058986756,
      3.9225908260214153,
      3.63837009726355,
      2.749455868862539,
      2.0530214508108044,
      1.9841546610313985,
      1.7822661385962346,
      9.394665019843434e-16,
      6.063094291795776,
      5.560136233062184,
      5.17496930722523,
      4.768661439301948,
      4.756518058986756,
      3.9225908260214153,
      3.63837009726355,
      2.749455868862539,
      2.0530214508108044,
      1.9841546610313985,
      1.7822661385962346,
      9.394665019843434e-16,
      6.063094291795776,
      5.560136233062184,
      5.17496930722523,
      4.768661439301948,
      4.756518058986756,
      3.9225908260214153,
      3.63837009726355,
      2.749455868862539,
      2.0530214508108044,
      1.9841546610313985,
      1.7822661385962346,
      9.394665019843434e-16,
      6.063094291795776,
      5.560136233062184,
      5.17496930722523,
      4.768661439301948,
      4.756518058986756,
      3.9225908260214153,
      3.63837009726355,
      2.749455868862539,
      2.0530214508108044,
      1.9841546610313985,
      1.7822661385962346,
      9.394665019843434e-16,
      6.063094291795776,
      5.560136233062184,
      5.17496930722523,
      4.768661439301948,
      4.756518058986756,
      3.9225908260214153,
      3.63837009726355,
      2.749455868862539,
      2.0530214508108044,
      1.9841546610313985,
      1.7822661385962346,
      9.394665019843434e-16
    ],
    "singular_values_D": [
      6.063094291795776,
      5.560136233062184,
      5.17496930722523,
      4.768661439301948,
      4.756518058986756,
      3.9225908260214153,
      3.63837009726355,
      2.749455868862539,
      2.0530214508108044,
      1.9841546610313985,
      1.7822661385962346,
      9.394665019843434e-16
    ],
    "singular_values_D_anchor": [
      14.224897072632531,
      5.758574919403763,
      5.559630946520433,
      5.145078910395516,
      4.761252880337469,
      4.127666120809873,
      3.667236096752916,
      3.061768902162558,
      2.271526268167822,
      2.0525895265941387,
      1.7907047685977582,
      5.424169458107905e-16
    ],
    "root_tree_count_cv": 0.23895347964007296,
    "root_tree_count_gini": 0.1333333333333333,
    "edge_participation": [
      0.3333333333333333,
      0.3888888888888889,
      0.25,
      0.3055555555555556,
      0.5,
      0.2777777777777778,
      0.3333333333333333,
      0.3333333333333333,
      0.3055555555555556,
      0.4444444444444444,
      0.2777777777777778,
      0.25
    ],
    "edge_participation_mean": 0.3333333333333333,
    "edge_participation_var": 0.005401234567901234,
    "edge_participation_gini": 0.11805555555555558,
    "bottleneck_edge_fraction_095": 0.0,
    "mean_shortest_path": 1.4,
    "comparison_branch_d_rel_values": [
      22,
      22,
      22
    ],
    "comparison_branch_d_rel_min": 22,
    "comparison_branch_d_rel_mean": 22.0,
    "comparison_branch_d_rel_max": 22,
    "comparison_branch_d_rel_gini": 0.0,
    "comparison_branch_common_d_rel_values": [
      22,
      22,
      22
    ],
    "comparison_branch_common_d_rel_min": 22,
    "comparison_branch_common_d_rel_mean": 22.0,
    "comparison_branch_common_d_rel_max": 22,
    "comparison_branch_common_d_rel_gini": 0.0,
    "comparison_branch_input_count_values": [
      24,
      24,
      24
    ],
    "comparison_branch_input_count_min": 24,
    "comparison_branch_input_count_mean": 24.0,
    "comparison_branch_input_count_max": 24,
    "comparison_branch_input_count_gini": 0.0,
    "comparison_branch_input_overlap_values": [
      24,
      24,
      24
    ],
    "comparison_branch_input_overlap_min": 24,
    "comparison_branch_input_overlap_mean": 24.0,
    "comparison_branch_input_overlap_max": 24,
    "comparison_branch_input_overlap_gini": 0.0,
    "in_degree": [
      2,
      3,
      3,
      2,
      2
    ],
    "out_degree": [
      2,
      2,
      3,
      3,
      2
    ],
    "in_degree_cv": 0.2041241452319315,
    "out_degree_cv": 0.2041241452319315
  }
}