{
  "name": "degree_balanced_n5_m12_seed64",
  "family": "degree_balanced",
  "seed": 64,
  "n_nodes": 5,
  "edges": [
    [
      0,
      1
    ],
    [
      1,
      2
    ],
    [
      2,
      3
    ],
    [
      3,
      4
    ],
    [
      4,
      0
    ],
    [
      4,
      3
    ],
    [
      1,
      0
    ],
    [
      2,
      4
    ],
    [
      3,
      1
    ],
    [
      0,
      2
    ],
    [
      0,
      4
    ],
    [
      1,
      3
    ]
  ],
  "metrics": {
    "n_nodes": 5,
    "n_edges": 12,
    "p": 8,
    "strongly_connected": true,
    "edges": [
      [
        0,
        1
      ],
      [
        1,
        2
      ],
      [
        2,
        3
      ],
      [
        3,
        4
      ],
      [
        4,
        0
      ],
      [
        4,
        3
      ],
      [
        1,
        0
      ],
      [
        2,
        4
      ],
      [
        3,
        1
      ],
      [
        0,
        2
      ],
      [
        0,
        4
      ],
      [
        1,
        3
      ]
    ],
    "tree_counts_enum": [
      11,
      11,
      11,
      22,
      22
    ],
    "tree_counts_det": [
      11,
      11,
      11,
      22,
      22
    ],
    "tree_counts_match_det": true,
    "tree_enumeration_truncated": false,
    "max_trees_per_root": null,
    "n_trees_total_enum": 77,
    "rank_M": 12,
    "rank_D": 11,
    "rank_D_anchor": 11,
    "d_rel": 88,
    "effective_rank_D": 8.690995076896275,
    "condition_number_D": 3.660915336090721,
    "effective_rank_D_masked": 69.52796061517016,
    "condition_number_D_masked": 3.660915336090721,
    "singular_values_D_masked": [
      6.247923518284215,
      5.744374350492228,
      5.291272059235859,
      5.2181099421828705,
      4.643941737031919,
      4.506497944653123,
      3.4270144599560286,
      2.957508449853469,
      2.2624807113924112,
      1.9880332760204054,
      1.7066561077470885,
      8.470802200938628e-16,
      6.247923518284215,
      5.744374350492228,
      5.291272059235859,
      5.2181099421828705,
      4.643941737031919,
      4.506497944653123,
      3.4270144599560286,
      2.957508449853469,
      2.2624807113924112,
      1.9880332760204054,
      1.7066561077470885,
      8.470802200938628e-16,
      6.247923518284215,
      5.744374350492228,
      5.291272059235859,
      5.2181099421828705,
      4.643941737031919,
      4.506497944653123,
      3.4270144599560286,
      2.957508449853469,
      2.2624807113924112,
      1.9880332760204054,
      1.7066561077470885,
      8.470802200938628e-16,
      6.247923518284215,
      5.744374350492228,
      5.291272059235859,
      5.2181099421828705,
      4.643941737031919,
      4.506497944653123,
      3.4270144599560286,
      2.957508449853469,
      2.2624807113924112,
      1.9880332760204054,
      1.7066561077470885,
      8.470802200938628e-16,
      6.247923518284215,
      5.744374350492228,
      5.291272059235859,
      5.2181099421828705,
      4.643941737031919,
      4.506497944653123,
      3.4270144599560286,
      2.957508449853469,
      2.2624807113924112,
      1.9880332760204054,
      1.7066561077470885,
      8.470802200938628e-16,
      6.247923518284215,
      5.744374350492228,
      5.291272059235859,
      5.2181099421828705,
      4.643941737031919,
      4.506497944653123,
      3.4270144599560286,
      2.957508449853469,
      2.2624807113924112,
      1.9880332760204054,
      1.7066561077470885,
      8.470802200938628e-16,
      6.247923518284215,
      5.744374350492228,
      5.291272059235859,
      5.2181099421828705,
      4.643941737031919,
      4.506497944653123,
      3.4270144599560286,
      2.957508449853469,
      2.2624807113924112,
      1.9880332760204054,
      1.7066561077470885,
      8.470802200938628e-16,
      6.247923518284215,
      5.744374350492228,
      5.291272059235859,
      5.2181099421828705,
      4.643941737031919,
      4.506497944653123,
      3.4270144599560286,
      2.957508449853469,
      2.2624807113924112,
      1.9880332760204054,
      1.7066561077470885,
      8.470802200938628e-16
    ],
    "singular_values_D": [
      6.247923518284215,
      5.744374350492228,
      5.291272059235859,
      5.2181099421828705,
      4.643941737031919,
      4.506497944653123,
      3.4270144599560286,
      2.957508449853469,
      2.2624807113924112,
      1.9880332760204054,
      1.7066561077470885,
      8.470802200938628e-16
    ],
    "singular_values_D_anchor": [
      14.624914791259762,
      5.747107638627681,
      5.496755105338126,
      5.242961924208152,
      4.921532041985653,
      4.613602354743415,
      3.4415891694968295,
      3.1361843755198984,
      2.464988681496559,
      2.2357260996846153,
      1.765792043844977,
      9.739514781797322e-16
    ],
    "root_tree_count_cv": 0.34992710611188255,
    "root_tree_count_gini": 0.17142857142857149,
    "edge_participation": [
      0.2727272727272727,
      0.35064935064935066,
      0.42857142857142855,
      0.36363636363636365,
      0.35064935064935066,
      0.36363636363636365,
      0.2727272727272727,
      0.42857142857142855,
      0.35064935064935066,
      0.35064935064935066,
      0.23376623376623376,
      0.23376623376623376
    ],
    "edge_participation_mean": 0.3333333333333333,
    "edge_participation_var": 0.004029159873315718,
    "edge_participation_gini": 0.10389610389610415,
    "bottleneck_edge_fraction_095": 0.0,
    "mean_shortest_path": 1.4,
    "comparison_branch_d_rel_values": [
      22,
      22,
      22
    ],
    "comparison_branch_d_rel_min": 22,
    "comparison_branch_d_rel_mean": 22.0,
    "comparison_branch_d_rel_max": 22,
    "comparison_branch_d_rel_gini": 0.0,
    "comparison_branch_common_d_rel_values": [
      22,
      22,
      22
    ],
    "comparison_branch_common_d_rel_min": 22,
    "comparison_branch_common_d_rel_mean": 22.0,
    "comparison_branch_common_d_rel_max": 22,
    "comparison_branch_common_d_rel_gini": 0.0,
    "comparison_branch_input_count_values": [
      24,
      24,
      24
    ],
    "comparison_branch_input_count_min": 24,
    "comparison_branch_input_count_mean": 24.0,
    "comparison_branch_input_count_max": 24,
    "comparison_branch_input_count_gini": 0.0,
    "comparison_branch_input_overlap_values": [
      24,
      24,
      24
    ],
    "comparison_branch_input_overlap_min": 24,
    "comparison_branch_input_overlap_mean": 24.0,
    "comparison_branch_input_overlap_max": 24,
    "comparison_branch_input_overlap_gini": 0.0,
    "in_degree": [
      2,
      2,
      2,
      3,
      3
    ],
    "out_degree": [
      3,
      3,
      2,
      2,
      2
    ],
    "in_degree_cv": 0.2041241452319315,
    "out_degree_cv": 0.2041241452319315
  }
}