{
  "name": "degree_balanced_n5_m12_seed59",
  "family": "degree_balanced",
  "seed": 59,
  "n_nodes": 5,
  "edges": [
    [
      0,
      1
    ],
    [
      1,
      2
    ],
    [
      2,
      3
    ],
    [
      3,
      4
    ],
    [
      4,
      0
    ],
    [
      4,
      3
    ],
    [
      2,
      4
    ],
    [
      1,
      0
    ],
    [
      0,
      2
    ],
    [
      3,
      1
    ],
    [
      0,
      4
    ],
    [
      3,
      2
    ]
  ],
  "metrics": {
    "n_nodes": 5,
    "n_edges": 12,
    "p": 8,
    "strongly_connected": true,
    "edges": [
      [
        0,
        1
      ],
      [
        1,
        2
      ],
      [
        2,
        3
      ],
      [
        3,
        4
      ],
      [
        4,
        0
      ],
      [
        4,
        3
      ],
      [
        2,
        4
      ],
      [
        1,
        0
      ],
      [
        0,
        2
      ],
      [
        3,
        1
      ],
      [
        0,
        4
      ],
      [
        3,
        2
      ]
    ],
    "tree_counts_enum": [
      11,
      12,
      18,
      13,
      21
    ],
    "tree_counts_det": [
      11,
      12,
      18,
      13,
      21
    ],
    "tree_counts_match_det": true,
    "tree_enumeration_truncated": false,
    "max_trees_per_root": null,
    "n_trees_total_enum": 75,
    "rank_M": 12,
    "rank_D": 11,
    "rank_D_anchor": 11,
    "d_rel": 88,
    "effective_rank_D": 8.744657893335521,
    "condition_number_D": 3.600746776736676,
    "effective_rank_D_masked": 69.9572631466842,
    "condition_number_D_masked": 3.600746776736676,
    "singular_values_D_masked": [
      6.024211335615471,
      5.7100781259620925,
      5.4237265045697525,
      4.8555113427589545,
      4.810211746308684,
      4.080519234218468,
      3.58635393262535,
      2.6288082911348387,
      2.443741871919448,
      2.0829763079348678,
      1.6730449845948787,
      1.0578898870883954e-15,
      6.024211335615471,
      5.7100781259620925,
      5.4237265045697525,
      4.8555113427589545,
      4.810211746308684,
      4.080519234218468,
      3.58635393262535,
      2.6288082911348387,
      2.443741871919448,
      2.0829763079348678,
      1.6730449845948787,
      1.0578898870883954e-15,
      6.024211335615471,
      5.7100781259620925,
      5.4237265045697525,
      4.8555113427589545,
      4.810211746308684,
      4.080519234218468,
      3.58635393262535,
      2.6288082911348387,
      2.443741871919448,
      2.0829763079348678,
      1.6730449845948787,
      1.0578898870883954e-15,
      6.024211335615471,
      5.7100781259620925,
      5.4237265045697525,
      4.8555113427589545,
      4.810211746308684,
      4.080519234218468,
      3.58635393262535,
      2.6288082911348387,
      2.443741871919448,
      2.0829763079348678,
      1.6730449845948787,
      1.0578898870883954e-15,
      6.024211335615471,
      5.7100781259620925,
      5.4237265045697525,
      4.8555113427589545,
      4.810211746308684,
      4.080519234218468,
      3.58635393262535,
      2.6288082911348387,
      2.443741871919448,
      2.0829763079348678,
      1.6730449845948787,
      1.0578898870883954e-15,
      6.024211335615471,
      5.7100781259620925,
      5.4237265045697525,
      4.8555113427589545,
      4.810211746308684,
      4.080519234218468,
      3.58635393262535,
      2.6288082911348387,
      2.443741871919448,
      2.0829763079348678,
      1.6730449845948787,
      1.0578898870883954e-15,
      6.024211335615471,
      5.7100781259620925,
      5.4237265045697525,
      4.8555113427589545,
      4.810211746308684,
      4.080519234218468,
      3.58635393262535,
      2.6288082911348387,
      2.443741871919448,
      2.0829763079348678,
      1.6730449845948787,
      1.0578898870883954e-15,
      6.024211335615471,
      5.7100781259620925,
      5.4237265045697525,
      4.8555113427589545,
      4.810211746308684,
      4.080519234218468,
      3.58635393262535,
      2.6288082911348387,
      2.443741871919448,
      2.0829763079348678,
      1.6730449845948787,
      1.0578898870883954e-15
    ],
    "singular_values_D": [
      6.024211335615471,
      5.7100781259620925,
      5.4237265045697525,
      4.8555113427589545,
      4.810211746308684,
      4.080519234218468,
      3.58635393262535,
      2.6288082911348387,
      2.443741871919448,
      2.0829763079348678,
      1.6730449845948787,
      1.0578898870883954e-15
    ],
    "singular_values_D_anchor": [
      14.895307356334998,
      5.878954624380566,
      5.487333421356149,
      4.962254435602181,
      4.845316794376675,
      4.135934208230768,
      3.6736145215782265,
      2.815700196963919,
      2.5566471785717417,
      2.116777018316248,
      1.9516829962919664,
      7.344135163100252e-16
    ],
    "root_tree_count_cv": 0.2564717874889513,
    "root_tree_count_gini": 0.13866666666666672,
    "edge_participation": [
      0.25333333333333335,
      0.48,
      0.32,
      0.25333333333333335,
      0.36,
      0.36,
      0.44,
      0.36,
      0.36,
      0.36,
      0.24,
      0.21333333333333335
    ],
    "edge_participation_mean": 0.3333333333333333,
    "edge_participation_var": 0.0060444444444444426,
    "edge_participation_gini": 0.1277777777777782,
    "bottleneck_edge_fraction_095": 0.0,
    "mean_shortest_path": 1.4,
    "comparison_branch_d_rel_values": [
      22,
      22,
      22
    ],
    "comparison_branch_d_rel_min": 22,
    "comparison_branch_d_rel_mean": 22.0,
    "comparison_branch_d_rel_max": 22,
    "comparison_branch_d_rel_gini": 0.0,
    "comparison_branch_common_d_rel_values": [
      22,
      22,
      22
    ],
    "comparison_branch_common_d_rel_min": 22,
    "comparison_branch_common_d_rel_mean": 22.0,
    "comparison_branch_common_d_rel_max": 22,
    "comparison_branch_common_d_rel_gini": 0.0,
    "comparison_branch_input_count_values": [
      24,
      24,
      24
    ],
    "comparison_branch_input_count_min": 24,
    "comparison_branch_input_count_mean": 24.0,
    "comparison_branch_input_count_max": 24,
    "comparison_branch_input_count_gini": 0.0,
    "comparison_branch_input_overlap_values": [
      24,
      24,
      24
    ],
    "comparison_branch_input_overlap_min": 24,
    "comparison_branch_input_overlap_mean": 24.0,
    "comparison_branch_input_overlap_max": 24,
    "comparison_branch_input_overlap_gini": 0.0,
    "in_degree": [
      2,
      2,
      3,
      2,
      3
    ],
    "out_degree": [
      3,
      2,
      2,
      3,
      2
    ],
    "in_degree_cv": 0.2041241452319315,
    "out_degree_cv": 0.2041241452319315
  }
}