{
  "name": "degree_balanced_n5_m12_seed62",
  "family": "degree_balanced",
  "seed": 62,
  "n_nodes": 5,
  "edges": [
    [
      0,
      1
    ],
    [
      1,
      2
    ],
    [
      2,
      3
    ],
    [
      3,
      4
    ],
    [
      4,
      0
    ],
    [
      2,
      4
    ],
    [
      1,
      0
    ],
    [
      3,
      2
    ],
    [
      4,
      1
    ],
    [
      0,
      3
    ],
    [
      0,
      2
    ],
    [
      1,
      4
    ]
  ],
  "metrics": {
    "n_nodes": 5,
    "n_edges": 12,
    "p": 8,
    "strongly_connected": true,
    "edges": [
      [
        0,
        1
      ],
      [
        1,
        2
      ],
      [
        2,
        3
      ],
      [
        3,
        4
      ],
      [
        4,
        0
      ],
      [
        2,
        4
      ],
      [
        1,
        0
      ],
      [
        3,
        2
      ],
      [
        4,
        1
      ],
      [
        0,
        3
      ],
      [
        0,
        2
      ],
      [
        1,
        4
      ]
    ],
    "tree_counts_enum": [
      12,
      12,
      20,
      16,
      24
    ],
    "tree_counts_det": [
      12,
      12,
      20,
      16,
      24
    ],
    "tree_counts_match_det": true,
    "tree_enumeration_truncated": false,
    "max_trees_per_root": null,
    "n_trees_total_enum": 84,
    "rank_M": 12,
    "rank_D": 11,
    "rank_D_anchor": 11,
    "d_rel": 88,
    "effective_rank_D": 8.88177968907778,
    "condition_number_D": 3.5951021750373746,
    "effective_rank_D_masked": 71.05423751262222,
    "condition_number_D_masked": 3.5951021750373746,
    "singular_values_D_masked": [
      6.4761872016387025,
      5.687664698104478,
      5.474378350462129,
      5.348181637307415,
      5.201672752753735,
      4.213196552713134,
      4.1185766354712765,
      3.0076445463747765,
      2.754271065729891,
      2.0151893339706777,
      1.801391695236416,
      8.698094820915323e-16,
      6.4761872016387025,
      5.687664698104478,
      5.474378350462129,
      5.348181637307415,
      5.201672752753735,
      4.213196552713134,
      4.1185766354712765,
      3.0076445463747765,
      2.754271065729891,
      2.0151893339706777,
      1.801391695236416,
      8.698094820915323e-16,
      6.4761872016387025,
      5.687664698104478,
      5.474378350462129,
      5.348181637307415,
      5.201672752753735,
      4.213196552713134,
      4.1185766354712765,
      3.0076445463747765,
      2.754271065729891,
      2.0151893339706777,
      1.801391695236416,
      8.698094820915323e-16,
      6.4761872016387025,
      5.687664698104478,
      5.474378350462129,
      5.348181637307415,
      5.201672752753735,
      4.213196552713134,
      4.1185766354712765,
      3.0076445463747765,
      2.754271065729891,
      2.0151893339706777,
      1.801391695236416,
      8.698094820915323e-16,
      6.4761872016387025,
      5.687664698104478,
      5.474378350462129,
      5.348181637307415,
      5.201672752753735,
      4.213196552713134,
      4.1185766354712765,
      3.0076445463747765,
      2.754271065729891,
      2.0151893339706777,
      1.801391695236416,
      8.698094820915323e-16,
      6.4761872016387025,
      5.687664698104478,
      5.474378350462129,
      5.348181637307415,
      5.201672752753735,
      4.213196552713134,
      4.1185766354712765,
      3.0076445463747765,
      2.754271065729891,
      2.0151893339706777,
      1.801391695236416,
      8.698094820915323e-16,
      6.4761872016387025,
      5.687664698104478,
      5.474378350462129,
      5.348181637307415,
      5.201672752753735,
      4.213196552713134,
      4.1185766354712765,
      3.0076445463747765,
      2.754271065729891,
      2.0151893339706777,
      1.801391695236416,
      8.698094820915323e-16,
      6.4761872016387025,
      5.687664698104478,
      5.474378350462129,
      5.348181637307415,
      5.201672752753735,
      4.213196552713134,
      4.1185766354712765,
      3.0076445463747765,
      2.754271065729891,
      2.0151893339706777,
      1.801391695236416,
      8.698094820915323e-16
    ],
    "singular_values_D": [
      6.4761872016387025,
      5.687664698104478,
      5.474378350462129,
      5.348181637307415,
      5.201672752753735,
      4.213196552713134,
      4.1185766354712765,
      3.0076445463747765,
      2.754271065729891,
      2.0151893339706777,
      1.801391695236416,
      8.698094820915323e-16
    ],
    "singular_values_D_anchor": [
      14.92545144642485,
      6.046561137712891,
      5.504827835323179,
      5.357499355876525,
      5.213026830725238,
      4.442257777215882,
      4.124328516328226,
      3.0098907118067317,
      2.8400291566164877,
      2.71063149404644,
      1.808853026612528,
      8.709068288885975e-16
    ],
    "root_tree_count_cv": 0.27766437594501425,
    "root_tree_count_gini": 0.1523809523809525,
    "edge_participation": [
      0.21428571428571427,
      0.35714285714285715,
      0.3333333333333333,
      0.47619047619047616,
      0.39285714285714285,
      0.42857142857142855,
      0.2857142857142857,
      0.3333333333333333,
      0.32142857142857145,
      0.32142857142857145,
      0.32142857142857145,
      0.21428571428571427
    ],
    "edge_participation_mean": 0.3333333333333333,
    "edge_participation_var": 0.0053854875283446705,
    "edge_participation_gini": 0.12053571428571441,
    "bottleneck_edge_fraction_095": 0.0,
    "mean_shortest_path": 1.4,
    "comparison_branch_d_rel_values": [
      22,
      22,
      22
    ],
    "comparison_branch_d_rel_min": 22,
    "comparison_branch_d_rel_mean": 22.0,
    "comparison_branch_d_rel_max": 22,
    "comparison_branch_d_rel_gini": 0.0,
    "comparison_branch_common_d_rel_values": [
      22,
      22,
      22
    ],
    "comparison_branch_common_d_rel_min": 22,
    "comparison_branch_common_d_rel_mean": 22.0,
    "comparison_branch_common_d_rel_max": 22,
    "comparison_branch_common_d_rel_gini": 0.0,
    "comparison_branch_input_count_values": [
      24,
      24,
      24
    ],
    "comparison_branch_input_count_min": 24,
    "comparison_branch_input_count_mean": 24.0,
    "comparison_branch_input_count_max": 24,
    "comparison_branch_input_count_gini": 0.0,
    "comparison_branch_input_overlap_values": [
      24,
      24,
      24
    ],
    "comparison_branch_input_overlap_min": 24,
    "comparison_branch_input_overlap_mean": 24.0,
    "comparison_branch_input_overlap_max": 24,
    "comparison_branch_input_overlap_gini": 0.0,
    "in_degree": [
      2,
      2,
      3,
      2,
      3
    ],
    "out_degree": [
      3,
      3,
      2,
      2,
      2
    ],
    "in_degree_cv": 0.2041241452319315,
    "out_degree_cv": 0.2041241452319315
  }
}