{
  "name": "degree_balanced_n5_m12_seed71",
  "family": "degree_balanced",
  "seed": 71,
  "n_nodes": 5,
  "edges": [
    [
      0,
      1
    ],
    [
      1,
      2
    ],
    [
      2,
      3
    ],
    [
      3,
      4
    ],
    [
      4,
      0
    ],
    [
      2,
      4
    ],
    [
      1,
      0
    ],
    [
      0,
      2
    ],
    [
      3,
      1
    ],
    [
      4,
      3
    ],
    [
      1,
      4
    ],
    [
      0,
      3
    ]
  ],
  "metrics": {
    "n_nodes": 5,
    "n_edges": 12,
    "p": 8,
    "strongly_connected": true,
    "edges": [
      [
        0,
        1
      ],
      [
        1,
        2
      ],
      [
        2,
        3
      ],
      [
        3,
        4
      ],
      [
        4,
        0
      ],
      [
        2,
        4
      ],
      [
        1,
        0
      ],
      [
        0,
        2
      ],
      [
        3,
        1
      ],
      [
        4,
        3
      ],
      [
        1,
        4
      ],
      [
        0,
        3
      ]
    ],
    "tree_counts_enum": [
      13,
      13,
      13,
      26,
      26
    ],
    "tree_counts_det": [
      13,
      13,
      13,
      26,
      26
    ],
    "tree_counts_match_det": true,
    "tree_enumeration_truncated": false,
    "max_trees_per_root": null,
    "n_trees_total_enum": 91,
    "rank_M": 12,
    "rank_D": 11,
    "rank_D_anchor": 11,
    "d_rel": 88,
    "effective_rank_D": 9.006487529152775,
    "condition_number_D": 3.251845453923418,
    "effective_rank_D_masked": 72.05190023322213,
    "condition_number_D_masked": 3.251845453923418,
    "singular_values_D_masked": [
      6.42803609768913,
      6.021373475312473,
      5.51191017005096,
      5.465257966339615,
      5.331271332253157,
      5.135343663715311,
      4.361615104290093,
      3.4297266116820624,
      2.422898060577544,
      2.1383689512282276,
      1.9767348075947377,
      1.2887429567442876e-15,
      6.42803609768913,
      6.021373475312473,
      5.51191017005096,
      5.465257966339615,
      5.331271332253157,
      5.135343663715311,
      4.361615104290093,
      3.4297266116820624,
      2.422898060577544,
      2.1383689512282276,
      1.9767348075947377,
      1.2887429567442876e-15,
      6.42803609768913,
      6.021373475312473,
      5.51191017005096,
      5.465257966339615,
      5.331271332253157,
      5.135343663715311,
      4.361615104290093,
      3.4297266116820624,
      2.422898060577544,
      2.1383689512282276,
      1.9767348075947377,
      1.2887429567442876e-15,
      6.42803609768913,
      6.021373475312473,
      5.51191017005096,
      5.465257966339615,
      5.331271332253157,
      5.135343663715311,
      4.361615104290093,
      3.4297266116820624,
      2.422898060577544,
      2.1383689512282276,
      1.9767348075947377,
      1.2887429567442876e-15,
      6.42803609768913,
      6.021373475312473,
      5.51191017005096,
      5.465257966339615,
      5.331271332253157,
      5.135343663715311,
      4.361615104290093,
      3.4297266116820624,
      2.422898060577544,
      2.1383689512282276,
      1.9767348075947377,
      1.2887429567442876e-15,
      6.42803609768913,
      6.021373475312473,
      5.51191017005096,
      5.465257966339615,
      5.331271332253157,
      5.135343663715311,
      4.361615104290093,
      3.4297266116820624,
      2.422898060577544,
      2.1383689512282276,
      1.9767348075947377,
      1.2887429567442876e-15,
      6.42803609768913,
      6.021373475312473,
      5.51191017005096,
      5.465257966339615,
      5.331271332253157,
      5.135343663715311,
      4.361615104290093,
      3.4297266116820624,
      2.422898060577544,
      2.1383689512282276,
      1.9767348075947377,
      1.2887429567442876e-15,
      6.42803609768913,
      6.021373475312473,
      5.51191017005096,
      5.465257966339615,
      5.331271332253157,
      5.135343663715311,
      4.361615104290093,
      3.4297266116820624,
      2.422898060577544,
      2.1383689512282276,
      1.9767348075947377,
      1.2887429567442876e-15
    ],
    "singular_values_D": [
      6.42803609768913,
      6.021373475312473,
      5.51191017005096,
      5.465257966339615,
      5.331271332253157,
      5.135343663715311,
      4.361615104290093,
      3.4297266116820624,
      2.422898060577544,
      2.1383689512282276,
      1.9767348075947377,
      1.2887429567442876e-15
    ],
    "singular_values_D_anchor": [
      15.976907477849547,
      6.142189659128357,
      5.709273541924709,
      5.470791653178206,
      5.365583783585803,
      5.144726362023417,
      4.377577787554714,
      3.4306606009959406,
      2.8958092560315225,
      2.4065505352222236,
      2.0295450466875375,
      1.0106975490272498e-15
    ],
    "root_tree_count_cv": 0.3499271061118826,
    "root_tree_count_gini": 0.17142857142857149,
    "edge_participation": [
      0.23076923076923078,
      0.32967032967032966,
      0.42857142857142855,
      0.3076923076923077,
      0.4065934065934066,
      0.42857142857142855,
      0.23076923076923078,
      0.32967032967032966,
      0.4065934065934066,
      0.3076923076923077,
      0.2967032967032967,
      0.2967032967032967
    ],
    "edge_participation_mean": 0.3333333333333333,
    "edge_participation_var": 0.004494894604784713,
    "edge_participation_gini": 0.11172161172161221,
    "bottleneck_edge_fraction_095": 0.0,
    "mean_shortest_path": 1.4,
    "comparison_branch_d_rel_values": [
      22,
      22,
      22
    ],
    "comparison_branch_d_rel_min": 22,
    "comparison_branch_d_rel_mean": 22.0,
    "comparison_branch_d_rel_max": 22,
    "comparison_branch_d_rel_gini": 0.0,
    "comparison_branch_common_d_rel_values": [
      22,
      22,
      22
    ],
    "comparison_branch_common_d_rel_min": 22,
    "comparison_branch_common_d_rel_mean": 22.0,
    "comparison_branch_common_d_rel_max": 22,
    "comparison_branch_common_d_rel_gini": 0.0,
    "comparison_branch_input_count_values": [
      24,
      24,
      24
    ],
    "comparison_branch_input_count_min": 24,
    "comparison_branch_input_count_mean": 24.0,
    "comparison_branch_input_count_max": 24,
    "comparison_branch_input_count_gini": 0.0,
    "comparison_branch_input_overlap_values": [
      24,
      24,
      24
    ],
    "comparison_branch_input_overlap_min": 24,
    "comparison_branch_input_overlap_mean": 24.0,
    "comparison_branch_input_overlap_max": 24,
    "comparison_branch_input_overlap_gini": 0.0,
    "in_degree": [
      2,
      2,
      2,
      3,
      3
    ],
    "out_degree": [
      3,
      3,
      2,
      2,
      2
    ],
    "in_degree_cv": 0.2041241452319315,
    "out_degree_cv": 0.2041241452319315
  }
}