{
  "name": "degree_balanced_n5_m12_seed67",
  "family": "degree_balanced",
  "seed": 67,
  "n_nodes": 5,
  "edges": [
    [
      0,
      1
    ],
    [
      1,
      2
    ],
    [
      2,
      3
    ],
    [
      3,
      4
    ],
    [
      4,
      0
    ],
    [
      3,
      2
    ],
    [
      1,
      0
    ],
    [
      2,
      4
    ],
    [
      4,
      1
    ],
    [
      0,
      3
    ],
    [
      1,
      4
    ],
    [
      3,
      0
    ]
  ],
  "metrics": {
    "n_nodes": 5,
    "n_edges": 12,
    "p": 8,
    "strongly_connected": true,
    "edges": [
      [
        0,
        1
      ],
      [
        1,
        2
      ],
      [
        2,
        3
      ],
      [
        3,
        4
      ],
      [
        4,
        0
      ],
      [
        3,
        2
      ],
      [
        1,
        0
      ],
      [
        2,
        4
      ],
      [
        4,
        1
      ],
      [
        0,
        3
      ],
      [
        1,
        4
      ],
      [
        3,
        0
      ]
    ],
    "tree_counts_enum": [
      21,
      13,
      12,
      11,
      18
    ],
    "tree_counts_det": [
      21,
      13,
      12,
      11,
      18
    ],
    "tree_counts_match_det": true,
    "tree_enumeration_truncated": false,
    "max_trees_per_root": null,
    "n_trees_total_enum": 75,
    "rank_M": 12,
    "rank_D": 11,
    "rank_D_anchor": 11,
    "d_rel": 88,
    "effective_rank_D": 8.744657893335521,
    "condition_number_D": 3.6007467767366768,
    "effective_rank_D_masked": 69.9572631466842,
    "condition_number_D_masked": 3.6007467767366768,
    "singular_values_D_masked": [
      6.024211335615472,
      5.710078125962095,
      5.423726504569755,
      4.855511342758955,
      4.810211746308685,
      4.080519234218469,
      3.586353932625351,
      2.628808291134839,
      2.443741871919448,
      2.0829763079348678,
      1.6730449845948785,
      1.2542109212174202e-15,
      6.024211335615472,
      5.710078125962095,
      5.423726504569755,
      4.855511342758955,
      4.810211746308685,
      4.080519234218469,
      3.586353932625351,
      2.628808291134839,
      2.443741871919448,
      2.0829763079348678,
      1.6730449845948785,
      1.2542109212174202e-15,
      6.024211335615472,
      5.710078125962095,
      5.423726504569755,
      4.855511342758955,
      4.810211746308685,
      4.080519234218469,
      3.586353932625351,
      2.628808291134839,
      2.443741871919448,
      2.0829763079348678,
      1.6730449845948785,
      1.2542109212174202e-15,
      6.024211335615472,
      5.710078125962095,
      5.423726504569755,
      4.855511342758955,
      4.810211746308685,
      4.080519234218469,
      3.586353932625351,
      2.628808291134839,
      2.443741871919448,
      2.0829763079348678,
      1.6730449845948785,
      1.2542109212174202e-15,
      6.024211335615472,
      5.710078125962095,
      5.423726504569755,
      4.855511342758955,
      4.810211746308685,
      4.080519234218469,
      3.586353932625351,
      2.628808291134839,
      2.443741871919448,
      2.0829763079348678,
      1.6730449845948785,
      1.2542109212174202e-15,
      6.024211335615472,
      5.710078125962095,
      5.423726504569755,
      4.855511342758955,
      4.810211746308685,
      4.080519234218469,
      3.586353932625351,
      2.628808291134839,
      2.443741871919448,
      2.0829763079348678,
      1.6730449845948785,
      1.2542109212174202e-15,
      6.024211335615472,
      5.710078125962095,
      5.423726504569755,
      4.855511342758955,
      4.810211746308685,
      4.080519234218469,
      3.586353932625351,
      2.628808291134839,
      2.443741871919448,
      2.0829763079348678,
      1.6730449845948785,
      1.2542109212174202e-15,
      6.024211335615472,
      5.710078125962095,
      5.423726504569755,
      4.855511342758955,
      4.810211746308685,
      4.080519234218469,
      3.586353932625351,
      2.628808291134839,
      2.443741871919448,
      2.0829763079348678,
      1.6730449845948785,
      1.2542109212174202e-15
    ],
    "singular_values_D": [
      6.024211335615472,
      5.710078125962095,
      5.423726504569755,
      4.855511342758955,
      4.810211746308685,
      4.080519234218469,
      3.586353932625351,
      2.628808291134839,
      2.443741871919448,
      2.0829763079348678,
      1.6730449845948785,
      1.2542109212174202e-15
    ],
    "singular_values_D_anchor": [
      14.28344633473637,
      5.7387397439777,
      5.6880312388582315,
      5.095720777491356,
      4.84423150237219,
      4.27855762467499,
      3.5929582568414657,
      2.9170541735746043,
      2.488158220378569,
      2.1203270173418436,
      1.6888016650546809,
      1.0438189992314166e-15
    ],
    "root_tree_count_cv": 0.2564717874889513,
    "root_tree_count_gini": 0.13866666666666672,
    "edge_participation": [
      0.36,
      0.36,
      0.36,
      0.36,
      0.44,
      0.25333333333333335,
      0.25333333333333335,
      0.48,
      0.32,
      0.36,
      0.21333333333333335,
      0.24
    ],
    "edge_participation_mean": 0.3333333333333333,
    "edge_participation_var": 0.006044444444444443,
    "edge_participation_gini": 0.1277777777777782,
    "bottleneck_edge_fraction_095": 0.0,
    "mean_shortest_path": 1.4,
    "comparison_branch_d_rel_values": [
      22,
      22,
      22
    ],
    "comparison_branch_d_rel_min": 22,
    "comparison_branch_d_rel_mean": 22.0,
    "comparison_branch_d_rel_max": 22,
    "comparison_branch_d_rel_gini": 0.0,
    "comparison_branch_common_d_rel_values": [
      22,
      22,
      22
    ],
    "comparison_branch_common_d_rel_min": 22,
    "comparison_branch_common_d_rel_mean": 22.0,
    "comparison_branch_common_d_rel_max": 22,
    "comparison_branch_common_d_rel_gini": 0.0,
    "comparison_branch_input_count_values": [
      24,
      24,
      24
    ],
    "comparison_branch_input_count_min": 24,
    "comparison_branch_input_count_mean": 24.0,
    "comparison_branch_input_count_max": 24,
    "comparison_branch_input_count_gini": 0.0,
    "comparison_branch_input_overlap_values": [
      24,
      24,
      24
    ],
    "comparison_branch_input_overlap_min": 24,
    "comparison_branch_input_overlap_mean": 24.0,
    "comparison_branch_input_overlap_max": 24,
    "comparison_branch_input_overlap_gini": 0.0,
    "in_degree": [
      3,
      2,
      2,
      2,
      3
    ],
    "out_degree": [
      2,
      3,
      2,
      3,
      2
    ],
    "in_degree_cv": 0.2041241452319315,
    "out_degree_cv": 0.2041241452319315
  }
}