{
  "name": "degree_balanced_n5_m12_seed72",
  "family": "degree_balanced",
  "seed": 72,
  "n_nodes": 5,
  "edges": [
    [
      0,
      1
    ],
    [
      1,
      2
    ],
    [
      2,
      3
    ],
    [
      3,
      4
    ],
    [
      4,
      0
    ],
    [
      3,
      2
    ],
    [
      2,
      0
    ],
    [
      4,
      3
    ],
    [
      0,
      4
    ],
    [
      1,
      0
    ],
    [
      3,
      1
    ],
    [
      0,
      3
    ]
  ],
  "metrics": {
    "n_nodes": 5,
    "n_edges": 12,
    "p": 8,
    "strongly_connected": true,
    "edges": [
      [
        0,
        1
      ],
      [
        1,
        2
      ],
      [
        2,
        3
      ],
      [
        3,
        4
      ],
      [
        4,
        0
      ],
      [
        3,
        2
      ],
      [
        2,
        0
      ],
      [
        4,
        3
      ],
      [
        0,
        4
      ],
      [
        1,
        0
      ],
      [
        3,
        1
      ],
      [
        0,
        3
      ]
    ],
    "tree_counts_enum": [
      14,
      14,
      14,
      14,
      14
    ],
    "tree_counts_det": [
      14,
      14,
      14,
      14,
      14
    ],
    "tree_counts_match_det": true,
    "tree_enumeration_truncated": false,
    "max_trees_per_root": null,
    "n_trees_total_enum": 70,
    "rank_M": 12,
    "rank_D": 11,
    "rank_D_anchor": 11,
    "d_rel": 88,
    "effective_rank_D": 8.68664489077648,
    "condition_number_D": 3.2738410663895925,
    "effective_rank_D_masked": 69.4931591262118,
    "condition_number_D_masked": 3.2738410663895925,
    "singular_values_D_masked": [
      5.798227952917566,
      5.425328396697364,
      5.373783672525889,
      4.723263262035658,
      4.551364826999723,
      4.109892212766548,
      3.456301229925303,
      2.326433144077533,
      2.2690893687871454,
      1.903668625615481,
      1.771078019774454,
      9.236557083387417e-16,
      5.798227952917566,
      5.425328396697364,
      5.373783672525889,
      4.723263262035658,
      4.551364826999723,
      4.109892212766548,
      3.456301229925303,
      2.326433144077533,
      2.2690893687871454,
      1.903668625615481,
      1.771078019774454,
      9.236557083387417e-16,
      5.798227952917566,
      5.425328396697364,
      5.373783672525889,
      4.723263262035658,
      4.551364826999723,
      4.109892212766548,
      3.456301229925303,
      2.326433144077533,
      2.2690893687871454,
      1.903668625615481,
      1.771078019774454,
      9.236557083387417e-16,
      5.798227952917566,
      5.425328396697364,
      5.373783672525889,
      4.723263262035658,
      4.551364826999723,
      4.109892212766548,
      3.456301229925303,
      2.326433144077533,
      2.2690893687871454,
      1.903668625615481,
      1.771078019774454,
      9.236557083387417e-16,
      5.798227952917566,
      5.425328396697364,
      5.373783672525889,
      4.723263262035658,
      4.551364826999723,
      4.109892212766548,
      3.456301229925303,
      2.326433144077533,
      2.2690893687871454,
      1.903668625615481,
      1.771078019774454,
      9.236557083387417e-16,
      5.798227952917566,
      5.425328396697364,
      5.373783672525889,
      4.723263262035658,
      4.551364826999723,
      4.109892212766548,
      3.456301229925303,
      2.326433144077533,
      2.2690893687871454,
      1.903668625615481,
      1.771078019774454,
      9.236557083387417e-16,
      5.798227952917566,
      5.425328396697364,
      5.373783672525889,
      4.723263262035658,
      4.551364826999723,
      4.109892212766548,
      3.456301229925303,
      2.326433144077533,
      2.2690893687871454,
      1.903668625615481,
      1.771078019774454,
      9.236557083387417e-16,
      5.798227952917566,
      5.425328396697364,
      5.373783672525889,
      4.723263262035658,
      4.551364826999723,
      4.109892212766548,
      3.456301229925303,
      2.326433144077533,
      2.2690893687871454,
      1.903668625615481,
      1.771078019774454,
      9.236557083387417e-16
    ],
    "singular_values_D": [
      5.798227952917566,
      5.425328396697364,
      5.373783672525889,
      4.723263262035658,
      4.551364826999723,
      4.109892212766548,
      3.456301229925303,
      2.326433144077533,
      2.2690893687871454,
      1.903668625615481,
      1.771078019774454,
      9.236557083387417e-16
    ],
    "singular_values_D_anchor": [
      14.418763773073039,
      5.448749397835522,
      5.395466202015146,
      4.91990369756352,
      4.583611534228839,
      4.1435373132169815,
      3.4628896347736933,
      2.852128098433011,
      2.282481640862133,
      2.0694149583565853,
      1.8157745288285574,
      5.542458241964521e-16
    ],
    "root_tree_count_cv": 0.0,
    "root_tree_count_gini": 0.0,
    "edge_participation": [
      0.22857142857142856,
      0.45714285714285713,
      0.34285714285714286,
      0.22857142857142856,
      0.38571428571428573,
      0.22857142857142856,
      0.45714285714285713,
      0.4142857142857143,
      0.2571428571428571,
      0.34285714285714286,
      0.34285714285714286,
      0.3142857142857143
    ],
    "edge_participation_mean": 0.3333333333333333,
    "edge_participation_var": 0.006609977324263037,
    "edge_participation_gini": 0.13749999999999996,
    "bottleneck_edge_fraction_095": 0.0,
    "mean_shortest_path": 1.4,
    "comparison_branch_d_rel_values": [
      22,
      22,
      22
    ],
    "comparison_branch_d_rel_min": 22,
    "comparison_branch_d_rel_mean": 22.0,
    "comparison_branch_d_rel_max": 22,
    "comparison_branch_d_rel_gini": 0.0,
    "comparison_branch_common_d_rel_values": [
      22,
      22,
      22
    ],
    "comparison_branch_common_d_rel_min": 22,
    "comparison_branch_common_d_rel_mean": 22.0,
    "comparison_branch_common_d_rel_max": 22,
    "comparison_branch_common_d_rel_gini": 0.0,
    "comparison_branch_input_count_values": [
      24,
      24,
      24
    ],
    "comparison_branch_input_count_min": 24,
    "comparison_branch_input_count_mean": 24.0,
    "comparison_branch_input_count_max": 24,
    "comparison_branch_input_count_gini": 0.0,
    "comparison_branch_input_overlap_values": [
      24,
      24,
      24
    ],
    "comparison_branch_input_overlap_min": 24,
    "comparison_branch_input_overlap_mean": 24.0,
    "comparison_branch_input_overlap_max": 24,
    "comparison_branch_input_overlap_gini": 0.0,
    "in_degree": [
      3,
      2,
      2,
      3,
      2
    ],
    "out_degree": [
      3,
      2,
      2,
      3,
      2
    ],
    "in_degree_cv": 0.2041241452319315,
    "out_degree_cv": 0.2041241452319315
  }
}