{
  "name": "degree_balanced_n5_m12_seed74",
  "family": "degree_balanced",
  "seed": 74,
  "n_nodes": 5,
  "edges": [
    [
      0,
      1
    ],
    [
      1,
      2
    ],
    [
      2,
      3
    ],
    [
      3,
      4
    ],
    [
      4,
      0
    ],
    [
      4,
      3
    ],
    [
      3,
      0
    ],
    [
      0,
      4
    ],
    [
      2,
      1
    ],
    [
      1,
      3
    ],
    [
      4,
      2
    ],
    [
      3,
      2
    ]
  ],
  "metrics": {
    "n_nodes": 5,
    "n_edges": 12,
    "p": 8,
    "strongly_connected": true,
    "edges": [
      [
        0,
        1
      ],
      [
        1,
        2
      ],
      [
        2,
        3
      ],
      [
        3,
        4
      ],
      [
        4,
        0
      ],
      [
        4,
        3
      ],
      [
        3,
        0
      ],
      [
        0,
        4
      ],
      [
        2,
        1
      ],
      [
        1,
        3
      ],
      [
        4,
        2
      ],
      [
        3,
        2
      ]
    ],
    "tree_counts_enum": [
      12,
      16,
      20,
      15,
      9
    ],
    "tree_counts_det": [
      12,
      16,
      20,
      15,
      9
    ],
    "tree_counts_match_det": true,
    "tree_enumeration_truncated": false,
    "max_trees_per_root": null,
    "n_trees_total_enum": 72,
    "rank_M": 12,
    "rank_D": 11,
    "rank_D_anchor": 11,
    "d_rel": 88,
    "effective_rank_D": 8.69940577596132,
    "condition_number_D": 3.73717659351207,
    "effective_rank_D_masked": 69.59524620769058,
    "condition_number_D_masked": 3.73717659351207,
    "singular_values_D_masked": [
      5.961796803648726,
      5.65386847493208,
      5.152591248768911,
      4.821396405884349,
      4.582477035025,
      4.087473255275498,
      3.5126946828242525,
      2.7201363424098535,
      2.1597363866881674,
      2.0446369042505212,
      1.5952676183401957,
      8.786814933366795e-16,
      5.961796803648726,
      5.65386847493208,
      5.152591248768911,
      4.821396405884349,
      4.582477035025,
      4.087473255275498,
      3.5126946828242525,
      2.7201363424098535,
      2.1597363866881674,
      2.0446369042505212,
      1.5952676183401957,
      8.786814933366795e-16,
      5.961796803648726,
      5.65386847493208,
      5.152591248768911,
      4.821396405884349,
      4.582477035025,
      4.087473255275498,
      3.5126946828242525,
      2.7201363424098535,
      2.1597363866881674,
      2.0446369042505212,
      1.5952676183401957,
      8.786814933366795e-16,
      5.961796803648726,
      5.65386847493208,
      5.152591248768911,
      4.821396405884349,
      4.582477035025,
      4.087473255275498,
      3.5126946828242525,
      2.7201363424098535,
      2.1597363866881674,
      2.0446369042505212,
      1.5952676183401957,
      8.786814933366795e-16,
      5.961796803648726,
      5.65386847493208,
      5.152591248768911,
      4.821396405884349,
      4.582477035025,
      4.087473255275498,
      3.5126946828242525,
      2.7201363424098535,
      2.1597363866881674,
      2.0446369042505212,
      1.5952676183401957,
      8.786814933366795e-16,
      5.961796803648726,
      5.65386847493208,
      5.152591248768911,
      4.821396405884349,
      4.582477035025,
      4.087473255275498,
      3.5126946828242525,
      2.7201363424098535,
      2.1597363866881674,
      2.0446369042505212,
      1.5952676183401957,
      8.786814933366795e-16,
      5.961796803648726,
      5.65386847493208,
      5.152591248768911,
      4.821396405884349,
      4.582477035025,
      4.087473255275498,
      3.5126946828242525,
      2.7201363424098535,
      2.1597363866881674,
      2.0446369042505212,
      1.5952676183401957,
      8.786814933366795e-16,
      5.961796803648726,
      5.65386847493208,
      5.152591248768911,
      4.821396405884349,
      4.582477035025,
      4.087473255275498,
      3.5126946828242525,
      2.7201363424098535,
      2.1597363866881674,
      2.0446369042505212,
      1.5952676183401957,
      8.786814933366795e-16
    ],
    "singular_values_D": [
      5.961796803648726,
      5.65386847493208,
      5.152591248768911,
      4.821396405884349,
      4.582477035025,
      4.087473255275498,
      3.5126946828242525,
      2.7201363424098535,
      2.1597363866881674,
      2.0446369042505212,
      1.5952676183401957,
      8.786814933366795e-16
    ],
    "singular_values_D_anchor": [
      15.461387255183578,
      5.733896879742131,
      5.365224204761733,
      5.1050970470534045,
      4.644372848012948,
      4.303480585098601,
      3.5183144911154067,
      2.7203734267398745,
      2.480282079335531,
      2.1535592100990666,
      1.6004858290764443,
      6.909475550578892e-16
    ],
    "root_tree_count_cv": 0.25834826719080933,
    "root_tree_count_gini": 0.1444444444444446,
    "edge_participation": [
      0.5,
      0.3333333333333333,
      0.3888888888888889,
      0.25,
      0.25,
      0.25,
      0.3333333333333333,
      0.3333333333333333,
      0.3333333333333333,
      0.4444444444444444,
      0.375,
      0.20833333333333334
    ],
    "edge_participation_mean": 0.3333333333333333,
    "edge_participation_var": 0.00678369341563786,
    "edge_participation_gini": 0.13657407407407418,
    "bottleneck_edge_fraction_095": 0.0,
    "mean_shortest_path": 1.4,
    "comparison_branch_d_rel_values": [
      22,
      22,
      22
    ],
    "comparison_branch_d_rel_min": 22,
    "comparison_branch_d_rel_mean": 22.0,
    "comparison_branch_d_rel_max": 22,
    "comparison_branch_d_rel_gini": 0.0,
    "comparison_branch_common_d_rel_values": [
      22,
      22,
      22
    ],
    "comparison_branch_common_d_rel_min": 22,
    "comparison_branch_common_d_rel_mean": 22.0,
    "comparison_branch_common_d_rel_max": 22,
    "comparison_branch_common_d_rel_gini": 0.0,
    "comparison_branch_input_count_values": [
      24,
      24,
      24
    ],
    "comparison_branch_input_count_min": 24,
    "comparison_branch_input_count_mean": 24.0,
    "comparison_branch_input_count_max": 24,
    "comparison_branch_input_count_gini": 0.0,
    "comparison_branch_input_overlap_values": [
      24,
      24,
      24
    ],
    "comparison_branch_input_overlap_min": 24,
    "comparison_branch_input_overlap_mean": 24.0,
    "comparison_branch_input_overlap_max": 24,
    "comparison_branch_input_overlap_gini": 0.0,
    "in_degree": [
      2,
      2,
      3,
      3,
      2
    ],
    "out_degree": [
      2,
      2,
      2,
      3,
      3
    ],
    "in_degree_cv": 0.2041241452319315,
    "out_degree_cv": 0.2041241452319315
  }
}