{
  "name": "degree_balanced_n5_m12_seed78",
  "family": "degree_balanced",
  "seed": 78,
  "n_nodes": 5,
  "edges": [
    [
      0,
      1
    ],
    [
      1,
      2
    ],
    [
      2,
      3
    ],
    [
      3,
      4
    ],
    [
      4,
      0
    ],
    [
      4,
      2
    ],
    [
      0,
      3
    ],
    [
      1,
      4
    ],
    [
      3,
      0
    ],
    [
      2,
      1
    ],
    [
      2,
      0
    ],
    [
      0,
      2
    ]
  ],
  "metrics": {
    "n_nodes": 5,
    "n_edges": 12,
    "p": 8,
    "strongly_connected": true,
    "edges": [
      [
        0,
        1
      ],
      [
        1,
        2
      ],
      [
        2,
        3
      ],
      [
        3,
        4
      ],
      [
        4,
        0
      ],
      [
        4,
        2
      ],
      [
        0,
        3
      ],
      [
        1,
        4
      ],
      [
        3,
        0
      ],
      [
        2,
        1
      ],
      [
        2,
        0
      ],
      [
        0,
        2
      ]
    ],
    "tree_counts_enum": [
      16,
      16,
      16,
      16,
      16
    ],
    "tree_counts_det": [
      16,
      16,
      16,
      16,
      16
    ],
    "tree_counts_match_det": true,
    "tree_enumeration_truncated": false,
    "max_trees_per_root": null,
    "n_trees_total_enum": 80,
    "rank_M": 12,
    "rank_D": 11,
    "rank_D_anchor": 11,
    "d_rel": 88,
    "effective_rank_D": 8.885500678468047,
    "condition_number_D": 3.0742822611601257,
    "effective_rank_D_masked": 71.0840054277443,
    "condition_number_D_masked": 3.0742822611601257,
    "singular_values_D_masked": [
      5.83432896335732,
      5.8146222108631305,
      5.698752571143857,
      5.054160077652886,
      4.821472135456174,
      4.762402232788879,
      3.7274621586389154,
      2.651385442417412,
      2.306874380843728,
      2.3035432733311945,
      1.8977857163823502,
      9.648100203590985e-16,
      5.83432896335732,
      5.8146222108631305,
      5.698752571143857,
      5.054160077652886,
      4.821472135456174,
      4.762402232788879,
      3.7274621586389154,
      2.651385442417412,
      2.306874380843728,
      2.3035432733311945,
      1.8977857163823502,
      9.648100203590985e-16,
      5.83432896335732,
      5.8146222108631305,
      5.698752571143857,
      5.054160077652886,
      4.821472135456174,
      4.762402232788879,
      3.7274621586389154,
      2.651385442417412,
      2.306874380843728,
      2.3035432733311945,
      1.8977857163823502,
      9.648100203590985e-16,
      5.83432896335732,
      5.8146222108631305,
      5.698752571143857,
      5.054160077652886,
      4.821472135456174,
      4.762402232788879,
      3.7274621586389154,
      2.651385442417412,
      2.306874380843728,
      2.3035432733311945,
      1.8977857163823502,
      9.648100203590985e-16,
      5.83432896335732,
      5.8146222108631305,
      5.698752571143857,
      5.054160077652886,
      4.821472135456174,
      4.762402232788879,
      3.7274621586389154,
      2.651385442417412,
      2.306874380843728,
      2.3035432733311945,
      1.8977857163823502,
      9.648100203590985e-16,
      5.83432896335732,
      5.8146222108631305,
      5.698752571143857,
      5.054160077652886,
      4.821472135456174,
      4.762402232788879,
      3.7274621586389154,
      2.651385442417412,
      2.306874380843728,
      2.3035432733311945,
      1.8977857163823502,
      9.648100203590985e-16,
      5.83432896335732,
      5.8146222108631305,
      5.698752571143857,
      5.054160077652886,
      4.821472135456174,
      4.762402232788879,
      3.7274621586389154,
      2.651385442417412,
      2.306874380843728,
      2.3035432733311945,
      1.8977857163823502,
      9.648100203590985e-16,
      5.83432896335732,
      5.8146222108631305,
      5.698752571143857,
      5.054160077652886,
      4.821472135456174,
      4.762402232788879,
      3.7274621586389154,
      2.651385442417412,
      2.306874380843728,
      2.3035432733311945,
      1.8977857163823502,
      9.648100203590985e-16
    ],
    "singular_values_D": [
      5.83432896335732,
      5.8146222108631305,
      5.698752571143857,
      5.054160077652886,
      4.821472135456174,
      4.762402232788879,
      3.7274621586389154,
      2.651385442417412,
      2.306874380843728,
      2.3035432733311945,
      1.8977857163823502,
      9.648100203590985e-16
    ],
    "singular_values_D_anchor": [
      14.700548356363587,
      5.833221421608606,
      5.752368674867456,
      5.06350486189095,
      4.843759773109507,
      4.810609472924622,
      3.7447184491993184,
      2.9180566086740005,
      2.6482069470981755,
      2.30506853423874,
      1.915801438753599,
      8.096067467728847e-16
    ],
    "root_tree_count_cv": 0.0,
    "root_tree_count_gini": 0.0,
    "edge_participation": [
      0.3375,
      0.35,
      0.3375,
      0.45,
      0.4,
      0.4,
      0.2125,
      0.45,
      0.35,
      0.2125,
      0.25,
      0.25
    ],
    "edge_participation_mean": 0.3333333333333333,
    "edge_participation_var": 0.006649305555555558,
    "edge_participation_gini": 0.13750000000000018,
    "bottleneck_edge_fraction_095": 0.0,
    "mean_shortest_path": 1.4,
    "comparison_branch_d_rel_values": [
      22,
      22,
      22
    ],
    "comparison_branch_d_rel_min": 22,
    "comparison_branch_d_rel_mean": 22.0,
    "comparison_branch_d_rel_max": 22,
    "comparison_branch_d_rel_gini": 0.0,
    "comparison_branch_common_d_rel_values": [
      22,
      22,
      22
    ],
    "comparison_branch_common_d_rel_min": 22,
    "comparison_branch_common_d_rel_mean": 22.0,
    "comparison_branch_common_d_rel_max": 22,
    "comparison_branch_common_d_rel_gini": 0.0,
    "comparison_branch_input_count_values": [
      24,
      24,
      24
    ],
    "comparison_branch_input_count_min": 24,
    "comparison_branch_input_count_mean": 24.0,
    "comparison_branch_input_count_max": 24,
    "comparison_branch_input_count_gini": 0.0,
    "comparison_branch_input_overlap_values": [
      24,
      24,
      24
    ],
    "comparison_branch_input_overlap_min": 24,
    "comparison_branch_input_overlap_mean": 24.0,
    "comparison_branch_input_overlap_max": 24,
    "comparison_branch_input_overlap_gini": 0.0,
    "in_degree": [
      3,
      2,
      3,
      2,
      2
    ],
    "out_degree": [
      3,
      2,
      3,
      2,
      2
    ],
    "in_degree_cv": 0.2041241452319315,
    "out_degree_cv": 0.2041241452319315
  }
}