{
  "name": "degree_balanced_n5_m12_seed79",
  "family": "degree_balanced",
  "seed": 79,
  "n_nodes": 5,
  "edges": [
    [
      0,
      1
    ],
    [
      1,
      2
    ],
    [
      2,
      3
    ],
    [
      3,
      4
    ],
    [
      4,
      0
    ],
    [
      4,
      2
    ],
    [
      1,
      0
    ],
    [
      3,
      1
    ],
    [
      0,
      3
    ],
    [
      2,
      4
    ],
    [
      3,
      2
    ],
    [
      1,
      3
    ]
  ],
  "metrics": {
    "n_nodes": 5,
    "n_edges": 12,
    "p": 8,
    "strongly_connected": true,
    "edges": [
      [
        0,
        1
      ],
      [
        1,
        2
      ],
      [
        2,
        3
      ],
      [
        3,
        4
      ],
      [
        4,
        0
      ],
      [
        4,
        2
      ],
      [
        1,
        0
      ],
      [
        3,
        1
      ],
      [
        0,
        3
      ],
      [
        2,
        4
      ],
      [
        3,
        2
      ],
      [
        1,
        3
      ]
    ],
    "tree_counts_enum": [
      13,
      9,
      20,
      14,
      17
    ],
    "tree_counts_det": [
      13,
      9,
      20,
      14,
      17
    ],
    "tree_counts_match_det": true,
    "tree_enumeration_truncated": false,
    "max_trees_per_root": null,
    "n_trees_total_enum": 73,
    "rank_M": 12,
    "rank_D": 11,
    "rank_D_anchor": 11,
    "d_rel": 88,
    "effective_rank_D": 8.759014809189363,
    "condition_number_D": 3.669263588779184,
    "effective_rank_D_masked": 70.07211847351499,
    "condition_number_D_masked": 3.669263588779184,
    "singular_values_D_masked": [
      5.8694036495101205,
      5.651395219112503,
      5.1480596780643255,
      5.092087816885305,
      4.609614765043105,
      3.914275804487271,
      3.670538142274073,
      2.78381409984353,
      2.2206753882378862,
      2.062373226900665,
      1.5996135212141993,
      9.531953038608017e-16,
      5.8694036495101205,
      5.651395219112503,
      5.1480596780643255,
      5.092087816885305,
      4.609614765043105,
      3.914275804487271,
      3.670538142274073,
      2.78381409984353,
      2.2206753882378862,
      2.062373226900665,
      1.5996135212141993,
      9.531953038608017e-16,
      5.8694036495101205,
      5.651395219112503,
      5.1480596780643255,
      5.092087816885305,
      4.609614765043105,
      3.914275804487271,
      3.670538142274073,
      2.78381409984353,
      2.2206753882378862,
      2.062373226900665,
      1.5996135212141993,
      9.531953038608017e-16,
      5.8694036495101205,
      5.651395219112503,
      5.1480596780643255,
      5.092087816885305,
      4.609614765043105,
      3.914275804487271,
      3.670538142274073,
      2.78381409984353,
      2.2206753882378862,
      2.062373226900665,
      1.5996135212141993,
      9.531953038608017e-16,
      5.8694036495101205,
      5.651395219112503,
      5.1480596780643255,
      5.092087816885305,
      4.609614765043105,
      3.914275804487271,
      3.670538142274073,
      2.78381409984353,
      2.2206753882378862,
      2.062373226900665,
      1.5996135212141993,
      9.531953038608017e-16,
      5.8694036495101205,
      5.651395219112503,
      5.1480596780643255,
      5.092087816885305,
      4.609614765043105,
      3.914275804487271,
      3.670538142274073,
      2.78381409984353,
      2.2206753882378862,
      2.062373226900665,
      1.5996135212141993,
      9.531953038608017e-16,
      5.8694036495101205,
      5.651395219112503,
      5.1480596780643255,
      5.092087816885305,
      4.609614765043105,
      3.914275804487271,
      3.670538142274073,
      2.78381409984353,
      2.2206753882378862,
      2.062373226900665,
      1.5996135212141993,
      9.531953038608017e-16,
      5.8694036495101205,
      5.651395219112503,
      5.1480596780643255,
      5.092087816885305,
      4.609614765043105,
      3.914275804487271,
      3.670538142274073,
      2.78381409984353,
      2.2206753882378862,
      2.062373226900665,
      1.5996135212141993,
      9.531953038608017e-16
    ],
    "singular_values_D": [
      5.8694036495101205,
      5.651395219112503,
      5.1480596780643255,
      5.092087816885305,
      4.609614765043105,
      3.914275804487271,
      3.670538142274073,
      2.78381409984353,
      2.2206753882378862,
      2.062373226900665,
      1.5996135212141993,
      9.531953038608017e-16
    ],
    "singular_values_D_anchor": [
      13.783843917825893,
      5.868484904934188,
      5.569399293571782,
      5.140770723172468,
      4.809161940268019,
      4.230621232692527,
      3.703049256429531,
      2.7986177536041565,
      2.555754647953171,
      2.1003989391269684,
      1.6143767892056378,
      7.413264484017643e-16
    ],
    "root_tree_count_cv": 0.2548092498320311,
    "root_tree_count_gini": 0.14246575342465762,
    "edge_participation": [
      0.3698630136986301,
      0.3835616438356164,
      0.3424657534246575,
      0.3287671232876712,
      0.4931506849315068,
      0.273972602739726,
      0.2054794520547945,
      0.2191780821917808,
      0.4520547945205479,
      0.3835616438356164,
      0.2602739726027397,
      0.2876712328767123
    ],
    "edge_participation_mean": 0.3333333333333333,
    "edge_participation_var": 0.007203769729571943,
    "edge_participation_gini": 0.1444063926940642,
    "bottleneck_edge_fraction_095": 0.0,
    "mean_shortest_path": 1.4,
    "comparison_branch_d_rel_values": [
      22,
      22,
      22
    ],
    "comparison_branch_d_rel_min": 22,
    "comparison_branch_d_rel_mean": 22.0,
    "comparison_branch_d_rel_max": 22,
    "comparison_branch_d_rel_gini": 0.0,
    "comparison_branch_common_d_rel_values": [
      22,
      22,
      22
    ],
    "comparison_branch_common_d_rel_min": 22,
    "comparison_branch_common_d_rel_mean": 22.0,
    "comparison_branch_common_d_rel_max": 22,
    "comparison_branch_common_d_rel_gini": 0.0,
    "comparison_branch_input_count_values": [
      24,
      24,
      24
    ],
    "comparison_branch_input_count_min": 24,
    "comparison_branch_input_count_mean": 24.0,
    "comparison_branch_input_count_max": 24,
    "comparison_branch_input_count_gini": 0.0,
    "comparison_branch_input_overlap_values": [
      24,
      24,
      24
    ],
    "comparison_branch_input_overlap_min": 24,
    "comparison_branch_input_overlap_mean": 24.0,
    "comparison_branch_input_overlap_max": 24,
    "comparison_branch_input_overlap_gini": 0.0,
    "in_degree": [
      2,
      2,
      3,
      3,
      2
    ],
    "out_degree": [
      2,
      3,
      2,
      3,
      2
    ],
    "in_degree_cv": 0.2041241452319315,
    "out_degree_cv": 0.2041241452319315
  }
}