{
  "name": "degree_balanced_n5_m12_seed88",
  "family": "degree_balanced",
  "seed": 88,
  "n_nodes": 5,
  "edges": [
    [
      0,
      1
    ],
    [
      1,
      2
    ],
    [
      2,
      3
    ],
    [
      3,
      4
    ],
    [
      4,
      0
    ],
    [
      2,
      4
    ],
    [
      1,
      3
    ],
    [
      3,
      1
    ],
    [
      0,
      2
    ],
    [
      3,
      0
    ],
    [
      4,
      2
    ],
    [
      0,
      3
    ]
  ],
  "metrics": {
    "n_nodes": 5,
    "n_edges": 12,
    "p": 8,
    "strongly_connected": true,
    "edges": [
      [
        0,
        1
      ],
      [
        1,
        2
      ],
      [
        2,
        3
      ],
      [
        3,
        4
      ],
      [
        4,
        0
      ],
      [
        2,
        4
      ],
      [
        1,
        3
      ],
      [
        3,
        1
      ],
      [
        0,
        2
      ],
      [
        3,
        0
      ],
      [
        4,
        2
      ],
      [
        0,
        3
      ]
    ],
    "tree_counts_enum": [
      11,
      13,
      21,
      15,
      18
    ],
    "tree_counts_det": [
      11,
      13,
      21,
      15,
      18
    ],
    "tree_counts_match_det": true,
    "tree_enumeration_truncated": false,
    "max_trees_per_root": null,
    "n_trees_total_enum": 78,
    "rank_M": 12,
    "rank_D": 11,
    "rank_D_anchor": 11,
    "d_rel": 88,
    "effective_rank_D": 8.897583285518472,
    "condition_number_D": 3.275079878529809,
    "effective_rank_D_masked": 71.18066628414782,
    "condition_number_D_masked": 3.275079878529809,
    "singular_values_D_masked": [
      5.985676852992328,
      5.7587893947202025,
      5.299532608181805,
      4.926403942761895,
      4.816300659705642,
      4.472562263813223,
      3.916168367847602,
      3.0035599922795533,
      2.234087745588527,
      1.998635855464211,
      1.8276430117726814,
      7.201357337535751e-16,
      5.985676852992328,
      5.7587893947202025,
      5.299532608181805,
      4.926403942761895,
      4.816300659705642,
      4.472562263813223,
      3.916168367847602,
      3.0035599922795533,
      2.234087745588527,
      1.998635855464211,
      1.8276430117726814,
      7.201357337535751e-16,
      5.985676852992328,
      5.7587893947202025,
      5.299532608181805,
      4.926403942761895,
      4.816300659705642,
      4.472562263813223,
      3.916168367847602,
      3.0035599922795533,
      2.234087745588527,
      1.998635855464211,
      1.8276430117726814,
      7.201357337535751e-16,
      5.985676852992328,
      5.7587893947202025,
      5.299532608181805,
      4.926403942761895,
      4.816300659705642,
      4.472562263813223,
      3.916168367847602,
      3.0035599922795533,
      2.234087745588527,
      1.998635855464211,
      1.8276430117726814,
      7.201357337535751e-16,
      5.985676852992328,
      5.7587893947202025,
      5.299532608181805,
      4.926403942761895,
      4.816300659705642,
      4.472562263813223,
      3.916168367847602,
      3.0035599922795533,
      2.234087745588527,
      1.998635855464211,
      1.8276430117726814,
      7.201357337535751e-16,
      5.985676852992328,
      5.7587893947202025,
      5.299532608181805,
      4.926403942761895,
      4.816300659705642,
      4.472562263813223,
      3.916168367847602,
      3.0035599922795533,
      2.234087745588527,
      1.998635855464211,
      1.8276430117726814,
      7.201357337535751e-16,
      5.985676852992328,
      5.7587893947202025,
      5.299532608181805,
      4.926403942761895,
      4.816300659705642,
      4.472562263813223,
      3.916168367847602,
      3.0035599922795533,
      2.234087745588527,
      1.998635855464211,
      1.8276430117726814,
      7.201357337535751e-16,
      5.985676852992328,
      5.7587893947202025,
      5.299532608181805,
      4.926403942761895,
      4.816300659705642,
      4.472562263813223,
      3.916168367847602,
      3.0035599922795533,
      2.234087745588527,
      1.998635855464211,
      1.8276430117726814,
      7.201357337535751e-16
    ],
    "singular_values_D": [
      5.985676852992328,
      5.7587893947202025,
      5.299532608181805,
      4.926403942761895,
      4.816300659705642,
      4.472562263813223,
      3.916168367847602,
      3.0035599922795533,
      2.234087745588527,
      1.998635855464211,
      1.8276430117726814,
      7.201357337535751e-16
    ],
    "singular_values_D_anchor": [
      13.096295818724386,
      5.967522992469171,
      5.75862300671434,
      5.272269958300059,
      4.916631216866105,
      4.782684685384817,
      3.9414547935581665,
      3.0035931414359727,
      2.4132008281269504,
      2.1810038313361786,
      1.932057658447245,
      1.104383028101888e-15
    ],
    "root_tree_count_cv": 0.22790242095681,
    "root_tree_count_gini": 0.1282051282051282,
    "edge_participation": [
      0.3333333333333333,
      0.5,
      0.4230769230769231,
      0.34615384615384615,
      0.46153846153846156,
      0.3076923076923077,
      0.3333333333333333,
      0.23076923076923078,
      0.2948717948717949,
      0.23076923076923078,
      0.3076923076923077,
      0.23076923076923078
    ],
    "edge_participation_mean": 0.3333333333333333,
    "edge_participation_var": 0.007232084155161077,
    "edge_participation_gini": 0.14049145299145316,
    "bottleneck_edge_fraction_095": 0.0,
    "mean_shortest_path": 1.4,
    "comparison_branch_d_rel_values": [
      22,
      22,
      22
    ],
    "comparison_branch_d_rel_min": 22,
    "comparison_branch_d_rel_mean": 22.0,
    "comparison_branch_d_rel_max": 22,
    "comparison_branch_d_rel_gini": 0.0,
    "comparison_branch_common_d_rel_values": [
      22,
      22,
      22
    ],
    "comparison_branch_common_d_rel_min": 22,
    "comparison_branch_common_d_rel_mean": 22.0,
    "comparison_branch_common_d_rel_max": 22,
    "comparison_branch_common_d_rel_gini": 0.0,
    "comparison_branch_input_count_values": [
      24,
      24,
      24
    ],
    "comparison_branch_input_count_min": 24,
    "comparison_branch_input_count_mean": 24.0,
    "comparison_branch_input_count_max": 24,
    "comparison_branch_input_count_gini": 0.0,
    "comparison_branch_input_overlap_values": [
      24,
      24,
      24
    ],
    "comparison_branch_input_overlap_min": 24,
    "comparison_branch_input_overlap_mean": 24.0,
    "comparison_branch_input_overlap_max": 24,
    "comparison_branch_input_overlap_gini": 0.0,
    "in_degree": [
      2,
      2,
      3,
      3,
      2
    ],
    "out_degree": [
      3,
      2,
      2,
      3,
      2
    ],
    "in_degree_cv": 0.2041241452319315,
    "out_degree_cv": 0.2041241452319315
  }
}