{
  "name": "degree_balanced_n5_m12_seed90",
  "family": "degree_balanced",
  "seed": 90,
  "n_nodes": 5,
  "edges": [
    [
      0,
      1
    ],
    [
      1,
      2
    ],
    [
      2,
      3
    ],
    [
      3,
      4
    ],
    [
      4,
      0
    ],
    [
      4,
      2
    ],
    [
      2,
      4
    ],
    [
      0,
      3
    ],
    [
      1,
      0
    ],
    [
      3,
      1
    ],
    [
      1,
      4
    ],
    [
      4,
      1
    ]
  ],
  "metrics": {
    "n_nodes": 5,
    "n_edges": 12,
    "p": 8,
    "strongly_connected": true,
    "edges": [
      [
        0,
        1
      ],
      [
        1,
        2
      ],
      [
        2,
        3
      ],
      [
        3,
        4
      ],
      [
        4,
        0
      ],
      [
        4,
        2
      ],
      [
        2,
        4
      ],
      [
        0,
        3
      ],
      [
        1,
        0
      ],
      [
        3,
        1
      ],
      [
        1,
        4
      ],
      [
        4,
        1
      ]
    ],
    "tree_counts_enum": [
      16,
      16,
      16,
      16,
      16
    ],
    "tree_counts_det": [
      16,
      16,
      16,
      16,
      16
    ],
    "tree_counts_match_det": true,
    "tree_enumeration_truncated": false,
    "max_trees_per_root": null,
    "n_trees_total_enum": 80,
    "rank_M": 12,
    "rank_D": 11,
    "rank_D_anchor": 11,
    "d_rel": 88,
    "effective_rank_D": 8.885500678468043,
    "condition_number_D": 3.0742822611601253,
    "effective_rank_D_masked": 71.0840054277443,
    "condition_number_D_masked": 3.0742822611601253,
    "singular_values_D_masked": [
      5.8343289633573185,
      5.8146222108631305,
      5.698752571143852,
      5.054160077652882,
      4.821472135456171,
      4.762402232788876,
      3.727462158638915,
      2.6513854424174097,
      2.3068743808437273,
      2.303543273331193,
      1.8977857163823497,
      1.1926935125459172e-15,
      5.8343289633573185,
      5.8146222108631305,
      5.698752571143852,
      5.054160077652882,
      4.821472135456171,
      4.762402232788876,
      3.727462158638915,
      2.6513854424174097,
      2.3068743808437273,
      2.303543273331193,
      1.8977857163823497,
      1.1926935125459172e-15,
      5.8343289633573185,
      5.8146222108631305,
      5.698752571143852,
      5.054160077652882,
      4.821472135456171,
      4.762402232788876,
      3.727462158638915,
      2.6513854424174097,
      2.3068743808437273,
      2.303543273331193,
      1.8977857163823497,
      1.1926935125459172e-15,
      5.8343289633573185,
      5.8146222108631305,
      5.698752571143852,
      5.054160077652882,
      4.821472135456171,
      4.762402232788876,
      3.727462158638915,
      2.6513854424174097,
      2.3068743808437273,
      2.303543273331193,
      1.8977857163823497,
      1.1926935125459172e-15,
      5.8343289633573185,
      5.8146222108631305,
      5.698752571143852,
      5.054160077652882,
      4.821472135456171,
      4.762402232788876,
      3.727462158638915,
      2.6513854424174097,
      2.3068743808437273,
      2.303543273331193,
      1.8977857163823497,
      1.1926935125459172e-15,
      5.8343289633573185,
      5.8146222108631305,
      5.698752571143852,
      5.054160077652882,
      4.821472135456171,
      4.762402232788876,
      3.727462158638915,
      2.6513854424174097,
      2.3068743808437273,
      2.303543273331193,
      1.8977857163823497,
      1.1926935125459172e-15,
      5.8343289633573185,
      5.8146222108631305,
      5.698752571143852,
      5.054160077652882,
      4.821472135456171,
      4.762402232788876,
      3.727462158638915,
      2.6513854424174097,
      2.3068743808437273,
      2.303543273331193,
      1.8977857163823497,
      1.1926935125459172e-15,
      5.8343289633573185,
      5.8146222108631305,
      5.698752571143852,
      5.054160077652882,
      4.821472135456171,
      4.762402232788876,
      3.727462158638915,
      2.6513854424174097,
      2.3068743808437273,
      2.303543273331193,
      1.8977857163823497,
      1.1926935125459172e-15
    ],
    "singular_values_D": [
      5.8343289633573185,
      5.8146222108631305,
      5.698752571143852,
      5.054160077652882,
      4.821472135456171,
      4.762402232788876,
      3.727462158638915,
      2.6513854424174097,
      2.3068743808437273,
      2.303543273331193,
      1.8977857163823497,
      1.1926935125459172e-15
    ],
    "singular_values_D_anchor": [
      14.569688835770478,
      5.834323721365294,
      5.8000390595411,
      5.450842332899852,
      5.023393688731527,
      4.817882224777354,
      3.736693798614693,
      2.972303820021604,
      2.3827367650374955,
      2.3036809859997542,
      2.0259255438321544,
      1.118830233943982e-15
    ],
    "root_tree_count_cv": 0.0,
    "root_tree_count_gini": 0.0,
    "edge_participation": [
      0.35,
      0.3375,
      0.45,
      0.4,
      0.3375,
      0.2125,
      0.35,
      0.45,
      0.2125,
      0.4,
      0.25,
      0.25
    ],
    "edge_participation_mean": 0.3333333333333333,
    "edge_participation_var": 0.006649305555555557,
    "edge_participation_gini": 0.13750000000000018,
    "bottleneck_edge_fraction_095": 0.0,
    "mean_shortest_path": 1.4,
    "comparison_branch_d_rel_values": [
      22,
      22,
      22
    ],
    "comparison_branch_d_rel_min": 22,
    "comparison_branch_d_rel_mean": 22.0,
    "comparison_branch_d_rel_max": 22,
    "comparison_branch_d_rel_gini": 0.0,
    "comparison_branch_common_d_rel_values": [
      22,
      22,
      22
    ],
    "comparison_branch_common_d_rel_min": 22,
    "comparison_branch_common_d_rel_mean": 22.0,
    "comparison_branch_common_d_rel_max": 22,
    "comparison_branch_common_d_rel_gini": 0.0,
    "comparison_branch_input_count_values": [
      24,
      24,
      24
    ],
    "comparison_branch_input_count_min": 24,
    "comparison_branch_input_count_mean": 24.0,
    "comparison_branch_input_count_max": 24,
    "comparison_branch_input_count_gini": 0.0,
    "comparison_branch_input_overlap_values": [
      24,
      24,
      24
    ],
    "comparison_branch_input_overlap_min": 24,
    "comparison_branch_input_overlap_mean": 24.0,
    "comparison_branch_input_overlap_max": 24,
    "comparison_branch_input_overlap_gini": 0.0,
    "in_degree": [
      2,
      3,
      2,
      2,
      3
    ],
    "out_degree": [
      2,
      3,
      2,
      2,
      3
    ],
    "in_degree_cv": 0.2041241452319315,
    "out_degree_cv": 0.2041241452319315
  }
}