{
  "name": "degree_balanced_n5_m12_seed87",
  "family": "degree_balanced",
  "seed": 87,
  "n_nodes": 5,
  "edges": [
    [
      0,
      1
    ],
    [
      1,
      2
    ],
    [
      2,
      3
    ],
    [
      3,
      4
    ],
    [
      4,
      0
    ],
    [
      3,
      2
    ],
    [
      2,
      1
    ],
    [
      1,
      3
    ],
    [
      0,
      4
    ],
    [
      1,
      0
    ],
    [
      4,
      1
    ],
    [
      3,
      0
    ]
  ],
  "metrics": {
    "n_nodes": 5,
    "n_edges": 12,
    "p": 8,
    "strongly_connected": true,
    "edges": [
      [
        0,
        1
      ],
      [
        1,
        2
      ],
      [
        2,
        3
      ],
      [
        3,
        4
      ],
      [
        4,
        0
      ],
      [
        3,
        2
      ],
      [
        2,
        1
      ],
      [
        1,
        3
      ],
      [
        0,
        4
      ],
      [
        1,
        0
      ],
      [
        4,
        1
      ],
      [
        3,
        0
      ]
    ],
    "tree_counts_enum": [
      19,
      15,
      12,
      9,
      14
    ],
    "tree_counts_det": [
      19,
      15,
      12,
      9,
      14
    ],
    "tree_counts_match_det": true,
    "tree_enumeration_truncated": false,
    "max_trees_per_root": null,
    "n_trees_total_enum": 69,
    "rank_M": 12,
    "rank_D": 11,
    "rank_D_anchor": 11,
    "d_rel": 88,
    "effective_rank_D": 8.579197757752071,
    "condition_number_D": 3.709116294474279,
    "effective_rank_D_masked": 68.63358206201659,
    "condition_number_D_masked": 3.709116294474279,
    "singular_values_D_masked": [
      5.7989779277534295,
      5.6589066351659945,
      5.098939860594456,
      4.892760118183397,
      4.409588485587317,
      3.799850387662222,
      3.446080602640385,
      2.623150940764384,
      2.137741165972058,
      1.8105455148299545,
      1.5634392311701195,
      7.967692887670498e-16,
      5.7989779277534295,
      5.6589066351659945,
      5.098939860594456,
      4.892760118183397,
      4.409588485587317,
      3.799850387662222,
      3.446080602640385,
      2.623150940764384,
      2.137741165972058,
      1.8105455148299545,
      1.5634392311701195,
      7.967692887670498e-16,
      5.7989779277534295,
      5.6589066351659945,
      5.098939860594456,
      4.892760118183397,
      4.409588485587317,
      3.799850387662222,
      3.446080602640385,
      2.623150940764384,
      2.137741165972058,
      1.8105455148299545,
      1.5634392311701195,
      7.967692887670498e-16,
      5.7989779277534295,
      5.6589066351659945,
      5.098939860594456,
      4.892760118183397,
      4.409588485587317,
      3.799850387662222,
      3.446080602640385,
      2.623150940764384,
      2.137741165972058,
      1.8105455148299545,
      1.5634392311701195,
      7.967692887670498e-16,
      5.7989779277534295,
      5.6589066351659945,
      5.098939860594456,
      4.892760118183397,
      4.409588485587317,
      3.799850387662222,
      3.446080602640385,
      2.623150940764384,
      2.137741165972058,
      1.8105455148299545,
      1.5634392311701195,
      7.967692887670498e-16,
      5.7989779277534295,
      5.6589066351659945,
      5.098939860594456,
      4.892760118183397,
      4.409588485587317,
      3.799850387662222,
      3.446080602640385,
      2.623150940764384,
      2.137741165972058,
      1.8105455148299545,
      1.5634392311701195,
      7.967692887670498e-16,
      5.7989779277534295,
      5.6589066351659945,
      5.098939860594456,
      4.892760118183397,
      4.409588485587317,
      3.799850387662222,
      3.446080602640385,
      2.623150940764384,
      2.137741165972058,
      1.8105455148299545,
      1.5634392311701195,
      7.967692887670498e-16,
      5.7989779277534295,
      5.6589066351659945,
      5.098939860594456,
      4.892760118183397,
      4.409588485587317,
      3.799850387662222,
      3.446080602640385,
      2.623150940764384,
      2.137741165972058,
      1.8105455148299545,
      1.5634392311701195,
      7.967692887670498e-16
    ],
    "singular_values_D": [
      5.7989779277534295,
      5.6589066351659945,
      5.098939860594456,
      4.892760118183397,
      4.409588485587317,
      3.799850387662222,
      3.446080602640385,
      2.623150940764384,
      2.137741165972058,
      1.8105455148299545,
      1.5634392311701195,
      7.967692887670498e-16
    ],
    "singular_values_D_anchor": [
      14.458756153550425,
      5.677296731924031,
      5.2547301971333376,
      4.984219992040169,
      4.5347557255627775,
      3.887302274562738,
      3.477259314076417,
      3.0978088882741734,
      2.1815860675406067,
      1.8570319813306044,
      1.639288771515258,
      6.891595586425463e-16
    ],
    "root_tree_count_cv": 0.23989775880067896,
    "root_tree_count_gini": 0.1333333333333333,
    "edge_participation": [
      0.391304347826087,
      0.2608695652173913,
      0.43478260869565216,
      0.34782608695652173,
      0.3333333333333333,
      0.17391304347826086,
      0.391304347826087,
      0.30434782608695654,
      0.3333333333333333,
      0.21739130434782608,
      0.463768115942029,
      0.34782608695652173
    ],
    "edge_participation_mean": 0.3333333333333333,
    "edge_participation_var": 0.006616257088846881,
    "edge_participation_gini": 0.1364734299516912,
    "bottleneck_edge_fraction_095": 0.0,
    "mean_shortest_path": 1.4,
    "comparison_branch_d_rel_values": [
      22,
      22,
      22
    ],
    "comparison_branch_d_rel_min": 22,
    "comparison_branch_d_rel_mean": 22.0,
    "comparison_branch_d_rel_max": 22,
    "comparison_branch_d_rel_gini": 0.0,
    "comparison_branch_common_d_rel_values": [
      22,
      22,
      22
    ],
    "comparison_branch_common_d_rel_min": 22,
    "comparison_branch_common_d_rel_mean": 22.0,
    "comparison_branch_common_d_rel_max": 22,
    "comparison_branch_common_d_rel_gini": 0.0,
    "comparison_branch_input_count_values": [
      24,
      24,
      24
    ],
    "comparison_branch_input_count_min": 24,
    "comparison_branch_input_count_mean": 24.0,
    "comparison_branch_input_count_max": 24,
    "comparison_branch_input_count_gini": 0.0,
    "comparison_branch_input_overlap_values": [
      24,
      24,
      24
    ],
    "comparison_branch_input_overlap_min": 24,
    "comparison_branch_input_overlap_mean": 24.0,
    "comparison_branch_input_overlap_max": 24,
    "comparison_branch_input_overlap_gini": 0.0,
    "in_degree": [
      3,
      3,
      2,
      2,
      2
    ],
    "out_degree": [
      2,
      3,
      2,
      3,
      2
    ],
    "in_degree_cv": 0.2041241452319315,
    "out_degree_cv": 0.2041241452319315
  }
}