{
  "name": "degree_balanced_n5_m12_seed92",
  "family": "degree_balanced",
  "seed": 92,
  "n_nodes": 5,
  "edges": [
    [
      0,
      1
    ],
    [
      1,
      2
    ],
    [
      2,
      3
    ],
    [
      3,
      4
    ],
    [
      4,
      0
    ],
    [
      4,
      3
    ],
    [
      2,
      0
    ],
    [
      3,
      2
    ],
    [
      1,
      4
    ],
    [
      2,
      1
    ],
    [
      0,
      3
    ],
    [
      3,
      1
    ]
  ],
  "metrics": {
    "n_nodes": 5,
    "n_edges": 12,
    "p": 8,
    "strongly_connected": true,
    "edges": [
      [
        0,
        1
      ],
      [
        1,
        2
      ],
      [
        2,
        3
      ],
      [
        3,
        4
      ],
      [
        4,
        0
      ],
      [
        4,
        3
      ],
      [
        2,
        0
      ],
      [
        3,
        2
      ],
      [
        1,
        4
      ],
      [
        2,
        1
      ],
      [
        0,
        3
      ],
      [
        3,
        1
      ]
    ],
    "tree_counts_enum": [
      15,
      21,
      12,
      15,
      18
    ],
    "tree_counts_det": [
      15,
      21,
      12,
      15,
      18
    ],
    "tree_counts_match_det": true,
    "tree_enumeration_truncated": false,
    "max_trees_per_root": null,
    "n_trees_total_enum": 81,
    "rank_M": 12,
    "rank_D": 11,
    "rank_D_anchor": 11,
    "d_rel": 88,
    "effective_rank_D": 8.933248037062869,
    "condition_number_D": 3.291788877798795,
    "effective_rank_D_masked": 71.465984296503,
    "condition_number_D_masked": 3.291788877798795,
    "singular_values_D_masked": [
      5.862159888317296,
      5.769346064245464,
      5.722109335508095,
      5.184629683881687,
      4.880875867642304,
      4.803983003821346,
      3.7436678286436513,
      2.765003821136244,
      2.597395696912776,
      2.2167792072412507,
      1.7808432150233455,
      8.957559784532728e-16,
      5.862159888317296,
      5.769346064245464,
      5.722109335508095,
      5.184629683881687,
      4.880875867642304,
      4.803983003821346,
      3.7436678286436513,
      2.765003821136244,
      2.597395696912776,
      2.2167792072412507,
      1.7808432150233455,
      8.957559784532728e-16,
      5.862159888317296,
      5.769346064245464,
      5.722109335508095,
      5.184629683881687,
      4.880875867642304,
      4.803983003821346,
      3.7436678286436513,
      2.765003821136244,
      2.597395696912776,
      2.2167792072412507,
      1.7808432150233455,
      8.957559784532728e-16,
      5.862159888317296,
      5.769346064245464,
      5.722109335508095,
      5.184629683881687,
      4.880875867642304,
      4.803983003821346,
      3.7436678286436513,
      2.765003821136244,
      2.597395696912776,
      2.2167792072412507,
      1.7808432150233455,
      8.957559784532728e-16,
      5.862159888317296,
      5.769346064245464,
      5.722109335508095,
      5.184629683881687,
      4.880875867642304,
      4.803983003821346,
      3.7436678286436513,
      2.765003821136244,
      2.597395696912776,
      2.2167792072412507,
      1.7808432150233455,
      8.957559784532728e-16,
      5.862159888317296,
      5.769346064245464,
      5.722109335508095,
      5.184629683881687,
      4.880875867642304,
      4.803983003821346,
      3.7436678286436513,
      2.765003821136244,
      2.597395696912776,
      2.2167792072412507,
      1.7808432150233455,
      8.957559784532728e-16,
      5.862159888317296,
      5.769346064245464,
      5.722109335508095,
      5.184629683881687,
      4.880875867642304,
      4.803983003821346,
      3.7436678286436513,
      2.765003821136244,
      2.597395696912776,
      2.2167792072412507,
      1.7808432150233455,
      8.957559784532728e-16,
      5.862159888317296,
      5.769346064245464,
      5.722109335508095,
      5.184629683881687,
      4.880875867642304,
      4.803983003821346,
      3.7436678286436513,
      2.765003821136244,
      2.597395696912776,
      2.2167792072412507,
      1.7808432150233455,
      8.957559784532728e-16
    ],
    "singular_values_D": [
      5.862159888317296,
      5.769346064245464,
      5.722109335508095,
      5.184629683881687,
      4.880875867642304,
      4.803983003821346,
      3.7436678286436513,
      2.765003821136244,
      2.597395696912776,
      2.2167792072412507,
      1.7808432150233455,
      8.957559784532728e-16
    ],
    "singular_values_D_anchor": [
      16.360858608260195,
      5.792614096220421,
      5.722250050263124,
      5.277977675442857,
      5.077901496316726,
      4.80516326327815,
      3.750200532972002,
      3.0103480989922726,
      2.748636452105105,
      2.328374408549703,
      1.7859245540289943,
      6.9505227957935975e-16
    ],
    "root_tree_count_cv": 0.18885257457751056,
    "root_tree_count_gini": 0.10370370370370385,
    "edge_participation": [
      0.4074074074074074,
      0.2962962962962963,
      0.25925925925925924,
      0.2222222222222222,
      0.4444444444444444,
      0.3333333333333333,
      0.3333333333333333,
      0.25925925925925924,
      0.4444444444444444,
      0.25925925925925924,
      0.4074074074074074,
      0.3333333333333333
    ],
    "edge_participation_mean": 0.3333333333333333,
    "edge_participation_var": 0.0054869684499314125,
    "edge_participation_gini": 0.125,
    "bottleneck_edge_fraction_095": 0.0,
    "mean_shortest_path": 1.4,
    "comparison_branch_d_rel_values": [
      22,
      22,
      22
    ],
    "comparison_branch_d_rel_min": 22,
    "comparison_branch_d_rel_mean": 22.0,
    "comparison_branch_d_rel_max": 22,
    "comparison_branch_d_rel_gini": 0.0,
    "comparison_branch_common_d_rel_values": [
      22,
      22,
      22
    ],
    "comparison_branch_common_d_rel_min": 22,
    "comparison_branch_common_d_rel_mean": 22.0,
    "comparison_branch_common_d_rel_max": 22,
    "comparison_branch_common_d_rel_gini": 0.0,
    "comparison_branch_input_count_values": [
      24,
      24,
      24
    ],
    "comparison_branch_input_count_min": 24,
    "comparison_branch_input_count_mean": 24.0,
    "comparison_branch_input_count_max": 24,
    "comparison_branch_input_count_gini": 0.0,
    "comparison_branch_input_overlap_values": [
      24,
      24,
      24
    ],
    "comparison_branch_input_overlap_min": 24,
    "comparison_branch_input_overlap_mean": 24.0,
    "comparison_branch_input_overlap_max": 24,
    "comparison_branch_input_overlap_gini": 0.0,
    "in_degree": [
      2,
      3,
      2,
      3,
      2
    ],
    "out_degree": [
      2,
      2,
      3,
      3,
      2
    ],
    "in_degree_cv": 0.2041241452319315,
    "out_degree_cv": 0.2041241452319315
  }
}