{
  "name": "degree_balanced_n5_m12_seed93",
  "family": "degree_balanced",
  "seed": 93,
  "n_nodes": 5,
  "edges": [
    [
      0,
      1
    ],
    [
      1,
      2
    ],
    [
      2,
      3
    ],
    [
      3,
      4
    ],
    [
      4,
      0
    ],
    [
      3,
      2
    ],
    [
      2,
      0
    ],
    [
      1,
      4
    ],
    [
      4,
      1
    ],
    [
      0,
      3
    ],
    [
      4,
      2
    ],
    [
      1,
      3
    ]
  ],
  "metrics": {
    "n_nodes": 5,
    "n_edges": 12,
    "p": 8,
    "strongly_connected": true,
    "edges": [
      [
        0,
        1
      ],
      [
        1,
        2
      ],
      [
        2,
        3
      ],
      [
        3,
        4
      ],
      [
        4,
        0
      ],
      [
        3,
        2
      ],
      [
        2,
        0
      ],
      [
        1,
        4
      ],
      [
        4,
        1
      ],
      [
        0,
        3
      ],
      [
        4,
        2
      ],
      [
        1,
        3
      ]
    ],
    "tree_counts_enum": [
      18,
      10,
      24,
      26,
      12
    ],
    "tree_counts_det": [
      18,
      10,
      24,
      26,
      12
    ],
    "tree_counts_match_det": true,
    "tree_enumeration_truncated": false,
    "max_trees_per_root": null,
    "n_trees_total_enum": 90,
    "rank_M": 12,
    "rank_D": 11,
    "rank_D_anchor": 11,
    "d_rel": 88,
    "effective_rank_D": 9.021500920659584,
    "condition_number_D": 3.4254240501721536,
    "effective_rank_D_masked": 72.17200736527666,
    "condition_number_D_masked": 3.4254240501721536,
    "singular_values_D_masked": [
      6.184677554008244,
      6.051587072140903,
      5.559709120811774,
      5.487176413069869,
      5.395939370766884,
      5.102855740637203,
      4.25580904087706,
      3.4002802649487958,
      2.7213369294835994,
      2.0145305001603813,
      1.8055217291118795,
      1.0878485563322492e-15,
      6.184677554008244,
      6.051587072140903,
      5.559709120811774,
      5.487176413069869,
      5.395939370766884,
      5.102855740637203,
      4.25580904087706,
      3.4002802649487958,
      2.7213369294835994,
      2.0145305001603813,
      1.8055217291118795,
      1.0878485563322492e-15,
      6.184677554008244,
      6.051587072140903,
      5.559709120811774,
      5.487176413069869,
      5.395939370766884,
      5.102855740637203,
      4.25580904087706,
      3.4002802649487958,
      2.7213369294835994,
      2.0145305001603813,
      1.8055217291118795,
      1.0878485563322492e-15,
      6.184677554008244,
      6.051587072140903,
      5.559709120811774,
      5.487176413069869,
      5.395939370766884,
      5.102855740637203,
      4.25580904087706,
      3.4002802649487958,
      2.7213369294835994,
      2.0145305001603813,
      1.8055217291118795,
      1.0878485563322492e-15,
      6.184677554008244,
      6.051587072140903,
      5.559709120811774,
      5.487176413069869,
      5.395939370766884,
      5.102855740637203,
      4.25580904087706,
      3.4002802649487958,
      2.7213369294835994,
      2.0145305001603813,
      1.8055217291118795,
      1.0878485563322492e-15,
      6.184677554008244,
      6.051587072140903,
      5.559709120811774,
      5.487176413069869,
      5.395939370766884,
      5.102855740637203,
      4.25580904087706,
      3.4002802649487958,
      2.7213369294835994,
      2.0145305001603813,
      1.8055217291118795,
      1.0878485563322492e-15,
      6.184677554008244,
      6.051587072140903,
      5.559709120811774,
      5.487176413069869,
      5.395939370766884,
      5.102855740637203,
      4.25580904087706,
      3.4002802649487958,
      2.7213369294835994,
      2.0145305001603813,
      1.8055217291118795,
      1.0878485563322492e-15,
      6.184677554008244,
      6.051587072140903,
      5.559709120811774,
      5.487176413069869,
      5.395939370766884,
      5.102855740637203,
      4.25580904087706,
      3.4002802649487958,
      2.7213369294835994,
      2.0145305001603813,
      1.8055217291118795,
      1.0878485563322492e-15
    ],
    "singular_values_D": [
      6.184677554008244,
      6.051587072140903,
      5.559709120811774,
      5.487176413069869,
      5.395939370766884,
      5.102855740637203,
      4.25580904087706,
      3.4002802649487958,
      2.7213369294835994,
      2.0145305001603813,
      1.8055217291118795,
      1.0878485563322492e-15
    ],
    "singular_values_D_anchor": [
      16.493535165019573,
      6.064721808746661,
      5.727108237198111,
      5.5420323075944316,
      5.420957146707866,
      5.214032648879084,
      4.475669285718903,
      3.4234814630860484,
      3.154584625793323,
      2.0309561435606205,
      1.8076547049070515,
      8.637648438192821e-16
    ],
    "root_tree_count_cv": 0.35136418446315326,
    "root_tree_count_gini": 0.1955555555555557,
    "edge_participation": [
      0.4,
      0.3333333333333333,
      0.3,
      0.4111111111111111,
      0.3,
      0.3,
      0.43333333333333335,
      0.2222222222222222,
      0.23333333333333334,
      0.4,
      0.3333333333333333,
      0.3333333333333333
    ],
    "edge_participation_mean": 0.3333333333333333,
    "edge_participation_var": 0.004218106995884775,
    "edge_participation_gini": 0.1087962962962965,
    "bottleneck_edge_fraction_095": 0.0,
    "mean_shortest_path": 1.4,
    "comparison_branch_d_rel_values": [
      22,
      22,
      22
    ],
    "comparison_branch_d_rel_min": 22,
    "comparison_branch_d_rel_mean": 22.0,
    "comparison_branch_d_rel_max": 22,
    "comparison_branch_d_rel_gini": 0.0,
    "comparison_branch_common_d_rel_values": [
      22,
      22,
      22
    ],
    "comparison_branch_common_d_rel_min": 22,
    "comparison_branch_common_d_rel_mean": 22.0,
    "comparison_branch_common_d_rel_max": 22,
    "comparison_branch_common_d_rel_gini": 0.0,
    "comparison_branch_input_count_values": [
      24,
      24,
      24
    ],
    "comparison_branch_input_count_min": 24,
    "comparison_branch_input_count_mean": 24.0,
    "comparison_branch_input_count_max": 24,
    "comparison_branch_input_count_gini": 0.0,
    "comparison_branch_input_overlap_values": [
      24,
      24,
      24
    ],
    "comparison_branch_input_overlap_min": 24,
    "comparison_branch_input_overlap_mean": 24.0,
    "comparison_branch_input_overlap_max": 24,
    "comparison_branch_input_overlap_gini": 0.0,
    "in_degree": [
      2,
      2,
      3,
      3,
      2
    ],
    "out_degree": [
      2,
      3,
      2,
      2,
      3
    ],
    "in_degree_cv": 0.2041241452319315,
    "out_degree_cv": 0.2041241452319315
  }
}