{
  "name": "bottleneck_bridge_n5_m12_seed2",
  "family": "bottleneck_bridge",
  "seed": 2,
  "n_nodes": 5,
  "edges": [
    [
      0,
      1
    ],
    [
      1,
      0
    ],
    [
      2,
      3
    ],
    [
      3,
      4
    ],
    [
      4,
      2
    ],
    [
      1,
      2
    ],
    [
      2,
      1
    ],
    [
      3,
      2
    ],
    [
      4,
      3
    ],
    [
      2,
      4
    ],
    [
      4,
      1
    ],
    [
      0,
      2
    ]
  ],
  "metrics": {
    "n_nodes": 5,
    "n_edges": 12,
    "p": 8,
    "strongly_connected": true,
    "edges": [
      [
        0,
        1
      ],
      [
        1,
        0
      ],
      [
        2,
        3
      ],
      [
        3,
        4
      ],
      [
        4,
        2
      ],
      [
        1,
        2
      ],
      [
        2,
        1
      ],
      [
        3,
        2
      ],
      [
        4,
        3
      ],
      [
        2,
        4
      ],
      [
        4,
        1
      ],
      [
        0,
        2
      ]
    ],
    "tree_counts_enum": [
      8,
      16,
      15,
      12,
      9
    ],
    "tree_counts_det": [
      8,
      16,
      15,
      12,
      9
    ],
    "tree_counts_match_det": true,
    "tree_enumeration_truncated": false,
    "max_trees_per_root": null,
    "n_trees_total_enum": 60,
    "rank_M": 12,
    "rank_D": 11,
    "rank_D_anchor": 11,
    "d_rel": 88,
    "effective_rank_D": 8.369884813293096,
    "condition_number_D": 4.693391014871341,
    "effective_rank_D_masked": 66.95907850634482,
    "condition_number_D_masked": 4.693391014871341,
    "singular_values_D_masked": [
      5.506276211908146,
      5.269198590815555,
      4.974803539154646,
      4.45820567332851,
      3.7746561842593738,
      3.6402972555507165,
      3.1691741980993795,
      2.354681725160414,
      1.8812791259141188,
      1.7574446051366481,
      1.1731978423406704,
      6.948315892290294e-16,
      5.506276211908146,
      5.269198590815555,
      4.974803539154646,
      4.45820567332851,
      3.7746561842593738,
      3.6402972555507165,
      3.1691741980993795,
      2.354681725160414,
      1.8812791259141188,
      1.7574446051366481,
      1.1731978423406704,
      6.948315892290294e-16,
      5.506276211908146,
      5.269198590815555,
      4.974803539154646,
      4.45820567332851,
      3.7746561842593738,
      3.6402972555507165,
      3.1691741980993795,
      2.354681725160414,
      1.8812791259141188,
      1.7574446051366481,
      1.1731978423406704,
      6.948315892290294e-16,
      5.506276211908146,
      5.269198590815555,
      4.974803539154646,
      4.45820567332851,
      3.7746561842593738,
      3.6402972555507165,
      3.1691741980993795,
      2.354681725160414,
      1.8812791259141188,
      1.7574446051366481,
      1.1731978423406704,
      6.948315892290294e-16,
      5.506276211908146,
      5.269198590815555,
      4.974803539154646,
      4.45820567332851,
      3.7746561842593738,
      3.6402972555507165,
      3.1691741980993795,
      2.354681725160414,
      1.8812791259141188,
      1.7574446051366481,
      1.1731978423406704,
      6.948315892290294e-16,
      5.506276211908146,
      5.269198590815555,
      4.974803539154646,
      4.45820567332851,
      3.7746561842593738,
      3.6402972555507165,
      3.1691741980993795,
      2.354681725160414,
      1.8812791259141188,
      1.7574446051366481,
      1.1731978423406704,
      6.948315892290294e-16,
      5.506276211908146,
      5.269198590815555,
      4.974803539154646,
      4.45820567332851,
      3.7746561842593738,
      3.6402972555507165,
      3.1691741980993795,
      2.354681725160414,
      1.8812791259141188,
      1.7574446051366481,
      1.1731978423406704,
      6.948315892290294e-16,
      5.506276211908146,
      5.269198590815555,
      4.974803539154646,
      4.45820567332851,
      3.7746561842593738,
      3.6402972555507165,
      3.1691741980993795,
      2.354681725160414,
      1.8812791259141188,
      1.7574446051366481,
      1.1731978423406704,
      6.948315892290294e-16
    ],
    "singular_values_D": [
      5.506276211908146,
      5.269198590815555,
      4.974803539154646,
      4.45820567332851,
      3.7746561842593738,
      3.6402972555507165,
      3.1691741980993795,
      2.354681725160414,
      1.8812791259141188,
      1.7574446051366481,
      1.1731978423406704,
      6.948315892290294e-16
    ],
    "singular_values_D_anchor": [
      13.471044248429564,
      5.4780972085847015,
      5.041102041803002,
      4.465902864370885,
      4.264263176241953,
      3.6772068704553456,
      3.2349045198955553,
      2.4305274962530343,
      1.9062379512466574,
      1.8394326274942323,
      1.4385069187040764,
      6.037326863250588e-16
    ],
    "root_tree_count_cv": 0.26352313834736496,
    "root_tree_count_gini": 0.14666666666666672,
    "edge_participation": [
      0.3333333333333333,
      0.3333333333333333,
      0.25,
      0.4,
      0.25,
      0.4,
      0.25,
      0.4,
      0.2,
      0.25,
      0.4,
      0.5333333333333333
    ],
    "edge_participation_mean": 0.3333333333333333,
    "edge_participation_var": 0.008611111111111113,
    "edge_participation_gini": 0.15138888888888902,
    "bottleneck_edge_fraction_095": 0.0,
    "mean_shortest_path": 1.45,
    "comparison_branch_d_rel_values": [
      22,
      22,
      22
    ],
    "comparison_branch_d_rel_min": 22,
    "comparison_branch_d_rel_mean": 22.0,
    "comparison_branch_d_rel_max": 22,
    "comparison_branch_d_rel_gini": 0.0,
    "comparison_branch_common_d_rel_values": [
      22,
      22,
      22
    ],
    "comparison_branch_common_d_rel_min": 22,
    "comparison_branch_common_d_rel_mean": 22.0,
    "comparison_branch_common_d_rel_max": 22,
    "comparison_branch_common_d_rel_gini": 0.0,
    "comparison_branch_input_count_values": [
      24,
      24,
      24
    ],
    "comparison_branch_input_count_min": 24,
    "comparison_branch_input_count_mean": 24.0,
    "comparison_branch_input_count_max": 24,
    "comparison_branch_input_count_gini": 0.0,
    "comparison_branch_input_overlap_values": [
      24,
      24,
      24
    ],
    "comparison_branch_input_overlap_min": 24,
    "comparison_branch_input_overlap_mean": 24.0,
    "comparison_branch_input_overlap_max": 24,
    "comparison_branch_input_overlap_gini": 0.0,
    "in_degree": [
      1,
      3,
      4,
      2,
      2
    ],
    "out_degree": [
      2,
      2,
      3,
      2,
      3
    ],
    "in_degree_cv": 0.4249182927993988,
    "out_degree_cv": 0.2041241452319315
  }
}