{
  "name": "bottleneck_bridge_n5_m12_seed11",
  "family": "bottleneck_bridge",
  "seed": 11,
  "n_nodes": 5,
  "edges": [
    [
      0,
      1
    ],
    [
      1,
      0
    ],
    [
      2,
      3
    ],
    [
      3,
      4
    ],
    [
      4,
      2
    ],
    [
      1,
      2
    ],
    [
      2,
      1
    ],
    [
      2,
      4
    ],
    [
      4,
      3
    ],
    [
      3,
      2
    ],
    [
      0,
      4
    ],
    [
      2,
      0
    ]
  ],
  "metrics": {
    "n_nodes": 5,
    "n_edges": 12,
    "p": 8,
    "strongly_connected": true,
    "edges": [
      [
        0,
        1
      ],
      [
        1,
        0
      ],
      [
        2,
        3
      ],
      [
        3,
        4
      ],
      [
        4,
        2
      ],
      [
        1,
        2
      ],
      [
        2,
        1
      ],
      [
        2,
        4
      ],
      [
        4,
        3
      ],
      [
        3,
        2
      ],
      [
        0,
        4
      ],
      [
        2,
        0
      ]
    ],
    "tree_counts_enum": [
      9,
      9,
      9,
      12,
      15
    ],
    "tree_counts_det": [
      9,
      9,
      9,
      12,
      15
    ],
    "tree_counts_match_det": true,
    "tree_enumeration_truncated": false,
    "max_trees_per_root": null,
    "n_trees_total_enum": 54,
    "rank_M": 12,
    "rank_D": 11,
    "rank_D_anchor": 11,
    "d_rel": 88,
    "effective_rank_D": 8.27727317355449,
    "condition_number_D": 4.432085873679878,
    "effective_rank_D_masked": 66.21818538843586,
    "condition_number_D_masked": 4.432085873679878,
    "singular_values_D_masked": [
      5.38922693820658,
      5.016185853686784,
      4.816397207416786,
      3.785036682638553,
      3.578437281046787,
      3.193064360324897,
      2.837760039016848,
      2.243140095692422,
      1.9549466596295295,
      1.5971202294923317,
      1.2159572471758102,
      8.094884316760929e-16,
      5.38922693820658,
      5.016185853686784,
      4.816397207416786,
      3.785036682638553,
      3.578437281046787,
      3.193064360324897,
      2.837760039016848,
      2.243140095692422,
      1.9549466596295295,
      1.5971202294923317,
      1.2159572471758102,
      8.094884316760929e-16,
      5.38922693820658,
      5.016185853686784,
      4.816397207416786,
      3.785036682638553,
      3.578437281046787,
      3.193064360324897,
      2.837760039016848,
      2.243140095692422,
      1.9549466596295295,
      1.5971202294923317,
      1.2159572471758102,
      8.094884316760929e-16,
      5.38922693820658,
      5.016185853686784,
      4.816397207416786,
      3.785036682638553,
      3.578437281046787,
      3.193064360324897,
      2.837760039016848,
      2.243140095692422,
      1.9549466596295295,
      1.5971202294923317,
      1.2159572471758102,
      8.094884316760929e-16,
      5.38922693820658,
      5.016185853686784,
      4.816397207416786,
      3.785036682638553,
      3.578437281046787,
      3.193064360324897,
      2.837760039016848,
      2.243140095692422,
      1.9549466596295295,
      1.5971202294923317,
      1.2159572471758102,
      8.094884316760929e-16,
      5.38922693820658,
      5.016185853686784,
      4.816397207416786,
      3.785036682638553,
      3.578437281046787,
      3.193064360324897,
      2.837760039016848,
      2.243140095692422,
      1.9549466596295295,
      1.5971202294923317,
      1.2159572471758102,
      8.094884316760929e-16,
      5.38922693820658,
      5.016185853686784,
      4.816397207416786,
      3.785036682638553,
      3.578437281046787,
      3.193064360324897,
      2.837760039016848,
      2.243140095692422,
      1.9549466596295295,
      1.5971202294923317,
      1.2159572471758102,
      8.094884316760929e-16,
      5.38922693820658,
      5.016185853686784,
      4.816397207416786,
      3.785036682638553,
      3.578437281046787,
      3.193064360324897,
      2.837760039016848,
      2.243140095692422,
      1.9549466596295295,
      1.5971202294923317,
      1.2159572471758102,
      8.094884316760929e-16
    ],
    "singular_values_D": [
      5.38922693820658,
      5.016185853686784,
      4.816397207416786,
      3.785036682638553,
      3.578437281046787,
      3.193064360324897,
      2.837760039016848,
      2.243140095692422,
      1.9549466596295295,
      1.5971202294923317,
      1.2159572471758102,
      8.094884316760929e-16
    ],
    "singular_values_D_anchor": [
      13.143492701800726,
      5.354949491466797,
      4.8905336543716285,
      3.9878516851251953,
      3.607641886144494,
      3.197626274494846,
      2.8939748063055752,
      2.5248857080385845,
      2.1707090443487638,
      1.6038306584675277,
      1.2159575362661013,
      5.046215746408993e-16
    ],
    "root_tree_count_cv": 0.2222222222222222,
    "root_tree_count_gini": 0.11111111111111116,
    "edge_participation": [
      0.2777777777777778,
      0.3888888888888889,
      0.16666666666666666,
      0.3333333333333333,
      0.3888888888888889,
      0.4444444444444444,
      0.2222222222222222,
      0.16666666666666666,
      0.3333333333333333,
      0.4444444444444444,
      0.5555555555555556,
      0.2777777777777778
    ],
    "edge_participation_mean": 0.3333333333333333,
    "edge_participation_var": 0.012860082304526748,
    "edge_participation_gini": 0.19212962962962976,
    "bottleneck_edge_fraction_095": 0.0,
    "mean_shortest_path": 1.4,
    "comparison_branch_d_rel_values": [
      22,
      22,
      22
    ],
    "comparison_branch_d_rel_min": 22,
    "comparison_branch_d_rel_mean": 22.0,
    "comparison_branch_d_rel_max": 22,
    "comparison_branch_d_rel_gini": 0.0,
    "comparison_branch_common_d_rel_values": [
      22,
      22,
      22
    ],
    "comparison_branch_common_d_rel_min": 22,
    "comparison_branch_common_d_rel_mean": 22.0,
    "comparison_branch_common_d_rel_max": 22,
    "comparison_branch_common_d_rel_gini": 0.0,
    "comparison_branch_input_count_values": [
      24,
      24,
      24
    ],
    "comparison_branch_input_count_min": 24,
    "comparison_branch_input_count_mean": 24.0,
    "comparison_branch_input_count_max": 24,
    "comparison_branch_input_count_gini": 0.0,
    "comparison_branch_input_overlap_values": [
      24,
      24,
      24
    ],
    "comparison_branch_input_overlap_min": 24,
    "comparison_branch_input_overlap_mean": 24.0,
    "comparison_branch_input_overlap_max": 24,
    "comparison_branch_input_overlap_gini": 0.0,
    "in_degree": [
      2,
      2,
      3,
      2,
      3
    ],
    "out_degree": [
      2,
      2,
      4,
      2,
      2
    ],
    "in_degree_cv": 0.2041241452319315,
    "out_degree_cv": 0.33333333333333337
  }
}