{
  "name": "bottleneck_bridge_n5_m12_seed14",
  "family": "bottleneck_bridge",
  "seed": 14,
  "n_nodes": 5,
  "edges": [
    [
      0,
      1
    ],
    [
      1,
      0
    ],
    [
      2,
      3
    ],
    [
      3,
      4
    ],
    [
      4,
      2
    ],
    [
      1,
      2
    ],
    [
      2,
      1
    ],
    [
      3,
      2
    ],
    [
      4,
      3
    ],
    [
      2,
      4
    ],
    [
      3,
      0
    ],
    [
      3,
      1
    ]
  ],
  "metrics": {
    "n_nodes": 5,
    "n_edges": 12,
    "p": 8,
    "strongly_connected": true,
    "edges": [
      [
        0,
        1
      ],
      [
        1,
        0
      ],
      [
        2,
        3
      ],
      [
        3,
        4
      ],
      [
        4,
        2
      ],
      [
        1,
        2
      ],
      [
        2,
        1
      ],
      [
        3,
        2
      ],
      [
        4,
        3
      ],
      [
        2,
        4
      ],
      [
        3,
        0
      ],
      [
        3,
        1
      ]
    ],
    "tree_counts_enum": [
      16,
      13,
      7,
      3,
      5
    ],
    "tree_counts_det": [
      16,
      13,
      7,
      3,
      5
    ],
    "tree_counts_match_det": true,
    "tree_enumeration_truncated": false,
    "max_trees_per_root": null,
    "n_trees_total_enum": 44,
    "rank_M": 12,
    "rank_D": 11,
    "rank_D_anchor": 11,
    "d_rel": 88,
    "effective_rank_D": 7.774488657482728,
    "condition_number_D": 5.448141446093251,
    "effective_rank_D_masked": 62.195909259861835,
    "condition_number_D_masked": 5.448141446093251,
    "singular_values_D_masked": [
      5.045585701522867,
      4.662426067246078,
      4.004967519875135,
      3.6515604983477497,
      3.1180699792659423,
      2.791934208431313,
      2.2879220142368646,
      2.1089848059424234,
      1.3401957983415143,
      1.1218463619658154,
      0.9261113631954163,
      5.135433195340103e-16,
      5.045585701522867,
      4.662426067246078,
      4.004967519875135,
      3.6515604983477497,
      3.1180699792659423,
      2.791934208431313,
      2.2879220142368646,
      2.1089848059424234,
      1.3401957983415143,
      1.1218463619658154,
      0.9261113631954163,
      5.135433195340103e-16,
      5.045585701522867,
      4.662426067246078,
      4.004967519875135,
      3.6515604983477497,
      3.1180699792659423,
      2.791934208431313,
      2.2879220142368646,
      2.1089848059424234,
      1.3401957983415143,
      1.1218463619658154,
      0.9261113631954163,
      5.135433195340103e-16,
      5.045585701522867,
      4.662426067246078,
      4.004967519875135,
      3.6515604983477497,
      3.1180699792659423,
      2.791934208431313,
      2.2879220142368646,
      2.1089848059424234,
      1.3401957983415143,
      1.1218463619658154,
      0.9261113631954163,
      5.135433195340103e-16,
      5.045585701522867,
      4.662426067246078,
      4.004967519875135,
      3.6515604983477497,
      3.1180699792659423,
      2.791934208431313,
      2.2879220142368646,
      2.1089848059424234,
      1.3401957983415143,
      1.1218463619658154,
      0.9261113631954163,
      5.135433195340103e-16,
      5.045585701522867,
      4.662426067246078,
      4.004967519875135,
      3.6515604983477497,
      3.1180699792659423,
      2.791934208431313,
      2.2879220142368646,
      2.1089848059424234,
      1.3401957983415143,
      1.1218463619658154,
      0.9261113631954163,
      5.135433195340103e-16,
      5.045585701522867,
      4.662426067246078,
      4.004967519875135,
      3.6515604983477497,
      3.1180699792659423,
      2.791934208431313,
      2.2879220142368646,
      2.1089848059424234,
      1.3401957983415143,
      1.1218463619658154,
      0.9261113631954163,
      5.135433195340103e-16,
      5.045585701522867,
      4.662426067246078,
      4.004967519875135,
      3.6515604983477497,
      3.1180699792659423,
      2.791934208431313,
      2.2879220142368646,
      2.1089848059424234,
      1.3401957983415143,
      1.1218463619658154,
      0.9261113631954163,
      5.135433195340103e-16
    ],
    "singular_values_D": [
      5.045585701522867,
      4.662426067246078,
      4.004967519875135,
      3.6515604983477497,
      3.1180699792659423,
      2.791934208431313,
      2.2879220142368646,
      2.1089848059424234,
      1.3401957983415143,
      1.1218463619658154,
      0.9261113631954163,
      5.135433195340103e-16
    ],
    "singular_values_D_anchor": [
      11.943800127320662,
      4.769150483972031,
      4.619625136567571,
      3.660148561760704,
      3.1360828442074062,
      2.7919575101515504,
      2.3253457464236753,
      2.1858849325090257,
      1.3581378257862144,
      1.1571502761700936,
      0.9296854548729345,
      6.005770504902758e-16
    ],
    "root_tree_count_cv": 0.5585548057929322,
    "root_tree_count_gini": 0.3090909090909091,
    "edge_participation": [
      0.6363636363636364,
      0.29545454545454547,
      0.29545454545454547,
      0.11363636363636363,
      0.4090909090909091,
      0.4090909090909091,
      0.3181818181818182,
      0.1590909090909091,
      0.4772727272727273,
      0.22727272727272727,
      0.36363636363636365,
      0.29545454545454547
    ],
    "edge_participation_mean": 0.3333333333333334,
    "edge_participation_var": 0.018279384756657482,
    "edge_participation_gini": 0.22253787878787845,
    "bottleneck_edge_fraction_095": 0.0,
    "mean_shortest_path": 1.5,
    "comparison_branch_d_rel_values": [
      22,
      22,
      22
    ],
    "comparison_branch_d_rel_min": 22,
    "comparison_branch_d_rel_mean": 22.0,
    "comparison_branch_d_rel_max": 22,
    "comparison_branch_d_rel_gini": 0.0,
    "comparison_branch_common_d_rel_values": [
      22,
      22,
      22
    ],
    "comparison_branch_common_d_rel_min": 22,
    "comparison_branch_common_d_rel_mean": 22.0,
    "comparison_branch_common_d_rel_max": 22,
    "comparison_branch_common_d_rel_gini": 0.0,
    "comparison_branch_input_count_values": [
      24,
      24,
      24
    ],
    "comparison_branch_input_count_min": 24,
    "comparison_branch_input_count_mean": 24.0,
    "comparison_branch_input_count_max": 24,
    "comparison_branch_input_count_gini": 0.0,
    "comparison_branch_input_overlap_values": [
      24,
      24,
      24
    ],
    "comparison_branch_input_overlap_min": 24,
    "comparison_branch_input_overlap_mean": 24.0,
    "comparison_branch_input_overlap_max": 24,
    "comparison_branch_input_overlap_gini": 0.0,
    "in_degree": [
      2,
      3,
      3,
      2,
      2
    ],
    "out_degree": [
      1,
      2,
      3,
      4,
      2
    ],
    "in_degree_cv": 0.2041241452319315,
    "out_degree_cv": 0.4249182927993988
  }
}