{
  "name": "bottleneck_bridge_n5_m12_seed15",
  "family": "bottleneck_bridge",
  "seed": 15,
  "n_nodes": 5,
  "edges": [
    [
      0,
      1
    ],
    [
      1,
      0
    ],
    [
      2,
      3
    ],
    [
      3,
      4
    ],
    [
      4,
      2
    ],
    [
      1,
      2
    ],
    [
      2,
      1
    ],
    [
      3,
      2
    ],
    [
      4,
      3
    ],
    [
      2,
      4
    ],
    [
      1,
      4
    ],
    [
      1,
      3
    ]
  ],
  "metrics": {
    "n_nodes": 5,
    "n_edges": 12,
    "p": 8,
    "strongly_connected": true,
    "edges": [
      [
        0,
        1
      ],
      [
        1,
        0
      ],
      [
        2,
        3
      ],
      [
        3,
        4
      ],
      [
        4,
        2
      ],
      [
        1,
        2
      ],
      [
        2,
        1
      ],
      [
        3,
        2
      ],
      [
        4,
        3
      ],
      [
        2,
        4
      ],
      [
        1,
        4
      ],
      [
        1,
        3
      ]
    ],
    "tree_counts_enum": [
      3,
      3,
      9,
      12,
      12
    ],
    "tree_counts_det": [
      3,
      3,
      9,
      12,
      12
    ],
    "tree_counts_match_det": true,
    "tree_enumeration_truncated": false,
    "max_trees_per_root": null,
    "n_trees_total_enum": 39,
    "rank_M": 11,
    "rank_D": 10,
    "rank_D_anchor": 10,
    "d_rel": 80,
    "effective_rank_D": 8.122478357458489,
    "condition_number_D": 4.559488673161592,
    "effective_rank_D_masked": 64.97982685966784,
    "condition_number_D_masked": 4.559488673161592,
    "singular_values_D_masked": [
      4.104713724819044,
      3.9892054288986967,
      3.4696330371372666,
      3.354811179152134,
      3.152541529338612,
      2.9313887527938087,
      2.0431479952962626,
      2.0164694539335195,
      1.6954792611894653,
      0.9002574672420004,
      7.188033659732097e-16,
      4.061423801099213e-16,
      4.104713724819044,
      3.9892054288986967,
      3.4696330371372666,
      3.354811179152134,
      3.152541529338612,
      2.9313887527938087,
      2.0431479952962626,
      2.0164694539335195,
      1.6954792611894653,
      0.9002574672420004,
      7.188033659732097e-16,
      4.061423801099213e-16,
      4.104713724819044,
      3.9892054288986967,
      3.4696330371372666,
      3.354811179152134,
      3.152541529338612,
      2.9313887527938087,
      2.0431479952962626,
      2.0164694539335195,
      1.6954792611894653,
      0.9002574672420004,
      7.188033659732097e-16,
      4.061423801099213e-16,
      4.104713724819044,
      3.9892054288986967,
      3.4696330371372666,
      3.354811179152134,
      3.152541529338612,
      2.9313887527938087,
      2.0431479952962626,
      2.0164694539335195,
      1.6954792611894653,
      0.9002574672420004,
      7.188033659732097e-16,
      4.061423801099213e-16,
      4.104713724819044,
      3.9892054288986967,
      3.4696330371372666,
      3.354811179152134,
      3.152541529338612,
      2.9313887527938087,
      2.0431479952962626,
      2.0164694539335195,
      1.6954792611894653,
      0.9002574672420004,
      7.188033659732097e-16,
      4.061423801099213e-16,
      4.104713724819044,
      3.9892054288986967,
      3.4696330371372666,
      3.354811179152134,
      3.152541529338612,
      2.9313887527938087,
      2.0431479952962626,
      2.0164694539335195,
      1.6954792611894653,
      0.9002574672420004,
      7.188033659732097e-16,
      4.061423801099213e-16,
      4.104713724819044,
      3.9892054288986967,
      3.4696330371372666,
      3.354811179152134,
      3.152541529338612,
      2.9313887527938087,
      2.0431479952962626,
      2.0164694539335195,
      1.6954792611894653,
      0.9002574672420004,
      7.188033659732097e-16,
      4.061423801099213e-16,
      4.104713724819044,
      3.9892054288986967,
      3.4696330371372666,
      3.354811179152134,
      3.152541529338612,
      2.9313887527938087,
      2.0431479952962626,
      2.0164694539335195,
      1.6954792611894653,
      0.9002574672420004,
      7.188033659732097e-16,
      4.061423801099213e-16
    ],
    "singular_values_D": [
      4.104713724819044,
      3.9892054288986967,
      3.4696330371372666,
      3.354811179152134,
      3.152541529338612,
      2.9313887527938087,
      2.0431479952962626,
      2.0164694539335195,
      1.6954792611894653,
      0.9002574672420004,
      7.188033659732097e-16,
      4.061423801099213e-16
    ],
    "singular_values_D_anchor": [
      12.415774688310735,
      4.0582534604070455,
      3.4790135966330253,
      3.4045401993035487,
      3.2363409373333556,
      3.1427417537669378,
      2.328037608041506,
      2.040574448904283,
      1.712867055973459,
      0.9035170363748922,
      1.0570352466490681e-15,
      5.060633158136222e-16
    ],
    "root_tree_count_cv": 0.521717691009636,
    "root_tree_count_gini": 0.27692307692307705,
    "edge_participation": [
      0.9230769230769231,
      0.07692307692307693,
      0.23076923076923078,
      0.3333333333333333,
      0.358974358974359,
      0.23076923076923078,
      0.3076923076923077,
      0.358974358974359,
      0.3333333333333333,
      0.23076923076923078,
      0.3076923076923077,
      0.3076923076923077
    ],
    "edge_participation_mean": 0.3333333333333333,
    "edge_participation_var": 0.03736576813499891,
    "edge_participation_gini": 0.24893162393162416,
    "bottleneck_edge_fraction_095": 0.0,
    "mean_shortest_path": 1.5,
    "comparison_branch_d_rel_values": [
      20,
      20,
      20
    ],
    "comparison_branch_d_rel_min": 20,
    "comparison_branch_d_rel_mean": 20.0,
    "comparison_branch_d_rel_max": 20,
    "comparison_branch_d_rel_gini": 0.0,
    "comparison_branch_common_d_rel_values": [
      20,
      20,
      20
    ],
    "comparison_branch_common_d_rel_min": 20,
    "comparison_branch_common_d_rel_mean": 20.0,
    "comparison_branch_common_d_rel_max": 20,
    "comparison_branch_common_d_rel_gini": 0.0,
    "comparison_branch_input_count_values": [
      24,
      24,
      24
    ],
    "comparison_branch_input_count_min": 24,
    "comparison_branch_input_count_mean": 24.0,
    "comparison_branch_input_count_max": 24,
    "comparison_branch_input_count_gini": 0.0,
    "comparison_branch_input_overlap_values": [
      24,
      24,
      24
    ],
    "comparison_branch_input_overlap_min": 24,
    "comparison_branch_input_overlap_mean": 24.0,
    "comparison_branch_input_overlap_max": 24,
    "comparison_branch_input_overlap_gini": 0.0,
    "in_degree": [
      1,
      2,
      3,
      3,
      3
    ],
    "out_degree": [
      1,
      4,
      3,
      2,
      2
    ],
    "in_degree_cv": 0.33333333333333337,
    "out_degree_cv": 0.4249182927993988
  }
}