{
  "name": "bottleneck_bridge_n5_m12_seed13",
  "family": "bottleneck_bridge",
  "seed": 13,
  "n_nodes": 5,
  "edges": [
    [
      0,
      1
    ],
    [
      1,
      0
    ],
    [
      2,
      3
    ],
    [
      3,
      4
    ],
    [
      4,
      2
    ],
    [
      1,
      2
    ],
    [
      2,
      1
    ],
    [
      2,
      4
    ],
    [
      4,
      3
    ],
    [
      3,
      2
    ],
    [
      4,
      0
    ],
    [
      3,
      1
    ]
  ],
  "metrics": {
    "n_nodes": 5,
    "n_edges": 12,
    "p": 8,
    "strongly_connected": true,
    "edges": [
      [
        0,
        1
      ],
      [
        1,
        0
      ],
      [
        2,
        3
      ],
      [
        3,
        4
      ],
      [
        4,
        2
      ],
      [
        1,
        2
      ],
      [
        2,
        1
      ],
      [
        2,
        4
      ],
      [
        4,
        3
      ],
      [
        3,
        2
      ],
      [
        4,
        0
      ],
      [
        3,
        1
      ]
    ],
    "tree_counts_enum": [
      20,
      16,
      8,
      4,
      4
    ],
    "tree_counts_det": [
      20,
      16,
      8,
      4,
      4
    ],
    "tree_counts_match_det": true,
    "tree_enumeration_truncated": false,
    "max_trees_per_root": null,
    "n_trees_total_enum": 52,
    "rank_M": 12,
    "rank_D": 11,
    "rank_D_anchor": 11,
    "d_rel": 88,
    "effective_rank_D": 8.134486930483757,
    "condition_number_D": 4.938121261546548,
    "effective_rank_D_masked": 65.07589544387007,
    "condition_number_D_masked": 4.938121261546548,
    "singular_values_D_masked": [
      5.347682971608245,
      4.846398905466804,
      4.402330525060782,
      4.093046970701882,
      3.4434175486672167,
      3.253143815459493,
      3.1192429564067923,
      2.489354577277408,
      1.3945513706170456,
      1.1721425536920416,
      1.0829387713199714,
      8.780473820994001e-16,
      5.347682971608245,
      4.846398905466804,
      4.402330525060782,
      4.093046970701882,
      3.4434175486672167,
      3.253143815459493,
      3.1192429564067923,
      2.489354577277408,
      1.3945513706170456,
      1.1721425536920416,
      1.0829387713199714,
      8.780473820994001e-16,
      5.347682971608245,
      4.846398905466804,
      4.402330525060782,
      4.093046970701882,
      3.4434175486672167,
      3.253143815459493,
      3.1192429564067923,
      2.489354577277408,
      1.3945513706170456,
      1.1721425536920416,
      1.0829387713199714,
      8.780473820994001e-16,
      5.347682971608245,
      4.846398905466804,
      4.402330525060782,
      4.093046970701882,
      3.4434175486672167,
      3.253143815459493,
      3.1192429564067923,
      2.489354577277408,
      1.3945513706170456,
      1.1721425536920416,
      1.0829387713199714,
      8.780473820994001e-16,
      5.347682971608245,
      4.846398905466804,
      4.402330525060782,
      4.093046970701882,
      3.4434175486672167,
      3.253143815459493,
      3.1192429564067923,
      2.489354577277408,
      1.3945513706170456,
      1.1721425536920416,
      1.0829387713199714,
      8.780473820994001e-16,
      5.347682971608245,
      4.846398905466804,
      4.402330525060782,
      4.093046970701882,
      3.4434175486672167,
      3.253143815459493,
      3.1192429564067923,
      2.489354577277408,
      1.3945513706170456,
      1.1721425536920416,
      1.0829387713199714,
      8.780473820994001e-16,
      5.347682971608245,
      4.846398905466804,
      4.402330525060782,
      4.093046970701882,
      3.4434175486672167,
      3.253143815459493,
      3.1192429564067923,
      2.489354577277408,
      1.3945513706170456,
      1.1721425536920416,
      1.0829387713199714,
      8.780473820994001e-16,
      5.347682971608245,
      4.846398905466804,
      4.402330525060782,
      4.093046970701882,
      3.4434175486672167,
      3.253143815459493,
      3.1192429564067923,
      2.489354577277408,
      1.3945513706170456,
      1.1721425536920416,
      1.0829387713199714,
      8.780473820994001e-16
    ],
    "singular_values_D": [
      5.347682971608245,
      4.846398905466804,
      4.402330525060782,
      4.093046970701882,
      3.4434175486672167,
      3.253143815459493,
      3.1192429564067923,
      2.489354577277408,
      1.3945513706170456,
      1.1721425536920416,
      1.0829387713199714,
      8.780473820994001e-16
    ],
    "singular_values_D_anchor": [
      13.066119493084935,
      5.251044108765856,
      4.484426789681559,
      4.370370846034717,
      3.551906999530074,
      3.332402308972203,
      3.12224022765285,
      2.5282597069710393,
      1.4405443045316435,
      1.1741503219696843,
      1.0851754038938843,
      7.465950951557126e-16
    ],
    "root_tree_count_cv": 0.6249260311258431,
    "root_tree_count_gini": 0.3384615384615386,
    "edge_participation": [
      0.6153846153846154,
      0.3076923076923077,
      0.25,
      0.2692307692307692,
      0.23076923076923078,
      0.38461538461538464,
      0.3076923076923077,
      0.28846153846153844,
      0.23076923076923078,
      0.25,
      0.46153846153846156,
      0.40384615384615385
    ],
    "edge_participation_mean": 0.3333333333333334,
    "edge_participation_var": 0.01216305062458909,
    "edge_participation_gini": 0.1706730769230771,
    "bottleneck_edge_fraction_095": 0.0,
    "mean_shortest_path": 1.5,
    "comparison_branch_d_rel_values": [
      22,
      22,
      22
    ],
    "comparison_branch_d_rel_min": 22,
    "comparison_branch_d_rel_mean": 22.0,
    "comparison_branch_d_rel_max": 22,
    "comparison_branch_d_rel_gini": 0.0,
    "comparison_branch_common_d_rel_values": [
      22,
      22,
      22
    ],
    "comparison_branch_common_d_rel_min": 22,
    "comparison_branch_common_d_rel_mean": 22.0,
    "comparison_branch_common_d_rel_max": 22,
    "comparison_branch_common_d_rel_gini": 0.0,
    "comparison_branch_input_count_values": [
      24,
      24,
      24
    ],
    "comparison_branch_input_count_min": 24,
    "comparison_branch_input_count_mean": 24.0,
    "comparison_branch_input_count_max": 24,
    "comparison_branch_input_count_gini": 0.0,
    "comparison_branch_input_overlap_values": [
      24,
      24,
      24
    ],
    "comparison_branch_input_overlap_min": 24,
    "comparison_branch_input_overlap_mean": 24.0,
    "comparison_branch_input_overlap_max": 24,
    "comparison_branch_input_overlap_gini": 0.0,
    "in_degree": [
      2,
      3,
      3,
      2,
      2
    ],
    "out_degree": [
      1,
      2,
      3,
      3,
      3
    ],
    "in_degree_cv": 0.2041241452319315,
    "out_degree_cv": 0.33333333333333337
  }
}