{
  "name": "bottleneck_bridge_n5_m12_seed10",
  "family": "bottleneck_bridge",
  "seed": 10,
  "n_nodes": 5,
  "edges": [
    [
      0,
      1
    ],
    [
      1,
      0
    ],
    [
      2,
      3
    ],
    [
      3,
      4
    ],
    [
      4,
      2
    ],
    [
      1,
      2
    ],
    [
      2,
      1
    ],
    [
      3,
      2
    ],
    [
      2,
      4
    ],
    [
      4,
      3
    ],
    [
      4,
      1
    ],
    [
      4,
      0
    ]
  ],
  "metrics": {
    "n_nodes": 5,
    "n_edges": 12,
    "p": 8,
    "strongly_connected": true,
    "edges": [
      [
        0,
        1
      ],
      [
        1,
        0
      ],
      [
        2,
        3
      ],
      [
        3,
        4
      ],
      [
        4,
        2
      ],
      [
        1,
        2
      ],
      [
        2,
        1
      ],
      [
        3,
        2
      ],
      [
        2,
        4
      ],
      [
        4,
        3
      ],
      [
        4,
        1
      ],
      [
        4,
        0
      ]
    ],
    "tree_counts_enum": [
      16,
      13,
      7,
      5,
      3
    ],
    "tree_counts_det": [
      16,
      13,
      7,
      5,
      3
    ],
    "tree_counts_match_det": true,
    "tree_enumeration_truncated": false,
    "max_trees_per_root": null,
    "n_trees_total_enum": 44,
    "rank_M": 12,
    "rank_D": 11,
    "rank_D_anchor": 11,
    "d_rel": 88,
    "effective_rank_D": 7.77448865748273,
    "condition_number_D": 5.448141446093251,
    "effective_rank_D_masked": 62.195909259861835,
    "condition_number_D_masked": 5.448141446093251,
    "singular_values_D_masked": [
      5.045585701522867,
      4.662426067246077,
      4.004967519875135,
      3.6515604983477488,
      3.1180699792659423,
      2.791934208431314,
      2.2879220142368646,
      2.1089848059424243,
      1.3401957983415145,
      1.1218463619658154,
      0.9261113631954163,
      5.693801001344145e-16,
      5.045585701522867,
      4.662426067246077,
      4.004967519875135,
      3.6515604983477488,
      3.1180699792659423,
      2.791934208431314,
      2.2879220142368646,
      2.1089848059424243,
      1.3401957983415145,
      1.1218463619658154,
      0.9261113631954163,
      5.693801001344145e-16,
      5.045585701522867,
      4.662426067246077,
      4.004967519875135,
      3.6515604983477488,
      3.1180699792659423,
      2.791934208431314,
      2.2879220142368646,
      2.1089848059424243,
      1.3401957983415145,
      1.1218463619658154,
      0.9261113631954163,
      5.693801001344145e-16,
      5.045585701522867,
      4.662426067246077,
      4.004967519875135,
      3.6515604983477488,
      3.1180699792659423,
      2.791934208431314,
      2.2879220142368646,
      2.1089848059424243,
      1.3401957983415145,
      1.1218463619658154,
      0.9261113631954163,
      5.693801001344145e-16,
      5.045585701522867,
      4.662426067246077,
      4.004967519875135,
      3.6515604983477488,
      3.1180699792659423,
      2.791934208431314,
      2.2879220142368646,
      2.1089848059424243,
      1.3401957983415145,
      1.1218463619658154,
      0.9261113631954163,
      5.693801001344145e-16,
      5.045585701522867,
      4.662426067246077,
      4.004967519875135,
      3.6515604983477488,
      3.1180699792659423,
      2.791934208431314,
      2.2879220142368646,
      2.1089848059424243,
      1.3401957983415145,
      1.1218463619658154,
      0.9261113631954163,
      5.693801001344145e-16,
      5.045585701522867,
      4.662426067246077,
      4.004967519875135,
      3.6515604983477488,
      3.1180699792659423,
      2.791934208431314,
      2.2879220142368646,
      2.1089848059424243,
      1.3401957983415145,
      1.1218463619658154,
      0.9261113631954163,
      5.693801001344145e-16,
      5.045585701522867,
      4.662426067246077,
      4.004967519875135,
      3.6515604983477488,
      3.1180699792659423,
      2.791934208431314,
      2.2879220142368646,
      2.1089848059424243,
      1.3401957983415145,
      1.1218463619658154,
      0.9261113631954163,
      5.693801001344145e-16
    ],
    "singular_values_D": [
      5.045585701522867,
      4.662426067246077,
      4.004967519875135,
      3.6515604983477488,
      3.1180699792659423,
      2.791934208431314,
      2.2879220142368646,
      2.1089848059424243,
      1.3401957983415145,
      1.1218463619658154,
      0.9261113631954163,
      5.693801001344145e-16
    ],
    "singular_values_D_anchor": [
      12.1385175555084,
      4.988884535901282,
      4.204441301923002,
      3.8213556722537128,
      3.411792483698162,
      2.8084572323795816,
      2.2929885880361205,
      2.1415449036285836,
      1.4062459726819552,
      1.1313550307861449,
      0.9263226481429093,
      4.1497723309426583e-16
    ],
    "root_tree_count_cv": 0.5585548057929322,
    "root_tree_count_gini": 0.3090909090909091,
    "edge_participation": [
      0.6363636363636364,
      0.29545454545454547,
      0.22727272727272727,
      0.4772727272727273,
      0.1590909090909091,
      0.4090909090909091,
      0.3181818181818182,
      0.4090909090909091,
      0.29545454545454547,
      0.11363636363636363,
      0.29545454545454547,
      0.36363636363636365
    ],
    "edge_participation_mean": 0.3333333333333333,
    "edge_participation_var": 0.018279384756657486,
    "edge_participation_gini": 0.22253787878787845,
    "bottleneck_edge_fraction_095": 0.0,
    "mean_shortest_path": 1.5,
    "comparison_branch_d_rel_values": [
      22,
      22,
      22
    ],
    "comparison_branch_d_rel_min": 22,
    "comparison_branch_d_rel_mean": 22.0,
    "comparison_branch_d_rel_max": 22,
    "comparison_branch_d_rel_gini": 0.0,
    "comparison_branch_common_d_rel_values": [
      22,
      22,
      22
    ],
    "comparison_branch_common_d_rel_min": 22,
    "comparison_branch_common_d_rel_mean": 22.0,
    "comparison_branch_common_d_rel_max": 22,
    "comparison_branch_common_d_rel_gini": 0.0,
    "comparison_branch_input_count_values": [
      24,
      24,
      24
    ],
    "comparison_branch_input_count_min": 24,
    "comparison_branch_input_count_mean": 24.0,
    "comparison_branch_input_count_max": 24,
    "comparison_branch_input_count_gini": 0.0,
    "comparison_branch_input_overlap_values": [
      24,
      24,
      24
    ],
    "comparison_branch_input_overlap_min": 24,
    "comparison_branch_input_overlap_mean": 24.0,
    "comparison_branch_input_overlap_max": 24,
    "comparison_branch_input_overlap_gini": 0.0,
    "in_degree": [
      2,
      3,
      3,
      2,
      2
    ],
    "out_degree": [
      1,
      2,
      3,
      2,
      4
    ],
    "in_degree_cv": 0.2041241452319315,
    "out_degree_cv": 0.4249182927993988
  }
}