{
  "name": "bottleneck_bridge_n5_m12_seed9",
  "family": "bottleneck_bridge",
  "seed": 9,
  "n_nodes": 5,
  "edges": [
    [
      0,
      1
    ],
    [
      1,
      0
    ],
    [
      2,
      3
    ],
    [
      3,
      4
    ],
    [
      4,
      2
    ],
    [
      1,
      2
    ],
    [
      2,
      1
    ],
    [
      2,
      4
    ],
    [
      4,
      3
    ],
    [
      3,
      2
    ],
    [
      4,
      1
    ],
    [
      0,
      3
    ]
  ],
  "metrics": {
    "n_nodes": 5,
    "n_edges": 12,
    "p": 8,
    "strongly_connected": true,
    "edges": [
      [
        0,
        1
      ],
      [
        1,
        0
      ],
      [
        2,
        3
      ],
      [
        3,
        4
      ],
      [
        4,
        2
      ],
      [
        1,
        2
      ],
      [
        2,
        1
      ],
      [
        2,
        4
      ],
      [
        4,
        3
      ],
      [
        3,
        2
      ],
      [
        4,
        1
      ],
      [
        0,
        3
      ]
    ],
    "tree_counts_enum": [
      8,
      16,
      14,
      16,
      10
    ],
    "tree_counts_det": [
      8,
      16,
      14,
      16,
      10
    ],
    "tree_counts_match_det": true,
    "tree_enumeration_truncated": false,
    "max_trees_per_root": null,
    "n_trees_total_enum": 64,
    "rank_M": 12,
    "rank_D": 11,
    "rank_D_anchor": 11,
    "d_rel": 88,
    "effective_rank_D": 8.497578669739596,
    "condition_number_D": 3.92772586800728,
    "effective_rank_D_masked": 67.9806293579167,
    "condition_number_D_masked": 3.92772586800728,
    "singular_values_D_masked": [
      5.866274453917929,
      5.240780593129287,
      4.998086206754578,
      4.6843361047362535,
      3.820868907882836,
      3.7165011913589154,
      3.3324774683952443,
      2.3617815962458857,
      2.147776869235254,
      1.787786824852162,
      1.4935549605691207,
      6.549246843541457e-16,
      5.866274453917929,
      5.240780593129287,
      4.998086206754578,
      4.6843361047362535,
      3.820868907882836,
      3.7165011913589154,
      3.3324774683952443,
      2.3617815962458857,
      2.147776869235254,
      1.787786824852162,
      1.4935549605691207,
      6.549246843541457e-16,
      5.866274453917929,
      5.240780593129287,
      4.998086206754578,
      4.6843361047362535,
      3.820868907882836,
      3.7165011913589154,
      3.3324774683952443,
      2.3617815962458857,
      2.147776869235254,
      1.787786824852162,
      1.4935549605691207,
      6.549246843541457e-16,
      5.866274453917929,
      5.240780593129287,
      4.998086206754578,
      4.6843361047362535,
      3.820868907882836,
      3.7165011913589154,
      3.3324774683952443,
      2.3617815962458857,
      2.147776869235254,
      1.787786824852162,
      1.4935549605691207,
      6.549246843541457e-16,
      5.866274453917929,
      5.240780593129287,
      4.998086206754578,
      4.6843361047362535,
      3.820868907882836,
      3.7165011913589154,
      3.3324774683952443,
      2.3617815962458857,
      2.147776869235254,
      1.787786824852162,
      1.4935549605691207,
      6.549246843541457e-16,
      5.866274453917929,
      5.240780593129287,
      4.998086206754578,
      4.6843361047362535,
      3.820868907882836,
      3.7165011913589154,
      3.3324774683952443,
      2.3617815962458857,
      2.147776869235254,
      1.787786824852162,
      1.4935549605691207,
      6.549246843541457e-16,
      5.866274453917929,
      5.240780593129287,
      4.998086206754578,
      4.6843361047362535,
      3.820868907882836,
      3.7165011913589154,
      3.3324774683952443,
      2.3617815962458857,
      2.147776869235254,
      1.787786824852162,
      1.4935549605691207,
      6.549246843541457e-16,
      5.866274453917929,
      5.240780593129287,
      4.998086206754578,
      4.6843361047362535,
      3.820868907882836,
      3.7165011913589154,
      3.3324774683952443,
      2.3617815962458857,
      2.147776869235254,
      1.787786824852162,
      1.4935549605691207,
      6.549246843541457e-16
    ],
    "singular_values_D": [
      5.866274453917929,
      5.240780593129287,
      4.998086206754578,
      4.6843361047362535,
      3.820868907882836,
      3.7165011913589154,
      3.3324774683952443,
      2.3617815962458857,
      2.147776869235254,
      1.787786824852162,
      1.4935549605691207,
      6.549246843541457e-16
    ],
    "singular_values_D_anchor": [
      13.87700395469697,
      5.849961050809215,
      5.047710968097686,
      4.693272211942109,
      4.3032516079510525,
      3.736484142589098,
      3.4491228347617375,
      2.545996730058012,
      2.189212651039539,
      1.8144306533829102,
      1.6606867306018722,
      7.784799519598555e-16
    ],
    "root_tree_count_cv": 0.2538762001448737,
    "root_tree_count_gini": 0.13749999999999996,
    "edge_participation": [
      0.3125,
      0.375,
      0.234375,
      0.375,
      0.25,
      0.375,
      0.296875,
      0.25,
      0.203125,
      0.375,
      0.390625,
      0.5625
    ],
    "edge_participation_mean": 0.3333333333333333,
    "edge_participation_var": 0.00876193576388889,
    "edge_participation_gini": 0.14908854166666674,
    "bottleneck_edge_fraction_095": 0.0,
    "mean_shortest_path": 1.45,
    "comparison_branch_d_rel_values": [
      22,
      22,
      22
    ],
    "comparison_branch_d_rel_min": 22,
    "comparison_branch_d_rel_mean": 22.0,
    "comparison_branch_d_rel_max": 22,
    "comparison_branch_d_rel_gini": 0.0,
    "comparison_branch_common_d_rel_values": [
      22,
      22,
      22
    ],
    "comparison_branch_common_d_rel_min": 22,
    "comparison_branch_common_d_rel_mean": 22.0,
    "comparison_branch_common_d_rel_max": 22,
    "comparison_branch_common_d_rel_gini": 0.0,
    "comparison_branch_input_count_values": [
      24,
      24,
      24
    ],
    "comparison_branch_input_count_min": 24,
    "comparison_branch_input_count_mean": 24.0,
    "comparison_branch_input_count_max": 24,
    "comparison_branch_input_count_gini": 0.0,
    "comparison_branch_input_overlap_values": [
      24,
      24,
      24
    ],
    "comparison_branch_input_overlap_min": 24,
    "comparison_branch_input_overlap_mean": 24.0,
    "comparison_branch_input_overlap_max": 24,
    "comparison_branch_input_overlap_gini": 0.0,
    "in_degree": [
      1,
      3,
      3,
      3,
      2
    ],
    "out_degree": [
      2,
      2,
      3,
      2,
      3
    ],
    "in_degree_cv": 0.33333333333333337,
    "out_degree_cv": 0.2041241452319315
  }
}