{
  "name": "bottleneck_bridge_n5_m12_seed22",
  "family": "bottleneck_bridge",
  "seed": 22,
  "n_nodes": 5,
  "edges": [
    [
      0,
      1
    ],
    [
      1,
      0
    ],
    [
      2,
      3
    ],
    [
      3,
      4
    ],
    [
      4,
      2
    ],
    [
      1,
      2
    ],
    [
      2,
      1
    ],
    [
      3,
      2
    ],
    [
      4,
      3
    ],
    [
      2,
      4
    ],
    [
      1,
      4
    ],
    [
      0,
      3
    ]
  ],
  "metrics": {
    "n_nodes": 5,
    "n_edges": 12,
    "p": 8,
    "strongly_connected": true,
    "edges": [
      [
        0,
        1
      ],
      [
        1,
        0
      ],
      [
        2,
        3
      ],
      [
        3,
        4
      ],
      [
        4,
        2
      ],
      [
        1,
        2
      ],
      [
        2,
        1
      ],
      [
        3,
        2
      ],
      [
        4,
        3
      ],
      [
        2,
        4
      ],
      [
        1,
        4
      ],
      [
        0,
        3
      ]
    ],
    "tree_counts_enum": [
      3,
      6,
      15,
      19,
      20
    ],
    "tree_counts_det": [
      3,
      6,
      15,
      19,
      20
    ],
    "tree_counts_match_det": true,
    "tree_enumeration_truncated": false,
    "max_trees_per_root": null,
    "n_trees_total_enum": 63,
    "rank_M": 12,
    "rank_D": 11,
    "rank_D_anchor": 11,
    "d_rel": 88,
    "effective_rank_D": 8.354243186513134,
    "condition_number_D": 5.218526812021729,
    "effective_rank_D_masked": 66.83394549210513,
    "condition_number_D_masked": 5.218526812021729,
    "singular_values_D_masked": [
      5.728844533268853,
      5.208863552577569,
      4.925143224914377,
      4.646083266537106,
      4.066586275849473,
      3.923341797582967,
      3.156270902687768,
      2.600797823570405,
      2.1768669219918264,
      1.2917529176699747,
      1.0977896137414727,
      8.588706593143487e-16,
      5.728844533268853,
      5.208863552577569,
      4.925143224914377,
      4.646083266537106,
      4.066586275849473,
      3.923341797582967,
      3.156270902687768,
      2.600797823570405,
      2.1768669219918264,
      1.2917529176699747,
      1.0977896137414727,
      8.588706593143487e-16,
      5.728844533268853,
      5.208863552577569,
      4.925143224914377,
      4.646083266537106,
      4.066586275849473,
      3.923341797582967,
      3.156270902687768,
      2.600797823570405,
      2.1768669219918264,
      1.2917529176699747,
      1.0977896137414727,
      8.588706593143487e-16,
      5.728844533268853,
      5.208863552577569,
      4.925143224914377,
      4.646083266537106,
      4.066586275849473,
      3.923341797582967,
      3.156270902687768,
      2.600797823570405,
      2.1768669219918264,
      1.2917529176699747,
      1.0977896137414727,
      8.588706593143487e-16,
      5.728844533268853,
      5.208863552577569,
      4.925143224914377,
      4.646083266537106,
      4.066586275849473,
      3.923341797582967,
      3.156270902687768,
      2.600797823570405,
      2.1768669219918264,
      1.2917529176699747,
      1.0977896137414727,
      8.588706593143487e-16,
      5.728844533268853,
      5.208863552577569,
      4.925143224914377,
      4.646083266537106,
      4.066586275849473,
      3.923341797582967,
      3.156270902687768,
      2.600797823570405,
      2.1768669219918264,
      1.2917529176699747,
      1.0977896137414727,
      8.588706593143487e-16,
      5.728844533268853,
      5.208863552577569,
      4.925143224914377,
      4.646083266537106,
      4.066586275849473,
      3.923341797582967,
      3.156270902687768,
      2.600797823570405,
      2.1768669219918264,
      1.2917529176699747,
      1.0977896137414727,
      8.588706593143487e-16,
      5.728844533268853,
      5.208863552577569,
      4.925143224914377,
      4.646083266537106,
      4.066586275849473,
      3.923341797582967,
      3.156270902687768,
      2.600797823570405,
      2.1768669219918264,
      1.2917529176699747,
      1.0977896137414727,
      8.588706593143487e-16
    ],
    "singular_values_D": [
      5.728844533268853,
      5.208863552577569,
      4.925143224914377,
      4.646083266537106,
      4.066586275849473,
      3.923341797582967,
      3.156270902687768,
      2.600797823570405,
      2.1768669219918264,
      1.2917529176699747,
      1.0977896137414727,
      8.588706593143487e-16
    ],
    "singular_values_D_anchor": [
      14.522742866485732,
      5.659092825910757,
      5.093378838393424,
      4.651642275909452,
      4.295188897967963,
      4.066528782809513,
      3.188832555669744,
      2.637613160598748,
      2.1846497626160084,
      1.7480236583156674,
      1.2430135189141047,
      5.13939168086509e-16
    ],
    "root_tree_count_cv": 0.5466404875467481,
    "root_tree_count_gini": 0.29841269841269846,
    "edge_participation": [
      0.38095238095238093,
      0.23809523809523808,
      0.23809523809523808,
      0.3333333333333333,
      0.3492063492063492,
      0.2857142857142857,
      0.2857142857142857,
      0.36507936507936506,
      0.3333333333333333,
      0.23809523809523808,
      0.38095238095238093,
      0.5714285714285714
    ],
    "edge_participation_mean": 0.3333333333333333,
    "edge_participation_var": 0.007852523725539597,
    "edge_participation_gini": 0.13624338624338628,
    "bottleneck_edge_fraction_095": 0.0,
    "mean_shortest_path": 1.5,
    "comparison_branch_d_rel_values": [
      22,
      22,
      22
    ],
    "comparison_branch_d_rel_min": 22,
    "comparison_branch_d_rel_mean": 22.0,
    "comparison_branch_d_rel_max": 22,
    "comparison_branch_d_rel_gini": 0.0,
    "comparison_branch_common_d_rel_values": [
      22,
      22,
      22
    ],
    "comparison_branch_common_d_rel_min": 22,
    "comparison_branch_common_d_rel_mean": 22.0,
    "comparison_branch_common_d_rel_max": 22,
    "comparison_branch_common_d_rel_gini": 0.0,
    "comparison_branch_input_count_values": [
      24,
      24,
      24
    ],
    "comparison_branch_input_count_min": 24,
    "comparison_branch_input_count_mean": 24.0,
    "comparison_branch_input_count_max": 24,
    "comparison_branch_input_count_gini": 0.0,
    "comparison_branch_input_overlap_values": [
      24,
      24,
      24
    ],
    "comparison_branch_input_overlap_min": 24,
    "comparison_branch_input_overlap_mean": 24.0,
    "comparison_branch_input_overlap_max": 24,
    "comparison_branch_input_overlap_gini": 0.0,
    "in_degree": [
      1,
      2,
      3,
      3,
      3
    ],
    "out_degree": [
      2,
      3,
      3,
      2,
      2
    ],
    "in_degree_cv": 0.33333333333333337,
    "out_degree_cv": 0.2041241452319315
  }
}