{
  "name": "bottleneck_bridge_n5_m12_seed29",
  "family": "bottleneck_bridge",
  "seed": 29,
  "n_nodes": 5,
  "edges": [
    [
      0,
      1
    ],
    [
      1,
      0
    ],
    [
      2,
      3
    ],
    [
      3,
      4
    ],
    [
      4,
      2
    ],
    [
      1,
      2
    ],
    [
      2,
      1
    ],
    [
      3,
      2
    ],
    [
      2,
      4
    ],
    [
      4,
      3
    ],
    [
      3,
      1
    ],
    [
      4,
      1
    ]
  ],
  "metrics": {
    "n_nodes": 5,
    "n_edges": 12,
    "p": 8,
    "strongly_connected": true,
    "edges": [
      [
        0,
        1
      ],
      [
        1,
        0
      ],
      [
        2,
        3
      ],
      [
        3,
        4
      ],
      [
        4,
        2
      ],
      [
        1,
        2
      ],
      [
        2,
        1
      ],
      [
        3,
        2
      ],
      [
        2,
        4
      ],
      [
        4,
        3
      ],
      [
        3,
        1
      ],
      [
        4,
        1
      ]
    ],
    "tree_counts_enum": [
      16,
      16,
      8,
      4,
      4
    ],
    "tree_counts_det": [
      16,
      16,
      8,
      4,
      4
    ],
    "tree_counts_match_det": true,
    "tree_enumeration_truncated": false,
    "max_trees_per_root": null,
    "n_trees_total_enum": 48,
    "rank_M": 11,
    "rank_D": 10,
    "rank_D_anchor": 10,
    "d_rel": 80,
    "effective_rank_D": 7.799030226945878,
    "condition_number_D": 4.898885604418691,
    "effective_rank_D_masked": 62.39224181556702,
    "condition_number_D_masked": 4.898885604418691,
    "singular_values_D_masked": [
      5.311673324859688,
      4.479534026483446,
      4.277173657273793,
      3.869802253910305,
      3.3525606483255244,
      3.127743963438866,
      3.00594303241407,
      2.3488155551551433,
      1.3036951593600568,
      1.0842615553359056,
      1.0577019916376333e-15,
      5.456674360231174e-16,
      5.311673324859688,
      4.479534026483446,
      4.277173657273793,
      3.869802253910305,
      3.3525606483255244,
      3.127743963438866,
      3.00594303241407,
      2.3488155551551433,
      1.3036951593600568,
      1.0842615553359056,
      1.0577019916376333e-15,
      5.456674360231174e-16,
      5.311673324859688,
      4.479534026483446,
      4.277173657273793,
      3.869802253910305,
      3.3525606483255244,
      3.127743963438866,
      3.00594303241407,
      2.3488155551551433,
      1.3036951593600568,
      1.0842615553359056,
      1.0577019916376333e-15,
      5.456674360231174e-16,
      5.311673324859688,
      4.479534026483446,
      4.277173657273793,
      3.869802253910305,
      3.3525606483255244,
      3.127743963438866,
      3.00594303241407,
      2.3488155551551433,
      1.3036951593600568,
      1.0842615553359056,
      1.0577019916376333e-15,
      5.456674360231174e-16,
      5.311673324859688,
      4.479534026483446,
      4.277173657273793,
      3.869802253910305,
      3.3525606483255244,
      3.127743963438866,
      3.00594303241407,
      2.3488155551551433,
      1.3036951593600568,
      1.0842615553359056,
      1.0577019916376333e-15,
      5.456674360231174e-16,
      5.311673324859688,
      4.479534026483446,
      4.277173657273793,
      3.869802253910305,
      3.3525606483255244,
      3.127743963438866,
      3.00594303241407,
      2.3488155551551433,
      1.3036951593600568,
      1.0842615553359056,
      1.0577019916376333e-15,
      5.456674360231174e-16,
      5.311673324859688,
      4.479534026483446,
      4.277173657273793,
      3.869802253910305,
      3.3525606483255244,
      3.127743963438866,
      3.00594303241407,
      2.3488155551551433,
      1.3036951593600568,
      1.0842615553359056,
      1.0577019916376333e-15,
      5.456674360231174e-16,
      5.311673324859688,
      4.479534026483446,
      4.277173657273793,
      3.869802253910305,
      3.3525606483255244,
      3.127743963438866,
      3.00594303241407,
      2.3488155551551433,
      1.3036951593600568,
      1.0842615553359056,
      1.0577019916376333e-15,
      5.456674360231174e-16
    ],
    "singular_values_D": [
      5.311673324859688,
      4.479534026483446,
      4.277173657273793,
      3.869802253910305,
      3.3525606483255244,
      3.127743963438866,
      3.00594303241407,
      2.3488155551551433,
      1.3036951593600568,
      1.0842615553359056,
      1.0577019916376333e-15,
      5.456674360231174e-16
    ],
    "singular_values_D_anchor": [
      12.744869196267945,
      5.087336965795005,
      4.373662475588816,
      4.054850422678679,
      3.510252634901622,
      3.1930178419235147,
      3.015386198381242,
      2.358176481311249,
      1.3246568988473257,
      1.0913632411199816,
      1.9644473186506293e-15,
      8.616447723171595e-16
    ],
    "root_tree_count_cv": 0.5651941652604391,
    "root_tree_count_gini": 0.30000000000000004,
    "edge_participation": [
      0.6666666666666666,
      0.3333333333333333,
      0.25,
      0.25,
      0.25,
      0.3333333333333333,
      0.3333333333333333,
      0.25,
      0.25,
      0.25,
      0.4166666666666667,
      0.4166666666666667
    ],
    "edge_participation_mean": 0.3333333333333333,
    "edge_participation_var": 0.013888888888888888,
    "edge_participation_gini": 0.16666666666666696,
    "bottleneck_edge_fraction_095": 0.0,
    "mean_shortest_path": 1.5,
    "comparison_branch_d_rel_values": [
      20,
      20,
      20
    ],
    "comparison_branch_d_rel_min": 20,
    "comparison_branch_d_rel_mean": 20.0,
    "comparison_branch_d_rel_max": 20,
    "comparison_branch_d_rel_gini": 0.0,
    "comparison_branch_common_d_rel_values": [
      20,
      20,
      20
    ],
    "comparison_branch_common_d_rel_min": 20,
    "comparison_branch_common_d_rel_mean": 20.0,
    "comparison_branch_common_d_rel_max": 20,
    "comparison_branch_common_d_rel_gini": 0.0,
    "comparison_branch_input_count_values": [
      24,
      24,
      24
    ],
    "comparison_branch_input_count_min": 24,
    "comparison_branch_input_count_mean": 24.0,
    "comparison_branch_input_count_max": 24,
    "comparison_branch_input_count_gini": 0.0,
    "comparison_branch_input_overlap_values": [
      24,
      24,
      24
    ],
    "comparison_branch_input_overlap_min": 24,
    "comparison_branch_input_overlap_mean": 24.0,
    "comparison_branch_input_overlap_max": 24,
    "comparison_branch_input_overlap_gini": 0.0,
    "in_degree": [
      1,
      4,
      3,
      2,
      2
    ],
    "out_degree": [
      1,
      2,
      3,
      3,
      3
    ],
    "in_degree_cv": 0.4249182927993988,
    "out_degree_cv": 0.33333333333333337
  }
}