{
  "name": "bottleneck_bridge_n5_m12_seed38",
  "family": "bottleneck_bridge",
  "seed": 38,
  "n_nodes": 5,
  "edges": [
    [
      0,
      1
    ],
    [
      1,
      0
    ],
    [
      2,
      3
    ],
    [
      3,
      4
    ],
    [
      4,
      2
    ],
    [
      1,
      2
    ],
    [
      2,
      1
    ],
    [
      2,
      4
    ],
    [
      3,
      2
    ],
    [
      4,
      3
    ],
    [
      3,
      1
    ],
    [
      1,
      4
    ]
  ],
  "metrics": {
    "n_nodes": 5,
    "n_edges": 12,
    "p": 8,
    "strongly_connected": true,
    "edges": [
      [
        0,
        1
      ],
      [
        1,
        0
      ],
      [
        2,
        3
      ],
      [
        3,
        4
      ],
      [
        4,
        2
      ],
      [
        1,
        2
      ],
      [
        2,
        1
      ],
      [
        2,
        4
      ],
      [
        3,
        2
      ],
      [
        4,
        3
      ],
      [
        3,
        1
      ],
      [
        1,
        4
      ]
    ],
    "tree_counts_enum": [
      8,
      8,
      9,
      7,
      12
    ],
    "tree_counts_det": [
      8,
      8,
      9,
      7,
      12
    ],
    "tree_counts_match_det": true,
    "tree_enumeration_truncated": false,
    "max_trees_per_root": null,
    "n_trees_total_enum": 44,
    "rank_M": 11,
    "rank_D": 10,
    "rank_D_anchor": 10,
    "d_rel": 80,
    "effective_rank_D": 8.144408696789036,
    "condition_number_D": 3.2433274505143506,
    "effective_rank_D_masked": 65.15526957431221,
    "condition_number_D_masked": 3.2433274505143506,
    "singular_values_D_masked": [
      4.5783523587902,
      4.303045814778832,
      3.978718093015976,
      3.7375212835716924,
      3.139067421092653,
      2.987290032150857,
      2.721228403239108,
      1.921908831429818,
      1.6066598499530416,
      1.4116219927359266,
      1.0236437468360687e-15,
      4.018757848551295e-16,
      4.5783523587902,
      4.303045814778832,
      3.978718093015976,
      3.7375212835716924,
      3.139067421092653,
      2.987290032150857,
      2.721228403239108,
      1.921908831429818,
      1.6066598499530416,
      1.4116219927359266,
      1.0236437468360687e-15,
      4.018757848551295e-16,
      4.5783523587902,
      4.303045814778832,
      3.978718093015976,
      3.7375212835716924,
      3.139067421092653,
      2.987290032150857,
      2.721228403239108,
      1.921908831429818,
      1.6066598499530416,
      1.4116219927359266,
      1.0236437468360687e-15,
      4.018757848551295e-16,
      4.5783523587902,
      4.303045814778832,
      3.978718093015976,
      3.7375212835716924,
      3.139067421092653,
      2.987290032150857,
      2.721228403239108,
      1.921908831429818,
      1.6066598499530416,
      1.4116219927359266,
      1.0236437468360687e-15,
      4.018757848551295e-16,
      4.5783523587902,
      4.303045814778832,
      3.978718093015976,
      3.7375212835716924,
      3.139067421092653,
      2.987290032150857,
      2.721228403239108,
      1.921908831429818,
      1.6066598499530416,
      1.4116219927359266,
      1.0236437468360687e-15,
      4.018757848551295e-16,
      4.5783523587902,
      4.303045814778832,
      3.978718093015976,
      3.7375212835716924,
      3.139067421092653,
      2.987290032150857,
      2.721228403239108,
      1.921908831429818,
      1.6066598499530416,
      1.4116219927359266,
      1.0236437468360687e-15,
      4.018757848551295e-16,
      4.5783523587902,
      4.303045814778832,
      3.978718093015976,
      3.7375212835716924,
      3.139067421092653,
      2.987290032150857,
      2.721228403239108,
      1.921908831429818,
      1.6066598499530416,
      1.4116219927359266,
      1.0236437468360687e-15,
      4.018757848551295e-16,
      4.5783523587902,
      4.303045814778832,
      3.978718093015976,
      3.7375212835716924,
      3.139067421092653,
      2.987290032150857,
      2.721228403239108,
      1.921908831429818,
      1.6066598499530416,
      1.4116219927359266,
      1.0236437468360687e-15,
      4.018757848551295e-16
    ],
    "singular_values_D": [
      4.5783523587902,
      4.303045814778832,
      3.978718093015976,
      3.7375212835716924,
      3.139067421092653,
      2.987290032150857,
      2.721228403239108,
      1.921908831429818,
      1.6066598499530416,
      1.4116219927359266,
      1.0236437468360687e-15,
      4.018757848551295e-16
    ],
    "singular_values_D_anchor": [
      12.67693876345207,
      4.316411985446613,
      4.270029994929948,
      3.7578165306804965,
      3.1809435136918514,
      3.001038556791031,
      2.981441267690256,
      1.928703337313355,
      1.6070780576479466,
      1.4118241348177243,
      7.152862177372186e-16,
      3.452167914465711e-16
    ],
    "root_tree_count_cv": 0.19550739243278695,
    "root_tree_count_gini": 0.10000000000000009,
    "edge_participation": [
      0.8181818181818182,
      0.18181818181818182,
      0.25,
      0.20454545454545456,
      0.36363636363636365,
      0.2727272727272727,
      0.3181818181818182,
      0.22727272727272727,
      0.25,
      0.36363636363636365,
      0.38636363636363635,
      0.36363636363636365
    ],
    "edge_participation_mean": 0.3333333333333333,
    "edge_participation_var": 0.025769054178145085,
    "edge_participation_gini": 0.21969696969696972,
    "bottleneck_edge_fraction_095": 0.0,
    "mean_shortest_path": 1.5,
    "comparison_branch_d_rel_values": [
      20,
      20,
      20
    ],
    "comparison_branch_d_rel_min": 20,
    "comparison_branch_d_rel_mean": 20.0,
    "comparison_branch_d_rel_max": 20,
    "comparison_branch_d_rel_gini": 0.0,
    "comparison_branch_common_d_rel_values": [
      20,
      20,
      20
    ],
    "comparison_branch_common_d_rel_min": 20,
    "comparison_branch_common_d_rel_mean": 20.0,
    "comparison_branch_common_d_rel_max": 20,
    "comparison_branch_common_d_rel_gini": 0.0,
    "comparison_branch_input_count_values": [
      24,
      24,
      24
    ],
    "comparison_branch_input_count_min": 24,
    "comparison_branch_input_count_mean": 24.0,
    "comparison_branch_input_count_max": 24,
    "comparison_branch_input_count_gini": 0.0,
    "comparison_branch_input_overlap_values": [
      24,
      24,
      24
    ],
    "comparison_branch_input_overlap_min": 24,
    "comparison_branch_input_overlap_mean": 24.0,
    "comparison_branch_input_overlap_max": 24,
    "comparison_branch_input_overlap_gini": 0.0,
    "in_degree": [
      1,
      3,
      3,
      2,
      3
    ],
    "out_degree": [
      1,
      3,
      3,
      3,
      2
    ],
    "in_degree_cv": 0.33333333333333337,
    "out_degree_cv": 0.33333333333333337
  }
}