{
  "name": "bottleneck_bridge_n5_m12_seed30",
  "family": "bottleneck_bridge",
  "seed": 30,
  "n_nodes": 5,
  "edges": [
    [
      0,
      1
    ],
    [
      1,
      0
    ],
    [
      2,
      3
    ],
    [
      3,
      4
    ],
    [
      4,
      2
    ],
    [
      1,
      2
    ],
    [
      2,
      1
    ],
    [
      2,
      4
    ],
    [
      3,
      2
    ],
    [
      4,
      3
    ],
    [
      0,
      3
    ],
    [
      2,
      0
    ]
  ],
  "metrics": {
    "n_nodes": 5,
    "n_edges": 12,
    "p": 8,
    "strongly_connected": true,
    "edges": [
      [
        0,
        1
      ],
      [
        1,
        0
      ],
      [
        2,
        3
      ],
      [
        3,
        4
      ],
      [
        4,
        2
      ],
      [
        1,
        2
      ],
      [
        2,
        1
      ],
      [
        2,
        4
      ],
      [
        3,
        2
      ],
      [
        4,
        3
      ],
      [
        0,
        3
      ],
      [
        2,
        0
      ]
    ],
    "tree_counts_enum": [
      9,
      9,
      9,
      15,
      12
    ],
    "tree_counts_det": [
      9,
      9,
      9,
      15,
      12
    ],
    "tree_counts_match_det": true,
    "tree_enumeration_truncated": false,
    "max_trees_per_root": null,
    "n_trees_total_enum": 54,
    "rank_M": 12,
    "rank_D": 11,
    "rank_D_anchor": 11,
    "d_rel": 88,
    "effective_rank_D": 8.27727317355449,
    "condition_number_D": 4.4320858736798785,
    "effective_rank_D_masked": 66.21818538843598,
    "condition_number_D_masked": 4.4320858736798785,
    "singular_values_D_masked": [
      5.389226938206579,
      5.016185853686783,
      4.816397207416785,
      3.7850366826385535,
      3.5784372810467855,
      3.1930643603248976,
      2.837760039016847,
      2.2431400956924215,
      1.9549466596295297,
      1.5971202294923317,
      1.2159572471758098,
      7.573312234091123e-16,
      5.389226938206579,
      5.016185853686783,
      4.816397207416785,
      3.7850366826385535,
      3.5784372810467855,
      3.1930643603248976,
      2.837760039016847,
      2.2431400956924215,
      1.9549466596295297,
      1.5971202294923317,
      1.2159572471758098,
      7.573312234091123e-16,
      5.389226938206579,
      5.016185853686783,
      4.816397207416785,
      3.7850366826385535,
      3.5784372810467855,
      3.1930643603248976,
      2.837760039016847,
      2.2431400956924215,
      1.9549466596295297,
      1.5971202294923317,
      1.2159572471758098,
      7.573312234091123e-16,
      5.389226938206579,
      5.016185853686783,
      4.816397207416785,
      3.7850366826385535,
      3.5784372810467855,
      3.1930643603248976,
      2.837760039016847,
      2.2431400956924215,
      1.9549466596295297,
      1.5971202294923317,
      1.2159572471758098,
      7.573312234091123e-16,
      5.389226938206579,
      5.016185853686783,
      4.816397207416785,
      3.7850366826385535,
      3.5784372810467855,
      3.1930643603248976,
      2.837760039016847,
      2.2431400956924215,
      1.9549466596295297,
      1.5971202294923317,
      1.2159572471758098,
      7.573312234091123e-16,
      5.389226938206579,
      5.016185853686783,
      4.816397207416785,
      3.7850366826385535,
      3.5784372810467855,
      3.1930643603248976,
      2.837760039016847,
      2.2431400956924215,
      1.9549466596295297,
      1.5971202294923317,
      1.2159572471758098,
      7.573312234091123e-16,
      5.389226938206579,
      5.016185853686783,
      4.816397207416785,
      3.7850366826385535,
      3.5784372810467855,
      3.1930643603248976,
      2.837760039016847,
      2.2431400956924215,
      1.9549466596295297,
      1.5971202294923317,
      1.2159572471758098,
      7.573312234091123e-16,
      5.389226938206579,
      5.016185853686783,
      4.816397207416785,
      3.7850366826385535,
      3.5784372810467855,
      3.1930643603248976,
      2.837760039016847,
      2.2431400956924215,
      1.9549466596295297,
      1.5971202294923317,
      1.2159572471758098,
      7.573312234091123e-16
    ],
    "singular_values_D": [
      5.389226938206579,
      5.016185853686783,
      4.816397207416785,
      3.7850366826385535,
      3.5784372810467855,
      3.1930643603248976,
      2.837760039016847,
      2.2431400956924215,
      1.9549466596295297,
      1.5971202294923317,
      1.2159572471758098,
      7.573312234091123e-16
    ],
    "singular_values_D_anchor": [
      12.913034221342242,
      5.251354905665569,
      4.880039299215822,
      4.114785091086111,
      3.613129960889791,
      3.1930739000191815,
      2.8942983929249317,
      2.4942826568055203,
      2.2428835939736658,
      1.5977689122597094,
      1.224070434157846,
      7.446706993937919e-16
    ],
    "root_tree_count_cv": 0.2222222222222222,
    "root_tree_count_gini": 0.11111111111111116,
    "edge_participation": [
      0.2777777777777778,
      0.3888888888888889,
      0.16666666666666666,
      0.3333333333333333,
      0.4444444444444444,
      0.4444444444444444,
      0.2222222222222222,
      0.16666666666666666,
      0.3888888888888889,
      0.3333333333333333,
      0.5555555555555556,
      0.2777777777777778
    ],
    "edge_participation_mean": 0.3333333333333333,
    "edge_participation_var": 0.012860082304526748,
    "edge_participation_gini": 0.19212962962962976,
    "bottleneck_edge_fraction_095": 0.0,
    "mean_shortest_path": 1.4,
    "comparison_branch_d_rel_values": [
      22,
      22,
      22
    ],
    "comparison_branch_d_rel_min": 22,
    "comparison_branch_d_rel_mean": 22.0,
    "comparison_branch_d_rel_max": 22,
    "comparison_branch_d_rel_gini": 0.0,
    "comparison_branch_common_d_rel_values": [
      22,
      22,
      22
    ],
    "comparison_branch_common_d_rel_min": 22,
    "comparison_branch_common_d_rel_mean": 22.0,
    "comparison_branch_common_d_rel_max": 22,
    "comparison_branch_common_d_rel_gini": 0.0,
    "comparison_branch_input_count_values": [
      24,
      24,
      24
    ],
    "comparison_branch_input_count_min": 24,
    "comparison_branch_input_count_mean": 24.0,
    "comparison_branch_input_count_max": 24,
    "comparison_branch_input_count_gini": 0.0,
    "comparison_branch_input_overlap_values": [
      24,
      24,
      24
    ],
    "comparison_branch_input_overlap_min": 24,
    "comparison_branch_input_overlap_mean": 24.0,
    "comparison_branch_input_overlap_max": 24,
    "comparison_branch_input_overlap_gini": 0.0,
    "in_degree": [
      2,
      2,
      3,
      3,
      2
    ],
    "out_degree": [
      2,
      2,
      4,
      2,
      2
    ],
    "in_degree_cv": 0.2041241452319315,
    "out_degree_cv": 0.33333333333333337
  }
}