{
  "name": "bottleneck_bridge_n5_m12_seed46",
  "family": "bottleneck_bridge",
  "seed": 46,
  "n_nodes": 5,
  "edges": [
    [
      0,
      1
    ],
    [
      1,
      0
    ],
    [
      2,
      3
    ],
    [
      3,
      4
    ],
    [
      4,
      2
    ],
    [
      1,
      2
    ],
    [
      2,
      1
    ],
    [
      4,
      3
    ],
    [
      3,
      2
    ],
    [
      2,
      4
    ],
    [
      3,
      1
    ],
    [
      0,
      3
    ]
  ],
  "metrics": {
    "n_nodes": 5,
    "n_edges": 12,
    "p": 8,
    "strongly_connected": true,
    "edges": [
      [
        0,
        1
      ],
      [
        1,
        0
      ],
      [
        2,
        3
      ],
      [
        3,
        4
      ],
      [
        4,
        2
      ],
      [
        1,
        2
      ],
      [
        2,
        1
      ],
      [
        4,
        3
      ],
      [
        3,
        2
      ],
      [
        2,
        4
      ],
      [
        3,
        1
      ],
      [
        0,
        3
      ]
    ],
    "tree_counts_enum": [
      8,
      16,
      13,
      11,
      12
    ],
    "tree_counts_det": [
      8,
      16,
      13,
      11,
      12
    ],
    "tree_counts_match_det": true,
    "tree_enumeration_truncated": false,
    "max_trees_per_root": null,
    "n_trees_total_enum": 60,
    "rank_M": 12,
    "rank_D": 11,
    "rank_D_anchor": 11,
    "d_rel": 88,
    "effective_rank_D": 8.391454278889778,
    "condition_number_D": 4.278015892648107,
    "effective_rank_D_masked": 67.13163423111824,
    "condition_number_D_masked": 4.278015892648107,
    "singular_values_D_masked": [
      5.667276652486529,
      5.195691496533134,
      4.974901170250843,
      4.414346777946574,
      3.710346139958659,
      3.618617658210295,
      3.215418600922191,
      2.3097657723230967,
      1.8895292880626202,
      1.8047348132957797,
      1.3247441792411072,
      4.955756435912509e-16,
      5.667276652486529,
      5.195691496533134,
      4.974901170250843,
      4.414346777946574,
      3.710346139958659,
      3.618617658210295,
      3.215418600922191,
      2.3097657723230967,
      1.8895292880626202,
      1.8047348132957797,
      1.3247441792411072,
      4.955756435912509e-16,
      5.667276652486529,
      5.195691496533134,
      4.974901170250843,
      4.414346777946574,
      3.710346139958659,
      3.618617658210295,
      3.215418600922191,
      2.3097657723230967,
      1.8895292880626202,
      1.8047348132957797,
      1.3247441792411072,
      4.955756435912509e-16,
      5.667276652486529,
      5.195691496533134,
      4.974901170250843,
      4.414346777946574,
      3.710346139958659,
      3.618617658210295,
      3.215418600922191,
      2.3097657723230967,
      1.8895292880626202,
      1.8047348132957797,
      1.3247441792411072,
      4.955756435912509e-16,
      5.667276652486529,
      5.195691496533134,
      4.974901170250843,
      4.414346777946574,
      3.710346139958659,
      3.618617658210295,
      3.215418600922191,
      2.3097657723230967,
      1.8895292880626202,
      1.8047348132957797,
      1.3247441792411072,
      4.955756435912509e-16,
      5.667276652486529,
      5.195691496533134,
      4.974901170250843,
      4.414346777946574,
      3.710346139958659,
      3.618617658210295,
      3.215418600922191,
      2.3097657723230967,
      1.8895292880626202,
      1.8047348132957797,
      1.3247441792411072,
      4.955756435912509e-16,
      5.667276652486529,
      5.195691496533134,
      4.974901170250843,
      4.414346777946574,
      3.710346139958659,
      3.618617658210295,
      3.215418600922191,
      2.3097657723230967,
      1.8895292880626202,
      1.8047348132957797,
      1.3247441792411072,
      4.955756435912509e-16,
      5.667276652486529,
      5.195691496533134,
      4.974901170250843,
      4.414346777946574,
      3.710346139958659,
      3.618617658210295,
      3.215418600922191,
      2.3097657723230967,
      1.8895292880626202,
      1.8047348132957797,
      1.3247441792411072,
      4.955756435912509e-16
    ],
    "singular_values_D": [
      5.667276652486529,
      5.195691496533134,
      4.974901170250843,
      4.414346777946574,
      3.710346139958659,
      3.618617658210295,
      3.215418600922191,
      2.3097657723230967,
      1.8895292880626202,
      1.8047348132957797,
      1.3247441792411072,
      4.955756435912509e-16
    ],
    "singular_values_D_anchor": [
      13.554064544195807,
      5.589900463089308,
      5.16560803812174,
      4.855824083322681,
      3.745309570031087,
      3.7008076259909184,
      3.5491560661976225,
      2.325359434844276,
      1.9474186866945378,
      1.8100878563702139,
      1.407774655394823,
      5.974736033341424e-16
    ],
    "root_tree_count_cv": 0.2173067468400883,
    "root_tree_count_gini": 0.1200000000000001,
    "edge_participation": [
      0.3333333333333333,
      0.3333333333333333,
      0.25,
      0.21666666666666667,
      0.4,
      0.4,
      0.3,
      0.4,
      0.25,
      0.23333333333333334,
      0.35,
      0.5333333333333333
    ],
    "edge_participation_mean": 0.3333333333333333,
    "edge_participation_var": 0.007685185185185186,
    "edge_participation_gini": 0.14444444444444438,
    "bottleneck_edge_fraction_095": 0.0,
    "mean_shortest_path": 1.45,
    "comparison_branch_d_rel_values": [
      22,
      22,
      22
    ],
    "comparison_branch_d_rel_min": 22,
    "comparison_branch_d_rel_mean": 22.0,
    "comparison_branch_d_rel_max": 22,
    "comparison_branch_d_rel_gini": 0.0,
    "comparison_branch_common_d_rel_values": [
      22,
      22,
      22
    ],
    "comparison_branch_common_d_rel_min": 22,
    "comparison_branch_common_d_rel_mean": 22.0,
    "comparison_branch_common_d_rel_max": 22,
    "comparison_branch_common_d_rel_gini": 0.0,
    "comparison_branch_input_count_values": [
      24,
      24,
      24
    ],
    "comparison_branch_input_count_min": 24,
    "comparison_branch_input_count_mean": 24.0,
    "comparison_branch_input_count_max": 24,
    "comparison_branch_input_count_gini": 0.0,
    "comparison_branch_input_overlap_values": [
      24,
      24,
      24
    ],
    "comparison_branch_input_overlap_min": 24,
    "comparison_branch_input_overlap_mean": 24.0,
    "comparison_branch_input_overlap_max": 24,
    "comparison_branch_input_overlap_gini": 0.0,
    "in_degree": [
      1,
      3,
      3,
      3,
      2
    ],
    "out_degree": [
      2,
      2,
      3,
      3,
      2
    ],
    "in_degree_cv": 0.33333333333333337,
    "out_degree_cv": 0.2041241452319315
  }
}