{
  "name": "bottleneck_bridge_n5_m12_seed41",
  "family": "bottleneck_bridge",
  "seed": 41,
  "n_nodes": 5,
  "edges": [
    [
      0,
      1
    ],
    [
      1,
      0
    ],
    [
      2,
      3
    ],
    [
      3,
      4
    ],
    [
      4,
      2
    ],
    [
      1,
      2
    ],
    [
      2,
      1
    ],
    [
      2,
      4
    ],
    [
      4,
      3
    ],
    [
      3,
      2
    ],
    [
      4,
      1
    ],
    [
      0,
      2
    ]
  ],
  "metrics": {
    "n_nodes": 5,
    "n_edges": 12,
    "p": 8,
    "strongly_connected": true,
    "edges": [
      [
        0,
        1
      ],
      [
        1,
        0
      ],
      [
        2,
        3
      ],
      [
        3,
        4
      ],
      [
        4,
        2
      ],
      [
        1,
        2
      ],
      [
        2,
        1
      ],
      [
        2,
        4
      ],
      [
        4,
        3
      ],
      [
        3,
        2
      ],
      [
        4,
        1
      ],
      [
        0,
        2
      ]
    ],
    "tree_counts_enum": [
      8,
      16,
      15,
      12,
      9
    ],
    "tree_counts_det": [
      8,
      16,
      15,
      12,
      9
    ],
    "tree_counts_match_det": true,
    "tree_enumeration_truncated": false,
    "max_trees_per_root": null,
    "n_trees_total_enum": 60,
    "rank_M": 12,
    "rank_D": 11,
    "rank_D_anchor": 11,
    "d_rel": 88,
    "effective_rank_D": 8.369884813293092,
    "condition_number_D": 4.693391014871342,
    "effective_rank_D_masked": 66.95907850634482,
    "condition_number_D_masked": 4.693391014871342,
    "singular_values_D_masked": [
      5.506276211908146,
      5.269198590815557,
      4.974803539154645,
      4.458205673328509,
      3.7746561842593738,
      3.6402972555507156,
      3.1691741980993795,
      2.3546817251604146,
      1.8812791259141193,
      1.7574446051366481,
      1.1731978423406701,
      6.514560345224887e-16,
      5.506276211908146,
      5.269198590815557,
      4.974803539154645,
      4.458205673328509,
      3.7746561842593738,
      3.6402972555507156,
      3.1691741980993795,
      2.3546817251604146,
      1.8812791259141193,
      1.7574446051366481,
      1.1731978423406701,
      6.514560345224887e-16,
      5.506276211908146,
      5.269198590815557,
      4.974803539154645,
      4.458205673328509,
      3.7746561842593738,
      3.6402972555507156,
      3.1691741980993795,
      2.3546817251604146,
      1.8812791259141193,
      1.7574446051366481,
      1.1731978423406701,
      6.514560345224887e-16,
      5.506276211908146,
      5.269198590815557,
      4.974803539154645,
      4.458205673328509,
      3.7746561842593738,
      3.6402972555507156,
      3.1691741980993795,
      2.3546817251604146,
      1.8812791259141193,
      1.7574446051366481,
      1.1731978423406701,
      6.514560345224887e-16,
      5.506276211908146,
      5.269198590815557,
      4.974803539154645,
      4.458205673328509,
      3.7746561842593738,
      3.6402972555507156,
      3.1691741980993795,
      2.3546817251604146,
      1.8812791259141193,
      1.7574446051366481,
      1.1731978423406701,
      6.514560345224887e-16,
      5.506276211908146,
      5.269198590815557,
      4.974803539154645,
      4.458205673328509,
      3.7746561842593738,
      3.6402972555507156,
      3.1691741980993795,
      2.3546817251604146,
      1.8812791259141193,
      1.7574446051366481,
      1.1731978423406701,
      6.514560345224887e-16,
      5.506276211908146,
      5.269198590815557,
      4.974803539154645,
      4.458205673328509,
      3.7746561842593738,
      3.6402972555507156,
      3.1691741980993795,
      2.3546817251604146,
      1.8812791259141193,
      1.7574446051366481,
      1.1731978423406701,
      6.514560345224887e-16,
      5.506276211908146,
      5.269198590815557,
      4.974803539154645,
      4.458205673328509,
      3.7746561842593738,
      3.6402972555507156,
      3.1691741980993795,
      2.3546817251604146,
      1.8812791259141193,
      1.7574446051366481,
      1.1731978423406701,
      6.514560345224887e-16
    ],
    "singular_values_D": [
      5.506276211908146,
      5.269198590815557,
      4.974803539154645,
      4.458205673328509,
      3.7746561842593738,
      3.6402972555507156,
      3.1691741980993795,
      2.3546817251604146,
      1.8812791259141193,
      1.7574446051366481,
      1.1731978423406701,
      6.514560345224887e-16
    ],
    "singular_values_D_anchor": [
      13.471044248429568,
      5.478097208584703,
      5.041102041803003,
      4.465902864370885,
      4.264263176241952,
      3.677206870455346,
      3.2349045198955544,
      2.4305274962530348,
      1.906237951246658,
      1.839432627494232,
      1.4385069187040769,
      6.905989458569816e-16
    ],
    "root_tree_count_cv": 0.26352313834736496,
    "root_tree_count_gini": 0.14666666666666672,
    "edge_participation": [
      0.3333333333333333,
      0.3333333333333333,
      0.25,
      0.4,
      0.25,
      0.4,
      0.25,
      0.25,
      0.2,
      0.4,
      0.4,
      0.5333333333333333
    ],
    "edge_participation_mean": 0.3333333333333333,
    "edge_participation_var": 0.008611111111111113,
    "edge_participation_gini": 0.15138888888888902,
    "bottleneck_edge_fraction_095": 0.0,
    "mean_shortest_path": 1.45,
    "comparison_branch_d_rel_values": [
      22,
      22,
      22
    ],
    "comparison_branch_d_rel_min": 22,
    "comparison_branch_d_rel_mean": 22.0,
    "comparison_branch_d_rel_max": 22,
    "comparison_branch_d_rel_gini": 0.0,
    "comparison_branch_common_d_rel_values": [
      22,
      22,
      22
    ],
    "comparison_branch_common_d_rel_min": 22,
    "comparison_branch_common_d_rel_mean": 22.0,
    "comparison_branch_common_d_rel_max": 22,
    "comparison_branch_common_d_rel_gini": 0.0,
    "comparison_branch_input_count_values": [
      24,
      24,
      24
    ],
    "comparison_branch_input_count_min": 24,
    "comparison_branch_input_count_mean": 24.0,
    "comparison_branch_input_count_max": 24,
    "comparison_branch_input_count_gini": 0.0,
    "comparison_branch_input_overlap_values": [
      24,
      24,
      24
    ],
    "comparison_branch_input_overlap_min": 24,
    "comparison_branch_input_overlap_mean": 24.0,
    "comparison_branch_input_overlap_max": 24,
    "comparison_branch_input_overlap_gini": 0.0,
    "in_degree": [
      1,
      3,
      4,
      2,
      2
    ],
    "out_degree": [
      2,
      2,
      3,
      2,
      3
    ],
    "in_degree_cv": 0.4249182927993988,
    "out_degree_cv": 0.2041241452319315
  }
}