{
  "name": "bottleneck_bridge_n5_m12_seed57",
  "family": "bottleneck_bridge",
  "seed": 57,
  "n_nodes": 5,
  "edges": [
    [
      0,
      1
    ],
    [
      1,
      0
    ],
    [
      2,
      3
    ],
    [
      3,
      4
    ],
    [
      4,
      2
    ],
    [
      1,
      2
    ],
    [
      2,
      1
    ],
    [
      4,
      3
    ],
    [
      3,
      2
    ],
    [
      2,
      4
    ],
    [
      4,
      0
    ],
    [
      3,
      0
    ]
  ],
  "metrics": {
    "n_nodes": 5,
    "n_edges": 12,
    "p": 8,
    "strongly_connected": true,
    "edges": [
      [
        0,
        1
      ],
      [
        1,
        0
      ],
      [
        2,
        3
      ],
      [
        3,
        4
      ],
      [
        4,
        2
      ],
      [
        1,
        2
      ],
      [
        2,
        1
      ],
      [
        4,
        3
      ],
      [
        3,
        2
      ],
      [
        2,
        4
      ],
      [
        4,
        0
      ],
      [
        3,
        0
      ]
    ],
    "tree_counts_enum": [
      24,
      16,
      8,
      4,
      4
    ],
    "tree_counts_det": [
      24,
      16,
      8,
      4,
      4
    ],
    "tree_counts_match_det": true,
    "tree_enumeration_truncated": false,
    "max_trees_per_root": null,
    "n_trees_total_enum": 56,
    "rank_M": 12,
    "rank_D": 11,
    "rank_D_anchor": 11,
    "d_rel": 88,
    "effective_rank_D": 8.268519729775512,
    "condition_number_D": 4.880144309282943,
    "effective_rank_D_masked": 66.14815783820409,
    "condition_number_D_masked": 4.880144309282943,
    "singular_values_D_masked": [
      5.371781019636933,
      5.022087851209631,
      4.705802257487531,
      4.2826333205277525,
      3.5839038652209614,
      3.3505301012184745,
      3.2880769962728653,
      2.6303301192911475,
      1.6199413560026612,
      1.2595413031359566,
      1.1007422484246636,
      5.051910647906006e-16,
      5.371781019636933,
      5.022087851209631,
      4.705802257487531,
      4.2826333205277525,
      3.5839038652209614,
      3.3505301012184745,
      3.2880769962728653,
      2.6303301192911475,
      1.6199413560026612,
      1.2595413031359566,
      1.1007422484246636,
      5.051910647906006e-16,
      5.371781019636933,
      5.022087851209631,
      4.705802257487531,
      4.2826333205277525,
      3.5839038652209614,
      3.3505301012184745,
      3.2880769962728653,
      2.6303301192911475,
      1.6199413560026612,
      1.2595413031359566,
      1.1007422484246636,
      5.051910647906006e-16,
      5.371781019636933,
      5.022087851209631,
      4.705802257487531,
      4.2826333205277525,
      3.5839038652209614,
      3.3505301012184745,
      3.2880769962728653,
      2.6303301192911475,
      1.6199413560026612,
      1.2595413031359566,
      1.1007422484246636,
      5.051910647906006e-16,
      5.371781019636933,
      5.022087851209631,
      4.705802257487531,
      4.2826333205277525,
      3.5839038652209614,
      3.3505301012184745,
      3.2880769962728653,
      2.6303301192911475,
      1.6199413560026612,
      1.2595413031359566,
      1.1007422484246636,
      5.051910647906006e-16,
      5.371781019636933,
      5.022087851209631,
      4.705802257487531,
      4.2826333205277525,
      3.5839038652209614,
      3.3505301012184745,
      3.2880769962728653,
      2.6303301192911475,
      1.6199413560026612,
      1.2595413031359566,
      1.1007422484246636,
      5.051910647906006e-16,
      5.371781019636933,
      5.022087851209631,
      4.705802257487531,
      4.2826333205277525,
      3.5839038652209614,
      3.3505301012184745,
      3.2880769962728653,
      2.6303301192911475,
      1.6199413560026612,
      1.2595413031359566,
      1.1007422484246636,
      5.051910647906006e-16,
      5.371781019636933,
      5.022087851209631,
      4.705802257487531,
      4.2826333205277525,
      3.5839038652209614,
      3.3505301012184745,
      3.2880769962728653,
      2.6303301192911475,
      1.6199413560026612,
      1.2595413031359566,
      1.1007422484246636,
      5.051910647906006e-16
    ],
    "singular_values_D": [
      5.371781019636933,
      5.022087851209631,
      4.705802257487531,
      4.2826333205277525,
      3.5839038652209614,
      3.3505301012184745,
      3.2880769962728653,
      2.6303301192911475,
      1.6199413560026612,
      1.2595413031359566,
      1.1007422484246636,
      5.051910647906006e-16
    ],
    "singular_values_D_anchor": [
      13.591215731305295,
      5.26296324455198,
      4.888081008702985,
      4.515250582673818,
      3.6708084397864584,
      3.4541115580039277,
      3.3190461916288676,
      2.70450971646217,
      1.655146654882666,
      1.2658494851229427,
      1.1050800903698574,
      4.684542786060532e-16
    ],
    "root_tree_count_cv": 0.6925256939166186,
    "root_tree_count_gini": 0.37142857142857144,
    "edge_participation": [
      0.5714285714285714,
      0.2857142857142857,
      0.2857142857142857,
      0.25,
      0.23214285714285715,
      0.42857142857142855,
      0.2857142857142857,
      0.25,
      0.23214285714285715,
      0.2857142857142857,
      0.44642857142857145,
      0.44642857142857145
    ],
    "edge_participation_mean": 0.3333333333333333,
    "edge_participation_var": 0.01123157596371882,
    "edge_participation_gini": 0.16517857142857162,
    "bottleneck_edge_fraction_095": 0.0,
    "mean_shortest_path": 1.5,
    "comparison_branch_d_rel_values": [
      22,
      22,
      22
    ],
    "comparison_branch_d_rel_min": 22,
    "comparison_branch_d_rel_mean": 22.0,
    "comparison_branch_d_rel_max": 22,
    "comparison_branch_d_rel_gini": 0.0,
    "comparison_branch_common_d_rel_values": [
      22,
      22,
      22
    ],
    "comparison_branch_common_d_rel_min": 22,
    "comparison_branch_common_d_rel_mean": 22.0,
    "comparison_branch_common_d_rel_max": 22,
    "comparison_branch_common_d_rel_gini": 0.0,
    "comparison_branch_input_count_values": [
      24,
      24,
      24
    ],
    "comparison_branch_input_count_min": 24,
    "comparison_branch_input_count_mean": 24.0,
    "comparison_branch_input_count_max": 24,
    "comparison_branch_input_count_gini": 0.0,
    "comparison_branch_input_overlap_values": [
      24,
      24,
      24
    ],
    "comparison_branch_input_overlap_min": 24,
    "comparison_branch_input_overlap_mean": 24.0,
    "comparison_branch_input_overlap_max": 24,
    "comparison_branch_input_overlap_gini": 0.0,
    "in_degree": [
      3,
      2,
      3,
      2,
      2
    ],
    "out_degree": [
      1,
      2,
      3,
      3,
      3
    ],
    "in_degree_cv": 0.2041241452319315,
    "out_degree_cv": 0.33333333333333337
  }
}