{
  "name": "bottleneck_bridge_n5_m12_seed69",
  "family": "bottleneck_bridge",
  "seed": 69,
  "n_nodes": 5,
  "edges": [
    [
      0,
      1
    ],
    [
      1,
      0
    ],
    [
      2,
      3
    ],
    [
      3,
      4
    ],
    [
      4,
      2
    ],
    [
      1,
      2
    ],
    [
      2,
      1
    ],
    [
      3,
      2
    ],
    [
      2,
      4
    ],
    [
      4,
      3
    ],
    [
      0,
      2
    ],
    [
      3,
      0
    ]
  ],
  "metrics": {
    "n_nodes": 5,
    "n_edges": 12,
    "p": 8,
    "strongly_connected": true,
    "edges": [
      [
        0,
        1
      ],
      [
        1,
        0
      ],
      [
        2,
        3
      ],
      [
        3,
        4
      ],
      [
        4,
        2
      ],
      [
        1,
        2
      ],
      [
        2,
        1
      ],
      [
        3,
        2
      ],
      [
        2,
        4
      ],
      [
        4,
        3
      ],
      [
        0,
        2
      ],
      [
        3,
        0
      ]
    ],
    "tree_counts_enum": [
      11,
      13,
      15,
      9,
      12
    ],
    "tree_counts_det": [
      11,
      13,
      15,
      9,
      12
    ],
    "tree_counts_match_det": true,
    "tree_enumeration_truncated": false,
    "max_trees_per_root": null,
    "n_trees_total_enum": 60,
    "rank_M": 12,
    "rank_D": 11,
    "rank_D_anchor": 11,
    "d_rel": 88,
    "effective_rank_D": 8.3906963739165,
    "condition_number_D": 4.6588982209090455,
    "effective_rank_D_masked": 67.12557099133201,
    "condition_number_D_masked": 4.6588982209090455,
    "singular_values_D_masked": [
      5.593465800868592,
      5.216870600209614,
      4.97784055505994,
      4.458876453916923,
      3.7737150340589323,
      3.5993777740239192,
      3.1670933753503947,
      2.2416127704244024,
      2.083233614294093,
      1.7617812114489986,
      1.2005984109644692,
      6.659114540789021e-16,
      5.593465800868592,
      5.216870600209614,
      4.97784055505994,
      4.458876453916923,
      3.7737150340589323,
      3.5993777740239192,
      3.1670933753503947,
      2.2416127704244024,
      2.083233614294093,
      1.7617812114489986,
      1.2005984109644692,
      6.659114540789021e-16,
      5.593465800868592,
      5.216870600209614,
      4.97784055505994,
      4.458876453916923,
      3.7737150340589323,
      3.5993777740239192,
      3.1670933753503947,
      2.2416127704244024,
      2.083233614294093,
      1.7617812114489986,
      1.2005984109644692,
      6.659114540789021e-16,
      5.593465800868592,
      5.216870600209614,
      4.97784055505994,
      4.458876453916923,
      3.7737150340589323,
      3.5993777740239192,
      3.1670933753503947,
      2.2416127704244024,
      2.083233614294093,
      1.7617812114489986,
      1.2005984109644692,
      6.659114540789021e-16,
      5.593465800868592,
      5.216870600209614,
      4.97784055505994,
      4.458876453916923,
      3.7737150340589323,
      3.5993777740239192,
      3.1670933753503947,
      2.2416127704244024,
      2.083233614294093,
      1.7617812114489986,
      1.2005984109644692,
      6.659114540789021e-16,
      5.593465800868592,
      5.216870600209614,
      4.97784055505994,
      4.458876453916923,
      3.7737150340589323,
      3.5993777740239192,
      3.1670933753503947,
      2.2416127704244024,
      2.083233614294093,
      1.7617812114489986,
      1.2005984109644692,
      6.659114540789021e-16,
      5.593465800868592,
      5.216870600209614,
      4.97784055505994,
      4.458876453916923,
      3.7737150340589323,
      3.5993777740239192,
      3.1670933753503947,
      2.2416127704244024,
      2.083233614294093,
      1.7617812114489986,
      1.2005984109644692,
      6.659114540789021e-16,
      5.593465800868592,
      5.216870600209614,
      4.97784055505994,
      4.458876453916923,
      3.7737150340589323,
      3.5993777740239192,
      3.1670933753503947,
      2.2416127704244024,
      2.083233614294093,
      1.7617812114489986,
      1.2005984109644692,
      6.659114540789021e-16
    ],
    "singular_values_D": [
      5.593465800868592,
      5.216870600209614,
      4.97784055505994,
      4.458876453916923,
      3.7737150340589323,
      3.5993777740239192,
      3.1670933753503947,
      2.2416127704244024,
      2.083233614294093,
      1.7617812114489986,
      1.2005984109644692,
      6.659114540789021e-16
    ],
    "singular_values_D_anchor": [
      13.392867728043603,
      5.496166888618877,
      5.19916265371476,
      4.832656331079497,
      3.7937684059266004,
      3.6333088901677657,
      3.47458383975264,
      2.2482328449803015,
      2.1463629537853945,
      1.7623331027264566,
      1.2664107348042588,
      5.737888731819692e-16
    ],
    "root_tree_count_cv": 0.16666666666666666,
    "root_tree_count_gini": 0.09333333333333327,
    "edge_participation": [
      0.3333333333333333,
      0.3333333333333333,
      0.25,
      0.2,
      0.4,
      0.45,
      0.25,
      0.25,
      0.25,
      0.4,
      0.48333333333333334,
      0.4
    ],
    "edge_participation_mean": 0.3333333333333333,
    "edge_participation_var": 0.007916666666666667,
    "edge_participation_gini": 0.1493055555555558,
    "bottleneck_edge_fraction_095": 0.0,
    "mean_shortest_path": 1.4,
    "comparison_branch_d_rel_values": [
      22,
      22,
      22
    ],
    "comparison_branch_d_rel_min": 22,
    "comparison_branch_d_rel_mean": 22.0,
    "comparison_branch_d_rel_max": 22,
    "comparison_branch_d_rel_gini": 0.0,
    "comparison_branch_common_d_rel_values": [
      22,
      22,
      22
    ],
    "comparison_branch_common_d_rel_min": 22,
    "comparison_branch_common_d_rel_mean": 22.0,
    "comparison_branch_common_d_rel_max": 22,
    "comparison_branch_common_d_rel_gini": 0.0,
    "comparison_branch_input_count_values": [
      24,
      24,
      24
    ],
    "comparison_branch_input_count_min": 24,
    "comparison_branch_input_count_mean": 24.0,
    "comparison_branch_input_count_max": 24,
    "comparison_branch_input_count_gini": 0.0,
    "comparison_branch_input_overlap_values": [
      24,
      24,
      24
    ],
    "comparison_branch_input_overlap_min": 24,
    "comparison_branch_input_overlap_mean": 24.0,
    "comparison_branch_input_overlap_max": 24,
    "comparison_branch_input_overlap_gini": 0.0,
    "in_degree": [
      2,
      2,
      4,
      2,
      2
    ],
    "out_degree": [
      2,
      2,
      3,
      3,
      2
    ],
    "in_degree_cv": 0.33333333333333337,
    "out_degree_cv": 0.2041241452319315
  }
}