{
  "name": "bottleneck_bridge_n5_m12_seed63",
  "family": "bottleneck_bridge",
  "seed": 63,
  "n_nodes": 5,
  "edges": [
    [
      0,
      1
    ],
    [
      1,
      0
    ],
    [
      2,
      3
    ],
    [
      3,
      4
    ],
    [
      4,
      2
    ],
    [
      1,
      2
    ],
    [
      2,
      1
    ],
    [
      2,
      4
    ],
    [
      4,
      3
    ],
    [
      3,
      2
    ],
    [
      0,
      3
    ],
    [
      0,
      4
    ]
  ],
  "metrics": {
    "n_nodes": 5,
    "n_edges": 12,
    "p": 8,
    "strongly_connected": true,
    "edges": [
      [
        0,
        1
      ],
      [
        1,
        0
      ],
      [
        2,
        3
      ],
      [
        3,
        4
      ],
      [
        4,
        2
      ],
      [
        1,
        2
      ],
      [
        2,
        1
      ],
      [
        2,
        4
      ],
      [
        4,
        3
      ],
      [
        3,
        2
      ],
      [
        0,
        3
      ],
      [
        0,
        4
      ]
    ],
    "tree_counts_enum": [
      3,
      9,
      15,
      18,
      18
    ],
    "tree_counts_det": [
      3,
      9,
      15,
      18,
      18
    ],
    "tree_counts_match_det": true,
    "tree_enumeration_truncated": false,
    "max_trees_per_root": null,
    "n_trees_total_enum": 63,
    "rank_M": 12,
    "rank_D": 11,
    "rank_D_anchor": 11,
    "d_rel": 88,
    "effective_rank_D": 8.285236619877674,
    "condition_number_D": 5.959041251522643,
    "effective_rank_D_masked": 66.28189295902132,
    "condition_number_D_masked": 5.959041251522643,
    "singular_values_D_masked": [
      5.754025834778112,
      5.316603333352743,
      4.9007860594966095,
      4.894178562260915,
      4.040986095569217,
      3.739027912687006,
      3.1175276548294355,
      2.5399166466450183,
      2.1846686590146676,
      1.4776019060078434,
      0.9655959057688775,
      9.116733892294315e-16,
      5.754025834778112,
      5.316603333352743,
      4.9007860594966095,
      4.894178562260915,
      4.040986095569217,
      3.739027912687006,
      3.1175276548294355,
      2.5399166466450183,
      2.1846686590146676,
      1.4776019060078434,
      0.9655959057688775,
      9.116733892294315e-16,
      5.754025834778112,
      5.316603333352743,
      4.9007860594966095,
      4.894178562260915,
      4.040986095569217,
      3.739027912687006,
      3.1175276548294355,
      2.5399166466450183,
      2.1846686590146676,
      1.4776019060078434,
      0.9655959057688775,
      9.116733892294315e-16,
      5.754025834778112,
      5.316603333352743,
      4.9007860594966095,
      4.894178562260915,
      4.040986095569217,
      3.739027912687006,
      3.1175276548294355,
      2.5399166466450183,
      2.1846686590146676,
      1.4776019060078434,
      0.9655959057688775,
      9.116733892294315e-16,
      5.754025834778112,
      5.316603333352743,
      4.9007860594966095,
      4.894178562260915,
      4.040986095569217,
      3.739027912687006,
      3.1175276548294355,
      2.5399166466450183,
      2.1846686590146676,
      1.4776019060078434,
      0.9655959057688775,
      9.116733892294315e-16,
      5.754025834778112,
      5.316603333352743,
      4.9007860594966095,
      4.894178562260915,
      4.040986095569217,
      3.739027912687006,
      3.1175276548294355,
      2.5399166466450183,
      2.1846686590146676,
      1.4776019060078434,
      0.9655959057688775,
      9.116733892294315e-16,
      5.754025834778112,
      5.316603333352743,
      4.9007860594966095,
      4.894178562260915,
      4.040986095569217,
      3.739027912687006,
      3.1175276548294355,
      2.5399166466450183,
      2.1846686590146676,
      1.4776019060078434,
      0.9655959057688775,
      9.116733892294315e-16,
      5.754025834778112,
      5.316603333352743,
      4.9007860594966095,
      4.894178562260915,
      4.040986095569217,
      3.739027912687006,
      3.1175276548294355,
      2.5399166466450183,
      2.1846686590146676,
      1.4776019060078434,
      0.9655959057688775,
      9.116733892294315e-16
    ],
    "singular_values_D": [
      5.754025834778112,
      5.316603333352743,
      4.9007860594966095,
      4.894178562260915,
      4.040986095569217,
      3.739027912687006,
      3.1175276548294355,
      2.5399166466450183,
      2.1846686590146676,
      1.4776019060078434,
      0.9655959057688775,
      9.116733892294315e-16
    ],
    "singular_values_D_anchor": [
      13.602153478623265,
      5.555911267386449,
      4.926724760970641,
      4.895438673978962,
      4.113497044465784,
      3.968420683916562,
      3.129066380657731,
      2.6489211224068847,
      2.2470176985055152,
      1.9508642044625755,
      1.2423019695482502,
      8.9191598916413e-16
    ],
    "root_tree_count_cv": 0.4616837959444123,
    "root_tree_count_gini": 0.24761904761904763,
    "edge_participation": [
      0.19047619047619047,
      0.42857142857142855,
      0.23809523809523808,
      0.3333333333333333,
      0.38095238095238093,
      0.42857142857142855,
      0.2857142857142857,
      0.23809523809523808,
      0.3333333333333333,
      0.38095238095238093,
      0.38095238095238093,
      0.38095238095238093
    ],
    "edge_participation_mean": 0.3333333333333333,
    "edge_participation_var": 0.00566893424036281,
    "edge_participation_gini": 0.12500000000000044,
    "bottleneck_edge_fraction_095": 0.0,
    "mean_shortest_path": 1.5,
    "comparison_branch_d_rel_values": [
      22,
      22,
      22
    ],
    "comparison_branch_d_rel_min": 22,
    "comparison_branch_d_rel_mean": 22.0,
    "comparison_branch_d_rel_max": 22,
    "comparison_branch_d_rel_gini": 0.0,
    "comparison_branch_common_d_rel_values": [
      22,
      22,
      22
    ],
    "comparison_branch_common_d_rel_min": 22,
    "comparison_branch_common_d_rel_mean": 22.0,
    "comparison_branch_common_d_rel_max": 22,
    "comparison_branch_common_d_rel_gini": 0.0,
    "comparison_branch_input_count_values": [
      24,
      24,
      24
    ],
    "comparison_branch_input_count_min": 24,
    "comparison_branch_input_count_mean": 24.0,
    "comparison_branch_input_count_max": 24,
    "comparison_branch_input_count_gini": 0.0,
    "comparison_branch_input_overlap_values": [
      24,
      24,
      24
    ],
    "comparison_branch_input_overlap_min": 24,
    "comparison_branch_input_overlap_mean": 24.0,
    "comparison_branch_input_overlap_max": 24,
    "comparison_branch_input_overlap_gini": 0.0,
    "in_degree": [
      1,
      2,
      3,
      3,
      3
    ],
    "out_degree": [
      3,
      2,
      3,
      2,
      2
    ],
    "in_degree_cv": 0.33333333333333337,
    "out_degree_cv": 0.2041241452319315
  }
}