{
  "name": "bottleneck_bridge_n5_m12_seed65",
  "family": "bottleneck_bridge",
  "seed": 65,
  "n_nodes": 5,
  "edges": [
    [
      0,
      1
    ],
    [
      1,
      0
    ],
    [
      2,
      3
    ],
    [
      3,
      4
    ],
    [
      4,
      2
    ],
    [
      1,
      2
    ],
    [
      2,
      1
    ],
    [
      2,
      4
    ],
    [
      4,
      3
    ],
    [
      3,
      2
    ],
    [
      0,
      2
    ],
    [
      0,
      3
    ]
  ],
  "metrics": {
    "n_nodes": 5,
    "n_edges": 12,
    "p": 8,
    "strongly_connected": true,
    "edges": [
      [
        0,
        1
      ],
      [
        1,
        0
      ],
      [
        2,
        3
      ],
      [
        3,
        4
      ],
      [
        4,
        2
      ],
      [
        1,
        2
      ],
      [
        2,
        1
      ],
      [
        2,
        4
      ],
      [
        4,
        3
      ],
      [
        3,
        2
      ],
      [
        0,
        2
      ],
      [
        0,
        3
      ]
    ],
    "tree_counts_enum": [
      3,
      9,
      15,
      17,
      16
    ],
    "tree_counts_det": [
      3,
      9,
      15,
      17,
      16
    ],
    "tree_counts_match_det": true,
    "tree_enumeration_truncated": false,
    "max_trees_per_root": null,
    "n_trees_total_enum": 60,
    "rank_M": 12,
    "rank_D": 11,
    "rank_D_anchor": 11,
    "d_rel": 88,
    "effective_rank_D": 8.221183525863017,
    "condition_number_D": 6.960041878557267,
    "effective_rank_D_masked": 65.76946820690412,
    "condition_number_D_masked": 6.960041878557267,
    "singular_values_D_masked": [
      5.566464373632823,
      5.230159997198082,
      4.872419243468155,
      4.693155674666306,
      4.013840883669887,
      3.6234111190206773,
      3.0792421784805617,
      2.443195394804051,
      2.1605988551078372,
      1.3397505946611088,
      0.7997745517569621,
      6.14531148371594e-16,
      5.566464373632823,
      5.230159997198082,
      4.872419243468155,
      4.693155674666306,
      4.013840883669887,
      3.6234111190206773,
      3.0792421784805617,
      2.443195394804051,
      2.1605988551078372,
      1.3397505946611088,
      0.7997745517569621,
      6.14531148371594e-16,
      5.566464373632823,
      5.230159997198082,
      4.872419243468155,
      4.693155674666306,
      4.013840883669887,
      3.6234111190206773,
      3.0792421784805617,
      2.443195394804051,
      2.1605988551078372,
      1.3397505946611088,
      0.7997745517569621,
      6.14531148371594e-16,
      5.566464373632823,
      5.230159997198082,
      4.872419243468155,
      4.693155674666306,
      4.013840883669887,
      3.6234111190206773,
      3.0792421784805617,
      2.443195394804051,
      2.1605988551078372,
      1.3397505946611088,
      0.7997745517569621,
      6.14531148371594e-16,
      5.566464373632823,
      5.230159997198082,
      4.872419243468155,
      4.693155674666306,
      4.013840883669887,
      3.6234111190206773,
      3.0792421784805617,
      2.443195394804051,
      2.1605988551078372,
      1.3397505946611088,
      0.7997745517569621,
      6.14531148371594e-16,
      5.566464373632823,
      5.230159997198082,
      4.872419243468155,
      4.693155674666306,
      4.013840883669887,
      3.6234111190206773,
      3.0792421784805617,
      2.443195394804051,
      2.1605988551078372,
      1.3397505946611088,
      0.7997745517569621,
      6.14531148371594e-16,
      5.566464373632823,
      5.230159997198082,
      4.872419243468155,
      4.693155674666306,
      4.013840883669887,
      3.6234111190206773,
      3.0792421784805617,
      2.443195394804051,
      2.1605988551078372,
      1.3397505946611088,
      0.7997745517569621,
      6.14531148371594e-16,
      5.566464373632823,
      5.230159997198082,
      4.872419243468155,
      4.693155674666306,
      4.013840883669887,
      3.6234111190206773,
      3.0792421784805617,
      2.443195394804051,
      2.1605988551078372,
      1.3397505946611088,
      0.7997745517569621,
      6.14531148371594e-16
    ],
    "singular_values_D": [
      5.566464373632823,
      5.230159997198082,
      4.872419243468155,
      4.693155674666306,
      4.013840883669887,
      3.6234111190206773,
      3.0792421784805617,
      2.443195394804051,
      2.1605988551078372,
      1.3397505946611088,
      0.7997745517569621,
      6.14531148371594e-16
    ],
    "singular_values_D_anchor": [
      13.477727119182319,
      5.365082662595464,
      4.894620559501453,
      4.705098617555686,
      4.106808634280949,
      3.9083468439954587,
      3.079252359914067,
      2.51708047431988,
      2.2313320172915456,
      1.924378075238505,
      0.91152692351611,
      6.452598073963697e-16
    ],
    "root_tree_count_cv": 0.44095855184409843,
    "root_tree_count_gini": 0.2333333333333334,
    "edge_participation": [
      0.2,
      0.4,
      0.25,
      0.3333333333333333,
      0.4,
      0.45,
      0.25,
      0.25,
      0.3333333333333333,
      0.38333333333333336,
      0.35,
      0.4
    ],
    "edge_participation_mean": 0.3333333333333333,
    "edge_participation_var": 0.0056944444444444456,
    "edge_participation_gini": 0.1263888888888891,
    "bottleneck_edge_fraction_095": 0.0,
    "mean_shortest_path": 1.5,
    "comparison_branch_d_rel_values": [
      22,
      22,
      22
    ],
    "comparison_branch_d_rel_min": 22,
    "comparison_branch_d_rel_mean": 22.0,
    "comparison_branch_d_rel_max": 22,
    "comparison_branch_d_rel_gini": 0.0,
    "comparison_branch_common_d_rel_values": [
      22,
      22,
      22
    ],
    "comparison_branch_common_d_rel_min": 22,
    "comparison_branch_common_d_rel_mean": 22.0,
    "comparison_branch_common_d_rel_max": 22,
    "comparison_branch_common_d_rel_gini": 0.0,
    "comparison_branch_input_count_values": [
      24,
      24,
      24
    ],
    "comparison_branch_input_count_min": 24,
    "comparison_branch_input_count_mean": 24.0,
    "comparison_branch_input_count_max": 24,
    "comparison_branch_input_count_gini": 0.0,
    "comparison_branch_input_overlap_values": [
      24,
      24,
      24
    ],
    "comparison_branch_input_overlap_min": 24,
    "comparison_branch_input_overlap_mean": 24.0,
    "comparison_branch_input_overlap_max": 24,
    "comparison_branch_input_overlap_gini": 0.0,
    "in_degree": [
      1,
      2,
      4,
      3,
      2
    ],
    "out_degree": [
      3,
      2,
      3,
      2,
      2
    ],
    "in_degree_cv": 0.4249182927993988,
    "out_degree_cv": 0.2041241452319315
  }
}