{
  "name": "bottleneck_bridge_n5_m12_seed66",
  "family": "bottleneck_bridge",
  "seed": 66,
  "n_nodes": 5,
  "edges": [
    [
      0,
      1
    ],
    [
      1,
      0
    ],
    [
      2,
      3
    ],
    [
      3,
      4
    ],
    [
      4,
      2
    ],
    [
      1,
      2
    ],
    [
      2,
      1
    ],
    [
      4,
      3
    ],
    [
      3,
      2
    ],
    [
      2,
      4
    ],
    [
      4,
      0
    ],
    [
      0,
      3
    ]
  ],
  "metrics": {
    "n_nodes": 5,
    "n_edges": 12,
    "p": 8,
    "strongly_connected": true,
    "edges": [
      [
        0,
        1
      ],
      [
        1,
        0
      ],
      [
        2,
        3
      ],
      [
        3,
        4
      ],
      [
        4,
        2
      ],
      [
        1,
        2
      ],
      [
        2,
        1
      ],
      [
        4,
        3
      ],
      [
        3,
        2
      ],
      [
        2,
        4
      ],
      [
        4,
        0
      ],
      [
        0,
        3
      ]
    ],
    "tree_counts_enum": [
      11,
      12,
      13,
      17,
      10
    ],
    "tree_counts_det": [
      11,
      12,
      13,
      17,
      10
    ],
    "tree_counts_match_det": true,
    "tree_enumeration_truncated": false,
    "max_trees_per_root": null,
    "n_trees_total_enum": 63,
    "rank_M": 12,
    "rank_D": 11,
    "rank_D_anchor": 11,
    "d_rel": 88,
    "effective_rank_D": 8.444557233481797,
    "condition_number_D": 3.8905046201235316,
    "effective_rank_D_masked": 67.5564578678543,
    "condition_number_D_masked": 3.8905046201235316,
    "singular_values_D_masked": [
      5.995954794209239,
      5.106457008045604,
      4.988353731931609,
      4.73556483166059,
      3.8336858982859,
      3.6353623315992665,
      3.0599009893522156,
      2.3752078505199172,
      2.1534096050370795,
      1.8439172414713376,
      1.5411766286551423,
      6.412172937255511e-16,
      5.995954794209239,
      5.106457008045604,
      4.988353731931609,
      4.73556483166059,
      3.8336858982859,
      3.6353623315992665,
      3.0599009893522156,
      2.3752078505199172,
      2.1534096050370795,
      1.8439172414713376,
      1.5411766286551423,
      6.412172937255511e-16,
      5.995954794209239,
      5.106457008045604,
      4.988353731931609,
      4.73556483166059,
      3.8336858982859,
      3.6353623315992665,
      3.0599009893522156,
      2.3752078505199172,
      2.1534096050370795,
      1.8439172414713376,
      1.5411766286551423,
      6.412172937255511e-16,
      5.995954794209239,
      5.106457008045604,
      4.988353731931609,
      4.73556483166059,
      3.8336858982859,
      3.6353623315992665,
      3.0599009893522156,
      2.3752078505199172,
      2.1534096050370795,
      1.8439172414713376,
      1.5411766286551423,
      6.412172937255511e-16,
      5.995954794209239,
      5.106457008045604,
      4.988353731931609,
      4.73556483166059,
      3.8336858982859,
      3.6353623315992665,
      3.0599009893522156,
      2.3752078505199172,
      2.1534096050370795,
      1.8439172414713376,
      1.5411766286551423,
      6.412172937255511e-16,
      5.995954794209239,
      5.106457008045604,
      4.988353731931609,
      4.73556483166059,
      3.8336858982859,
      3.6353623315992665,
      3.0599009893522156,
      2.3752078505199172,
      2.1534096050370795,
      1.8439172414713376,
      1.5411766286551423,
      6.412172937255511e-16,
      5.995954794209239,
      5.106457008045604,
      4.988353731931609,
      4.73556483166059,
      3.8336858982859,
      3.6353623315992665,
      3.0599009893522156,
      2.3752078505199172,
      2.1534096050370795,
      1.8439172414713376,
      1.5411766286551423,
      6.412172937255511e-16,
      5.995954794209239,
      5.106457008045604,
      4.988353731931609,
      4.73556483166059,
      3.8336858982859,
      3.6353623315992665,
      3.0599009893522156,
      2.3752078505199172,
      2.1534096050370795,
      1.8439172414713376,
      1.5411766286551423,
      6.412172937255511e-16
    ],
    "singular_values_D": [
      5.995954794209239,
      5.106457008045604,
      4.988353731931609,
      4.73556483166059,
      3.8336858982859,
      3.6353623315992665,
      3.0599009893522156,
      2.3752078505199172,
      2.1534096050370795,
      1.8439172414713376,
      1.5411766286551423,
      6.412172937255511e-16
    ],
    "singular_values_D_anchor": [
      13.866848932346254,
      5.994089829572555,
      5.027564602291997,
      4.757374354293454,
      4.13069725628413,
      3.635786201548826,
      3.1955964832046484,
      2.573522607261616,
      2.1562408796980543,
      1.8758101943724443,
      1.6086876604234717,
      1.073860708453619e-15
    ],
    "root_tree_count_cv": 0.19179438053324718,
    "root_tree_count_gini": 0.10158730158730167,
    "edge_participation": [
      0.31746031746031744,
      0.38095238095238093,
      0.23809523809523808,
      0.3492063492063492,
      0.25396825396825395,
      0.42857142857142855,
      0.2857142857142857,
      0.20634920634920634,
      0.38095238095238093,
      0.2698412698412698,
      0.38095238095238093,
      0.5079365079365079
    ],
    "edge_participation_mean": 0.3333333333333333,
    "edge_participation_var": 0.007054673721340387,
    "edge_participation_gini": 0.14153439153439185,
    "bottleneck_edge_fraction_095": 0.0,
    "mean_shortest_path": 1.4,
    "comparison_branch_d_rel_values": [
      22,
      22,
      22
    ],
    "comparison_branch_d_rel_min": 22,
    "comparison_branch_d_rel_mean": 22.0,
    "comparison_branch_d_rel_max": 22,
    "comparison_branch_d_rel_gini": 0.0,
    "comparison_branch_common_d_rel_values": [
      22,
      22,
      22
    ],
    "comparison_branch_common_d_rel_min": 22,
    "comparison_branch_common_d_rel_mean": 22.0,
    "comparison_branch_common_d_rel_max": 22,
    "comparison_branch_common_d_rel_gini": 0.0,
    "comparison_branch_input_count_values": [
      24,
      24,
      24
    ],
    "comparison_branch_input_count_min": 24,
    "comparison_branch_input_count_mean": 24.0,
    "comparison_branch_input_count_max": 24,
    "comparison_branch_input_count_gini": 0.0,
    "comparison_branch_input_overlap_values": [
      24,
      24,
      24
    ],
    "comparison_branch_input_overlap_min": 24,
    "comparison_branch_input_overlap_mean": 24.0,
    "comparison_branch_input_overlap_max": 24,
    "comparison_branch_input_overlap_gini": 0.0,
    "in_degree": [
      2,
      2,
      3,
      3,
      2
    ],
    "out_degree": [
      2,
      2,
      3,
      2,
      3
    ],
    "in_degree_cv": 0.2041241452319315,
    "out_degree_cv": 0.2041241452319315
  }
}