{
  "name": "bottleneck_bridge_n5_m12_seed74",
  "family": "bottleneck_bridge",
  "seed": 74,
  "n_nodes": 5,
  "edges": [
    [
      0,
      1
    ],
    [
      1,
      0
    ],
    [
      2,
      3
    ],
    [
      3,
      4
    ],
    [
      4,
      2
    ],
    [
      1,
      2
    ],
    [
      2,
      1
    ],
    [
      3,
      2
    ],
    [
      2,
      4
    ],
    [
      4,
      3
    ],
    [
      1,
      3
    ],
    [
      3,
      1
    ]
  ],
  "metrics": {
    "n_nodes": 5,
    "n_edges": 12,
    "p": 8,
    "strongly_connected": true,
    "edges": [
      [
        0,
        1
      ],
      [
        1,
        0
      ],
      [
        2,
        3
      ],
      [
        3,
        4
      ],
      [
        4,
        2
      ],
      [
        1,
        2
      ],
      [
        2,
        1
      ],
      [
        3,
        2
      ],
      [
        2,
        4
      ],
      [
        4,
        3
      ],
      [
        1,
        3
      ],
      [
        3,
        1
      ]
    ],
    "tree_counts_enum": [
      8,
      8,
      8,
      8,
      8
    ],
    "tree_counts_det": [
      8,
      8,
      8,
      8,
      8
    ],
    "tree_counts_match_det": true,
    "tree_enumeration_truncated": false,
    "max_trees_per_root": null,
    "n_trees_total_enum": 40,
    "rank_M": 11,
    "rank_D": 10,
    "rank_D_anchor": 10,
    "d_rel": 80,
    "effective_rank_D": 7.897750877359849,
    "condition_number_D": 3.4454650625260417,
    "effective_rank_D_masked": 63.18200701887878,
    "condition_number_D_masked": 3.4454650625260417,
    "singular_values_D_masked": [
      4.5442958025695095,
      4.337019732780729,
      3.791434430934565,
      3.404091132396679,
      3.000135732937779,
      2.671091882635995,
      2.6319281270692123,
      1.6656161373337304,
      1.5167078458538787,
      1.3189208771827918,
      1.0214504025977817e-15,
      5.505251006739722e-16,
      4.5442958025695095,
      4.337019732780729,
      3.791434430934565,
      3.404091132396679,
      3.000135732937779,
      2.671091882635995,
      2.6319281270692123,
      1.6656161373337304,
      1.5167078458538787,
      1.3189208771827918,
      1.0214504025977817e-15,
      5.505251006739722e-16,
      4.5442958025695095,
      4.337019732780729,
      3.791434430934565,
      3.404091132396679,
      3.000135732937779,
      2.671091882635995,
      2.6319281270692123,
      1.6656161373337304,
      1.5167078458538787,
      1.3189208771827918,
      1.0214504025977817e-15,
      5.505251006739722e-16,
      4.5442958025695095,
      4.337019732780729,
      3.791434430934565,
      3.404091132396679,
      3.000135732937779,
      2.671091882635995,
      2.6319281270692123,
      1.6656161373337304,
      1.5167078458538787,
      1.3189208771827918,
      1.0214504025977817e-15,
      5.505251006739722e-16,
      4.5442958025695095,
      4.337019732780729,
      3.791434430934565,
      3.404091132396679,
      3.000135732937779,
      2.671091882635995,
      2.6319281270692123,
      1.6656161373337304,
      1.5167078458538787,
      1.3189208771827918,
      1.0214504025977817e-15,
      5.505251006739722e-16,
      4.5442958025695095,
      4.337019732780729,
      3.791434430934565,
      3.404091132396679,
      3.000135732937779,
      2.671091882635995,
      2.6319281270692123,
      1.6656161373337304,
      1.5167078458538787,
      1.3189208771827918,
      1.0214504025977817e-15,
      5.505251006739722e-16,
      4.5442958025695095,
      4.337019732780729,
      3.791434430934565,
      3.404091132396679,
      3.000135732937779,
      2.671091882635995,
      2.6319281270692123,
      1.6656161373337304,
      1.5167078458538787,
      1.3189208771827918,
      1.0214504025977817e-15,
      5.505251006739722e-16,
      4.5442958025695095,
      4.337019732780729,
      3.791434430934565,
      3.404091132396679,
      3.000135732937779,
      2.671091882635995,
      2.6319281270692123,
      1.6656161373337304,
      1.5167078458538787,
      1.3189208771827918,
      1.0214504025977817e-15,
      5.505251006739722e-16
    ],
    "singular_values_D": [
      4.5442958025695095,
      4.337019732780729,
      3.791434430934565,
      3.404091132396679,
      3.000135732937779,
      2.671091882635995,
      2.6319281270692123,
      1.6656161373337304,
      1.5167078458538787,
      1.3189208771827918,
      1.0214504025977817e-15,
      5.505251006739722e-16
    ],
    "singular_values_D_anchor": [
      12.094291552151278,
      4.349958522827579,
      4.149953605275118,
      3.482881669136431,
      3.0261211005723196,
      2.9121557636346296,
      2.644452397138353,
      1.6673209421213464,
      1.5168555278765294,
      1.3196191306142826,
      1.0115587874678758e-15,
      4.3570458650796015e-16
    ],
    "root_tree_count_cv": 0.0,
    "root_tree_count_gini": 0.0,
    "edge_participation": [
      0.8,
      0.2,
      0.25,
      0.225,
      0.4,
      0.3,
      0.325,
      0.25,
      0.225,
      0.4,
      0.3,
      0.325
    ],
    "edge_participation_mean": 0.3333333333333333,
    "edge_participation_var": 0.023680555555555566,
    "edge_participation_gini": 0.20833333333333348,
    "bottleneck_edge_fraction_095": 0.0,
    "mean_shortest_path": 1.5,
    "comparison_branch_d_rel_values": [
      20,
      20,
      20
    ],
    "comparison_branch_d_rel_min": 20,
    "comparison_branch_d_rel_mean": 20.0,
    "comparison_branch_d_rel_max": 20,
    "comparison_branch_d_rel_gini": 0.0,
    "comparison_branch_common_d_rel_values": [
      20,
      20,
      20
    ],
    "comparison_branch_common_d_rel_min": 20,
    "comparison_branch_common_d_rel_mean": 20.0,
    "comparison_branch_common_d_rel_max": 20,
    "comparison_branch_common_d_rel_gini": 0.0,
    "comparison_branch_input_count_values": [
      24,
      24,
      24
    ],
    "comparison_branch_input_count_min": 24,
    "comparison_branch_input_count_mean": 24.0,
    "comparison_branch_input_count_max": 24,
    "comparison_branch_input_count_gini": 0.0,
    "comparison_branch_input_overlap_values": [
      24,
      24,
      24
    ],
    "comparison_branch_input_overlap_min": 24,
    "comparison_branch_input_overlap_mean": 24.0,
    "comparison_branch_input_overlap_max": 24,
    "comparison_branch_input_overlap_gini": 0.0,
    "in_degree": [
      1,
      3,
      3,
      3,
      2
    ],
    "out_degree": [
      1,
      3,
      3,
      3,
      2
    ],
    "in_degree_cv": 0.33333333333333337,
    "out_degree_cv": 0.33333333333333337
  }
}