{
  "name": "bottleneck_bridge_n5_m12_seed76",
  "family": "bottleneck_bridge",
  "seed": 76,
  "n_nodes": 5,
  "edges": [
    [
      0,
      1
    ],
    [
      1,
      0
    ],
    [
      2,
      3
    ],
    [
      3,
      4
    ],
    [
      4,
      2
    ],
    [
      1,
      2
    ],
    [
      2,
      1
    ],
    [
      2,
      4
    ],
    [
      4,
      3
    ],
    [
      3,
      2
    ],
    [
      4,
      1
    ],
    [
      2,
      0
    ]
  ],
  "metrics": {
    "n_nodes": 5,
    "n_edges": 12,
    "p": 8,
    "strongly_connected": true,
    "edges": [
      [
        0,
        1
      ],
      [
        1,
        0
      ],
      [
        2,
        3
      ],
      [
        3,
        4
      ],
      [
        4,
        2
      ],
      [
        1,
        2
      ],
      [
        2,
        1
      ],
      [
        2,
        4
      ],
      [
        4,
        3
      ],
      [
        3,
        2
      ],
      [
        4,
        1
      ],
      [
        2,
        0
      ]
    ],
    "tree_counts_enum": [
      18,
      13,
      5,
      4,
      3
    ],
    "tree_counts_det": [
      18,
      13,
      5,
      4,
      3
    ],
    "tree_counts_match_det": true,
    "tree_enumeration_truncated": false,
    "max_trees_per_root": null,
    "n_trees_total_enum": 43,
    "rank_M": 12,
    "rank_D": 11,
    "rank_D_anchor": 11,
    "d_rel": 88,
    "effective_rank_D": 7.8107781495039434,
    "condition_number_D": 5.642794690155264,
    "effective_rank_D_masked": 62.48622519603145,
    "condition_number_D_masked": 5.642794690155264,
    "singular_values_D_masked": [
      4.803034518005481,
      4.7034287083556015,
      4.027215213714276,
      3.675285369418166,
      3.0142308604758155,
      2.6489518857736014,
      2.559355292236674,
      2.192826623255039,
      1.1929241691028398,
      1.0714261398333746,
      0.8511800945700053,
      6.216524109099175e-16,
      4.803034518005481,
      4.7034287083556015,
      4.027215213714276,
      3.675285369418166,
      3.0142308604758155,
      2.6489518857736014,
      2.559355292236674,
      2.192826623255039,
      1.1929241691028398,
      1.0714261398333746,
      0.8511800945700053,
      6.216524109099175e-16,
      4.803034518005481,
      4.7034287083556015,
      4.027215213714276,
      3.675285369418166,
      3.0142308604758155,
      2.6489518857736014,
      2.559355292236674,
      2.192826623255039,
      1.1929241691028398,
      1.0714261398333746,
      0.8511800945700053,
      6.216524109099175e-16,
      4.803034518005481,
      4.7034287083556015,
      4.027215213714276,
      3.675285369418166,
      3.0142308604758155,
      2.6489518857736014,
      2.559355292236674,
      2.192826623255039,
      1.1929241691028398,
      1.0714261398333746,
      0.8511800945700053,
      6.216524109099175e-16,
      4.803034518005481,
      4.7034287083556015,
      4.027215213714276,
      3.675285369418166,
      3.0142308604758155,
      2.6489518857736014,
      2.559355292236674,
      2.192826623255039,
      1.1929241691028398,
      1.0714261398333746,
      0.8511800945700053,
      6.216524109099175e-16,
      4.803034518005481,
      4.7034287083556015,
      4.027215213714276,
      3.675285369418166,
      3.0142308604758155,
      2.6489518857736014,
      2.559355292236674,
      2.192826623255039,
      1.1929241691028398,
      1.0714261398333746,
      0.8511800945700053,
      6.216524109099175e-16,
      4.803034518005481,
      4.7034287083556015,
      4.027215213714276,
      3.675285369418166,
      3.0142308604758155,
      2.6489518857736014,
      2.559355292236674,
      2.192826623255039,
      1.1929241691028398,
      1.0714261398333746,
      0.8511800945700053,
      6.216524109099175e-16,
      4.803034518005481,
      4.7034287083556015,
      4.027215213714276,
      3.675285369418166,
      3.0142308604758155,
      2.6489518857736014,
      2.559355292236674,
      2.192826623255039,
      1.1929241691028398,
      1.0714261398333746,
      0.8511800945700053,
      6.216524109099175e-16
    ],
    "singular_values_D": [
      4.803034518005481,
      4.7034287083556015,
      4.027215213714276,
      3.675285369418166,
      3.0142308604758155,
      2.6489518857736014,
      2.559355292236674,
      2.192826623255039,
      1.1929241691028398,
      1.0714261398333746,
      0.8511800945700053,
      6.216524109099175e-16
    ],
    "singular_values_D_anchor": [
      11.956258086374204,
      4.799450169492683,
      4.057958707271125,
      3.697429216833153,
      3.469564340479946,
      2.7641350152065747,
      2.647799093155191,
      2.359135094559904,
      1.2367346233486896,
      1.1258241227201844,
      0.9074629183345542,
      4.1574313599218507e-16
    ],
    "root_tree_count_cv": 0.6843692543982401,
    "root_tree_count_gini": 0.3627906976744186,
    "edge_participation": [
      0.5813953488372093,
      0.3023255813953488,
      0.13953488372093023,
      0.4186046511627907,
      0.3023255813953488,
      0.3953488372093023,
      0.23255813953488372,
      0.16279069767441862,
      0.18604651162790697,
      0.4883720930232558,
      0.4418604651162791,
      0.3488372093023256
    ],
    "edge_participation_mean": 0.3333333333333333,
    "edge_participation_var": 0.017426837329487414,
    "edge_participation_gini": 0.22577519379844957,
    "bottleneck_edge_fraction_095": 0.0,
    "mean_shortest_path": 1.5,
    "comparison_branch_d_rel_values": [
      22,
      22,
      22
    ],
    "comparison_branch_d_rel_min": 22,
    "comparison_branch_d_rel_mean": 22.0,
    "comparison_branch_d_rel_max": 22,
    "comparison_branch_d_rel_gini": 0.0,
    "comparison_branch_common_d_rel_values": [
      22,
      22,
      22
    ],
    "comparison_branch_common_d_rel_min": 22,
    "comparison_branch_common_d_rel_mean": 22.0,
    "comparison_branch_common_d_rel_max": 22,
    "comparison_branch_common_d_rel_gini": 0.0,
    "comparison_branch_input_count_values": [
      24,
      24,
      24
    ],
    "comparison_branch_input_count_min": 24,
    "comparison_branch_input_count_mean": 24.0,
    "comparison_branch_input_count_max": 24,
    "comparison_branch_input_count_gini": 0.0,
    "comparison_branch_input_overlap_values": [
      24,
      24,
      24
    ],
    "comparison_branch_input_overlap_min": 24,
    "comparison_branch_input_overlap_mean": 24.0,
    "comparison_branch_input_overlap_max": 24,
    "comparison_branch_input_overlap_gini": 0.0,
    "in_degree": [
      2,
      3,
      3,
      2,
      2
    ],
    "out_degree": [
      1,
      2,
      4,
      2,
      3
    ],
    "in_degree_cv": 0.2041241452319315,
    "out_degree_cv": 0.4249182927993988
  }
}