{
  "name": "bottleneck_bridge_n5_m12_seed73",
  "family": "bottleneck_bridge",
  "seed": 73,
  "n_nodes": 5,
  "edges": [
    [
      0,
      1
    ],
    [
      1,
      0
    ],
    [
      2,
      3
    ],
    [
      3,
      4
    ],
    [
      4,
      2
    ],
    [
      1,
      2
    ],
    [
      2,
      1
    ],
    [
      4,
      3
    ],
    [
      2,
      4
    ],
    [
      3,
      2
    ],
    [
      3,
      0
    ],
    [
      2,
      0
    ]
  ],
  "metrics": {
    "n_nodes": 5,
    "n_edges": 12,
    "p": 8,
    "strongly_connected": true,
    "edges": [
      [
        0,
        1
      ],
      [
        1,
        0
      ],
      [
        2,
        3
      ],
      [
        3,
        4
      ],
      [
        4,
        2
      ],
      [
        1,
        2
      ],
      [
        2,
        1
      ],
      [
        4,
        3
      ],
      [
        2,
        4
      ],
      [
        3,
        2
      ],
      [
        3,
        0
      ],
      [
        2,
        0
      ]
    ],
    "tree_counts_enum": [
      21,
      13,
      5,
      3,
      4
    ],
    "tree_counts_det": [
      21,
      13,
      5,
      3,
      4
    ],
    "tree_counts_match_det": true,
    "tree_enumeration_truncated": false,
    "max_trees_per_root": null,
    "n_trees_total_enum": 46,
    "rank_M": 12,
    "rank_D": 11,
    "rank_D_anchor": 11,
    "d_rel": 88,
    "effective_rank_D": 7.928310292217592,
    "condition_number_D": 5.2943148751430815,
    "effective_rank_D_masked": 63.42648233774072,
    "condition_number_D_masked": 5.2943148751430815,
    "singular_values_D_masked": [
      4.9904001677899075,
      4.763869680028463,
      4.171647493208219,
      3.7657849545560733,
      3.122416300715712,
      2.8765112694951402,
      2.684934280887373,
      2.2529204120175397,
      1.2969244940739,
      1.13431709174666,
      0.9425960271497905,
      5.98247113613915e-16,
      4.9904001677899075,
      4.763869680028463,
      4.171647493208219,
      3.7657849545560733,
      3.122416300715712,
      2.8765112694951402,
      2.684934280887373,
      2.2529204120175397,
      1.2969244940739,
      1.13431709174666,
      0.9425960271497905,
      5.98247113613915e-16,
      4.9904001677899075,
      4.763869680028463,
      4.171647493208219,
      3.7657849545560733,
      3.122416300715712,
      2.8765112694951402,
      2.684934280887373,
      2.2529204120175397,
      1.2969244940739,
      1.13431709174666,
      0.9425960271497905,
      5.98247113613915e-16,
      4.9904001677899075,
      4.763869680028463,
      4.171647493208219,
      3.7657849545560733,
      3.122416300715712,
      2.8765112694951402,
      2.684934280887373,
      2.2529204120175397,
      1.2969244940739,
      1.13431709174666,
      0.9425960271497905,
      5.98247113613915e-16,
      4.9904001677899075,
      4.763869680028463,
      4.171647493208219,
      3.7657849545560733,
      3.122416300715712,
      2.8765112694951402,
      2.684934280887373,
      2.2529204120175397,
      1.2969244940739,
      1.13431709174666,
      0.9425960271497905,
      5.98247113613915e-16,
      4.9904001677899075,
      4.763869680028463,
      4.171647493208219,
      3.7657849545560733,
      3.122416300715712,
      2.8765112694951402,
      2.684934280887373,
      2.2529204120175397,
      1.2969244940739,
      1.13431709174666,
      0.9425960271497905,
      5.98247113613915e-16,
      4.9904001677899075,
      4.763869680028463,
      4.171647493208219,
      3.7657849545560733,
      3.122416300715712,
      2.8765112694951402,
      2.684934280887373,
      2.2529204120175397,
      1.2969244940739,
      1.13431709174666,
      0.9425960271497905,
      5.98247113613915e-16,
      4.9904001677899075,
      4.763869680028463,
      4.171647493208219,
      3.7657849545560733,
      3.122416300715712,
      2.8765112694951402,
      2.684934280887373,
      2.2529204120175397,
      1.2969244940739,
      1.13431709174666,
      0.9425960271497905,
      5.98247113613915e-16
    ],
    "singular_values_D": [
      4.9904001677899075,
      4.763869680028463,
      4.171647493208219,
      3.7657849545560733,
      3.122416300715712,
      2.8765112694951402,
      2.684934280887373,
      2.2529204120175397,
      1.2969244940739,
      1.13431709174666,
      0.9425960271497905,
      5.98247113613915e-16
    ],
    "singular_values_D_anchor": [
      11.794696973805934,
      4.943769350737811,
      4.578199663361033,
      3.765788400052013,
      3.3171322217715224,
      3.0315493658608728,
      2.700062203866705,
      2.4370003254493207,
      1.2971439028930252,
      1.1343200247403171,
      0.9544448766365983,
      4.716922397248691e-16
    ],
    "root_tree_count_cv": 0.7480282840906632,
    "root_tree_count_gini": 0.3913043478260869,
    "edge_participation": [
      0.5434782608695652,
      0.2826086956521739,
      0.1956521739130435,
      0.17391304347826086,
      0.4782608695652174,
      0.43478260869565216,
      0.21739130434782608,
      0.43478260869565216,
      0.15217391304347827,
      0.2826086956521739,
      0.4782608695652174,
      0.32608695652173914
    ],
    "edge_participation_mean": 0.3333333333333333,
    "edge_participation_var": 0.01688195757193867,
    "edge_participation_gini": 0.22101449275362306,
    "bottleneck_edge_fraction_095": 0.0,
    "mean_shortest_path": 1.5,
    "comparison_branch_d_rel_values": [
      22,
      22,
      22
    ],
    "comparison_branch_d_rel_min": 22,
    "comparison_branch_d_rel_mean": 22.0,
    "comparison_branch_d_rel_max": 22,
    "comparison_branch_d_rel_gini": 0.0,
    "comparison_branch_common_d_rel_values": [
      22,
      22,
      22
    ],
    "comparison_branch_common_d_rel_min": 22,
    "comparison_branch_common_d_rel_mean": 22.0,
    "comparison_branch_common_d_rel_max": 22,
    "comparison_branch_common_d_rel_gini": 0.0,
    "comparison_branch_input_count_values": [
      24,
      24,
      24
    ],
    "comparison_branch_input_count_min": 24,
    "comparison_branch_input_count_mean": 24.0,
    "comparison_branch_input_count_max": 24,
    "comparison_branch_input_count_gini": 0.0,
    "comparison_branch_input_overlap_values": [
      24,
      24,
      24
    ],
    "comparison_branch_input_overlap_min": 24,
    "comparison_branch_input_overlap_mean": 24.0,
    "comparison_branch_input_overlap_max": 24,
    "comparison_branch_input_overlap_gini": 0.0,
    "in_degree": [
      3,
      2,
      3,
      2,
      2
    ],
    "out_degree": [
      1,
      2,
      4,
      3,
      2
    ],
    "in_degree_cv": 0.2041241452319315,
    "out_degree_cv": 0.4249182927993988
  }
}