{
  "name": "bottleneck_bridge_n5_m12_seed79",
  "family": "bottleneck_bridge",
  "seed": 79,
  "n_nodes": 5,
  "edges": [
    [
      0,
      1
    ],
    [
      1,
      0
    ],
    [
      2,
      3
    ],
    [
      3,
      4
    ],
    [
      4,
      2
    ],
    [
      1,
      2
    ],
    [
      2,
      1
    ],
    [
      4,
      3
    ],
    [
      3,
      2
    ],
    [
      2,
      4
    ],
    [
      4,
      0
    ],
    [
      1,
      4
    ]
  ],
  "metrics": {
    "n_nodes": 5,
    "n_edges": 12,
    "p": 8,
    "strongly_connected": true,
    "edges": [
      [
        0,
        1
      ],
      [
        1,
        0
      ],
      [
        2,
        3
      ],
      [
        3,
        4
      ],
      [
        4,
        2
      ],
      [
        1,
        2
      ],
      [
        2,
        1
      ],
      [
        4,
        3
      ],
      [
        3,
        2
      ],
      [
        2,
        4
      ],
      [
        4,
        0
      ],
      [
        1,
        4
      ]
    ],
    "tree_counts_enum": [
      16,
      8,
      8,
      8,
      8
    ],
    "tree_counts_det": [
      16,
      8,
      8,
      8,
      8
    ],
    "tree_counts_match_det": true,
    "tree_enumeration_truncated": false,
    "max_trees_per_root": null,
    "n_trees_total_enum": 48,
    "rank_M": 12,
    "rank_D": 11,
    "rank_D_anchor": 11,
    "d_rel": 88,
    "effective_rank_D": 8.250568666540604,
    "condition_number_D": 4.357576198161986,
    "effective_rank_D_masked": 66.00454933232486,
    "condition_number_D_masked": 4.357576198161986,
    "singular_values_D_masked": [
      4.977569253131113,
      4.759713772629583,
      4.289744059859403,
      3.8728414812659566,
      3.188927786151322,
      2.8950198695953704,
      2.7710522109448767,
      2.0765974236808247,
      1.6283100812332902,
      1.528792683553849,
      1.1422793375892402,
      7.409201798460993e-16,
      4.977569253131113,
      4.759713772629583,
      4.289744059859403,
      3.8728414812659566,
      3.188927786151322,
      2.8950198695953704,
      2.7710522109448767,
      2.0765974236808247,
      1.6283100812332902,
      1.528792683553849,
      1.1422793375892402,
      7.409201798460993e-16,
      4.977569253131113,
      4.759713772629583,
      4.289744059859403,
      3.8728414812659566,
      3.188927786151322,
      2.8950198695953704,
      2.7710522109448767,
      2.0765974236808247,
      1.6283100812332902,
      1.528792683553849,
      1.1422793375892402,
      7.409201798460993e-16,
      4.977569253131113,
      4.759713772629583,
      4.289744059859403,
      3.8728414812659566,
      3.188927786151322,
      2.8950198695953704,
      2.7710522109448767,
      2.0765974236808247,
      1.6283100812332902,
      1.528792683553849,
      1.1422793375892402,
      7.409201798460993e-16,
      4.977569253131113,
      4.759713772629583,
      4.289744059859403,
      3.8728414812659566,
      3.188927786151322,
      2.8950198695953704,
      2.7710522109448767,
      2.0765974236808247,
      1.6283100812332902,
      1.528792683553849,
      1.1422793375892402,
      7.409201798460993e-16,
      4.977569253131113,
      4.759713772629583,
      4.289744059859403,
      3.8728414812659566,
      3.188927786151322,
      2.8950198695953704,
      2.7710522109448767,
      2.0765974236808247,
      1.6283100812332902,
      1.528792683553849,
      1.1422793375892402,
      7.409201798460993e-16,
      4.977569253131113,
      4.759713772629583,
      4.289744059859403,
      3.8728414812659566,
      3.188927786151322,
      2.8950198695953704,
      2.7710522109448767,
      2.0765974236808247,
      1.6283100812332902,
      1.528792683553849,
      1.1422793375892402,
      7.409201798460993e-16,
      4.977569253131113,
      4.759713772629583,
      4.289744059859403,
      3.8728414812659566,
      3.188927786151322,
      2.8950198695953704,
      2.7710522109448767,
      2.0765974236808247,
      1.6283100812332902,
      1.528792683553849,
      1.1422793375892402,
      7.409201798460993e-16
    ],
    "singular_values_D": [
      4.977569253131113,
      4.759713772629583,
      4.289744059859403,
      3.8728414812659566,
      3.188927786151322,
      2.8950198695953704,
      2.7710522109448767,
      2.0765974236808247,
      1.6283100812332902,
      1.528792683553849,
      1.1422793375892402,
      7.409201798460993e-16
    ],
    "singular_values_D_anchor": [
      12.772680567419858,
      4.75995918712204,
      4.331876776423562,
      4.006129829789353,
      3.6043593825625924,
      2.9278967019723066,
      2.8914950357274027,
      2.21454756750655,
      1.6991007032608372,
      1.5359002575418943,
      1.1455584284227274,
      4.433831289276564e-16
    ],
    "root_tree_count_cv": 0.3333333333333334,
    "root_tree_count_gini": 0.1333333333333333,
    "edge_participation": [
      0.6666666666666666,
      0.16666666666666666,
      0.22916666666666666,
      0.4375,
      0.20833333333333334,
      0.3125,
      0.3125,
      0.1875,
      0.3958333333333333,
      0.2916666666666667,
      0.4375,
      0.3541666666666667
    ],
    "edge_participation_mean": 0.3333333333333333,
    "edge_participation_var": 0.017939814814814815,
    "edge_participation_gini": 0.21614583333333348,
    "bottleneck_edge_fraction_095": 0.0,
    "mean_shortest_path": 1.45,
    "comparison_branch_d_rel_values": [
      22,
      22,
      22
    ],
    "comparison_branch_d_rel_min": 22,
    "comparison_branch_d_rel_mean": 22.0,
    "comparison_branch_d_rel_max": 22,
    "comparison_branch_d_rel_gini": 0.0,
    "comparison_branch_common_d_rel_values": [
      22,
      22,
      22
    ],
    "comparison_branch_common_d_rel_min": 22,
    "comparison_branch_common_d_rel_mean": 22.0,
    "comparison_branch_common_d_rel_max": 22,
    "comparison_branch_common_d_rel_gini": 0.0,
    "comparison_branch_input_count_values": [
      24,
      24,
      24
    ],
    "comparison_branch_input_count_min": 24,
    "comparison_branch_input_count_mean": 24.0,
    "comparison_branch_input_count_max": 24,
    "comparison_branch_input_count_gini": 0.0,
    "comparison_branch_input_overlap_values": [
      24,
      24,
      24
    ],
    "comparison_branch_input_overlap_min": 24,
    "comparison_branch_input_overlap_mean": 24.0,
    "comparison_branch_input_overlap_max": 24,
    "comparison_branch_input_overlap_gini": 0.0,
    "in_degree": [
      2,
      2,
      3,
      2,
      3
    ],
    "out_degree": [
      1,
      3,
      3,
      2,
      3
    ],
    "in_degree_cv": 0.2041241452319315,
    "out_degree_cv": 0.33333333333333337
  }
}