{
  "name": "bottleneck_bridge_n5_m12_seed81",
  "family": "bottleneck_bridge",
  "seed": 81,
  "n_nodes": 5,
  "edges": [
    [
      0,
      1
    ],
    [
      1,
      0
    ],
    [
      2,
      3
    ],
    [
      3,
      4
    ],
    [
      4,
      2
    ],
    [
      1,
      2
    ],
    [
      2,
      1
    ],
    [
      2,
      4
    ],
    [
      3,
      2
    ],
    [
      4,
      3
    ],
    [
      0,
      4
    ],
    [
      4,
      1
    ]
  ],
  "metrics": {
    "n_nodes": 5,
    "n_edges": 12,
    "p": 8,
    "strongly_connected": true,
    "edges": [
      [
        0,
        1
      ],
      [
        1,
        0
      ],
      [
        2,
        3
      ],
      [
        3,
        4
      ],
      [
        4,
        2
      ],
      [
        1,
        2
      ],
      [
        2,
        1
      ],
      [
        2,
        4
      ],
      [
        3,
        2
      ],
      [
        4,
        3
      ],
      [
        0,
        4
      ],
      [
        4,
        1
      ]
    ],
    "tree_counts_enum": [
      8,
      16,
      13,
      12,
      11
    ],
    "tree_counts_det": [
      8,
      16,
      13,
      12,
      11
    ],
    "tree_counts_match_det": true,
    "tree_enumeration_truncated": false,
    "max_trees_per_root": null,
    "n_trees_total_enum": 60,
    "rank_M": 12,
    "rank_D": 11,
    "rank_D_anchor": 11,
    "d_rel": 88,
    "effective_rank_D": 8.391454278889778,
    "condition_number_D": 4.27801589264811,
    "effective_rank_D_masked": 67.13163423111824,
    "condition_number_D_masked": 4.27801589264811,
    "singular_values_D_masked": [
      5.667276652486529,
      5.195691496533134,
      4.974901170250844,
      4.414346777946571,
      3.710346139958659,
      3.6186176582102947,
      3.2154186009221903,
      2.309765772323096,
      1.88952928806262,
      1.8047348132957786,
      1.3247441792411063,
      5.850001376743343e-16,
      5.667276652486529,
      5.195691496533134,
      4.974901170250844,
      4.414346777946571,
      3.710346139958659,
      3.6186176582102947,
      3.2154186009221903,
      2.309765772323096,
      1.88952928806262,
      1.8047348132957786,
      1.3247441792411063,
      5.850001376743343e-16,
      5.667276652486529,
      5.195691496533134,
      4.974901170250844,
      4.414346777946571,
      3.710346139958659,
      3.6186176582102947,
      3.2154186009221903,
      2.309765772323096,
      1.88952928806262,
      1.8047348132957786,
      1.3247441792411063,
      5.850001376743343e-16,
      5.667276652486529,
      5.195691496533134,
      4.974901170250844,
      4.414346777946571,
      3.710346139958659,
      3.6186176582102947,
      3.2154186009221903,
      2.309765772323096,
      1.88952928806262,
      1.8047348132957786,
      1.3247441792411063,
      5.850001376743343e-16,
      5.667276652486529,
      5.195691496533134,
      4.974901170250844,
      4.414346777946571,
      3.710346139958659,
      3.6186176582102947,
      3.2154186009221903,
      2.309765772323096,
      1.88952928806262,
      1.8047348132957786,
      1.3247441792411063,
      5.850001376743343e-16,
      5.667276652486529,
      5.195691496533134,
      4.974901170250844,
      4.414346777946571,
      3.710346139958659,
      3.6186176582102947,
      3.2154186009221903,
      2.309765772323096,
      1.88952928806262,
      1.8047348132957786,
      1.3247441792411063,
      5.850001376743343e-16,
      5.667276652486529,
      5.195691496533134,
      4.974901170250844,
      4.414346777946571,
      3.710346139958659,
      3.6186176582102947,
      3.2154186009221903,
      2.309765772323096,
      1.88952928806262,
      1.8047348132957786,
      1.3247441792411063,
      5.850001376743343e-16,
      5.667276652486529,
      5.195691496533134,
      4.974901170250844,
      4.414346777946571,
      3.710346139958659,
      3.6186176582102947,
      3.2154186009221903,
      2.309765772323096,
      1.88952928806262,
      1.8047348132957786,
      1.3247441792411063,
      5.850001376743343e-16
    ],
    "singular_values_D": [
      5.667276652486529,
      5.195691496533134,
      4.974901170250844,
      4.414346777946571,
      3.710346139958659,
      3.6186176582102947,
      3.2154186009221903,
      2.309765772323096,
      1.88952928806262,
      1.8047348132957786,
      1.3247441792411063,
      5.850001376743343e-16
    ],
    "singular_values_D_anchor": [
      13.680212822712768,
      5.666258384921582,
      5.024487384869564,
      4.460004437044991,
      4.24237574338026,
      3.6453648263736547,
      3.3929099499837676,
      2.373309158189821,
      1.8930126207480436,
      1.8103248145341047,
      1.5220171847115367,
      8.527489137492162e-16
    ],
    "root_tree_count_cv": 0.2173067468400883,
    "root_tree_count_gini": 0.1200000000000001,
    "edge_participation": [
      0.3333333333333333,
      0.3333333333333333,
      0.23333333333333334,
      0.4,
      0.25,
      0.4,
      0.3,
      0.25,
      0.4,
      0.21666666666666667,
      0.5333333333333333,
      0.35
    ],
    "edge_participation_mean": 0.3333333333333333,
    "edge_participation_var": 0.007685185185185186,
    "edge_participation_gini": 0.14444444444444438,
    "bottleneck_edge_fraction_095": 0.0,
    "mean_shortest_path": 1.45,
    "comparison_branch_d_rel_values": [
      22,
      22,
      22
    ],
    "comparison_branch_d_rel_min": 22,
    "comparison_branch_d_rel_mean": 22.0,
    "comparison_branch_d_rel_max": 22,
    "comparison_branch_d_rel_gini": 0.0,
    "comparison_branch_common_d_rel_values": [
      22,
      22,
      22
    ],
    "comparison_branch_common_d_rel_min": 22,
    "comparison_branch_common_d_rel_mean": 22.0,
    "comparison_branch_common_d_rel_max": 22,
    "comparison_branch_common_d_rel_gini": 0.0,
    "comparison_branch_input_count_values": [
      24,
      24,
      24
    ],
    "comparison_branch_input_count_min": 24,
    "comparison_branch_input_count_mean": 24.0,
    "comparison_branch_input_count_max": 24,
    "comparison_branch_input_count_gini": 0.0,
    "comparison_branch_input_overlap_values": [
      24,
      24,
      24
    ],
    "comparison_branch_input_overlap_min": 24,
    "comparison_branch_input_overlap_mean": 24.0,
    "comparison_branch_input_overlap_max": 24,
    "comparison_branch_input_overlap_gini": 0.0,
    "in_degree": [
      1,
      3,
      3,
      2,
      3
    ],
    "out_degree": [
      2,
      2,
      3,
      2,
      3
    ],
    "in_degree_cv": 0.33333333333333337,
    "out_degree_cv": 0.2041241452319315
  }
}