{
  "name": "bottleneck_bridge_n5_m12_seed92",
  "family": "bottleneck_bridge",
  "seed": 92,
  "n_nodes": 5,
  "edges": [
    [
      0,
      1
    ],
    [
      1,
      0
    ],
    [
      2,
      3
    ],
    [
      3,
      4
    ],
    [
      4,
      2
    ],
    [
      1,
      2
    ],
    [
      2,
      1
    ],
    [
      2,
      4
    ],
    [
      4,
      3
    ],
    [
      3,
      2
    ],
    [
      3,
      0
    ],
    [
      1,
      3
    ]
  ],
  "metrics": {
    "n_nodes": 5,
    "n_edges": 12,
    "p": 8,
    "strongly_connected": true,
    "edges": [
      [
        0,
        1
      ],
      [
        1,
        0
      ],
      [
        2,
        3
      ],
      [
        3,
        4
      ],
      [
        4,
        2
      ],
      [
        1,
        2
      ],
      [
        2,
        1
      ],
      [
        2,
        4
      ],
      [
        4,
        3
      ],
      [
        3,
        2
      ],
      [
        3,
        0
      ],
      [
        1,
        3
      ]
    ],
    "tree_counts_enum": [
      16,
      8,
      8,
      8,
      8
    ],
    "tree_counts_det": [
      16,
      8,
      8,
      8,
      8
    ],
    "tree_counts_match_det": true,
    "tree_enumeration_truncated": false,
    "max_trees_per_root": null,
    "n_trees_total_enum": 48,
    "rank_M": 12,
    "rank_D": 11,
    "rank_D_anchor": 11,
    "d_rel": 88,
    "effective_rank_D": 8.250568666540607,
    "condition_number_D": 4.357576198161985,
    "effective_rank_D_masked": 66.00454933232486,
    "condition_number_D_masked": 4.357576198161985,
    "singular_values_D_masked": [
      4.977569253131113,
      4.759713772629584,
      4.289744059859403,
      3.8728414812659584,
      3.1889277861513223,
      2.8950198695953686,
      2.7710522109448763,
      2.0765974236808256,
      1.6283100812332905,
      1.5287926835538488,
      1.1422793375892404,
      4.632354333322785e-16,
      4.977569253131113,
      4.759713772629584,
      4.289744059859403,
      3.8728414812659584,
      3.1889277861513223,
      2.8950198695953686,
      2.7710522109448763,
      2.0765974236808256,
      1.6283100812332905,
      1.5287926835538488,
      1.1422793375892404,
      4.632354333322785e-16,
      4.977569253131113,
      4.759713772629584,
      4.289744059859403,
      3.8728414812659584,
      3.1889277861513223,
      2.8950198695953686,
      2.7710522109448763,
      2.0765974236808256,
      1.6283100812332905,
      1.5287926835538488,
      1.1422793375892404,
      4.632354333322785e-16,
      4.977569253131113,
      4.759713772629584,
      4.289744059859403,
      3.8728414812659584,
      3.1889277861513223,
      2.8950198695953686,
      2.7710522109448763,
      2.0765974236808256,
      1.6283100812332905,
      1.5287926835538488,
      1.1422793375892404,
      4.632354333322785e-16,
      4.977569253131113,
      4.759713772629584,
      4.289744059859403,
      3.8728414812659584,
      3.1889277861513223,
      2.8950198695953686,
      2.7710522109448763,
      2.0765974236808256,
      1.6283100812332905,
      1.5287926835538488,
      1.1422793375892404,
      4.632354333322785e-16,
      4.977569253131113,
      4.759713772629584,
      4.289744059859403,
      3.8728414812659584,
      3.1889277861513223,
      2.8950198695953686,
      2.7710522109448763,
      2.0765974236808256,
      1.6283100812332905,
      1.5287926835538488,
      1.1422793375892404,
      4.632354333322785e-16,
      4.977569253131113,
      4.759713772629584,
      4.289744059859403,
      3.8728414812659584,
      3.1889277861513223,
      2.8950198695953686,
      2.7710522109448763,
      2.0765974236808256,
      1.6283100812332905,
      1.5287926835538488,
      1.1422793375892404,
      4.632354333322785e-16,
      4.977569253131113,
      4.759713772629584,
      4.289744059859403,
      3.8728414812659584,
      3.1889277861513223,
      2.8950198695953686,
      2.7710522109448763,
      2.0765974236808256,
      1.6283100812332905,
      1.5287926835538488,
      1.1422793375892404,
      4.632354333322785e-16
    ],
    "singular_values_D": [
      4.977569253131113,
      4.759713772629584,
      4.289744059859403,
      3.8728414812659584,
      3.1889277861513223,
      2.8950198695953686,
      2.7710522109448763,
      2.0765974236808256,
      1.6283100812332905,
      1.5287926835538488,
      1.1422793375892404,
      4.632354333322785e-16
    ],
    "singular_values_D_anchor": [
      12.684324859189289,
      4.945608626030006,
      4.479772392575183,
      3.883816387497076,
      3.1891777436069013,
      3.108101241303205,
      2.889414767421386,
      2.21898941593234,
      1.6325788228946616,
      1.530268553931778,
      1.1771374477023808,
      5.482453981051087e-16
    ],
    "root_tree_count_cv": 0.3333333333333334,
    "root_tree_count_gini": 0.1333333333333333,
    "edge_participation": [
      0.6666666666666666,
      0.16666666666666666,
      0.2916666666666667,
      0.1875,
      0.3958333333333333,
      0.3125,
      0.3125,
      0.22916666666666666,
      0.4375,
      0.20833333333333334,
      0.4375,
      0.3541666666666667
    ],
    "edge_participation_mean": 0.3333333333333333,
    "edge_participation_var": 0.017939814814814815,
    "edge_participation_gini": 0.21614583333333348,
    "bottleneck_edge_fraction_095": 0.0,
    "mean_shortest_path": 1.45,
    "comparison_branch_d_rel_values": [
      22,
      22,
      22
    ],
    "comparison_branch_d_rel_min": 22,
    "comparison_branch_d_rel_mean": 22.0,
    "comparison_branch_d_rel_max": 22,
    "comparison_branch_d_rel_gini": 0.0,
    "comparison_branch_common_d_rel_values": [
      22,
      22,
      22
    ],
    "comparison_branch_common_d_rel_min": 22,
    "comparison_branch_common_d_rel_mean": 22.0,
    "comparison_branch_common_d_rel_max": 22,
    "comparison_branch_common_d_rel_gini": 0.0,
    "comparison_branch_input_count_values": [
      24,
      24,
      24
    ],
    "comparison_branch_input_count_min": 24,
    "comparison_branch_input_count_mean": 24.0,
    "comparison_branch_input_count_max": 24,
    "comparison_branch_input_count_gini": 0.0,
    "comparison_branch_input_overlap_values": [
      24,
      24,
      24
    ],
    "comparison_branch_input_overlap_min": 24,
    "comparison_branch_input_overlap_mean": 24.0,
    "comparison_branch_input_overlap_max": 24,
    "comparison_branch_input_overlap_gini": 0.0,
    "in_degree": [
      2,
      2,
      3,
      3,
      2
    ],
    "out_degree": [
      1,
      3,
      3,
      3,
      2
    ],
    "in_degree_cv": 0.2041241452319315,
    "out_degree_cv": 0.33333333333333337
  }
}