{
  "n_nodes": 5,
  "n_edges": 12,
  "p": 8,
  "strongly_connected": true,
  "edges": [
    [
      0,
      1
    ],
    [
      1,
      2
    ],
    [
      2,
      3
    ],
    [
      3,
      4
    ],
    [
      4,
      0
    ],
    [
      0,
      3
    ],
    [
      3,
      2
    ],
    [
      3,
      1
    ],
    [
      0,
      2
    ],
    [
      2,
      1
    ],
    [
      4,
      2
    ],
    [
      4,
      1
    ]
  ],
  "tree_counts_enum": [
    1,
    39,
    26,
    9,
    3
  ],
  "tree_counts_det": [
    1,
    39,
    26,
    9,
    3
  ],
  "tree_counts_match_det": true,
  "tree_enumeration_truncated": false,
  "max_trees_per_root": null,
  "n_trees_total_enum": 78,
  "rank_M": 12,
  "rank_D": 11,
  "rank_D_anchor": 11,
  "d_rel": 88,
  "effective_rank_D": 8.476975909374493,
  "condition_number_D": 9.37433516658637,
  "effective_rank_D_masked": 67.81580727499593,
  "condition_number_D_masked": 9.37433516658637,
  "singular_values_D_masked": [
    5.93549015835626,
    5.2409783680435895,
    5.20945918952785,
    5.173482134453291,
    5.06153258949227,
    4.790659345556544,
    4.5536478836451355,
    3.6971975037483964,
    1.8906500596766613,
    1.1036253855553182,
    0.6331638513963703,
    9.727077249079253e-16,
    5.93549015835626,
    5.2409783680435895,
    5.20945918952785,
    5.173482134453291,
    5.06153258949227,
    4.790659345556544,
    4.5536478836451355,
    3.6971975037483964,
    1.8906500596766613,
    1.1036253855553182,
    0.6331638513963703,
    9.727077249079253e-16,
    5.93549015835626,
    5.2409783680435895,
    5.20945918952785,
    5.173482134453291,
    5.06153258949227,
    4.790659345556544,
    4.5536478836451355,
    3.6971975037483964,
    1.8906500596766613,
    1.1036253855553182,
    0.6331638513963703,
    9.727077249079253e-16,
    5.93549015835626,
    5.2409783680435895,
    5.20945918952785,
    5.173482134453291,
    5.06153258949227,
    4.790659345556544,
    4.5536478836451355,
    3.6971975037483964,
    1.8906500596766613,
    1.1036253855553182,
    0.6331638513963703,
    9.727077249079253e-16,
    5.93549015835626,
    5.2409783680435895,
    5.20945918952785,
    5.173482134453291,
    5.06153258949227,
    4.790659345556544,
    4.5536478836451355,
    3.6971975037483964,
    1.8906500596766613,
    1.1036253855553182,
    0.6331638513963703,
    9.727077249079253e-16,
    5.93549015835626,
    5.2409783680435895,
    5.20945918952785,
    5.173482134453291,
    5.06153258949227,
    4.790659345556544,
    4.5536478836451355,
    3.6971975037483964,
    1.8906500596766613,
    1.1036253855553182,
    0.6331638513963703,
    9.727077249079253e-16,
    5.93549015835626,
    5.2409783680435895,
    5.20945918952785,
    5.173482134453291,
    5.06153258949227,
    4.790659345556544,
    4.5536478836451355,
    3.6971975037483964,
    1.8906500596766613,
    1.1036253855553182,
    0.6331638513963703,
    9.727077249079253e-16,
    5.93549015835626,
    5.2409783680435895,
    5.20945918952785,
    5.173482134453291,
    5.06153258949227,
    4.790659345556544,
    4.5536478836451355,
    3.6971975037483964,
    1.8906500596766613,
    1.1036253855553182,
    0.6331638513963703,
    9.727077249079253e-16
  ],
  "singular_values_D": [
    5.93549015835626,
    5.2409783680435895,
    5.20945918952785,
    5.173482134453291,
    5.06153258949227,
    4.790659345556544,
    4.5536478836451355,
    3.6971975037483964,
    1.8906500596766613,
    1.1036253855553182,
    0.6331638513963703,
    9.727077249079253e-16
  ],
  "singular_values_D_anchor": [
    14.777966036779777,
    5.458762222839919,
    5.234666107069961,
    5.176244797849052,
    5.121093728062365,
    4.947759349047288,
    4.735014701229519,
    3.6998943478028283,
    2.0472902043670067,
    1.853334540306915,
    1.0847319013809302,
    7.795436304614512e-16
  ],
  "root_tree_count_cv": 0.9382653571042043,
  "root_tree_count_gini": 0.5076923076923077,
  "edge_participation": [
    0.34615384615384615,
    0.5,
    0.3333333333333333,
    0.3076923076923077,
    0.3076923076923077,
    0.3076923076923077,
    0.23076923076923078,
    0.34615384615384615,
    0.3333333333333333,
    0.3333333333333333,
    0.3076923076923077,
    0.34615384615384615
  ],
  "edge_participation_mean": 0.3333333333333333,
  "edge_participation_var": 0.0034516765285996054,
  "edge_participation_gini": 0.08012820512820507,
  "bottleneck_edge_fraction_095": 0.0,
  "mean_shortest_path": 1.6,
  "comparison_branch_d_rel_values": [
    22,
    22,
    22
  ],
  "comparison_branch_d_rel_min": 22,
  "comparison_branch_d_rel_mean": 22.0,
  "comparison_branch_d_rel_max": 22,
  "comparison_branch_d_rel_gini": 0.0,
  "comparison_branch_common_d_rel_values": [
    22,
    22,
    22
  ],
  "comparison_branch_common_d_rel_min": 22,
  "comparison_branch_common_d_rel_mean": 22.0,
  "comparison_branch_common_d_rel_max": 22,
  "comparison_branch_common_d_rel_gini": 0.0,
  "comparison_branch_input_count_values": [
    24,
    24,
    24
  ],
  "comparison_branch_input_count_min": 24,
  "comparison_branch_input_count_mean": 24.0,
  "comparison_branch_input_count_max": 24,
  "comparison_branch_input_count_gini": 0.0,
  "comparison_branch_input_overlap_values": [
    24,
    24,
    24
  ],
  "comparison_branch_input_overlap_min": 24,
  "comparison_branch_input_overlap_mean": 24.0,
  "comparison_branch_input_overlap_max": 24,
  "comparison_branch_input_overlap_gini": 0.0,
  "in_degree": [
    1,
    4,
    4,
    2,
    1
  ],
  "out_degree": [
    3,
    1,
    2,
    3,
    3
  ],
  "in_degree_cv": 0.5651941652604391,
  "out_degree_cv": 0.33333333333333337,
  "topology_name": "cycle_chords_n5_m12_seed41",
  "physical_topology_name": "cycle_chords_n5_m12_seed41",
  "input_mask_name": "full",
  "input_mask_family": "",
  "input_mask_seed": 2,
  "input_coupled_parameter_count": 96,
  "input_coupled_edge_count": 12,
  "input_coupled_coord_count": 8,
  "input_parameter_density": 1.0,
  "input_edge_density": 1.0,
  "input_coord_density": 1.0,
  "input_edge_load_gini": 0.0,
  "input_coord_load_gini": 0.0,
  "input_edge_load_min": 8,
  "input_edge_load_max": 8,
  "input_coord_load_min": 12,
  "input_coord_load_max": 12,
  "raw_physical_parameter_count": 96,
  "n_req": 48,
  "d_rel_minus_n_req": 40
}