{
  "name": "cycle_chords_n4_m6_seed21",
  "family": "cycle_chords",
  "seed": 21,
  "n_nodes": 4,
  "edges": [
    [
      0,
      1
    ],
    [
      1,
      2
    ],
    [
      2,
      3
    ],
    [
      3,
      0
    ],
    [
      2,
      0
    ],
    [
      0,
      2
    ]
  ],
  "metrics": {
    "n_nodes": 4,
    "n_edges": 6,
    "p": 8,
    "strongly_connected": true,
    "edges": [
      [
        0,
        1
      ],
      [
        1,
        2
      ],
      [
        2,
        3
      ],
      [
        3,
        0
      ],
      [
        2,
        0
      ],
      [
        0,
        2
      ]
    ],
    "tree_counts_enum": [
      2,
      2,
      2,
      2
    ],
    "tree_counts_det": [
      2,
      2,
      2,
      2
    ],
    "tree_counts_match_det": true,
    "tree_enumeration_truncated": false,
    "max_trees_per_root": null,
    "n_trees_total_enum": 8,
    "rank_M": 6,
    "rank_D": 5,
    "rank_D_anchor": 5,
    "d_rel": 40,
    "effective_rank_D": 4.130851920890753,
    "condition_number_D": 2.000000000000001,
    "effective_rank_D_masked": 33.04681536712601,
    "condition_number_D_masked": 2.000000000000001,
    "singular_values_D_masked": [
      2.0000000000000004,
      1.7320508075688776,
      1.0000000000000002,
      1.0000000000000002,
      0.9999999999999998,
      2.1473511921897638e-16,
      2.0000000000000004,
      1.7320508075688776,
      1.0000000000000002,
      1.0000000000000002,
      0.9999999999999998,
      2.1473511921897638e-16,
      2.0000000000000004,
      1.7320508075688776,
      1.0000000000000002,
      1.0000000000000002,
      0.9999999999999998,
      2.1473511921897638e-16,
      2.0000000000000004,
      1.7320508075688776,
      1.0000000000000002,
      1.0000000000000002,
      0.9999999999999998,
      2.1473511921897638e-16,
      2.0000000000000004,
      1.7320508075688776,
      1.0000000000000002,
      1.0000000000000002,
      0.9999999999999998,
      2.1473511921897638e-16,
      2.0000000000000004,
      1.7320508075688776,
      1.0000000000000002,
      1.0000000000000002,
      0.9999999999999998,
      2.1473511921897638e-16,
      2.0000000000000004,
      1.7320508075688776,
      1.0000000000000002,
      1.0000000000000002,
      0.9999999999999998,
      2.1473511921897638e-16,
      2.0000000000000004,
      1.7320508075688776,
      1.0000000000000002,
      1.0000000000000002,
      0.9999999999999998,
      2.1473511921897638e-16
    ],
    "singular_values_D": [
      2.0000000000000004,
      1.7320508075688776,
      1.0000000000000002,
      1.0000000000000002,
      0.9999999999999998,
      2.1473511921897638e-16
    ],
    "singular_values_D_anchor": [
      2.82842712474619,
      1.7320508075688772,
      1.7320508075688772,
      1.0,
      0.9999999999999996,
      1.3213935912506153e-16
    ],
    "root_tree_count_cv": 0.0,
    "root_tree_count_gini": 0.0,
    "edge_participation": [
      0.5,
      0.75,
      0.5,
      0.75,
      0.25,
      0.25
    ],
    "edge_participation_mean": 0.5,
    "edge_participation_var": 0.041666666666666664,
    "edge_participation_gini": 0.2222222222222221,
    "bottleneck_edge_fraction_095": 0.0,
    "mean_shortest_path": 1.5,
    "comparison_branch_d_rel_values": [
      10,
      10,
      10
    ],
    "comparison_branch_d_rel_min": 10,
    "comparison_branch_d_rel_mean": 10.0,
    "comparison_branch_d_rel_max": 10,
    "comparison_branch_d_rel_gini": 0.0,
    "comparison_branch_common_d_rel_values": [
      10,
      10,
      10
    ],
    "comparison_branch_common_d_rel_min": 10,
    "comparison_branch_common_d_rel_mean": 10.0,
    "comparison_branch_common_d_rel_max": 10,
    "comparison_branch_common_d_rel_gini": 0.0,
    "comparison_branch_input_count_values": [
      12,
      12,
      12
    ],
    "comparison_branch_input_count_min": 12,
    "comparison_branch_input_count_mean": 12.0,
    "comparison_branch_input_count_max": 12,
    "comparison_branch_input_count_gini": 0.0,
    "comparison_branch_input_overlap_values": [
      12,
      12,
      12
    ],
    "comparison_branch_input_overlap_min": 12,
    "comparison_branch_input_overlap_mean": 12.0,
    "comparison_branch_input_overlap_max": 12,
    "comparison_branch_input_overlap_gini": 0.0,
    "in_degree": [
      2,
      1,
      2,
      1
    ],
    "out_degree": [
      2,
      1,
      2,
      1
    ],
    "in_degree_cv": 0.3333333333333333,
    "out_degree_cv": 0.3333333333333333
  }
}