{
  "name": "cycle_chords_n4_m6_seed19",
  "family": "cycle_chords",
  "seed": 19,
  "n_nodes": 4,
  "edges": [
    [
      0,
      1
    ],
    [
      1,
      2
    ],
    [
      2,
      3
    ],
    [
      3,
      0
    ],
    [
      2,
      1
    ],
    [
      1,
      0
    ]
  ],
  "metrics": {
    "n_nodes": 4,
    "n_edges": 6,
    "p": 8,
    "strongly_connected": true,
    "edges": [
      [
        0,
        1
      ],
      [
        1,
        2
      ],
      [
        2,
        3
      ],
      [
        3,
        0
      ],
      [
        2,
        1
      ],
      [
        1,
        0
      ]
    ],
    "tree_counts_enum": [
      3,
      2,
      1,
      1
    ],
    "tree_counts_det": [
      3,
      2,
      1,
      1
    ],
    "tree_counts_match_det": true,
    "tree_enumeration_truncated": false,
    "max_trees_per_root": null,
    "n_trees_total_enum": 7,
    "rank_M": 6,
    "rank_D": 5,
    "rank_D_anchor": 5,
    "d_rel": 40,
    "effective_rank_D": 3.7879761684476607,
    "condition_number_D": 3.2108269615689347,
    "effective_rank_D_masked": 30.303809347581268,
    "condition_number_D_masked": 3.2108269615689347,
    "singular_values_D_masked": [
      1.9844001942441536,
      1.618033988749895,
      1.088037203052144,
      0.8575976743211761,
      0.6180339887498947,
      2.0299343102876154e-16,
      1.9844001942441536,
      1.618033988749895,
      1.088037203052144,
      0.8575976743211761,
      0.6180339887498947,
      2.0299343102876154e-16,
      1.9844001942441536,
      1.618033988749895,
      1.088037203052144,
      0.8575976743211761,
      0.6180339887498947,
      2.0299343102876154e-16,
      1.9844001942441536,
      1.618033988749895,
      1.088037203052144,
      0.8575976743211761,
      0.6180339887498947,
      2.0299343102876154e-16,
      1.9844001942441536,
      1.618033988749895,
      1.088037203052144,
      0.8575976743211761,
      0.6180339887498947,
      2.0299343102876154e-16,
      1.9844001942441536,
      1.618033988749895,
      1.088037203052144,
      0.8575976743211761,
      0.6180339887498947,
      2.0299343102876154e-16,
      1.9844001942441536,
      1.618033988749895,
      1.088037203052144,
      0.8575976743211761,
      0.6180339887498947,
      2.0299343102876154e-16,
      1.9844001942441536,
      1.618033988749895,
      1.088037203052144,
      0.8575976743211761,
      0.6180339887498947,
      2.0299343102876154e-16
    ],
    "singular_values_D": [
      1.9844001942441536,
      1.618033988749895,
      1.088037203052144,
      0.8575976743211761,
      0.6180339887498947,
      2.0299343102876154e-16
    ],
    "singular_values_D_anchor": [
      3.0820869278928162,
      1.8594889884206889,
      1.2954659243267617,
      0.9254305695460464,
      0.7130127423211411,
      4.0776628558991495e-19
    ],
    "root_tree_count_cv": 0.47380354147934284,
    "root_tree_count_gini": 0.25,
    "edge_participation": [
      0.5714285714285714,
      0.42857142857142855,
      0.5714285714285714,
      0.8571428571428571,
      0.2857142857142857,
      0.2857142857142857
    ],
    "edge_participation_mean": 0.49999999999999994,
    "edge_participation_var": 0.039115646258503396,
    "edge_participation_gini": 0.21428571428571397,
    "bottleneck_edge_fraction_095": 0.0,
    "mean_shortest_path": 1.6666666666666667,
    "comparison_branch_d_rel_values": [
      10,
      10,
      10
    ],
    "comparison_branch_d_rel_min": 10,
    "comparison_branch_d_rel_mean": 10.0,
    "comparison_branch_d_rel_max": 10,
    "comparison_branch_d_rel_gini": 0.0,
    "comparison_branch_common_d_rel_values": [
      10,
      10,
      10
    ],
    "comparison_branch_common_d_rel_min": 10,
    "comparison_branch_common_d_rel_mean": 10.0,
    "comparison_branch_common_d_rel_max": 10,
    "comparison_branch_common_d_rel_gini": 0.0,
    "comparison_branch_input_count_values": [
      12,
      12,
      12
    ],
    "comparison_branch_input_count_min": 12,
    "comparison_branch_input_count_mean": 12.0,
    "comparison_branch_input_count_max": 12,
    "comparison_branch_input_count_gini": 0.0,
    "comparison_branch_input_overlap_values": [
      12,
      12,
      12
    ],
    "comparison_branch_input_overlap_min": 12,
    "comparison_branch_input_overlap_mean": 12.0,
    "comparison_branch_input_overlap_max": 12,
    "comparison_branch_input_overlap_gini": 0.0,
    "in_degree": [
      2,
      2,
      1,
      1
    ],
    "out_degree": [
      1,
      2,
      2,
      1
    ],
    "in_degree_cv": 0.3333333333333333,
    "out_degree_cv": 0.3333333333333333
  }
}