{
  "name": "cycle_chords_n4_m6_seed47",
  "family": "cycle_chords",
  "seed": 47,
  "n_nodes": 4,
  "edges": [
    [
      0,
      1
    ],
    [
      1,
      2
    ],
    [
      2,
      3
    ],
    [
      3,
      0
    ],
    [
      3,
      1
    ],
    [
      0,
      3
    ]
  ],
  "metrics": {
    "n_nodes": 4,
    "n_edges": 6,
    "p": 8,
    "strongly_connected": true,
    "edges": [
      [
        0,
        1
      ],
      [
        1,
        2
      ],
      [
        2,
        3
      ],
      [
        3,
        0
      ],
      [
        3,
        1
      ],
      [
        0,
        3
      ]
    ],
    "tree_counts_enum": [
      1,
      3,
      3,
      2
    ],
    "tree_counts_det": [
      1,
      3,
      3,
      2
    ],
    "tree_counts_match_det": true,
    "tree_enumeration_truncated": false,
    "max_trees_per_root": null,
    "n_trees_total_enum": 9,
    "rank_M": 6,
    "rank_D": 5,
    "rank_D_anchor": 5,
    "d_rel": 40,
    "effective_rank_D": 4.066313206152702,
    "condition_number_D": 3.221960320424706,
    "effective_rank_D_masked": 32.53050564922162,
    "condition_number_D_masked": 3.221960320424706,
    "singular_values_D_masked": [
      2.183362019451436,
      1.7320508075688774,
      1.7320508075688774,
      1.1037051046709496,
      0.6776501888029564,
      1.4411535355310526e-16,
      2.183362019451436,
      1.7320508075688774,
      1.7320508075688774,
      1.1037051046709496,
      0.6776501888029564,
      1.4411535355310526e-16,
      2.183362019451436,
      1.7320508075688774,
      1.7320508075688774,
      1.1037051046709496,
      0.6776501888029564,
      1.4411535355310526e-16,
      2.183362019451436,
      1.7320508075688774,
      1.7320508075688774,
      1.1037051046709496,
      0.6776501888029564,
      1.4411535355310526e-16,
      2.183362019451436,
      1.7320508075688774,
      1.7320508075688774,
      1.1037051046709496,
      0.6776501888029564,
      1.4411535355310526e-16,
      2.183362019451436,
      1.7320508075688774,
      1.7320508075688774,
      1.1037051046709496,
      0.6776501888029564,
      1.4411535355310526e-16,
      2.183362019451436,
      1.7320508075688774,
      1.7320508075688774,
      1.1037051046709496,
      0.6776501888029564,
      1.4411535355310526e-16,
      2.183362019451436,
      1.7320508075688774,
      1.7320508075688774,
      1.1037051046709496,
      0.6776501888029564,
      1.4411535355310526e-16
    ],
    "singular_values_D": [
      2.183362019451436,
      1.7320508075688774,
      1.7320508075688774,
      1.1037051046709496,
      0.6776501888029564,
      1.4411535355310526e-16
    ],
    "singular_values_D_anchor": [
      3.8059692416695525,
      2.078241566318601,
      1.7320508075688772,
      1.1535375847914977,
      0.9299791201765203,
      1.8617729426978148e-16
    ],
    "root_tree_count_cv": 0.3685138655950444,
    "root_tree_count_gini": 0.19444444444444442,
    "edge_participation": [
      0.5555555555555556,
      0.6666666666666666,
      0.6666666666666666,
      0.3333333333333333,
      0.4444444444444444,
      0.3333333333333333
    ],
    "edge_participation_mean": 0.5000000000000001,
    "edge_participation_var": 0.019547325102880656,
    "edge_participation_gini": 0.154320987654321,
    "bottleneck_edge_fraction_095": 0.0,
    "mean_shortest_path": 1.5833333333333333,
    "comparison_branch_d_rel_values": [
      10,
      10,
      10
    ],
    "comparison_branch_d_rel_min": 10,
    "comparison_branch_d_rel_mean": 10.0,
    "comparison_branch_d_rel_max": 10,
    "comparison_branch_d_rel_gini": 0.0,
    "comparison_branch_common_d_rel_values": [
      10,
      10,
      10
    ],
    "comparison_branch_common_d_rel_min": 10,
    "comparison_branch_common_d_rel_mean": 10.0,
    "comparison_branch_common_d_rel_max": 10,
    "comparison_branch_common_d_rel_gini": 0.0,
    "comparison_branch_input_count_values": [
      12,
      12,
      12
    ],
    "comparison_branch_input_count_min": 12,
    "comparison_branch_input_count_mean": 12.0,
    "comparison_branch_input_count_max": 12,
    "comparison_branch_input_count_gini": 0.0,
    "comparison_branch_input_overlap_values": [
      12,
      12,
      12
    ],
    "comparison_branch_input_overlap_min": 12,
    "comparison_branch_input_overlap_mean": 12.0,
    "comparison_branch_input_overlap_max": 12,
    "comparison_branch_input_overlap_gini": 0.0,
    "in_degree": [
      1,
      2,
      1,
      2
    ],
    "out_degree": [
      2,
      1,
      1,
      2
    ],
    "in_degree_cv": 0.3333333333333333,
    "out_degree_cv": 0.3333333333333333
  }
}