{
  "name": "cycle_chords_n4_m6_seed26",
  "family": "cycle_chords",
  "seed": 26,
  "n_nodes": 4,
  "edges": [
    [
      0,
      1
    ],
    [
      1,
      2
    ],
    [
      2,
      3
    ],
    [
      3,
      0
    ],
    [
      1,
      0
    ],
    [
      3,
      1
    ]
  ],
  "metrics": {
    "n_nodes": 4,
    "n_edges": 6,
    "p": 8,
    "strongly_connected": true,
    "edges": [
      [
        0,
        1
      ],
      [
        1,
        2
      ],
      [
        2,
        3
      ],
      [
        3,
        0
      ],
      [
        1,
        0
      ],
      [
        3,
        1
      ]
    ],
    "tree_counts_enum": [
      3,
      2,
      2,
      1
    ],
    "tree_counts_det": [
      3,
      2,
      2,
      1
    ],
    "tree_counts_match_det": true,
    "tree_enumeration_truncated": false,
    "max_trees_per_root": null,
    "n_trees_total_enum": 8,
    "rank_M": 6,
    "rank_D": 5,
    "rank_D_anchor": 5,
    "d_rel": 40,
    "effective_rank_D": 3.852268343954262,
    "condition_number_D": 3.2927208644472086,
    "effective_rank_D_masked": 30.818146751634075,
    "condition_number_D_masked": 3.2927208644472086,
    "singular_values_D_masked": [
      2.067259995879306,
      1.8965353432518897,
      1.2187791855947347,
      0.9999999999999998,
      0.6278272835697427,
      1.3477701549686686e-16,
      2.067259995879306,
      1.8965353432518897,
      1.2187791855947347,
      0.9999999999999998,
      0.6278272835697427,
      1.3477701549686686e-16,
      2.067259995879306,
      1.8965353432518897,
      1.2187791855947347,
      0.9999999999999998,
      0.6278272835697427,
      1.3477701549686686e-16,
      2.067259995879306,
      1.8965353432518897,
      1.2187791855947347,
      0.9999999999999998,
      0.6278272835697427,
      1.3477701549686686e-16,
      2.067259995879306,
      1.8965353432518897,
      1.2187791855947347,
      0.9999999999999998,
      0.6278272835697427,
      1.3477701549686686e-16,
      2.067259995879306,
      1.8965353432518897,
      1.2187791855947347,
      0.9999999999999998,
      0.6278272835697427,
      1.3477701549686686e-16,
      2.067259995879306,
      1.8965353432518897,
      1.2187791855947347,
      0.9999999999999998,
      0.6278272835697427,
      1.3477701549686686e-16,
      2.067259995879306,
      1.8965353432518897,
      1.2187791855947347,
      0.9999999999999998,
      0.6278272835697427,
      1.3477701549686686e-16
    ],
    "singular_values_D": [
      2.067259995879306,
      1.8965353432518897,
      1.2187791855947347,
      0.9999999999999998,
      0.6278272835697427,
      1.3477701549686686e-16
    ],
    "singular_values_D_anchor": [
      3.4513151617077447,
      2.065952231937467,
      1.4142135623730951,
      1.121113314954854,
      0.7505797525578388,
      1.265920768499196e-16
    ],
    "root_tree_count_cv": 0.3535533905932738,
    "root_tree_count_gini": 0.1875,
    "edge_participation": [
      0.625,
      0.5,
      0.75,
      0.5,
      0.25,
      0.375
    ],
    "edge_participation_mean": 0.5,
    "edge_participation_var": 0.026041666666666668,
    "edge_participation_gini": 0.18055555555555558,
    "bottleneck_edge_fraction_095": 0.0,
    "mean_shortest_path": 1.5833333333333333,
    "comparison_branch_d_rel_values": [
      10,
      10,
      10
    ],
    "comparison_branch_d_rel_min": 10,
    "comparison_branch_d_rel_mean": 10.0,
    "comparison_branch_d_rel_max": 10,
    "comparison_branch_d_rel_gini": 0.0,
    "comparison_branch_common_d_rel_values": [
      10,
      10,
      10
    ],
    "comparison_branch_common_d_rel_min": 10,
    "comparison_branch_common_d_rel_mean": 10.0,
    "comparison_branch_common_d_rel_max": 10,
    "comparison_branch_common_d_rel_gini": 0.0,
    "comparison_branch_input_count_values": [
      12,
      12,
      12
    ],
    "comparison_branch_input_count_min": 12,
    "comparison_branch_input_count_mean": 12.0,
    "comparison_branch_input_count_max": 12,
    "comparison_branch_input_count_gini": 0.0,
    "comparison_branch_input_overlap_values": [
      12,
      12,
      12
    ],
    "comparison_branch_input_overlap_min": 12,
    "comparison_branch_input_overlap_mean": 12.0,
    "comparison_branch_input_overlap_max": 12,
    "comparison_branch_input_overlap_gini": 0.0,
    "in_degree": [
      2,
      2,
      1,
      1
    ],
    "out_degree": [
      1,
      2,
      1,
      2
    ],
    "in_degree_cv": 0.3333333333333333,
    "out_degree_cv": 0.3333333333333333
  }
}