{
  "n_nodes": 6,
  "n_edges": 20,
  "p": 20,
  "strongly_connected": true,
  "edges": [
    [
      0,
      1
    ],
    [
      1,
      2
    ],
    [
      2,
      3
    ],
    [
      3,
      4
    ],
    [
      4,
      5
    ],
    [
      5,
      0
    ],
    [
      1,
      4
    ],
    [
      4,
      0
    ],
    [
      5,
      2
    ],
    [
      3,
      2
    ],
    [
      0,
      3
    ],
    [
      1,
      3
    ],
    [
      4,
      3
    ],
    [
      2,
      4
    ],
    [
      2,
      1
    ],
    [
      3,
      1
    ],
    [
      5,
      4
    ],
    [
      3,
      0
    ],
    [
      0,
      5
    ],
    [
      2,
      0
    ]
  ],
  "tree_counts_enum": [
    200,
    160,
    114,
    166,
    190,
    130
  ],
  "tree_counts_det": [
    200,
    160,
    114,
    166,
    190,
    130
  ],
  "tree_counts_match_det": true,
  "tree_enumeration_truncated": false,
  "max_trees_per_root": null,
  "n_trees_total_enum": 960,
  "rank_M": 20,
  "rank_D": 19,
  "rank_D_anchor": 19,
  "d_rel": 200,
  "effective_rank_D": 15.898610432389086,
  "condition_number_D": 3.550238802485174,
  "effective_rank_D_masked": 175.1398312460997,
  "condition_number_D_masked": 4.509367180193841,
  "singular_values_D_masked": [
    17.31073190849752,
    16.946305388497763,
    16.59241395854807,
    16.28973972854169,
    15.918152839404176,
    15.1216892806012,
    14.446884247569049,
    13.700781442085164,
    12.676292666293607,
    11.49528000844084,
    10.650338614318665,
    9.58668282214462,
    8.376580121144926,
    7.447908381153559,
    6.1990680342236315,
    5.39706629848654e-16,
    2.161796066161825e-16,
    5.05324599674912e-33,
    5.387416723956124e-34,
    0.0,
    18.029863201565856,
    17.43412480881982,
    16.80495454992842,
    16.333566448710098,
    15.686343663216666,
    14.449141135526409,
    14.136144792419342,
    14.083089412474413,
    13.510316513330707,
    12.87777187091203,
    10.419766876205186,
    9.982656908908176,
    6.89819108569491,
    6.35876066005831,
    4.001826071320879,
    1.2735462952217642e-15,
    9.908151511390634e-16,
    6.845399635757102e-16,
    8.24579028444379e-17,
    1.882853962031494e-32,
    17.6552646771328,
    17.317763097399673,
    16.80684106581094,
    16.21949957536976,
    15.556938205226535,
    14.987449485518804,
    14.383994570433096,
    14.192005389579343,
    13.058437328472737,
    10.969296688622542,
    10.287554249595125,
    9.850434421448487,
    8.029702180516905,
    7.508562575935171,
    5.361876578966898,
    1.2112858288397952e-15,
    8.322895828987523e-16,
    1.3448967038018096e-16,
    1.0070196376812063e-18,
    0.0,
    17.82016604746323,
    17.65535923742059,
    17.326722755424242,
    16.434133481256687,
    16.250443539166135,
    15.13359919189449,
    14.257442076049918,
    13.594927508087313,
    13.046246016565965,
    10.733518796383985,
    10.654613498295797,
    9.651699721626187,
    7.31330326187693,
    5.775337549223982,
    4.356055979152514,
    7.201397297523077e-16,
    6.020382437838303e-17,
    1.4827427844663994e-32,
    0.0,
    0.0,
    17.67311291430874,
    17.411872653848096,
    16.557784732770415,
    16.37515871854852,
    16.04194617090671,
    15.303038487696593,
    13.947489019791616,
    13.538640724366367,
    12.949727004198394,
    11.267439605848354,
    10.772052886868078,
    9.349102210963682,
    8.202592483280142,
    7.9781510573687076,
    5.308262526676788,
    2.1371561128249497e-15,
    1.3973035773171375e-15,
    3.474863139394005e-16,
    0.0,
    0.0,
    18.03417733433654,
    16.97388021134457,
    16.80224312458773,
    16.38473768476151,
    15.508313135343561,
    15.225980713167194,
    14.751321258863483,
    13.994562168276987,
    13.00711357586005,
    11.862982514174039,
    10.155949964579374,
    8.773883926396866,
    7.755746484268379,
    6.459054869889374,
    4.859731103520119,
    1.4620958067824549e-15,
    1.0880202589278032e-15,
    2.231151545924257e-16,
    4.29877355803996e-32,
    0.0,
    17.7231647128034,
    17.335133278120313,
    16.835928835483912,
    15.540522660579818,
    15.334511969913496,
    15.291070075423745,
    14.784620524992777,
    14.201825069446075,
    13.312749595226869,
    12.717717064318704,
    11.674120883468591,
    8.072573588764458,
    7.1232797017180465,
    5.89979447382049,
    4.3117865160919475,
    1.6987906698171137e-15,
    1.0428464406652484e-15,
    6.316374398857206e-16,
    7.533831089344224e-18,
    0.0,
    17.59609018201306,
    17.389175418873894,
    17.207565829203514,
    16.369095754190653,
    15.266270285442712,
    15.086446095947037,
    14.31356673026524,
    14.003452578196846,
    13.246288593767284,
    12.589724177121752,
    10.54289845151631,
    8.356083451216142,
    6.583486425402971,
    5.866337812856684,
    4.384504435713782,
    1.5028218937050792e-15,
    3.288944148623418e-16,
    4.029372856725057e-17,
    0.0,
    0.0,
    18.045703146858433,
    17.150753277928725,
    16.506530969686416,
    16.33787774152121,
    15.397303007843664,
    14.800682674008293,
    14.441299916863425,
    13.555449200051221,
    12.90561175990055,
    10.657134616318471,
    10.25134628639272,
    10.022981843772163,
    8.549268340931139,
    7.262694587261275,
    6.813002764136828,
    1.4563246282841651e-15,
    5.408639996388304e-16,
    0.0,
    0.0,
    0.0,
    18.02712144205529,
    16.88188149699791,
    16.68850607134155,
    15.77294302432407,
    15.360358838217678,
    15.200712602697122,
    14.947544154564707,
    13.88902031721223,
    13.07901764524076,
    11.745732985280412,
    10.917861261603706,
    10.14890370726045,
    8.003145441075688,
    5.69441288651173,
    4.86219520522928,
    1.608623217399911e-15,
    6.6153307755728e-16,
    2.1299035282481892e-16,
    1.9903879161024045e-16,
    2.796342390089492e-17,
    15.188596334488293,
    13.930954239267244,
    13.41436985472635,
    13.21882846160759,
    12.24575685184924,
    1.819598206838186e-15,
    3.4768820358185643e-16,
    2.1767273338592992e-16,
    1.6001483458573793e-16,
    7.972767133243321e-17,
    2.096535262727476e-32,
    6.174231051417138e-33,
    4.5877162521654995e-33,
    1.3108566796417507e-48,
    5.551725277506939e-49,
    1.6471825781183537e-64,
    2.4631919737378973e-65,
    5.803266488433249e-81,
    0.0,
    0.0,
    16.58977474128582,
    15.409419387047306,
    13.640621048254099,
    12.913103779414175,
    7.084299051716985,
    2.1639557718937065e-15,
    8.935678727217469e-16,
    2.7079813197157647e-16,
    6.241332664168915e-17,
    7.589541546661192e-32,
    3.6508205240324947e-32,
    8.074659239526301e-33,
    2.5379956963473553e-48,
    0.0,
    0.0,
    0.0,
    0.0,
    0.0,
    0.0,
    0.0,
    16.722535045142763,
    15.201931145222416,
    14.359428934836952,
    12.393546707863727,
    7.2271417899417685,
    1.1962757085190574e-15,
    5.170542205914243e-16,
    6.896279630482336e-17,
    3.3878532510044576e-18,
    1.0202116346862415e-29,
    1.4114320982389888e-32,
    2.2103889627133784e-35,
    2.3645692578615423e-52,
    0.0,
    0.0,
    0.0,
    0.0,
    0.0,
    0.0,
    0.0,
    15.389197124769174,
    15.166284399268413,
    14.398973120724861,
    11.293335835364184,
    10.371088892710032,
    1.0274260577223069e-15,
    5.957313721954781e-16,
    3.8088563655590045e-16,
    1.6605466781338977e-16,
    2.6868028344877894e-17,
    3.3073467859123235e-32,
    1.8571378413585632e-32,
    1.1510656094909417e-32,
    2.2096543087671253e-48,
    6.99730151303414e-49,
    7.648979128869329e-65,
    1.8981433654486868e-65,
    1.7097462556722134e-81,
    4.4866745695698037e-82,
    0.0,
    15.564502154350217,
    13.956266671763574,
    12.843530256023792,
    12.692004110641212,
    10.911749653099472,
    5.920210738497405e-16,
    1.6500672010230098e-16,
    9.580557927918871e-17,
    2.3705332935537558e-32,
    8.30906407564387e-33,
